carrier,statement_period,line_no,carrier_member_id,member_name,member_dob,policy_ref,agent_npn,amount,commission_type,paid_date
Northwind Health,2026-06,1,NW-642899,Candace Becker,1978-04-23,P-00004,1884412,22.00,NEW,2026-07-15
Northwind Health,2026-06,2,NW-325465,Selena Lewis,1955-12-07,P-00016,90949389,4.20,RENEWAL,2026-07-15
Northwind Health,2026-06,3,NW-452909,Charles Ferrell,1960-01-06,P-00026,10583482,52.50,NEW,2026-07-15
Northwind Health,2026-06,4,NW-193035,Dennis Mcmillan,1937-12-12,P-00029,97102525,52.50,NEW,2026-07-15
Northwind Health,2026-06,5,NW-626491,Lisa Cherry,1957-10-24,P-00035,29898923,19.00,RENEWAL,2026-07-15
Northwind Health,2026-06,6,NW-281276,Lisa Cherry,1957-10-24,P-00036,29898923,4.20,RENEWAL,2026-07-15
Northwind Health,2026-06,7,NW-650311,Jason Gray,1953-08-05,P-00059,32244663,26.25,RENEWAL,2026-07-15
Northwind Health,2026-06,8,NW-749137,John Howell,1948-06-03,P-00062,6831819,26.25,RENEWAL,2026-07-15
Northwind Health,2026-06,9,NW-253541,Mariah Adams,1938-08-03,P-00067,37231783,52.50,NEW,2026-07-15
Northwind Health,2026-06,10,NW-633036,Teresa Wolfe,1954-03-04,P-00092,94702683,52.50,NEW,2026-07-15
Northwind Health,2026-06,11,NW-649435,Michael Moore,1936-12-05,P-00109,43339391,26.25,RENEWAL,2026-07-15
Northwind Health,2026-06,12,NW-787603,Joshua Crosby,1958-09-09,P-00121,1884412,26.25,RENEWAL,2026-07-15
Northwind Health,2026-06,13,NW-818651,William Phillips,1986-07-07,P-00131,11576383,16.00,RENEWAL,2026-07-15
Northwind Health,2026-06,15,NW-512509,Karen Gomez,1972-06-05,P-00135,61291817,52.50,NEW,2026-07-15
Northwind Health,2026-06,16,NW-531228,Ebony Craig,1998-06-29,P-00140,61291817,22.00,NEW,2026-07-15
Northwind Health,2026-06,17,NW-312686,Carol Williams,1945-07-25,P-00143,32244663,26.25,RENEWAL,2026-07-15
Northwind Health,2026-06,18,NW-537211,Daniel Cook,1964-04-06,P-00151,6831819,22.00,NEW,2026-07-15
Northwind Health,2026-06,19,NW-650131,Stephanie Jones,1955-02-10,P-00152,97102525,4.20,RENEWAL,2026-07-15
Northwind Health,2026-06,20,NW-138328,Crystal Shelton,1935-09-12,P-00159,37231783,52.50,NEW,2026-07-15
Northwind Health,2026-06,21,NW-334665,Jeremy Tucker,1948-07-02,P-00162,1884412,26.25,RENEWAL,2026-07-15
Northwind Health,2026-06,22,NW-583646,Marie Martin,1984-04-18,P-00163,37231783,16.00,RENEWAL,2026-07-15
Northwind Health,2026-06,23,NW-346668,Christopher Guerra,2002-03-26,P-00168,74197857,16.00,RENEWAL,2026-07-15
Northwind Health,2026-06,24,NW-901351,Bobby Bell,1957-02-10,P-00189,77125617,26.25,RENEWAL,2026-07-15
Northwind Health,2026-06,25,NW-898100,Austin Harrington,1952-01-08,P-00191,77125617,26.25,RENEWAL,2026-07-15
Northwind Health,2026-06,26,NW-332934,Timothy Roberts,1937-02-17,P-00206,29898923,26.25,RENEWAL,2026-07-15
Northwind Health,2026-06,27,NW-769836,Theresa Gross,1947-02-17,P-00208,61291817,26.25,RENEWAL,2026-07-15
Northwind Health,2026-06,28,NW-414750,Sonia Williams,1956-06-21,P-00209,7150444,38.00,NEW,2026-07-15
Northwind Health,2026-06,29,NW-537420,Sonia Williams,1956-06-21,P-00210,7150444,8.40,NEW,2026-07-15
Northwind Health,2026-06,30,NW-790537,Amanda Clayton,1945-08-03,P-00220,1884412,26.25,RENEWAL,2026-07-15
Northwind Health,2026-06,31,NW-465823,Kenneth Ramirez,1938-12-29,P-00226,77125617,26.25,RENEWAL,2026-07-15
Northwind Health,2026-06,32,NW-824423,Anna Nelson,1945-10-30,P-00228,13981052,19.00,RENEWAL,2026-07-15
Northwind Health,2026-06,33,NW-950874,Anna Nelson,1945-10-30,P-00229,13981052,4.20,RENEWAL,2026-07-15
Northwind Health,2026-06,34,NW-729557,Laurie Durham,2000-02-08,P-00244,4356886,16.00,RENEWAL,2026-07-15
Northwind Health,2026-06,35,NW-161606,Franklin Harris,1953-03-26,P-00247,1884412,19.00,RENEWAL,2026-07-15
Northwind Health,2026-06,36,NW-735829,Franklin Harris,1953-03-26,P-00248,1884412,4.20,RENEWAL,2026-07-15
Northwind Health,2026-06,37,NW-719014,Kayla Johnson,1934-07-07,P-00252,29898923,26.25,RENEWAL,2026-07-15
Northwind Health,2026-06,38,NW-789666,Lisa Brown,1935-05-19,P-00257,37231783,26.25,RENEWAL,2026-07-15
Northwind Health,2026-06,39,NW-128117,Ronald Garrett,1962-03-13,P-00258,54100814,16.00,RENEWAL,2026-07-15
Northwind Health,2026-06,40,NW-874668,Steven Thomas,1971-06-26,P-00260,61855700,22.00,NEW,2026-07-15
Northwind Health,2026-06,41,NW-609990,Deborah Owens,1973-09-15,P-00266,4356886,16.00,RENEWAL,2026-07-15
Northwind Health,2026-06,42,NW-861800,Jeffery Jones,1958-09-13,P-00271,43339391,26.25,RENEWAL,2026-07-15
Northwind Health,2026-06,43,NW-454233,Megan Miller,1951-01-26,P-00275,13981052,26.25,RENEWAL,2026-07-15
Northwind Health,2026-06,44,NW-495727,Jessica Johnson,1950-05-26,P-00292,74197857,52.50,NEW,2026-07-15
Northwind Health,2026-06,45,NW-882193,Lisa Glover,1936-09-09,P-00314,32244663,26.25,RENEWAL,2026-07-15
Northwind Health,2026-06,46,NW-239388,Stephen Simon,1982-08-29,P-00319,6831819,26.25,RENEWAL,2026-07-15
Northwind Health,2026-06,47,NW-495323,Peter Herrera,1958-08-08,P-00334,43339391,52.50,NEW,2026-07-15
Northwind Health,2026-06,48,NW-835165,Morgan Brady,1952-01-22,P-00338,77125617,26.25,RENEWAL,2026-07-15
Northwind Health,2026-06,49,NW-169163,Kelly Bryant,1941-10-30,P-00346,94702683,19.00,RENEWAL,2026-07-15
Northwind Health,2026-06,50,NW-915866,Kelly Bryant,1941-10-30,P-00347,94702683,4.20,RENEWAL,2026-07-15
Northwind Health,2026-06,51,NW-927061,Mary Reed,1957-07-30,P-00348,1884412,52.50,NEW,2026-07-15
Northwind Health,2026-06,52,NW-963359,Bradley Kaufman,1950-12-22,P-00352,10583482,52.50,NEW,2026-07-15
Northwind Health,2026-06,53,NW-268099,Daniel Rodriguez,1937-05-26,P-00357,74197857,52.50,NEW,2026-07-15
Northwind Health,2026-06,54,NW-342669,Gina Morales,1955-06-27,P-00360,43339391,26.25,RENEWAL,2026-07-15
Northwind Health,2026-06,55,NW-394184,Sharon Morales,1975-08-31,P-00361,43339391,16.00,RENEWAL,2026-07-15
Northwind Health,2026-06,56,NW-769952,Bruce Perez,1956-04-19,P-00395,78490893,8.40,NEW,2026-07-15
Northwind Health,2026-06,57,NW-532993,Robert Mills,1940-12-27,P-00399,74197857,19.00,RENEWAL,2026-07-15
Northwind Health,2026-06,58,NW-920192,Robert Mills,1940-12-27,P-00400,74197857,4.20,RENEWAL,2026-07-15
Northwind Health,2026-06,59,NW-841947,Penny Mccall,1944-07-12,P-00402,33857966,26.25,RENEWAL,2026-07-15
Northwind Health,2026-06,60,NW-851622,Charlene Walker,1963-03-25,P-00410,6831819,16.00,RENEWAL,2026-07-15
Northwind Health,2026-06,61,NW-730645,Eileen Hunt,1944-06-12,P-00411,61291817,26.25,RENEWAL,2026-07-15
Northwind Health,2026-06,62,NW-955792,John Lopez,1997-08-09,P-00415,11576383,16.00,RENEWAL,2026-07-15
Northwind Health,2026-06,63,NW-694822,Tammy Powell,1947-04-13,P-00426,97102525,19.00,RENEWAL,2026-07-15
Northwind Health,2026-06,64,NW-650784,Tammy Powell,1947-04-13,P-00427,97102525,4.20,RENEWAL,2026-07-15
Northwind Health,2026-06,65,NW-229431,Cindy Wise,1935-04-07,P-00430,90949389,26.25,RENEWAL,2026-07-15
Northwind Health,2026-06,66,NW-981516,Megan Barber,1944-10-19,P-00444,44524491,26.25,RENEWAL,2026-07-15
Northwind Health,2026-06,67,NW-162621,Emily Clark,1958-06-19,P-00453,90949389,52.50,NEW,2026-07-15
Northwind Health,2026-06,68,NW-497753,Stephanie Clark,1981-01-21,P-00454,90949389,16.00,RENEWAL,2026-07-15
Northwind Health,2026-06,69,NW-561697,Jason Phelps,1994-04-01,P-00458,29898923,26.25,RENEWAL,2026-07-15
Northwind Health,2026-06,70,NW-506967,Justin Martin,1942-01-21,P-00465,13981052,26.25,RENEWAL,2026-07-15
Northwind Health,2026-06,71,NW-650705,Shane Lee,1968-05-11,P-00468,11576383,16.00,RENEWAL,2026-07-15
Northwind Health,2026-06,72,NW-631691,Adam Singleton,1963-08-03,P-00473,32244663,22.00,NEW,2026-07-15
Northwind Health,2026-06,73,NW-849290,Daniel Reilly,1957-05-19,P-00483,13981052,26.25,RENEWAL,2026-07-15
Northwind Health,2026-06,74,NW-294677,Donald Todd,1944-03-06,P-00498,1884412,26.25,RENEWAL,2026-07-15
Northwind Health,2026-06,75,NW-286814,Evan Clark,1954-02-02,P-00508,4356886,26.25,RENEWAL,2026-07-15
Northwind Health,2026-06,76,NW-298049,Tamara Martin,1953-03-09,P-00523,43339391,52.50,NEW,2026-07-15
Northwind Health,2026-06,77,NW-203641,Kaitlyn Ross,1954-06-09,P-00533,61855700,38.00,NEW,2026-07-15
Northwind Health,2026-06,78,NW-936677,Kaitlyn Ross,1954-06-09,P-00534,61855700,8.40,NEW,2026-07-15
Northwind Health,2026-06,79,NW-744259,Mary Baker,1954-01-30,P-00536,32244663,26.25,RENEWAL,2026-07-15
Northwind Health,2026-06,80,NW-262107,Tracey Melton,1957-02-17,P-00538,4356886,26.25,RENEWAL,2026-07-15
Northwind Health,2026-06,81,NW-987409,Ryan Nelson,1959-01-12,P-00545,77125617,52.50,NEW,2026-07-15
Northwind Health,2026-06,82,NW-188553,Sheila Norman,1934-11-26,P-00552,54100814,26.25,RENEWAL,2026-07-15
Northwind Health,2026-06,83,NW-115664,George Rose,1953-01-09,P-00555,61291817,26.25,RENEWAL,2026-07-15
Northwind Health,2026-06,84,NW-274853,Maria Espinoza,1936-05-03,P-00561,61291817,26.25,RENEWAL,2026-07-15
Northwind Health,2026-06,85,NW-460762,Sharon Ali,1935-02-18,P-00568,43339391,26.25,RENEWAL,2026-07-15
Northwind Health,2026-06,86,NW-655506,Michael Harvey,2004-11-23,P-00576,7150444,22.00,NEW,2026-07-15
Northwind Health,2026-06,87,NW-776111,Ashley Evans,1976-03-26,P-00591,4356886,26.25,RENEWAL,2026-07-15
Northwind Health,2026-06,88,NW-428512,Matthew Hernandez,1944-09-19,P-00598,10583482,52.50,NEW,2026-07-15
Northwind Health,2026-06,89,NW-882304,Diana Brown,1965-02-08,P-00606,54100814,16.00,RENEWAL,2026-07-15
Northwind Health,2026-06,90,NW-970978,Heather Warren,1940-01-31,P-00637,13981052,52.50,NEW,2026-07-15
Northwind Health,2026-06,92,NW-688971,Edward Jones,1941-06-08,P-00647,78490893,19.00,RENEWAL,2026-07-15
Northwind Health,2026-06,93,NW-512370,Edward Jones,1941-06-08,P-00648,78490893,4.20,RENEWAL,2026-07-15
Northwind Health,2026-06,94,NW-680322,Hannah Soto,1957-11-18,P-00661,7150444,26.25,RENEWAL,2026-07-15
Northwind Health,2026-06,95,NW-549359,Theresa Barrett,1947-12-05,P-00674,6831819,26.25,RENEWAL,2026-07-15
Northwind Health,2026-06,96,NW-671793,Gary Barber,1936-05-16,P-00685,77125617,4.20,RENEWAL,2026-07-15
Northwind Health,2026-06,97,NW-291489,Sean Garcia,1958-01-03,P-00689,43339391,52.50,NEW,2026-07-15
Northwind Health,2026-06,98,NW-583287,James Brown,1952-05-21,P-00707,10583482,26.25,RENEWAL,2026-07-15
Northwind Health,2026-06,99,NW-779002,Matthew Brown,1950-09-16,P-00708,10583482,19.00,RENEWAL,2026-07-15
Northwind Health,2026-06,100,NW-470500,Matthew Brown,1950-09-16,P-00709,10583482,4.20,RENEWAL,2026-07-15
Northwind Health,2026-06,101,NW-486265,Edward Rodriguez,1955-05-04,P-00717,78490893,19.00,RENEWAL,2026-07-15
Northwind Health,2026-06,102,NW-447656,Edward Rodriguez,1955-05-04,P-00718,78490893,4.20,RENEWAL,2026-07-15
Northwind Health,2026-06,103,NW-508253,Kristen Thompson,1943-09-07,P-00721,74197857,52.50,NEW,2026-07-15
Northwind Health,2026-06,104,NW-671052,Megan Roberts,1936-02-26,P-00747,10583482,38.00,NEW,2026-07-15
Northwind Health,2026-06,105,NW-575606,Megan Roberts,1936-02-26,P-00748,10583482,8.40,NEW,2026-07-15
Northwind Health,2026-06,106,NW-521164,Mark Cantrell,1944-05-05,P-00751,99847493,52.50,NEW,2026-07-15
Northwind Health,2026-06,107,NW-591543,Heather Burton,1948-12-18,P-00766,1884412,26.25,RENEWAL,2026-07-15
Northwind Health,2026-06,108,NW-656843,Belinda Garcia,1948-11-21,P-00782,29898923,4.20,RENEWAL,2026-07-15
Northwind Health,2026-06,109,NW-162283,Helen Wells,1989-01-29,P-00784,33857966,16.00,RENEWAL,2026-07-15
Northwind Health,2026-06,110,NW-163755,Daniel Martinez,1957-02-13,P-00785,90949389,26.25,RENEWAL,2026-07-15
Northwind Health,2026-06,111,NW-933726,Traci Perez,1948-02-21,P-00789,10583482,26.25,RENEWAL,2026-07-15
Northwind Health,2026-06,112,NW-217395,Dennis Fuller,1958-08-28,P-00794,61291817,52.50,NEW,2026-07-15
Northwind Health,2026-06,113,NW-873267,Cory Fuller,1936-12-30,P-00795,61291817,26.25,RENEWAL,2026-07-15
Northwind Health,2026-06,114,NW-773528,James Saunders,1944-07-16,P-00798,33857966,26.25,RENEWAL,2026-07-15
Northwind Health,2026-06,115,NW-182424,Elizabeth Crawford,1942-05-21,P-00809,33857966,19.00,RENEWAL,2026-07-15
Northwind Health,2026-06,116,NW-317203,Elizabeth Crawford,1942-05-21,P-00810,33857966,4.20,RENEWAL,2026-07-15
Northwind Health,2026-06,117,NW-722977,Brandon Mitchell,1999-01-11,P-00812,6831819,22.00,NEW,2026-07-15
Northwind Health,2026-06,118,NW-997135,Dana Adams,1979-04-12,P-00817,78490893,22.00,NEW,2026-07-15
Northwind Health,2026-06,119,NW-502355,Joshua Mccormick,1960-09-23,P-00830,97102525,52.50,NEW,2026-07-15
Northwind Health,2026-06,120,NW-897136,Gina Bradford,1937-03-16,P-00834,74197857,52.50,NEW,2026-07-15
Northwind Health,2026-06,121,NW-759495,Whitney Lewis,2004-12-01,P-00850,11576383,16.00,RENEWAL,2026-07-15
Northwind Health,2026-06,122,NW-669126,Christopher Glenn,1948-05-07,P-00854,77125617,26.25,RENEWAL,2026-07-15
Northwind Health,2026-06,123,NW-511652,Teresa Davis,1937-09-15,P-00859,78490893,26.25,RENEWAL,2026-07-15
Northwind Health,2026-06,124,NW-610944,Thomas Jackson,1956-07-07,P-00867,29898923,19.00,RENEWAL,2026-07-15
Northwind Health,2026-06,125,NW-885704,Thomas Jackson,1956-07-07,P-00868,29898923,4.20,RENEWAL,2026-07-15
Northwind Health,2026-06,126,NW-515102,Heather Cabrera,1951-10-09,P-00870,54100814,52.50,NEW,2026-07-15
Northwind Health,2026-06,127,NW-312134,Evan West,1938-08-19,P-00877,77125617,52.50,NEW,2026-07-15
Northwind Health,2026-06,128,NW-783707,Tonya Chavez,1934-10-28,P-00899,97102525,52.50,NEW,2026-07-15
Northwind Health,2026-06,129,NW-424205,Michael Carson,1942-08-27,P-00901,90949389,52.50,NEW,2026-07-15
Northwind Health,2026-06,130,NW-139463,Corey Carson,1948-05-02,P-00902,90949389,26.25,RENEWAL,2026-07-15
Northwind Health,2026-06,131,NW-897214,Megan Kidd,1947-07-05,P-00925,78490893,26.25,RENEWAL,2026-07-15
Northwind Health,2026-06,132,NW-744871,Aaron Lucas,1954-11-30,P-00930,44524491,26.25,RENEWAL,2026-07-15
Northwind Health,2026-06,133,NW-302785,Michael Carey,1956-11-02,P-00931,1884412,52.50,NEW,2026-07-15
Northwind Health,2026-06,134,NW-449193,Krista Morgan,1999-06-05,P-00951,94702683,16.00,RENEWAL,2026-07-15
Northwind Health,2026-06,135,NW-878365,Daniel Murphy,1975-06-27,P-00958,99847493,16.00,RENEWAL,2026-07-15
Northwind Health,2026-06,136,NW-585239,Justin Gonzalez,1935-10-24,P-00961,97102525,52.50,NEW,2026-07-15
Northwind Health,2026-06,138,NW-925506,Carol Brooks,1976-09-25,P-00967,74197857,22.00,NEW,2026-07-15
Northwind Health,2026-06,139,NW-786134,Bryce Fry,1942-12-07,P-00985,78490893,26.25,RENEWAL,2026-07-15
Northwind Health,2026-06,140,NW-224896,William King,1954-06-12,P-00995,54100814,4.20,RENEWAL,2026-07-15
Northwind Health,2026-06,141,NW-412280,Marie Watkins,1944-03-18,P-01016,37231783,26.25,RENEWAL,2026-07-15
Northwind Health,2026-06,142,NW-749826,Tracy Allen,1936-09-15,P-01061,32244663,26.25,RENEWAL,2026-07-15
Northwind Health,2026-06,143,NW-857819,Michael Davis,1957-03-03,P-01078,77125617,52.50,NEW,2026-07-15
Northwind Health,2026-06,144,NW-168776,Ashley Davis,1958-04-16,P-01079,77125617,26.25,RENEWAL,2026-07-15
Northwind Health,2026-06,145,NW-790887,Randall Perez,1947-02-24,P-01093,94702683,19.00,RENEWAL,2026-07-15
Northwind Health,2026-06,146,NW-528909,Randall Perez,1947-02-24,P-01094,94702683,4.20,RENEWAL,2026-07-15
Northwind Health,2026-06,147,NW-241825,Jason Rice,1957-11-04,P-01109,10583482,38.00,NEW,2026-07-15
Northwind Health,2026-06,148,NW-904669,Jason Rice,1957-11-04,P-01110,10583482,8.40,NEW,2026-07-15
Northwind Health,2026-06,149,NW-477362,Amanda Simpson,1954-12-22,P-01121,54100814,26.25,RENEWAL,2026-07-15
Northwind Health,2026-06,150,NW-840363,Frank Holland,1946-05-18,P-01130,7150444,19.00,RENEWAL,2026-07-15
Northwind Health,2026-06,151,NW-953402,Frank Holland,1946-05-18,P-01131,7150444,4.20,RENEWAL,2026-07-15
Northwind Health,2026-06,152,NW-438324,Rhonda Thomas,1943-05-31,P-01136,37231783,19.00,RENEWAL,2026-07-15
Northwind Health,2026-06,153,NW-817628,Rhonda Thomas,1943-05-31,P-01137,37231783,4.20,RENEWAL,2026-07-15
Northwind Health,2026-06,155,NW-160899,Michael Mccall,1940-02-17,P-01152,7150444,26.25,RENEWAL,2026-07-15
Northwind Health,2026-06,156,NW-917192,Mariah Smith,1934-12-29,P-01154,4356886,26.25,RENEWAL,2026-07-15
Northwind Health,2026-06,157,NW-781890,Justin Smith,1943-05-28,P-01163,61855700,8.40,NEW,2026-07-15
Northwind Health,2026-06,158,NW-391383,Denise Chandler,1951-06-20,P-01167,33857966,52.50,NEW,2026-07-15
Northwind Health,2026-06,159,NW-439084,Stephanie Kirk,1957-12-15,P-01171,99847493,26.25,RENEWAL,2026-07-15
Northwind Health,2026-06,160,NW-619618,Morgan Nash,1942-06-22,P-01173,97102525,52.50,NEW,2026-07-15
Northwind Health,2026-06,161,NW-530927,Sara Camacho,1958-09-12,P-01196,1884412,26.25,RENEWAL,2026-07-15
Northwind Health,2026-06,162,NW-649653,Tony Mckay,1957-05-28,P-01202,29898923,26.25,RENEWAL,2026-07-15
Northwind Health,2026-06,163,NW-476630,Latasha Watts,1955-11-27,P-01211,6831819,26.25,RENEWAL,2026-07-15
Northwind Health,2026-06,164,NW-382371,Philip Sullivan,1950-08-06,P-01224,6831819,52.50,NEW,2026-07-15
Northwind Health,2026-06,165,NW-313502,Clinton Gross,1960-06-28,P-01225,74197857,52.50,NEW,2026-07-15
Northwind Health,2026-06,166,NW-542913,Mark Bailey,1934-02-13,P-01232,5265799,52.50,NEW,2026-07-15
Northwind Health,2026-06,167,NW-548535,Gina Porter,1949-06-01,P-01234,33857966,26.25,RENEWAL,2026-07-15
Northwind Health,2026-06,168,NW-510122,Erika Fitzpatrick,1947-02-27,P-01245,77125617,26.25,RENEWAL,2026-07-15
Northwind Health,2026-06,169,NW-869074,Karina Cunningham,1982-10-21,P-01250,1884412,26.25,RENEWAL,2026-07-15
Northwind Health,2026-06,170,NW-582229,David Lin,1938-08-12,P-01251,44524491,4.20,RENEWAL,2026-07-15
Northwind Health,2026-06,171,NW-327217,Kimberly Woods,1949-07-27,P-01281,32244663,8.40,NEW,2026-07-15
Northwind Health,2026-06,172,NW-560524,Nancy Woods,1988-12-06,P-01282,32244663,26.25,RENEWAL,2026-07-15
Northwind Health,2026-06,173,NW-570424,Judy Hall,1937-08-14,P-01290,5265799,26.25,RENEWAL,2026-07-15
Northwind Health,2026-06,174,NW-546712,Patrick Ramirez,1943-01-15,P-01291,54100814,52.50,NEW,2026-07-15
Northwind Health,2026-06,175,NW-764379,Jeremy Tran,1951-07-04,P-01305,37231783,26.25,RENEWAL,2026-07-15
Northwind Health,2026-06,176,NW-896360,Stephanie Farmer,1992-03-27,P-01312,54100814,16.00,RENEWAL,2026-07-15
Northwind Health,2026-06,177,NW-521310,Samuel Gray,1935-10-27,P-01325,4356886,26.25,RENEWAL,2026-07-15
Northwind Health,2026-06,178,NW-577319,William Arnold,1959-04-03,P-01329,43339391,52.50,NEW,2026-07-15
Northwind Health,2026-06,179,NW-762440,Roger Wright,1949-11-20,P-01341,1884412,52.50,NEW,2026-07-15
Northwind Health,2026-06,180,NW-791013,Joseph Gaines,1947-07-25,P-01344,61291817,19.00,RENEWAL,2026-07-15
Northwind Health,2026-06,181,NW-244758,Joseph Gaines,1947-07-25,P-01345,61291817,4.20,RENEWAL,2026-07-15
Northwind Health,2026-06,182,NW-884060,Barbara Garcia,1944-03-11,P-01354,1884412,26.25,RENEWAL,2026-07-15
Northwind Health,2026-06,183,NW-830823,Ann Miller,1947-05-21,P-01356,32244663,52.50,NEW,2026-07-15
Northwind Health,2026-06,184,NW-187361,Arthur Lawson,1944-03-16,P-01376,90949389,19.00,RENEWAL,2026-07-15
Northwind Health,2026-06,185,NW-738819,Arthur Lawson,1944-03-16,P-01377,90949389,4.20,RENEWAL,2026-07-15
Northwind Health,2026-06,186,NW-454494,Joseph Hernandez,1979-03-30,P-01382,90949389,16.00,RENEWAL,2026-07-15
Northwind Health,2026-06,187,NW-145287,Brian Anderson,1937-12-05,P-01388,99847493,52.50,NEW,2026-07-15
Northwind Health,2026-06,188,NW-601095,Shawn Cruz,1942-09-07,P-01408,78490893,26.25,RENEWAL,2026-07-15
Northwind Health,2026-06,189,NW-837328,Bill Graham,1938-01-28,P-01412,97102525,26.25,RENEWAL,2026-07-15
Northwind Health,2026-06,190,NW-120650,Joshua Jordan,1991-04-13,P-01415,61291817,22.00,NEW,2026-07-15
Northwind Health,2026-06,191,NW-958630,Teresa Jordan,1948-05-27,P-01417,61291817,52.50,NEW,2026-07-15
Northwind Health,2026-06,192,NW-547351,Daniel Molina,1944-02-14,P-01444,61291817,26.25,RENEWAL,2026-07-15
Northwind Health,2026-06,193,NW-947379,Keith Hernandez,1980-11-10,P-01447,90949389,22.00,NEW,2026-07-15
Northwind Health,2026-06,194,NW-701604,Jeffrey Hernandez,1967-02-04,P-01448,90949389,26.25,RENEWAL,2026-07-15
Northwind Health,2026-06,195,NW-828205,Jeremy Villarreal,1960-09-03,P-01450,99847493,52.50,NEW,2026-07-15
Northwind Health,2026-06,196,NW-805257,Hannah Stevenson,1988-10-25,P-01455,6831819,26.25,RENEWAL,2026-07-15
Northwind Health,2026-06,197,NW-331511,Amanda Baker,1971-02-21,P-01462,43339391,16.00,RENEWAL,2026-07-15
Northwind Health,2026-06,198,NW-686390,Adrian Scott,1940-06-24,P-01498,7150444,26.25,RENEWAL,2026-07-15
Northwind Health,2026-06,199,NW-666644,Stacy Perez,1937-11-25,P-01522,78490893,26.25,RENEWAL,2026-07-15
Northwind Health,2026-06,200,NW-458804,Danielle Conway,1977-09-20,P-01527,94702683,16.00,RENEWAL,2026-07-15
Northwind Health,2026-06,201,NW-676427,Kristin Reed,1937-05-12,P-01531,97102525,26.25,RENEWAL,2026-07-15
Northwind Health,2026-06,202,NW-173508,Stephanie Garcia,1950-12-19,P-01541,77125617,26.25,RENEWAL,2026-07-15
Northwind Health,2026-06,203,NW-385664,Jeremiah Sanchez,1944-07-16,P-01543,61291817,52.50,NEW,2026-07-15
Northwind Health,2026-06,204,NW-829646,John Andersen,1934-09-27,P-01547,61291817,26.25,RENEWAL,2026-07-15
Northwind Health,2026-06,205,NW-208463,Jessica Hudson,1948-06-05,P-01550,90949389,26.25,RENEWAL,2026-07-15
Northwind Health,2026-06,206,NW-920714,Brenda Baird,1950-10-02,P-01551,54100814,26.25,RENEWAL,2026-07-15
Northwind Health,2026-06,207,NW-430050,Michelle Baird,1952-03-21,P-01552,54100814,52.50,NEW,2026-07-15
Northwind Health,2026-06,208,NW-314636,Dillon Horton,1941-03-17,P-01557,77125617,26.25,RENEWAL,2026-07-15
Northwind Health,2026-06,209,NW-102127,Matthew Duke,1945-10-29,P-01561,32244663,26.25,RENEWAL,2026-07-15
Northwind Health,2026-06,210,NW-705442,Brittany Rodriguez,1945-05-08,P-01568,54100814,4.20,RENEWAL,2026-07-15
Northwind Health,2026-06,211,NW-862340,Kayla Ramos,1958-01-08,P-01587,43339391,52.50,NEW,2026-07-15
Northwind Health,2026-06,212,NW-199275,Brian Valenzuela,1951-06-13,P-01590,44524491,26.25,RENEWAL,2026-07-15
Northwind Health,2026-06,213,NW-704490,Douglas Hawkins,1976-11-23,P-01592,7150444,19.00,RENEWAL,2026-07-15
Northwind Health,2026-06,214,NW-143357,Douglas Hawkins,1976-11-23,P-01593,7150444,4.20,RENEWAL,2026-07-15
Northwind Health,2026-06,215,NW-651956,Frank Moore,1987-06-28,P-01609,44524491,16.00,RENEWAL,2026-07-15
Northwind Health,2026-06,216,NW-980444,Jasmin Erickson,1936-12-24,P-01631,5265799,26.25,RENEWAL,2026-07-15
Northwind Health,2026-06,217,NW-518514,Kevin Myers,1947-09-15,P-01641,61291817,52.50,NEW,2026-07-15
Northwind Health,2026-06,218,NW-127007,Rachel Schultz,1953-09-21,P-01647,44524491,4.20,RENEWAL,2026-07-15
Northwind Health,2026-06,219,NW-244790,Lawrence Zamora,1944-04-01,P-01649,94702683,26.25,RENEWAL,2026-07-15
Northwind Health,2026-06,220,NW-863290,Nicole Zamora,1942-04-03,P-01650,94702683,26.25,RENEWAL,2026-07-15
Northwind Health,2026-06,221,NW-457479,Sandra Lopez,1948-12-05,P-01654,11576383,52.50,NEW,2026-07-15
Northwind Health,2026-06,222,NW-842562,Marie Thomas,1959-03-27,P-01661,90949389,19.00,RENEWAL,2026-07-15
Northwind Health,2026-06,223,NW-698384,Marie Thomas,1959-03-27,P-01662,90949389,4.20,RENEWAL,2026-07-15
Northwind Health,2026-06,224,NW-327778,Brian Grant,1941-06-24,P-01666,54100814,52.50,NEW,2026-07-15
Northwind Health,2026-06,225,NW-944317,Megan Grant,1950-05-27,P-01667,54100814,38.00,NEW,2026-07-15
Northwind Health,2026-06,226,NW-800104,Megan Grant,1950-05-27,P-01668,54100814,8.40,NEW,2026-07-15
Northwind Health,2026-06,227,NW-472382,Mark Cook,1979-06-09,P-01672,44524491,16.00,RENEWAL,2026-07-15
Northwind Health,2026-06,228,NW-122756,Jorge Cook,1955-09-10,P-01673,44524491,26.25,RENEWAL,2026-07-15
Northwind Health,2026-06,229,NW-884677,Colton Ali,1950-04-11,P-01678,90949389,19.00,RENEWAL,2026-07-15
Northwind Health,2026-06,230,NW-143693,Colton Ali,1950-04-11,P-01679,90949389,4.20,RENEWAL,2026-07-15
Northwind Health,2026-06,231,NW-997784,Paige Conrad,1945-04-15,P-01683,13981052,26.25,RENEWAL,2026-07-15
Northwind Health,2026-06,232,NW-785433,Thomas Bryant,1934-08-29,P-01690,7150444,19.00,RENEWAL,2026-07-15
Northwind Health,2026-06,233,NW-242537,Thomas Bryant,1934-08-29,P-01691,7150444,4.20,RENEWAL,2026-07-15
Northwind Health,2026-06,234,NW-910453,Tonya Watson,1938-10-13,P-01692,77125617,26.25,RENEWAL,2026-07-15
Northwind Health,2026-06,235,NW-741344,Veronica Gilmore,1951-01-19,P-01696,10583482,4.20,RENEWAL,2026-07-15
Northwind Health,2026-06,236,NW-920958,Matthew Mckinney,1945-08-05,P-01697,99847493,26.25,RENEWAL,2026-07-15
Northwind Health,2026-06,237,NW-706171,Gabriela Davis,1963-09-06,P-01708,6831819,22.00,NEW,2026-07-15
Northwind Health,2026-06,238,NW-416639,Mary Rodriguez,1940-08-03,P-01713,43339391,52.50,NEW,2026-07-15
Northwind Health,2026-06,239,NW-493170,Kristin Smith,1948-12-09,P-01722,54100814,52.50,NEW,2026-07-15
Northwind Health,2026-06,240,NW-742078,Jacob Valencia,1942-04-01,P-01725,54100814,4.20,RENEWAL,2026-07-15
Northwind Health,2026-06,241,NW-642948,Anthony Reynolds,1944-09-22,P-01730,33857966,26.25,RENEWAL,2026-07-15
Northwind Health,2026-06,242,NW-106867,Guy Roth,2000-07-10,P-01760,99847493,16.00,RENEWAL,2026-07-15
Northwind Health,2026-06,243,NW-125185,Kara Gibbs,1954-07-08,P-01767,6831819,4.20,RENEWAL,2026-07-15
Northwind Health,2026-06,244,NW-592435,Katherine Richards,1977-03-24,P-01774,61291817,22.00,NEW,2026-07-15
Northwind Health,2026-06,245,NW-922587,Cynthia Simon,1986-07-01,P-01777,32244663,16.00,RENEWAL,2026-07-15
Northwind Health,2026-06,246,NW-611915,Emily Martin,1946-02-18,P-01779,1884412,26.25,RENEWAL,2026-07-15
Northwind Health,2026-06,247,NW-694197,Christopher Garcia,2003-05-29,P-01788,1884412,22.00,NEW,2026-07-15
Northwind Health,2026-06,248,NW-893035,Erin Harris,1940-06-13,P-01806,99847493,4.20,RENEWAL,2026-07-15
Northwind Health,2026-06,249,NW-412750,Mark Smith,1988-11-09,P-01815,97102525,22.00,NEW,2026-07-15
Northwind Health,2026-06,250,NW-518227,Mary Morgan,1955-01-26,P-01821,61855700,26.25,RENEWAL,2026-07-15
Northwind Health,2026-06,251,NW-220868,Rhonda Swanson,1936-08-22,P-01822,77125617,26.25,RENEWAL,2026-07-15
Northwind Health,2026-06,252,NW-330939,Elizabeth Lopez,1954-04-19,P-01842,13981052,52.50,NEW,2026-07-15
Northwind Health,2026-06,253,NW-872151,Kaitlin Bass,1941-07-06,P-01844,61855700,52.50,NEW,2026-07-15
Northwind Health,2026-06,254,NW-163842,Jacob Castillo,1945-04-17,P-01851,7150444,26.25,RENEWAL,2026-07-15
Northwind Health,2026-06,255,NW-162443,Alexander Johnson,1950-06-10,P-01855,6831819,26.25,RENEWAL,2026-07-15
Northwind Health,2026-06,256,NW-656502,Gloria Beard,1946-12-15,P-01865,1884412,13.12,RENEWAL,2026-07-15
Northwind Health,2026-06,257,NW-872703,Melissa Patterson,1957-12-13,P-01874,77125617,26.25,RENEWAL,2026-07-15
Northwind Health,2026-06,258,NW-972397,Rose Zamora,1955-12-05,P-01887,11576383,4.20,RENEWAL,2026-07-15
Northwind Health,2026-06,259,NW-311825,Natasha Smith,1955-04-24,P-01890,54100814,26.25,RENEWAL,2026-07-15
Northwind Health,2026-06,260,NW-595084,Peter Carter,1946-04-21,P-01893,78490893,26.25,RENEWAL,2026-07-15
Northwind Health,2026-06,261,NW-284235,Catherine Stephens,1955-06-13,P-01900,44524491,26.25,RENEWAL,2026-07-15
Northwind Health,2026-06,262,NW-129349,Jennifer Bond,1937-08-14,P-01901,1884412,26.25,RENEWAL,2026-07-15
Northwind Health,2026-06,263,NW-447383,Cassandra Jones,1957-03-17,P-01907,43339391,38.00,NEW,2026-07-15
Northwind Health,2026-06,264,NW-702865,Cassandra Jones,1957-03-17,P-01908,43339391,8.40,NEW,2026-07-15
Northwind Health,2026-06,265,NW-127578,Melanie Washington,1988-07-14,P-01915,61855700,22.00,NEW,2026-07-15
Northwind Health,2026-06,266,NW-209862,Matthew Deleon,1941-11-03,P-01916,7150444,26.25,RENEWAL,2026-07-15
Northwind Health,2026-06,267,NW-581915,James King,1967-10-11,P-01932,43339391,22.00,NEW,2026-07-15
Northwind Health,2026-06,268,NW-702463,Ryan Smith,1977-09-14,P-01936,1884412,16.00,RENEWAL,2026-07-15
Northwind Health,2026-06,269,NW-137872,Douglas Ramos,1943-03-18,P-01941,6831819,4.20,RENEWAL,2026-07-15
Northwind Health,2026-06,270,NW-349910,Cindy Young,1998-11-07,P-01959,13981052,16.00,RENEWAL,2026-07-15
Northwind Health,2026-06,271,NW-578819,Phillip King,1968-03-14,P-01971,78490893,22.00,NEW,2026-07-15
Northwind Health,2026-06,272,NW-328287,Angelica Herring,1939-05-02,P-01977,74197857,52.50,NEW,2026-07-15
Northwind Health,2026-06,273,NW-651866,Michael Leon,1970-12-31,P-01982,33857966,16.00,RENEWAL,2026-07-15
Northwind Health,2026-06,274,NW-673506,Thomas Roth,1945-02-20,P-01983,97102525,52.50,NEW,2026-07-15
Northwind Health,2026-06,275,NW-547812,Janice Taylor,1965-09-30,P-01991,6831819,16.00,RENEWAL,2026-07-15
Northwind Health,2026-06,276,NW-931149,Lisa Ponce,1937-06-05,P-01993,33857966,26.25,RENEWAL,2026-07-15
Northwind Health,2026-06,277,NW-686434,Michael Francis,1941-12-20,P-02003,10583482,26.25,RENEWAL,2026-07-15
Northwind Health,2026-06,278,NW-945072,Jennifer Brown,1936-11-08,P-02006,43339391,19.00,RENEWAL,2026-07-15
Northwind Health,2026-06,279,NW-459254,Jennifer Brown,1936-11-08,P-02007,43339391,4.20,RENEWAL,2026-07-15
Northwind Health,2026-06,280,NW-761515,Brian Daniel,1956-02-19,P-02016,33857966,19.00,RENEWAL,2026-07-15
Northwind Health,2026-06,281,NW-342787,Brian Daniel,1956-02-19,P-02017,33857966,4.20,RENEWAL,2026-07-15
Northwind Health,2026-06,282,NW-470379,Jessica Valdez,1951-07-05,P-02020,10583482,52.50,NEW,2026-07-15
Northwind Health,2026-06,283,NW-607157,Dale Frank,1934-03-09,P-02025,74197857,26.25,RENEWAL,2026-07-15
Northwind Health,2026-06,284,NW-543940,Andre Bennett,1942-10-18,P-02026,37231783,38.00,NEW,2026-07-15
Northwind Health,2026-06,285,NW-625056,Andre Bennett,1942-10-18,P-02027,37231783,8.40,NEW,2026-07-15
Northwind Health,2026-06,286,NW-959732,Tammy Garcia,1953-04-22,P-02049,43339391,38.00,NEW,2026-07-15
Northwind Health,2026-06,287,NW-541603,Tammy Garcia,1953-04-22,P-02050,43339391,8.40,NEW,2026-07-15
Northwind Health,2026-06,288,NW-568621,Todd Cisneros,1951-11-07,P-02058,90949389,19.00,RENEWAL,2026-07-15
Northwind Health,2026-06,289,NW-152037,Todd Cisneros,1951-11-07,P-02059,90949389,4.20,RENEWAL,2026-07-15
Northwind Health,2026-06,290,NW-247386,William Castro,1951-06-17,P-02069,90949389,4.20,RENEWAL,2026-07-15
Northwind Health,2026-06,291,NW-422216,Melanie Ramos,1991-07-13,P-02085,5265799,16.00,RENEWAL,2026-07-15
Northwind Health,2026-06,292,NW-763449,Daniel Ramos,1951-05-12,P-02086,5265799,26.25,RENEWAL,2026-07-15
Northwind Health,2026-06,293,NW-323424,Melissa Sparks,1953-08-16,P-02108,4356886,26.25,RENEWAL,2026-07-15
Northwind Health,2026-06,294,NW-699968,Amanda Delacruz,1950-08-19,P-02110,6831819,26.25,RENEWAL,2026-07-15
Northwind Health,2026-06,295,NW-432214,Steven Delacruz,1933-11-14,P-02111,6831819,26.25,RENEWAL,2026-07-15
Northwind Health,2026-06,296,NW-780454,Jonathan Ramirez,1971-09-12,P-02120,99847493,22.00,NEW,2026-07-15
Northwind Health,2026-06,297,NW-891328,Eric Robertson,1952-03-31,P-02122,90949389,26.25,RENEWAL,2026-07-15
Northwind Health,2026-06,298,NW-786663,Hannah Robertson,1939-05-29,P-02124,90949389,19.00,RENEWAL,2026-07-15
Northwind Health,2026-06,299,NW-546119,Hannah Robertson,1939-05-29,P-02125,90949389,4.20,RENEWAL,2026-07-15
Northwind Health,2026-06,300,NW-255935,Christopher Reyes,1954-09-10,P-02130,33857966,19.00,RENEWAL,2026-07-15
Northwind Health,2026-06,301,NW-315150,Christopher Reyes,1954-09-10,P-02131,33857966,4.20,RENEWAL,2026-07-15
Northwind Health,2026-06,302,NW-165314,Ashley Anthony,1962-11-23,P-02138,43339391,16.00,RENEWAL,2026-07-15
Northwind Health,2026-06,303,NW-397486,Janice Murray,1946-08-08,P-02142,99847493,4.20,RENEWAL,2026-07-15
Northwind Health,2026-06,304,NW-644134,Haley White,1958-12-15,P-02150,78490893,19.00,RENEWAL,2026-07-15
Northwind Health,2026-06,305,NW-862502,Haley White,1958-12-15,P-02151,78490893,4.20,RENEWAL,2026-07-15
Northwind Health,2026-06,306,NW-979216,James Brown,1940-04-28,P-02155,97102525,26.25,RENEWAL,2026-07-15
Northwind Health,2026-06,307,NW-236467,Matthew Williams,1956-08-14,P-02162,1884412,26.25,RENEWAL,2026-07-15
Northwind Health,2026-06,308,NW-983140,Paula Osborne,1965-03-02,P-02178,97102525,22.00,NEW,2026-07-15
Northwind Health,2026-06,309,NW-564587,Melanie Bennett,1976-09-02,P-02179,7150444,16.00,RENEWAL,2026-07-15
Northwind Health,2026-06,310,NW-869297,Dawn Duncan,1938-07-08,P-02186,32244663,52.50,NEW,2026-07-15
Northwind Health,2026-06,311,NW-771604,Philip Davis,1950-08-12,P-02187,13981052,26.25,RENEWAL,2026-07-15
Northwind Health,2026-06,312,NW-731264,Daniel Rodriguez,1947-01-15,P-02193,77125617,4.20,RENEWAL,2026-07-15
Northwind Health,2026-06,313,NW-314263,Gabriela Tate,1956-06-14,P-02204,97102525,26.25,RENEWAL,2026-07-15
Northwind Health,2026-06,314,NW-218831,Robert Novak,1977-04-26,P-02208,5265799,22.00,NEW,2026-07-15
Northwind Health,2026-06,315,NW-993013,Stacy Sanchez,1935-11-06,P-02217,78490893,38.00,NEW,2026-07-15
Northwind Health,2026-06,316,NW-460233,Stacy Sanchez,1935-11-06,P-02218,78490893,8.40,NEW,2026-07-15
Northwind Health,2026-06,317,NW-871542,Sharon Johnson,1949-12-02,P-02235,13981052,26.25,RENEWAL,2026-07-15
Northwind Health,2026-06,318,NW-989990,Jeremy Casey,1973-12-23,P-02246,5265799,22.00,NEW,2026-07-15
Northwind Health,2026-06,319,NW-322333,Derek Moore,1934-09-21,P-02294,61855700,26.25,RENEWAL,2026-07-15
Northwind Health,2026-06,320,NW-761829,Sheryl Martin,1940-03-24,P-02302,4356886,52.50,NEW,2026-07-15
Northwind Health,2026-06,322,NW-407129,Brendan Frost,1938-07-28,P-02311,61855700,52.50,NEW,2026-07-15
Northwind Health,2026-06,323,NW-269593,Martha Wiley,1939-10-30,P-02321,54100814,26.25,RENEWAL,2026-07-15
Northwind Health,2026-06,324,NW-498647,Tyler Chavez,1949-10-15,P-02323,74197857,52.50,NEW,2026-07-15
Northwind Health,2026-06,325,NW-377892,Elizabeth Johnson,1947-07-22,P-02328,90949389,52.50,NEW,2026-07-15
Northwind Health,2026-06,326,NW-786961,Brooke Chapman,1953-04-05,P-02340,5265799,26.25,RENEWAL,2026-07-15
Northwind Health,2026-06,327,NW-851378,Jimmy Moreno,1944-03-26,P-02342,43339391,19.00,RENEWAL,2026-07-15
Northwind Health,2026-06,328,NW-650109,Jimmy Moreno,1944-03-26,P-02343,43339391,4.20,RENEWAL,2026-07-15
Northwind Health,2026-06,329,NW-592130,Sarah Avila,1946-04-07,P-02346,5265799,26.25,RENEWAL,2026-07-15
Northwind Health,2026-06,330,NW-582557,Garrett Sparks,1995-01-15,P-02364,7150444,16.00,RENEWAL,2026-07-15
Northwind Health,2026-06,331,NW-316996,Martha Nelson,1958-05-04,P-02367,43339391,38.00,NEW,2026-07-15
Northwind Health,2026-06,332,NW-327569,Martha Nelson,1958-05-04,P-02368,43339391,8.40,NEW,2026-07-15
Northwind Health,2026-06,333,NW-126990,Tiffany Petersen,1967-11-01,P-02374,94702683,22.00,NEW,2026-07-15
Northwind Health,2026-06,334,NW-289048,James Johnson,1946-01-15,P-02377,1884412,52.50,NEW,2026-07-15
Northwind Health,2026-06,335,NW-878341,Angelica Blevins,1934-07-16,P-02378,7150444,26.25,RENEWAL,2026-07-15
Northwind Health,2026-06,336,NW-785689,Jordan Stevens,1975-11-28,P-02391,37231783,16.00,RENEWAL,2026-07-15
Northwind Health,2026-06,337,NW-528760,Haley Cobb,1944-12-30,P-02392,97102525,38.00,NEW,2026-07-15
Northwind Health,2026-06,338,NW-432757,Haley Cobb,1944-12-30,P-02393,97102525,8.40,NEW,2026-07-15
Northwind Health,2026-06,339,NW-934591,James Daniels,1941-01-03,P-02395,78490893,26.25,RENEWAL,2026-07-15
Northwind Health,2026-06,340,NW-421466,Rebecca Smith,1950-08-24,P-02400,90949389,26.25,RENEWAL,2026-07-15
Northwind Health,2026-06,341,NW-503796,Sara Evans,1992-11-23,P-02405,11576383,16.00,RENEWAL,2026-07-15
Northwind Health,2026-06,342,NW-696813,Daniel Mccoy,2000-06-03,P-02409,77125617,16.00,RENEWAL,2026-07-15
Northwind Health,2026-06,343,NW-188337,Bobby Cummings,1975-08-13,P-02413,94702683,22.00,NEW,2026-07-15
Northwind Health,2026-06,344,NW-375402,John Cole,1948-06-24,P-02417,43339391,26.25,RENEWAL,2026-07-15
Northwind Health,2026-06,345,NW-918212,Debra Cole,1938-04-10,P-02419,43339391,26.25,RENEWAL,2026-07-15
Northwind Health,2026-06,346,NW-106429,Donna Austin,1977-12-19,P-02421,37231783,22.00,NEW,2026-07-15
Northwind Health,2026-06,347,NW-275601,Michael Ramsey,1946-05-08,P-02437,6831819,26.25,RENEWAL,2026-07-15
Northwind Health,2026-06,348,NW-262441,Steven Ramsey,1952-11-15,P-02438,6831819,19.00,RENEWAL,2026-07-15
Northwind Health,2026-06,349,NW-429629,Steven Ramsey,1952-11-15,P-02439,6831819,4.20,RENEWAL,2026-07-15
Northwind Health,2026-06,350,NW-899058,Nathan Moore,1984-01-24,P-02440,44524491,16.00,RENEWAL,2026-07-15
Northwind Health,2026-06,351,NW-124181,Anthony Jacobs,1937-04-30,P-02446,97102525,19.00,RENEWAL,2026-07-15
Northwind Health,2026-06,352,NW-170777,Anthony Jacobs,1937-04-30,P-02447,97102525,4.20,RENEWAL,2026-07-15
Northwind Health,2026-06,353,NW-283930,Tiffany Brown,1940-09-16,P-02450,29898923,26.25,RENEWAL,2026-07-15
Northwind Health,2026-06,354,NW-288214,Joseph Porter,1938-02-05,P-02457,13981052,26.25,RENEWAL,2026-07-15
Northwind Health,2026-06,355,NW-613048,Adam Rodriguez,1941-09-14,P-02463,1884412,38.00,NEW,2026-07-15
Northwind Health,2026-06,356,NW-580669,Adam Rodriguez,1941-09-14,P-02464,1884412,8.40,NEW,2026-07-15
Northwind Health,2026-06,357,NW-673199,William Delgado,1936-01-28,P-02476,1884412,52.50,NEW,2026-07-15
Northwind Health,2026-06,358,NW-439431,Candace Delgado,1994-05-03,P-02478,1884412,22.00,NEW,2026-07-15
Northwind Health,2026-06,359,NW-255099,Carolyn Brown,1942-04-07,P-02481,54100814,26.25,RENEWAL,2026-07-15
Northwind Health,2026-06,360,NW-804724,Jill Smith,1972-12-29,P-02483,32244663,26.25,RENEWAL,2026-07-15
Northwind Health,2026-06,361,NW-681552,Kelly Tyler,1949-06-01,P-02487,61855700,19.00,RENEWAL,2026-07-15
Northwind Health,2026-06,362,NW-776187,Kelly Tyler,1949-06-01,P-02488,61855700,4.20,RENEWAL,2026-07-15
Northwind Health,2026-06,363,NW-511374,Kevin Drake,1952-09-06,P-02490,5265799,26.25,RENEWAL,2026-07-15
Northwind Health,2026-06,364,NW-544208,Keith Lane,1955-12-25,P-02518,11576383,26.25,RENEWAL,2026-07-15
Northwind Health,2026-06,365,NW-225232,Charles Hernandez,1951-08-17,P-02521,33857966,19.00,RENEWAL,2026-07-15
Northwind Health,2026-06,366,NW-701636,Charles Hernandez,1951-08-17,P-02522,33857966,4.20,RENEWAL,2026-07-15
Northwind Health,2026-06,367,NW-433507,Benjamin Mejia,1953-01-13,P-02531,77125617,4.20,RENEWAL,2026-07-15
Northwind Health,2026-06,368,NW-579263,Charles Phillips,1940-10-14,P-02535,90949389,26.25,RENEWAL,2026-07-15
Northwind Health,2026-06,369,NW-172183,William Reynolds,1955-04-22,P-02542,54100814,19.00,RENEWAL,2026-07-15
Northwind Health,2026-06,370,NW-151691,William Reynolds,1955-04-22,P-02543,54100814,4.20,RENEWAL,2026-07-15
Northwind Health,2026-06,371,NW-968902,Thomas Jenkins,1941-10-31,P-02546,29898923,19.00,RENEWAL,2026-07-15
Northwind Health,2026-06,372,NW-255521,Thomas Jenkins,1941-10-31,P-02547,29898923,4.20,RENEWAL,2026-07-15
Northwind Health,2026-06,373,NW-955761,Maria Huff,1939-07-02,P-02550,1884412,19.00,RENEWAL,2026-07-15
Northwind Health,2026-06,374,NW-911832,Maria Huff,1939-07-02,P-02551,1884412,4.20,RENEWAL,2026-07-15
Northwind Health,2026-06,375,NW-891271,Angela Hood,1943-11-09,P-02555,6831819,52.50,NEW,2026-07-15
Northwind Health,2026-06,376,NW-390974,Susan White,1937-05-10,P-02558,99847493,26.25,RENEWAL,2026-07-15
Northwind Health,2026-06,377,NW-369789,Richard Perez,2000-08-21,P-02574,74197857,22.00,NEW,2026-07-15
Bluepeak,2026-06,1,BP-816116,Paul Becker,1950-11-05,P-00005,1884412,26.25,RENEWAL,2026-07-15
Bluepeak,2026-06,2,BP-228479,Timothy Russell,1936-06-10,P-00019,32244663,38.00,NEW,2026-07-15
Bluepeak,2026-06,3,BP-961599,Timothy Russell,1936-06-10,P-00020,32244663,8.40,NEW,2026-07-15
Bluepeak,2026-06,4,BP-411847,Ronald Arnold,1958-04-11,P-00032,74197857,26.25,RENEWAL,2026-07-15
Bluepeak,2026-06,5,BP-778827,Kevin Cortez,1953-03-25,P-00042,29898923,26.25,RENEWAL,2026-07-15
Bluepeak,2026-06,6,BP-804505,James Chambers,2002-12-07,P-00045,43339391,22.00,NEW,2026-07-15
Bluepeak,2026-06,7,BP-850432,Vanessa Contreras,1957-02-03,P-00047,94702683,26.25,RENEWAL,2026-07-15
Bluepeak,2026-06,8,BP-659106,Kevin Davis,1950-03-20,P-00072,97102525,26.25,RENEWAL,2026-07-15
Bluepeak,2026-06,9,BP-992744,Taylor Andrews,1943-08-19,P-00077,1884412,19.00,RENEWAL,2026-07-15
Bluepeak,2026-06,10,BP-404771,Taylor Andrews,1943-08-19,P-00078,1884412,4.20,RENEWAL,2026-07-15
Bluepeak,2026-06,11,BP-921945,Mallory Hancock,1972-10-16,P-00089,78490893,16.00,RENEWAL,2026-07-15
Bluepeak,2026-06,12,BP-477214,David Murray,1992-10-30,P-00096,99847493,22.00,NEW,2026-07-15
Bluepeak,2026-06,13,BP-892170,Maria Johnson,1943-04-26,P-00111,33857966,52.50,NEW,2026-07-15
Bluepeak,2026-06,14,BP-875959,Elijah Brooks,1966-07-18,P-00133,1884412,22.00,NEW,2026-07-15
Bluepeak,2026-06,15,BP-820767,Randall Williams,1997-06-29,P-00142,32244663,22.00,NEW,2026-07-15
Bluepeak,2026-06,16,BP-424553,Gary Cook,1949-08-19,P-00147,6831819,26.25,RENEWAL,2026-07-15
Bluepeak,2026-06,17,BP-674566,Kellie Martin,1948-11-26,P-00164,37231783,19.00,RENEWAL,2026-07-15
Bluepeak,2026-06,18,BP-318353,Kellie Martin,1948-11-26,P-00165,37231783,4.20,RENEWAL,2026-07-15
Bluepeak,2026-06,19,BP-148026,Christopher Adams,1940-11-06,P-00188,61291817,52.50,NEW,2026-07-15
Bluepeak,2026-06,20,BP-288128,Molly Bell,1957-05-14,P-00190,77125617,4.20,RENEWAL,2026-07-15
Bluepeak,2026-06,21,BP-883377,Raymond Berry,1954-02-21,P-00193,90949389,26.25,RENEWAL,2026-07-15
Bluepeak,2026-06,22,BP-133653,Derek Gonzalez,1948-06-11,P-00194,94702683,52.50,NEW,2026-07-15
Bluepeak,2026-06,23,BP-232617,Sandra Winters,1951-07-06,P-00204,54100814,26.25,RENEWAL,2026-07-15
Bluepeak,2026-06,24,BP-917241,April Thornton,1943-04-09,P-00224,32244663,19.00,RENEWAL,2026-07-15
Bluepeak,2026-06,25,BP-241021,April Thornton,1943-04-09,P-00225,32244663,4.20,RENEWAL,2026-07-15
Bluepeak,2026-06,26,BP-150046,William Brown,1945-10-20,P-00255,37231783,26.25,RENEWAL,2026-07-15
Bluepeak,2026-06,27,BP-859268,Keith Brown,1957-01-13,P-00256,37231783,52.50,NEW,2026-07-15
Bluepeak,2026-06,28,BP-235367,Kevin Meadows,1953-01-15,P-00264,32244663,52.50,NEW,2026-07-15
Bluepeak,2026-06,29,BP-419409,Brenda Bennett,2004-05-17,P-00281,99847493,16.00,RENEWAL,2026-07-15
Bluepeak,2026-06,30,BP-585168,Ryan Snyder,1971-09-16,P-00288,6831819,22.00,NEW,2026-07-15
Bluepeak,2026-06,32,BP-155846,Crystal Salinas,1956-07-27,P-00300,11576383,19.00,RENEWAL,2026-07-15
Bluepeak,2026-06,33,BP-992865,Crystal Salinas,1956-07-27,P-00301,11576383,4.20,RENEWAL,2026-07-15
Bluepeak,2026-06,34,BP-677295,Lindsey Harris,1980-06-12,P-00303,33857966,22.00,NEW,2026-07-15
Bluepeak,2026-06,35,BP-804005,Wyatt Farley,1939-02-06,P-00315,61291817,4.20,RENEWAL,2026-07-15
Bluepeak,2026-06,36,BP-116817,Douglas Long,2005-09-07,P-00317,44524491,16.00,RENEWAL,2026-07-15
Bluepeak,2026-06,37,BP-830100,Kathryn Kramer,1936-11-29,P-00321,97102525,26.25,RENEWAL,2026-07-15
Bluepeak,2026-06,38,BP-404154,Ashley Jones,1936-01-07,P-00353,43339391,38.00,NEW,2026-07-15
Bluepeak,2026-06,39,BP-873876,Ashley Jones,1936-01-07,P-00354,43339391,8.40,NEW,2026-07-15
Bluepeak,2026-06,40,BP-147828,Austin Lopez,1947-11-26,P-00368,61291817,26.25,RENEWAL,2026-07-15
Bluepeak,2026-06,41,BP-229054,Kylie Ferguson,1935-09-27,P-00373,1884412,26.25,RENEWAL,2026-07-15
Bluepeak,2026-06,42,BP-681074,Nathaniel Yu,1937-07-22,P-00381,74197857,26.25,RENEWAL,2026-07-15
Bluepeak,2026-06,43,BP-329540,Nicholas Olsen,2000-01-08,P-00382,33857966,22.00,NEW,2026-07-15
Bluepeak,2026-06,44,BP-168492,Toni Young,1940-03-08,P-00383,97102525,19.00,RENEWAL,2026-07-15
Bluepeak,2026-06,45,BP-769399,Toni Young,1940-03-08,P-00384,97102525,4.20,RENEWAL,2026-07-15
Bluepeak,2026-06,46,BP-704516,Andrew Lloyd,2000-01-20,P-00389,11576383,16.00,RENEWAL,2026-07-15
Bluepeak,2026-06,47,BP-599374,Julie Kelly,1996-02-08,P-00421,29898923,16.00,RENEWAL,2026-07-15
Bluepeak,2026-06,48,BP-137421,Brian Evans,1937-02-27,P-00423,99847493,19.00,RENEWAL,2026-07-15
Bluepeak,2026-06,49,BP-388840,Brian Evans,1937-02-27,P-00424,99847493,4.20,RENEWAL,2026-07-15
Bluepeak,2026-06,50,BP-753959,Marie Strickland,1944-09-04,P-00438,1884412,52.50,NEW,2026-07-15
Bluepeak,2026-06,51,BP-579285,Morgan Li,1980-03-18,P-00441,13981052,16.00,RENEWAL,2026-07-15
Bluepeak,2026-06,52,BP-740939,Elizabeth Olson,1958-07-28,P-00447,11576383,26.25,RENEWAL,2026-07-15
Bluepeak,2026-06,53,BP-873768,Malik Walton,1943-01-29,P-00449,37231783,26.25,RENEWAL,2026-07-15
Bluepeak,2026-06,54,BP-145843,David West,1944-10-07,P-00451,10583482,26.25,RENEWAL,2026-07-15
Bluepeak,2026-06,55,BP-959943,Paul House,1957-04-12,P-00466,11576383,38.00,NEW,2026-07-15
Bluepeak,2026-06,56,BP-722385,Paul House,1957-04-12,P-00467,11576383,8.40,NEW,2026-07-15
Bluepeak,2026-06,57,BP-308079,Kaylee Johnson,1999-10-07,P-00480,29898923,22.00,NEW,2026-07-15
Bluepeak,2026-06,58,BP-303721,Rhonda Underwood,1979-09-21,P-00482,1884412,22.00,NEW,2026-07-15
Bluepeak,2026-06,59,BP-170304,Shannon Stewart,1984-07-24,P-00489,90949389,22.00,NEW,2026-07-15
Bluepeak,2026-06,60,BP-818660,Jessica Sims,1943-03-14,P-00493,32244663,52.50,NEW,2026-07-15
Bluepeak,2026-06,61,BP-986747,Nicole Eaton,1958-04-26,P-00507,32244663,13.12,RENEWAL,2026-07-15
Bluepeak,2026-06,62,BP-808074,Martha Clark,1934-10-01,P-00509,4356886,4.20,RENEWAL,2026-07-15
Bluepeak,2026-06,63,BP-760891,Kim Lane,1934-09-20,P-00522,37231783,26.25,RENEWAL,2026-07-15
Bluepeak,2026-06,64,BP-581498,Abigail Mendez,1940-03-16,P-00526,43339391,19.00,RENEWAL,2026-07-15
Bluepeak,2026-06,65,BP-583819,Abigail Mendez,1940-03-16,P-00527,43339391,4.20,RENEWAL,2026-07-15
Bluepeak,2026-06,66,BP-127200,Daryl Morgan,1988-12-15,P-00530,29898923,16.00,RENEWAL,2026-07-15
Bluepeak,2026-06,67,BP-663015,Jermaine Baker,1953-06-07,P-00535,32244663,26.25,RENEWAL,2026-07-15
Bluepeak,2026-06,68,BP-287480,Travis Melton,1945-01-11,P-00537,4356886,52.50,NEW,2026-07-15
Bluepeak,2026-06,69,BP-205797,Debra Ray,1969-04-03,P-00548,29898923,16.00,RENEWAL,2026-07-15
Bluepeak,2026-06,70,BP-631316,Danielle Oneill,1948-06-06,P-00550,10583482,52.50,NEW,2026-07-15
Bluepeak,2026-06,71,BP-164153,Anthony Kelley,1990-07-03,P-00553,61855700,16.00,RENEWAL,2026-07-15
Bluepeak,2026-06,72,BP-722838,Keith White,1936-07-16,P-00562,97102525,26.25,RENEWAL,2026-07-15
Bluepeak,2026-06,73,BP-111292,Samuel Martinez,1953-03-15,P-00563,99847493,52.50,NEW,2026-07-15
Bluepeak,2026-06,74,BP-769054,Megan Rivera,1959-03-20,P-00565,32244663,26.25,RENEWAL,2026-07-15
Bluepeak,2026-06,75,BP-437287,Levi Rodriguez,1949-05-30,P-00573,43339391,52.50,NEW,2026-07-15
Bluepeak,2026-06,76,BP-364255,Alexandra Rodriguez,1934-07-01,P-00577,54100814,26.25,RENEWAL,2026-07-15
Bluepeak,2026-06,77,BP-732819,Julia Ward,1945-10-05,P-00580,10583482,52.50,NEW,2026-07-15
Bluepeak,2026-06,78,BP-297488,James Cruz,1997-10-24,P-00581,37231783,16.00,RENEWAL,2026-07-15
Bluepeak,2026-06,79,BP-316037,William Sparks,1947-01-14,P-00585,78490893,26.25,RENEWAL,2026-07-15
Bluepeak,2026-06,80,BP-645712,Jessica Moore,1958-07-03,P-00602,4356886,52.50,NEW,2026-07-15
Bluepeak,2026-06,81,BP-179074,Jason Rivera,1943-06-25,P-00605,61855700,26.25,RENEWAL,2026-07-15
Bluepeak,2026-06,82,BP-668326,Jenna Romero,1959-08-22,P-00607,97102525,52.50,NEW,2026-07-15
Bluepeak,2026-06,83,BP-749954,Andrew Garner,1947-11-11,P-00608,61291817,26.25,NEW,2026-07-15
Bluepeak,2026-06,84,BP-266006,Gabriella Carpenter,1960-07-22,P-00610,32244663,52.50,NEW,2026-07-15
Bluepeak,2026-06,85,BP-171192,Stephanie Schaefer,2002-11-06,P-00619,44524491,22.00,NEW,2026-07-15
Bluepeak,2026-06,86,BP-438637,Madison Franklin,1943-08-17,P-00621,61855700,26.25,RENEWAL,2026-07-15
Bluepeak,2026-06,87,BP-749358,Christopher Ford,1950-06-12,P-00626,29898923,52.50,NEW,2026-07-15
Bluepeak,2026-06,88,BP-416960,Matthew Gutierrez,1974-05-27,P-00640,6831819,22.00,NEW,2026-07-15
Bluepeak,2026-06,89,BP-316943,Timothy Rodriguez,1944-10-20,P-00663,97102525,26.25,RENEWAL,2026-07-15
Bluepeak,2026-06,90,BP-125312,Daniel Jones,1995-10-03,P-00667,6831819,22.00,NEW,2026-07-15
Bluepeak,2026-06,91,BP-722193,Cassandra Lopez,1972-10-19,P-00675,74197857,26.25,RENEWAL,2026-07-15
Bluepeak,2026-06,92,BP-654418,Taylor Harrison,1952-06-20,P-00680,54100814,26.25,RENEWAL,2026-07-15
Bluepeak,2026-06,93,BP-658352,Gregory Holland,1936-02-27,P-00700,7150444,26.25,RENEWAL,2026-07-15
Bluepeak,2026-06,94,BP-535214,Morgan Ellis,1948-11-14,P-00704,7150444,26.25,RENEWAL,2026-07-15
Bluepeak,2026-06,95,BP-633112,Alexis Sanchez,1946-08-16,P-00706,7150444,26.25,RENEWAL,2026-07-15
Bluepeak,2026-06,96,BP-144374,James Grant,1935-07-06,P-00716,43339391,26.25,RENEWAL,2026-07-15
Bluepeak,2026-06,97,BP-950067,Todd Thompson,1973-03-07,P-00722,74197857,16.00,RENEWAL,2026-07-15
Bluepeak,2026-06,98,BP-963565,Ann Bush,1960-07-09,P-00738,1884412,8.40,NEW,2026-07-15
Bluepeak,2026-06,99,BP-343388,Sierra Marsh,1971-10-22,P-00742,97102525,16.00,RENEWAL,2026-07-15
Bluepeak,2026-06,100,BP-440215,Gregory Fowler,1944-07-31,P-00759,13981052,26.25,RENEWAL,2026-07-15
Bluepeak,2026-06,101,BP-548903,Kylie Walker,1955-07-23,P-00760,90949389,26.25,RENEWAL,2026-07-15
Bluepeak,2026-06,102,BP-299673,Kevin Walker,1949-01-08,P-00764,90949389,52.50,NEW,2026-07-15
Bluepeak,2026-06,103,BP-264190,Richard Perez,1974-09-16,P-00788,10583482,16.00,RENEWAL,2026-07-15
Bluepeak,2026-06,104,BP-575067,Antonio Stevens,1948-04-03,P-00799,97102525,26.25,RENEWAL,2026-07-15
Bluepeak,2026-06,105,BP-892189,Ronnie James,1941-03-11,P-00802,10583482,52.50,NEW,2026-07-15
Bluepeak,2026-06,106,BP-937738,Ryan Brock,1985-06-10,P-00815,6831819,22.00,NEW,2026-07-15
Bluepeak,2026-06,107,BP-365518,Rebecca Henderson,1950-06-07,P-00821,97102525,26.25,RENEWAL,2026-07-15
Bluepeak,2026-06,108,BP-744640,James Henderson,1952-09-07,P-00822,97102525,26.25,RENEWAL,2026-07-15
Bluepeak,2026-06,109,BP-684104,Joel Nichols,1942-11-03,P-00829,54100814,52.50,NEW,2026-07-15
Bluepeak,2026-06,110,BP-497608,Jessica Fisher,1938-08-19,P-00832,13981052,26.25,RENEWAL,2026-07-15
Bluepeak,2026-06,111,BP-540071,Christopher Aguilar,1972-06-30,P-00843,1884412,16.00,RENEWAL,2026-07-15
Bluepeak,2026-06,112,BP-182774,Jessica Nguyen,1984-12-16,P-00852,43339391,16.00,RENEWAL,2026-07-15
Bluepeak,2026-06,113,BP-683021,Lisa Marshall,1968-04-24,P-00865,90949389,16.00,RENEWAL,2026-07-15
Bluepeak,2026-06,114,BP-280751,Jennifer Edwards,1967-06-13,P-00866,99847493,22.00,NEW,2026-07-15
Bluepeak,2026-06,115,BP-610497,Peter Gallegos,1988-08-28,P-00872,61291817,16.00,RENEWAL,2026-07-15
Bluepeak,2026-06,116,BP-415618,Jeremy Wilson,1949-02-15,P-00883,97102525,26.25,RENEWAL,2026-07-15
Bluepeak,2026-06,117,BP-705347,Katelyn Lloyd,1935-02-08,P-00885,13981052,52.50,NEW,2026-07-15
Bluepeak,2026-06,118,BP-643264,Scott Moore,1957-02-26,P-00887,78490893,26.25,RENEWAL,2026-07-15
Bluepeak,2026-06,119,BP-891026,Zachary Crane,1937-12-22,P-00891,5265799,52.50,NEW,2026-07-15
Bluepeak,2026-06,120,BP-473543,Todd Ritter,1942-12-06,P-00908,1884412,26.25,RENEWAL,2026-07-15
Bluepeak,2026-06,121,BP-419504,Lisa Lee,1947-10-23,P-00933,94702683,19.00,RENEWAL,2026-07-15
Bluepeak,2026-06,122,BP-299095,Lisa Lee,1947-10-23,P-00934,94702683,4.20,RENEWAL,2026-07-15
Bluepeak,2026-06,123,BP-584487,Michael Owens,1942-12-01,P-00940,13981052,4.20,RENEWAL,2026-07-15
Bluepeak,2026-06,124,BP-246319,Lindsey Beard,1935-01-01,P-00941,13981052,26.25,RENEWAL,2026-07-15
Bluepeak,2026-06,125,BP-384566,Kenneth Hansen,1951-02-22,P-00946,5265799,26.25,RENEWAL,2026-07-15
Bluepeak,2026-06,126,BP-108298,Patrick Hansen,1950-07-26,P-00948,5265799,26.25,RENEWAL,2026-07-15
Bluepeak,2026-06,127,BP-598302,James Davidson,1935-08-27,P-00955,94702683,19.00,RENEWAL,2026-07-15
Bluepeak,2026-06,128,BP-817510,James Davidson,1935-08-27,P-00956,94702683,4.20,RENEWAL,2026-07-15
Bluepeak,2026-06,129,BP-816133,Ronald Robinson,1934-01-14,P-00972,5265799,26.25,RENEWAL,2026-07-15
Bluepeak,2026-06,130,BP-108674,Matthew Hunt,1949-11-11,P-00973,74197857,19.00,RENEWAL,2026-07-15
Bluepeak,2026-06,131,BP-240845,Matthew Hunt,1949-11-11,P-00974,74197857,4.20,RENEWAL,2026-07-15
Bluepeak,2026-06,132,BP-702235,Taylor Matthews,1976-09-17,P-00982,37231783,16.00,RENEWAL,2026-07-15
Bluepeak,2026-06,133,BP-274587,Monica Allen,1934-06-20,P-00994,99847493,26.25,RENEWAL,2026-07-15
Bluepeak,2026-06,134,BP-267530,Sheila Weaver,1951-10-01,P-01002,74197857,26.25,RENEWAL,2026-07-15
Bluepeak,2026-06,135,BP-809724,James Turner,1969-10-13,P-01019,5265799,16.00,RENEWAL,2026-07-15
Bluepeak,2026-06,136,BP-509681,Sandra Blake,1952-01-27,P-01021,33857966,52.50,NEW,2026-07-15
Bluepeak,2026-06,137,BP-228453,Jose Terry,1976-07-21,P-01029,32244663,22.00,NEW,2026-07-15
Bluepeak,2026-06,138,BP-725141,Hunter Gonzalez,1944-01-08,P-01033,7150444,52.50,NEW,2026-07-15
Bluepeak,2026-06,139,BP-372285,Stacy Gonzalez,1960-04-24,P-01034,7150444,52.50,NEW,2026-07-15
Bluepeak,2026-06,140,BP-495035,Suzanne Bennett,1946-02-06,P-01038,10583482,26.25,RENEWAL,2026-07-15
Bluepeak,2026-06,141,BP-223598,Linda Marks,1944-02-23,P-01040,94702683,26.25,RENEWAL,2026-07-15
Bluepeak,2026-06,142,BP-723925,Danielle Smith,1945-05-19,P-01043,97102525,26.25,RENEWAL,2026-07-15
Bluepeak,2026-06,143,BP-219036,Molly Joseph,1942-12-12,P-01044,97102525,26.25,RENEWAL,2026-07-15
Bluepeak,2026-06,144,BP-207883,Sandra Wade,1942-07-26,P-01048,44524491,26.25,RENEWAL,2026-07-15
Bluepeak,2026-06,145,BP-100258,Katherine Mooney,1979-03-14,P-01055,33857966,16.00,RENEWAL,2026-07-15
Bluepeak,2026-06,147,BP-500893,Duane Carter,1945-05-09,P-01057,6831819,4.20,RENEWAL,2026-07-15
Bluepeak,2026-06,148,BP-861384,Mark Evans,1973-04-12,P-01066,7150444,16.00,RENEWAL,2026-07-15
Bluepeak,2026-06,149,BP-820333,Kristin Stewart,1950-06-19,P-01075,74197857,19.00,RENEWAL,2026-07-15
Bluepeak,2026-06,150,BP-807339,Kristin Stewart,1950-06-19,P-01076,74197857,4.20,RENEWAL,2026-07-15
Bluepeak,2026-06,151,BP-134701,Jennifer Green,1981-08-06,P-01081,97102525,16.00,RENEWAL,2026-07-15
Bluepeak,2026-06,152,BP-524745,Joshua Lindsey,1956-05-02,P-01083,1884412,4.20,RENEWAL,2026-07-15
Bluepeak,2026-06,153,BP-943340,Melissa Lopez,1940-01-24,P-01101,77125617,52.50,NEW,2026-07-15
Bluepeak,2026-06,154,BP-617287,Jennifer Mayo,1959-11-14,P-01113,11576383,26.25,RENEWAL,2026-07-15
Bluepeak,2026-06,155,BP-813041,Stephanie Mills,1968-06-06,P-01117,11576383,26.25,RENEWAL,2026-07-15
Bluepeak,2026-06,156,BP-916927,Dennis Baker,1959-02-17,P-01125,6831819,52.50,NEW,2026-07-15
Bluepeak,2026-06,157,BP-630935,Crystal Nguyen,1993-06-02,P-01127,1884412,52.50,NEW,2026-07-15
Bluepeak,2026-06,158,BP-574622,Carol Moreno,1952-04-30,P-01139,74197857,26.25,RENEWAL,2026-07-15
Bluepeak,2026-06,159,BP-610634,Peter Flores,1950-07-15,P-01141,94702683,52.50,NEW,2026-07-15
Bluepeak,2026-06,160,BP-762277,Anthony Bennett,1947-12-25,P-01153,33857966,26.25,RENEWAL,2026-07-15
Bluepeak,2026-06,161,BP-172322,Michael Smith,1939-02-19,P-01162,61855700,26.25,RENEWAL,2026-07-15
Bluepeak,2026-06,162,BP-874831,Jeffrey Nash,1935-05-16,P-01172,97102525,26.25,RENEWAL,2026-07-15
Bluepeak,2026-06,164,BP-417051,Brittney Fuller,1959-07-16,P-01193,33857966,26.25,RENEWAL,2026-07-15
Bluepeak,2026-06,165,BP-765864,David Fisher,1949-02-16,P-01206,6831819,19.00,RENEWAL,2026-07-15
Bluepeak,2026-06,166,BP-745886,David Fisher,1949-02-16,P-01207,6831819,4.20,RENEWAL,2026-07-15
Bluepeak,2026-06,167,BP-333036,Victoria Taylor,1942-09-17,P-01210,37231783,52.50,NEW,2026-07-15
Bluepeak,2026-06,168,BP-611549,Debbie Maldonado,1954-01-06,P-01221,43339391,4.20,RENEWAL,2026-07-15
Bluepeak,2026-06,169,BP-124055,Terri Smith,1956-07-16,P-01227,44524491,8.40,NEW,2026-07-15
Bluepeak,2026-06,170,BP-628434,Justin Williams,1937-09-27,P-01237,32244663,19.00,RENEWAL,2026-07-15
Bluepeak,2026-06,171,BP-109038,Justin Williams,1937-09-27,P-01238,32244663,4.20,RENEWAL,2026-07-15
Bluepeak,2026-06,172,BP-520589,Jesse Morris,1945-11-30,P-01265,10583482,26.25,RENEWAL,2026-07-15
Bluepeak,2026-06,173,BP-458845,Kelsey Morris,1952-07-17,P-01266,10583482,26.25,RENEWAL,2026-07-15
Bluepeak,2026-06,174,BP-205434,Kathy Cook,1952-05-15,P-01279,44524491,26.25,RENEWAL,2026-07-15
Bluepeak,2026-06,175,BP-823617,Julie Hall,1976-03-22,P-01287,97102525,4.20,RENEWAL,2026-07-15
Bluepeak,2026-06,176,BP-643785,David Bolton,1945-09-02,P-01288,11576383,26.25,RENEWAL,2026-07-15
Bluepeak,2026-06,177,BP-514360,Christy Swanson,1950-08-08,P-01294,54100814,52.50,NEW,2026-07-15
Bluepeak,2026-06,178,BP-870677,John Mcdonald,1963-06-08,P-01298,1884412,16.00,RENEWAL,2026-07-15
Bluepeak,2026-06,179,BP-387272,Lisa Hopkins,1977-03-05,P-01301,5265799,22.00,NEW,2026-07-15
Bluepeak,2026-06,180,BP-499768,Misty Hill,1956-05-04,P-01304,61291817,26.25,RENEWAL,2026-07-15
Bluepeak,2026-06,181,BP-488794,Lee Mitchell,1954-05-25,P-01318,78490893,38.00,NEW,2026-07-15
Bluepeak,2026-06,182,BP-848750,Lee Mitchell,1954-05-25,P-01319,78490893,8.40,NEW,2026-07-15
Bluepeak,2026-06,183,BP-763559,Angela Smith,1998-03-08,P-01339,94702683,22.00,NEW,2026-07-15
Bluepeak,2026-06,184,BP-311012,Stephanie Moreno,1956-09-16,P-01340,11576383,26.25,RENEWAL,2026-07-15
Bluepeak,2026-06,185,BP-329820,Tanya Garcia,1935-10-28,P-01353,1884412,26.25,RENEWAL,2026-07-15
Bluepeak,2026-06,186,BP-156380,Matthew King,1941-05-20,P-01359,5265799,26.25,RENEWAL,2026-07-15
Bluepeak,2026-06,187,BP-991080,Joshua Reilly,1936-08-30,P-01369,43339391,8.40,NEW,2026-07-15
Bluepeak,2026-06,188,BP-530760,Mary Wilson,1974-01-22,P-01384,78490893,16.00,RENEWAL,2026-07-15
Bluepeak,2026-06,189,BP-934269,George Gonzalez,1958-08-12,P-01402,29898923,52.50,NEW,2026-07-15
Bluepeak,2026-06,190,BP-390640,Mark Smith,1954-02-12,P-01414,7150444,52.50,NEW,2026-07-15
Bluepeak,2026-06,191,BP-864648,Christian Reyes,1958-08-22,P-01419,61855700,26.25,RENEWAL,2026-07-15
Bluepeak,2026-06,192,BP-442239,Anthony Lopez,1955-06-12,P-01435,7150444,38.00,NEW,2026-07-15
Bluepeak,2026-06,193,BP-417452,Anthony Lopez,1955-06-12,P-01436,7150444,8.40,NEW,2026-07-15
Bluepeak,2026-06,194,BP-562225,Jenna Ellis,1948-05-31,P-01445,11576383,26.25,RENEWAL,2026-07-15
Bluepeak,2026-06,195,BP-958305,Jonathan Villarreal,1951-08-18,P-01449,99847493,4.20,RENEWAL,2026-07-15
Bluepeak,2026-06,196,BP-539343,Debra Stevenson,1938-06-25,P-01457,6831819,26.25,RENEWAL,2026-07-15
Bluepeak,2026-06,197,BP-816126,Kevin Chase,1959-12-28,P-01468,97102525,52.50,NEW,2026-07-15
Bluepeak,2026-06,198,BP-302486,Nicole Ruiz,1959-11-02,P-01475,90949389,26.25,RENEWAL,2026-07-15
Bluepeak,2026-06,199,BP-644262,Morgan Forbes,1939-11-20,P-01483,74197857,52.50,NEW,2026-07-15
Bluepeak,2026-06,200,BP-651810,Richard Preston,1941-01-10,P-01487,4356886,26.25,NEW,2026-07-15
Bluepeak,2026-06,201,BP-266327,Kendra Hernandez,1954-06-22,P-01490,44524491,52.50,NEW,2026-07-15
Bluepeak,2026-06,202,BP-541857,Phyllis Blair,1959-04-23,P-01499,1884412,26.25,RENEWAL,2026-07-15
Bluepeak,2026-06,203,BP-273815,Jennifer Paul,1940-11-27,P-01509,99847493,26.25,RENEWAL,2026-07-15
Bluepeak,2026-06,204,BP-223505,Matthew Rios,1963-04-20,P-01513,32244663,16.00,RENEWAL,2026-07-15
Bluepeak,2026-06,205,BP-578746,Patricia Stanton,1953-10-07,P-01519,5265799,26.25,RENEWAL,2026-07-15
Bluepeak,2026-06,206,BP-499477,Melissa Reed,1943-08-24,P-01532,97102525,26.25,RENEWAL,2026-07-15
Bluepeak,2026-06,207,BP-575142,Jon Daniel,1940-03-17,P-01534,37231783,26.25,RENEWAL,2026-07-15
Bluepeak,2026-06,208,BP-749326,Regina Perkins,1945-08-27,P-01540,61291817,26.25,RENEWAL,2026-07-15
Bluepeak,2026-06,209,BP-660857,Cynthia Duke,1946-03-08,P-01559,32244663,52.50,NEW,2026-07-15
Bluepeak,2026-06,210,BP-913233,Cameron Barnett,1955-02-20,P-01569,4356886,26.25,RENEWAL,2026-07-15
Bluepeak,2026-06,211,BP-492304,Allison Townsend,1962-06-15,P-01576,94702683,16.00,RENEWAL,2026-07-15
Bluepeak,2026-06,212,BP-208174,Jennifer Stafford,1933-12-15,P-01578,78490893,26.25,RENEWAL,2026-07-15
Bluepeak,2026-06,213,BP-648068,Nicole Moore,1951-07-10,P-01607,44524491,19.00,RENEWAL,2026-07-15
Bluepeak,2026-06,214,BP-963989,Nicole Moore,1951-07-10,P-01608,44524491,4.20,RENEWAL,2026-07-15
Bluepeak,2026-06,215,BP-728889,Susan Rodriguez,2000-09-19,P-01614,4356886,16.00,RENEWAL,2026-07-15
Bluepeak,2026-06,216,BP-867385,Melissa Butler,1959-06-16,P-01617,61855700,38.00,NEW,2026-07-15
Bluepeak,2026-06,217,BP-682563,Melissa Butler,1959-06-16,P-01618,61855700,8.40,NEW,2026-07-15
Bluepeak,2026-06,218,BP-822833,Shannon Miller,1937-04-11,P-01623,78490893,19.00,RENEWAL,2026-07-15
Bluepeak,2026-06,219,BP-519167,Shannon Miller,1937-04-11,P-01624,78490893,2.10,RENEWAL,2026-07-15
Bluepeak,2026-06,220,BP-924833,Emily Miller,1945-03-28,P-01625,78490893,26.25,RENEWAL,2026-07-15
Bluepeak,2026-06,221,BP-263875,Jennifer Jones,1948-08-04,P-01626,1884412,26.25,RENEWAL,2026-07-15
Bluepeak,2026-06,222,BP-958437,Stephanie Myers,1940-08-06,P-01643,61291817,52.50,NEW,2026-07-15
Bluepeak,2026-06,223,BP-134112,Thomas Schultz,1941-04-02,P-01648,44524491,26.25,RENEWAL,2026-07-15
Bluepeak,2026-06,224,BP-956724,James Evans,1950-09-16,P-01655,43339391,19.00,RENEWAL,2026-07-15
Bluepeak,2026-06,225,BP-389726,James Evans,1950-09-16,P-01656,43339391,4.20,RENEWAL,2026-07-15
Bluepeak,2026-06,226,BP-932917,Kenneth Evans,1934-09-06,P-01657,43339391,52.50,NEW,2026-07-15
Bluepeak,2026-06,227,BP-183317,Sean Moore,1966-04-02,P-01659,77125617,22.00,NEW,2026-07-15
Bluepeak,2026-06,228,BP-703721,Lee Moore,1939-02-02,P-01660,77125617,52.50,NEW,2026-07-15
Bluepeak,2026-06,229,BP-473086,Laura Carlson,1934-07-14,P-01677,32244663,4.20,RENEWAL,2026-07-15
Bluepeak,2026-06,230,BP-897170,Micheal Ali,1950-02-07,P-01680,90949389,38.00,NEW,2026-07-15
Bluepeak,2026-06,231,BP-385887,Micheal Ali,1950-02-07,P-01681,90949389,8.40,NEW,2026-07-15
Bluepeak,2026-06,232,BP-605407,Lauren Conrad,1950-12-27,P-01684,13981052,19.00,RENEWAL,2026-07-15
Bluepeak,2026-06,233,BP-302907,Lauren Conrad,1950-12-27,P-01685,13981052,4.20,RENEWAL,2026-07-15
Bluepeak,2026-06,234,BP-966945,Michael Henderson,1948-01-22,P-01701,61291817,52.50,NEW,2026-07-15
Bluepeak,2026-06,235,BP-793229,Micheal Hurst,1950-03-13,P-01717,77125617,52.50,NEW,2026-07-15
Bluepeak,2026-06,236,BP-368239,Carl Reynolds,1939-12-25,P-01731,33857966,52.50,NEW,2026-07-15
Bluepeak,2026-06,237,BP-210782,David Taylor,1935-08-08,P-01741,10583482,38.00,NEW,2026-07-15
Bluepeak,2026-06,238,BP-663520,David Taylor,1935-08-08,P-01742,10583482,8.40,NEW,2026-07-15
Bluepeak,2026-06,239,BP-778144,Jesse Griffin,1956-12-02,P-01747,74197857,26.25,RENEWAL,2026-07-15
Bluepeak,2026-06,240,BP-596355,Richard Clark,1950-09-17,P-01751,10583482,19.00,RENEWAL,2026-07-15
Bluepeak,2026-06,241,BP-916426,Richard Clark,1950-09-17,P-01752,10583482,4.20,RENEWAL,2026-07-15
Bluepeak,2026-06,242,BP-468717,Lauren Chavez,1959-09-07,P-01753,33857966,52.50,NEW,2026-07-15
Bluepeak,2026-06,243,BP-879273,Wendy Richardson,1952-09-19,P-01754,44524491,19.00,RENEWAL,2026-07-15
Bluepeak,2026-06,244,BP-516430,Wendy Richardson,1952-09-19,P-01755,44524491,4.20,RENEWAL,2026-07-15
Bluepeak,2026-06,246,BP-695375,Tracy Rice,1938-01-07,P-01763,74197857,19.00,RENEWAL,2026-07-15
Bluepeak,2026-06,247,BP-332764,Tracy Rice,1938-01-07,P-01764,74197857,4.20,RENEWAL,2026-07-15
Bluepeak,2026-06,248,BP-679408,Ryan Richards,1984-01-21,P-01776,61291817,22.00,NEW,2026-07-15
Bluepeak,2026-06,249,BP-786016,Ashley Lee,1992-09-16,P-01778,6831819,16.00,RENEWAL,2026-07-15
Bluepeak,2026-06,250,BP-748785,David Graham,1935-12-11,P-01799,78490893,4.20,RENEWAL,2026-07-15
Bluepeak,2026-06,251,BP-987361,Richard Williams,1950-08-15,P-01808,90949389,26.25,RENEWAL,2026-07-15
Bluepeak,2026-06,252,BP-304312,Vincent Morgan,1957-10-22,P-01819,61855700,19.00,RENEWAL,2026-07-15
Bluepeak,2026-06,253,BP-405228,Vincent Morgan,1957-10-22,P-01820,61855700,4.20,RENEWAL,2026-07-15
Bluepeak,2026-06,254,BP-831794,Ryan Sparks,1962-09-25,P-01824,44524491,22.00,NEW,2026-07-15
Bluepeak,2026-06,255,BP-819081,Bobby Gonzalez,1945-12-31,P-01826,5265799,26.25,RENEWAL,2026-07-15
Bluepeak,2026-06,256,BP-629322,Amy Berg,1997-07-15,P-01835,13981052,16.00,RENEWAL,2026-07-15
Bluepeak,2026-06,257,BP-843112,Alexa Villa,1952-07-24,P-01848,74197857,26.25,RENEWAL,2026-07-15
Bluepeak,2026-06,258,BP-417885,Kathy Rodriguez,1941-04-01,P-01866,37231783,26.25,RENEWAL,2026-07-15
Bluepeak,2026-06,259,BP-878991,Brooke Poole,1935-08-27,P-01867,54100814,52.50,NEW,2026-07-15
Bluepeak,2026-06,260,BP-881981,Donna Poole,1958-10-13,P-01868,54100814,26.25,RENEWAL,2026-07-15
Bluepeak,2026-06,261,BP-525057,Catherine Odonnell,1949-07-11,P-01873,7150444,26.25,RENEWAL,2026-07-15
Bluepeak,2026-06,262,BP-419402,Jamie Patterson,1941-05-06,P-01875,77125617,26.25,RENEWAL,2026-07-15
Bluepeak,2026-06,263,BP-970808,Crystal Holland,1959-07-05,P-01878,77125617,26.25,RENEWAL,2026-07-15
Bluepeak,2026-06,264,BP-281004,Alex Snow,1960-04-27,P-01902,97102525,8.40,NEW,2026-07-15
Bluepeak,2026-06,265,BP-980580,Shelby Jones,1943-06-07,P-01914,7150444,26.25,RENEWAL,2026-07-15
Bluepeak,2026-06,266,BP-714077,Jonathan Chavez,1935-02-03,P-01919,94702683,19.00,RENEWAL,2026-07-15
Bluepeak,2026-06,267,BP-709080,Jonathan Chavez,1935-02-03,P-01920,94702683,4.20,RENEWAL,2026-07-15
Bluepeak,2026-06,268,BP-404380,Ashley Clay,1944-06-06,P-01922,94702683,26.25,RENEWAL,2026-07-15
Bluepeak,2026-06,269,BP-557008,Joshua Salazar,2002-05-10,P-01937,6831819,22.00,NEW,2026-07-15
Bluepeak,2026-06,271,BP-480480,Sharon Curtis,1938-04-08,P-01957,94702683,19.00,RENEWAL,2026-07-15
Bluepeak,2026-06,272,BP-792626,Sharon Curtis,1938-04-08,P-01958,94702683,4.20,RENEWAL,2026-07-15
Bluepeak,2026-06,273,BP-406246,Heather Wood,1948-11-09,P-01967,61291817,26.25,RENEWAL,2026-07-15
Bluepeak,2026-06,274,BP-428437,Megan Nelson,1948-05-30,P-01990,10583482,26.25,RENEWAL,2026-07-15
Bluepeak,2026-06,275,BP-100097,Sylvia Thomas,1937-02-03,P-01997,33857966,52.50,NEW,2026-07-15
Bluepeak,2026-06,276,BP-920351,James Kline,1973-08-13,P-02012,13981052,16.00,RENEWAL,2026-07-15
Bluepeak,2026-06,277,BP-964692,Renee Wolf,1977-09-05,P-02014,5265799,16.00,RENEWAL,2026-07-15
Bluepeak,2026-06,278,BP-293284,Catherine Brown,1950-09-28,P-02022,33857966,26.25,RENEWAL,2026-07-15
Bluepeak,2026-06,279,BP-209854,Anthony Lewis,1964-07-04,P-02029,99847493,22.00,NEW,2026-07-15
Bluepeak,2026-06,280,BP-732052,Carol Brown,1943-08-15,P-02032,97102525,4.20,RENEWAL,2026-07-15
Bluepeak,2026-06,281,BP-517970,Bradley Murray,1958-04-25,P-02039,44524491,52.50,NEW,2026-07-15
Bluepeak,2026-06,282,BP-893424,Eric Brown,1939-08-02,P-02061,4356886,26.25,RENEWAL,2026-07-15
Bluepeak,2026-06,283,BP-189199,Christopher James,1971-11-16,P-02066,61855700,16.00,RENEWAL,2026-07-15
Bluepeak,2026-06,284,BP-923501,Caitlin James,1954-10-29,P-02068,61855700,52.50,NEW,2026-07-15
Bluepeak,2026-06,285,BP-876396,Steven Castro,1940-11-30,P-02070,90949389,26.25,RENEWAL,2026-07-15
Bluepeak,2026-06,286,BP-202259,Amy Hill,1941-05-29,P-02075,77125617,52.50,NEW,2026-07-15
Bluepeak,2026-06,287,BP-520511,Lauren Richmond,1951-03-18,P-02102,54100814,52.50,NEW,2026-07-15
Bluepeak,2026-06,288,BP-649682,Danielle Sparks,1939-10-30,P-02109,4356886,26.25,RENEWAL,2026-07-15
Bluepeak,2026-06,289,BP-885089,Justin Rollins,1950-04-03,P-02113,78490893,52.50,NEW,2026-07-15
Bluepeak,2026-06,290,BP-697685,Adam Moon,1957-01-01,P-02133,33857966,26.25,RENEWAL,2026-07-15
Bluepeak,2026-06,291,BP-869331,Deborah Smith,1960-05-22,P-02134,4356886,52.50,NEW,2026-07-15
Bluepeak,2026-06,292,BP-544195,Allison Glover,1964-03-04,P-02136,1884412,22.00,NEW,2026-07-15
Bluepeak,2026-06,293,BP-671072,Richard Marquez,1966-11-27,P-02143,5265799,16.00,RENEWAL,2026-07-15
Bluepeak,2026-06,294,BP-123537,Ashley Brown,1942-08-08,P-02153,97102525,19.00,RENEWAL,2026-07-15
Bluepeak,2026-06,295,BP-540954,Ashley Brown,1942-08-08,P-02154,97102525,4.20,RENEWAL,2026-07-15
Bluepeak,2026-06,296,BP-461812,Larry Wiley,1988-05-04,P-02157,10583482,22.00,NEW,2026-07-15
Bluepeak,2026-06,297,BP-808337,Ian Orozco,1992-07-06,P-02169,32244663,22.00,NEW,2026-07-15
Bluepeak,2026-06,298,BP-313741,Brian Jones,2004-03-01,P-02176,13981052,16.00,RENEWAL,2026-07-15
Bluepeak,2026-06,299,BP-888439,Corey Bernard,1940-08-11,P-02192,97102525,26.25,RENEWAL,2026-07-15
Bluepeak,2026-06,300,BP-274939,Samuel Rodriguez,1949-08-10,P-02194,77125617,52.50,NEW,2026-07-15
Bluepeak,2026-06,302,BP-884076,Carl Adkins,1941-12-05,P-02199,78490893,26.25,RENEWAL,2026-07-15
Bluepeak,2026-06,303,BP-426878,Barry Turner,1945-11-27,P-02211,33857966,26.25,RENEWAL,2026-07-15
Bluepeak,2026-06,304,BP-472381,Joseph Baird,1939-04-11,P-02220,4356886,4.20,RENEWAL,2026-07-15
Bluepeak,2026-06,305,BP-184160,Vickie Kim,1957-05-19,P-02222,10583482,26.25,RENEWAL,2026-07-15
Bluepeak,2026-06,306,BP-225625,Mary Wolfe,1958-10-18,P-02226,29898923,19.00,RENEWAL,2026-07-15
Bluepeak,2026-06,307,BP-901856,Mary Wolfe,1958-10-18,P-02227,29898923,4.20,RENEWAL,2026-07-15
Bluepeak,2026-06,308,BP-997502,Christopher Frederick,1945-09-10,P-02231,94702683,52.50,NEW,2026-07-15
Bluepeak,2026-06,309,BP-918884,April Fletcher,1951-01-24,P-02239,54100814,38.00,NEW,2026-07-15
Bluepeak,2026-06,310,BP-317624,April Fletcher,1951-01-24,P-02240,54100814,8.40,NEW,2026-07-15
Bluepeak,2026-06,311,BP-661746,Jose Ramos,1944-05-15,P-02249,43339391,19.00,RENEWAL,2026-07-15
Bluepeak,2026-06,312,BP-427213,Jose Ramos,1944-05-15,P-02250,43339391,4.20,RENEWAL,2026-07-15
Bluepeak,2026-06,313,BP-603759,Charles Friedman,1958-01-09,P-02265,54100814,52.50,NEW,2026-07-15
Bluepeak,2026-06,314,BP-765360,Joseph Chapman,1954-12-11,P-02274,6831819,52.50,NEW,2026-07-15
Bluepeak,2026-06,315,BP-812662,Brittney Neal,1959-06-11,P-02275,11576383,52.50,NEW,2026-07-15
Bluepeak,2026-06,316,BP-643615,Catherine Murphy,1959-12-10,P-02282,97102525,8.40,NEW,2026-07-15
Bluepeak,2026-06,317,BP-519838,Bradley Wilson,1946-09-30,P-02285,4356886,52.50,NEW,2026-07-15
Bluepeak,2026-06,318,BP-373247,Michael Logan,1944-06-13,P-02305,43339391,26.25,RENEWAL,2026-07-15
Bluepeak,2026-06,319,BP-769403,Lisa Logan,1956-08-14,P-02306,43339391,26.25,RENEWAL,2026-07-15
Bluepeak,2026-06,320,BP-275630,Gregory Benson,1938-08-28,P-02317,78490893,26.25,RENEWAL,2026-07-15
Bluepeak,2026-06,321,BP-990430,Keith Ward,2001-11-23,P-02318,61291817,16.00,RENEWAL,2026-07-15
Bluepeak,2026-06,322,BP-887382,Ryan Morales,1950-11-14,P-02326,43339391,26.25,RENEWAL,2026-07-15
Bluepeak,2026-06,323,BP-659114,Kathryn Evans,1944-05-04,P-02332,33857966,26.25,RENEWAL,2026-07-15
Bluepeak,2026-06,324,BP-446841,Cheryl Mitchell,1952-06-17,P-02339,99847493,26.25,RENEWAL,2026-07-15
Bluepeak,2026-06,325,BP-767122,Edwin Love,1951-09-20,P-02350,1884412,26.25,RENEWAL,2026-07-15
Bluepeak,2026-06,326,BP-608921,Lynn Ewing,1954-12-01,P-02353,54100814,52.50,NEW,2026-07-15
Bluepeak,2026-06,327,BP-448264,Martha Wells,1979-09-24,P-02370,11576383,22.00,NEW,2026-07-15
Bluepeak,2026-06,328,BP-746276,Julia Wells,1979-07-26,P-02371,11576383,26.25,RENEWAL,2026-07-15
Bluepeak,2026-06,329,BP-672250,Brandon Smith,1959-11-13,P-02372,29898923,26.25,RENEWAL,2026-07-15
Bluepeak,2026-06,330,BP-960700,Elizabeth Petersen,1954-11-16,P-02375,94702683,26.25,RENEWAL,2026-07-15
Bluepeak,2026-06,331,BP-127021,Eric Schultz,1949-06-19,P-02385,77125617,26.25,RENEWAL,2026-07-15
Bluepeak,2026-06,332,BP-732184,Linda Webb,1965-06-08,P-02396,77125617,16.00,RENEWAL,2026-07-15
Bluepeak,2026-06,333,BP-478267,Kevin Suarez,1938-11-25,P-02414,74197857,26.25,RENEWAL,2026-07-15
Bluepeak,2026-06,334,BP-378988,Mary Austin,1947-01-08,P-02422,37231783,26.25,RENEWAL,2026-07-15
Bluepeak,2026-06,335,BP-489665,Jamie Walters,1933-10-28,P-02424,4356886,26.25,RENEWAL,2026-07-15
Bluepeak,2026-06,336,BP-954127,Cory Fox,1954-06-12,P-02443,13981052,26.25,RENEWAL,2026-07-15
Bluepeak,2026-06,337,BP-492674,Amber Wilcox,1995-08-02,P-02455,97102525,22.00,NEW,2026-07-15
Bluepeak,2026-06,340,BP-373150,Stuart Tyler,1940-02-13,P-02489,61855700,26.25,RENEWAL,2026-07-15
Bluepeak,2026-06,341,BP-213320,Ariel Drake,1954-01-14,P-02491,5265799,26.25,RENEWAL,2026-07-15
Bluepeak,2026-06,342,BP-534506,Linda Mason,1951-11-23,P-02500,33857966,52.50,NEW,2026-07-15
Bluepeak,2026-06,343,BP-798146,David Roy,1935-10-07,P-02502,13981052,26.25,RENEWAL,2026-07-15
Bluepeak,2026-06,344,BP-825880,Brittany Adkins,1947-11-21,P-02505,44524491,26.25,RENEWAL,2026-07-15
Bluepeak,2026-06,345,BP-547058,Garrett Kennedy,1940-01-26,P-02509,4356886,26.25,RENEWAL,2026-07-15
Bluepeak,2026-06,346,BP-343943,Wanda Fischer,1953-07-25,P-02534,37231783,26.25,RENEWAL,2026-07-15
Bluepeak,2026-06,347,BP-660087,Kevin Lopez,1974-04-26,P-02540,74197857,22.00,NEW,2026-07-15
Bluepeak,2026-06,348,BP-731148,Robert White,1994-03-19,P-02556,99847493,19.00,RENEWAL,2026-07-15
Bluepeak,2026-06,349,BP-316323,Robert White,1994-03-19,P-02557,99847493,4.20,RENEWAL,2026-07-15
Bluepeak,2026-06,350,BP-197924,Isaiah Conley,1989-12-16,P-02561,7150444,22.00,NEW,2026-07-15
Bluepeak,2026-06,351,BP-332007,Debbie Higgins,1960-07-18,P-02566,90949389,52.50,NEW,2026-07-15
Bluepeak,2026-06,352,BP-739230,Kevin Wagner,1959-05-27,P-02568,74197857,52.50,NEW,2026-07-15
Bluepeak,2026-06,353,BP-894446,Caitlin Cruz,1951-08-08,P-02578,78490893,52.50,NEW,2026-07-15
Bluepeak,2026-06,354,BP-858376,Jerry Gomez,1937-09-16,P-02581,13981052,26.25,RENEWAL,2026-07-15
Bluepeak,2026-06,355,BP-493289,Isabella Fuller,1939-11-27,P-02588,11576383,19.00,RENEWAL,2026-07-15
Bluepeak,2026-06,356,BP-774488,Isabella Fuller,1939-11-27,P-02589,11576383,4.20,RENEWAL,2026-07-15
Bluepeak,2026-06,357,BP-228988,Debbie Gilmore,1987-11-01,P-02597,94702683,26.25,RENEWAL,2026-07-15
Bluepeak,2026-06,358,BP-171763,Marie Foster,1948-12-20,P-02598,5265799,26.25,RENEWAL,2026-07-15
Bluepeak,2026-06,359,BP-137884,Justin Woods,1943-02-28,P-02600,5265799,8.40,NEW,2026-07-15
Harborline,2026-06,1,HL-908903,Jose Mckay,1945-11-22,P-00008,61855700,26.25,RENEWAL,2026-07-15
Harborline,2026-06,2,HL-376195,Jason Nolan,1947-09-30,P-00034,5265799,52.50,NEW,2026-07-15
Harborline,2026-06,3,HL-838862,Jeanne Scott,1938-08-17,P-00041,54100814,52.50,NEW,2026-07-15
Harborline,2026-06,4,HL-538897,Jeffrey Chambers,1945-08-30,P-00044,43339391,52.50,NEW,2026-07-15
Harborline,2026-06,5,HL-520245,Matthew Graham,1955-09-11,P-00057,43339391,26.25,RENEWAL,2026-07-15
Harborline,2026-06,6,HL-148759,Ross Reed,1980-06-13,P-00064,77125617,22.00,NEW,2026-07-15
Harborline,2026-06,7,HL-702891,Stephanie Newton,1939-02-26,P-00073,44524491,19.00,RENEWAL,2026-07-15
Harborline,2026-06,8,HL-573039,Stephanie Newton,1939-02-26,P-00074,44524491,4.20,RENEWAL,2026-07-15
Harborline,2026-06,9,HL-358133,Christopher Avery,1938-10-31,P-00079,29898923,26.25,RENEWAL,2026-07-15
Harborline,2026-06,10,HL-561267,Troy Mason,1951-12-10,P-00083,99847493,52.50,NEW,2026-07-15
Harborline,2026-06,11,HL-340977,Daniel Morris,1968-06-30,P-00088,61855700,22.00,NEW,2026-07-15
Harborline,2026-06,12,HL-139589,Chelsea Wolfe,1934-12-24,P-00093,94702683,19.00,RENEWAL,2026-07-15
Harborline,2026-06,13,HL-846172,Chelsea Wolfe,1934-12-24,P-00094,94702683,4.20,RENEWAL,2026-07-15
Harborline,2026-06,14,HL-901387,Benjamin Simpson,1936-08-08,P-00102,29898923,19.00,RENEWAL,2026-07-15
Harborline,2026-06,15,HL-886609,Benjamin Simpson,1936-08-08,P-00103,29898923,4.20,RENEWAL,2026-07-15
Harborline,2026-06,16,HL-622998,Melissa Santos,1985-02-09,P-00104,1884412,26.25,RENEWAL,2026-07-15
Harborline,2026-06,17,HL-432270,Scott Moore,1947-11-22,P-00107,43339391,19.00,RENEWAL,2026-07-15
Harborline,2026-06,18,HL-384424,Scott Moore,1947-11-22,P-00108,43339391,4.20,RENEWAL,2026-07-15
Harborline,2026-06,19,HL-799080,Kaitlyn Richardson,1959-06-22,P-00115,4356886,26.25,RENEWAL,2026-07-15
Harborline,2026-06,20,HL-613898,Brandon Banks,1953-04-22,P-00117,5265799,19.00,RENEWAL,2026-07-15
Harborline,2026-06,21,HL-388698,Brandon Banks,1953-04-22,P-00118,5265799,4.20,RENEWAL,2026-07-15
Harborline,2026-06,22,HL-226395,Joseph Chapman,1969-03-20,P-00128,94702683,16.00,RENEWAL,2026-07-15
Harborline,2026-06,24,HL-668573,Molly Smith,1965-11-15,P-00138,43339391,16.00,RENEWAL,2026-07-15
Harborline,2026-06,25,HL-604884,Joanne Best,1951-05-01,P-00156,10583482,26.25,RENEWAL,2026-07-15
Harborline,2026-06,26,HL-508489,Christopher Haas,1937-09-03,P-00157,44524491,26.25,RENEWAL,2026-07-15
Harborline,2026-06,27,HL-326639,Brian Shelton,2003-05-15,P-00158,37231783,16.00,RENEWAL,2026-07-15
Harborline,2026-06,29,HL-610343,Renee Guerra,1949-10-02,P-00169,74197857,26.25,RENEWAL,2026-07-15
Harborline,2026-06,30,HL-733152,David Young,1945-04-04,P-00174,4356886,26.25,RENEWAL,2026-07-15
Harborline,2026-06,31,HL-367747,Theresa Beck,1947-09-25,P-00179,37231783,19.00,RENEWAL,2026-07-15
Harborline,2026-06,32,HL-869983,Theresa Beck,1947-09-25,P-00180,37231783,4.20,RENEWAL,2026-07-15
Harborline,2026-06,33,HL-191853,Michelle Gross,1944-03-14,P-00207,61291817,26.25,RENEWAL,2026-07-15
Harborline,2026-06,34,HL-419484,Brandon Bryant,1944-01-03,P-00215,61855700,52.50,NEW,2026-07-15
Harborline,2026-06,35,HL-215674,Benjamin Morrison,1981-02-26,P-00219,5265799,16.00,RENEWAL,2026-07-15
Harborline,2026-06,36,HL-904857,Jennifer Castillo,1952-01-25,P-00223,5265799,26.25,RENEWAL,2026-07-15
Harborline,2026-06,37,HL-687019,Erin Garcia,1957-11-11,P-00234,13981052,19.00,RENEWAL,2026-07-15
Harborline,2026-06,38,HL-311802,Erin Garcia,1957-11-11,P-00235,13981052,4.20,RENEWAL,2026-07-15
Harborline,2026-06,39,HL-962671,Deborah Rivera,1990-02-17,P-00240,77125617,16.00,RENEWAL,2026-07-15
Harborline,2026-06,40,HL-289131,Amanda Harris,1963-02-21,P-00245,1884412,19.00,RENEWAL,2026-07-15
Harborline,2026-06,41,HL-374516,Amanda Harris,1963-02-21,P-00246,1884412,4.20,RENEWAL,2026-07-15
Harborline,2026-06,42,HL-683879,Regina Meadows,1967-01-23,P-00265,32244663,16.00,RENEWAL,2026-07-15
Harborline,2026-06,43,HL-512369,Jessica Murray,1944-02-29,P-00269,29898923,26.25,RENEWAL,2026-07-15
Harborline,2026-06,44,HL-487538,Veronica Cunningham,1956-01-17,P-00274,44524491,26.25,RENEWAL,2026-07-15
Harborline,2026-06,45,HL-811572,Vincent Ramsey,1959-01-23,P-00279,61291817,26.25,RENEWAL,2026-07-15
Harborline,2026-06,46,HL-130310,Jacob Bennett,1956-03-04,P-00280,99847493,26.25,RENEWAL,2026-07-15
Harborline,2026-06,47,HL-323088,Kathleen Wallace,1943-07-07,P-00282,7150444,26.25,RENEWAL,2026-07-15
Harborline,2026-06,49,HL-637549,Candice Rose,1950-06-07,P-00306,1884412,52.50,NEW,2026-07-15
Harborline,2026-06,50,HL-624078,Isaac Torres,1934-12-23,P-00307,78490893,26.25,RENEWAL,2026-07-15
Harborline,2026-06,51,HL-243294,Nancy Khan,1941-02-22,P-00324,37231783,26.25,RENEWAL,2026-07-15
Harborline,2026-06,52,HL-374025,Sean Wheeler,1964-03-18,P-00326,61291817,16.00,RENEWAL,2026-07-15
Harborline,2026-06,53,HL-805486,Donald Mosley,1954-09-01,P-00329,61291817,26.25,RENEWAL,2026-07-15
Harborline,2026-06,54,HL-496818,Carol Tran,1957-06-15,P-00330,4356886,52.50,NEW,2026-07-15
Harborline,2026-06,55,HL-423896,Judith Parker,1938-11-27,P-00336,61291817,4.20,RENEWAL,2026-07-15
Harborline,2026-06,56,HL-198181,Joshua Kaufman,1946-06-30,P-00351,10583482,52.50,NEW,2026-07-15
Harborline,2026-06,57,HL-329931,Laura Day,1935-09-05,P-00369,94702683,26.25,RENEWAL,2026-07-15
Harborline,2026-06,58,HL-255863,Michael Warner,1958-09-09,P-00375,5265799,8.40,NEW,2026-07-15
Harborline,2026-06,59,HL-202110,Gary Young,1941-12-16,P-00385,97102525,26.25,RENEWAL,2026-07-15
Harborline,2026-06,60,HL-144748,Ryan Lawson,1952-02-18,P-00390,11576383,26.25,RENEWAL,2026-07-15
Harborline,2026-06,61,HL-945089,Jessica Flores,1993-12-22,P-00398,6831819,22.00,NEW,2026-07-15
Harborline,2026-06,62,HL-981282,Margaret Ramos,1964-11-12,P-00403,74197857,16.00,RENEWAL,2026-07-15
Harborline,2026-06,63,HL-825196,Janet Hull,1953-05-02,P-00406,61291817,26.25,RENEWAL,2026-07-15
Harborline,2026-06,64,HL-334896,Zachary Lopez,1966-09-07,P-00414,11576383,22.00,NEW,2026-07-15
Harborline,2026-06,65,HL-100417,Diane Cruz,1944-10-29,P-00417,1884412,52.50,NEW,2026-07-15
Harborline,2026-06,66,HL-297083,Kristen Walker,1957-10-23,P-00420,29898923,52.50,NEW,2026-07-15
Harborline,2026-06,67,HL-156136,Albert Harris,1938-10-02,P-00436,29898923,4.20,RENEWAL,2026-07-15
Harborline,2026-06,68,HL-696053,Michael Smith,1948-02-05,P-00456,32244663,26.25,RENEWAL,2026-07-15
Harborline,2026-06,69,HL-479459,Olivia Taylor,1958-11-25,P-00462,99847493,26.25,RENEWAL,2026-07-15
Harborline,2026-06,70,HL-981529,Susan Fox,1937-06-14,P-00475,54100814,4.20,RENEWAL,2026-07-15
Harborline,2026-06,71,HL-409767,Abigail Fox,1963-01-26,P-00476,54100814,22.00,NEW,2026-07-15
Harborline,2026-06,72,HL-909289,Karen Robinson,1939-02-26,P-00477,94702683,26.25,RENEWAL,2026-07-15
Harborline,2026-06,73,HL-941390,Zachary Johnson,1959-05-17,P-00478,29898923,52.50,NEW,2026-07-15
Harborline,2026-06,74,HL-420602,Christina Stewart,1938-08-14,P-00490,90949389,26.25,RENEWAL,2026-07-15
Harborline,2026-06,75,HL-243628,Dennis Graham,1999-11-22,P-00492,37231783,16.00,RENEWAL,2026-07-15
Harborline,2026-06,76,HL-736249,Patricia Sims,1944-11-02,P-00495,32244663,52.50,NEW,2026-07-15
Harborline,2026-06,77,HL-883714,Erik Todd,1967-11-16,P-00500,1884412,22.00,NEW,2026-07-15
Harborline,2026-06,78,HL-421153,Denise Diaz,1945-07-22,P-00504,29898923,26.25,RENEWAL,2026-07-15
Harborline,2026-06,79,HL-625927,Timothy Mays,1981-12-12,P-00517,13981052,16.00,RENEWAL,2026-07-15
Harborline,2026-06,80,HL-594908,Steve Wolfe,1963-07-13,P-00540,97102525,22.00,NEW,2026-07-15
Harborline,2026-06,81,HL-957011,Christie Young,1937-08-25,P-00543,7150444,26.25,RENEWAL,2026-07-15
Harborline,2026-06,82,HL-968454,Lisa Brown,1939-02-23,P-00546,33857966,19.00,RENEWAL,2026-07-15
Harborline,2026-06,83,HL-547898,Lisa Brown,1939-02-23,P-00547,33857966,4.20,RENEWAL,2026-07-15
Harborline,2026-06,84,HL-579653,Debbie Espinoza,1944-04-12,P-00559,61291817,52.50,NEW,2026-07-15
Harborline,2026-06,85,HL-878999,Alan Martinez,1972-08-10,P-00564,99847493,16.00,RENEWAL,2026-07-15
Harborline,2026-06,86,HL-561746,Tony Rodriguez,1956-03-18,P-00571,43339391,52.50,NEW,2026-07-15
Harborline,2026-06,87,HL-523874,Diane Cruz,1944-10-29,P-00582,37231783,4.20,RENEWAL,2026-07-15
Harborline,2026-06,88,HL-129321,Andrea Sparks,1944-11-23,P-00583,78490893,19.00,RENEWAL,2026-07-15
Harborline,2026-06,89,HL-663886,Andrea Sparks,1944-11-23,P-00584,78490893,4.20,RENEWAL,2026-07-15
Harborline,2026-06,90,HL-856213,Ashley Ellison,1944-06-27,P-00589,13981052,26.25,RENEWAL,2026-07-15
Harborline,2026-06,91,HL-458747,Jody Rivera,1950-02-14,P-00604,61855700,52.50,NEW,2026-07-15
Harborline,2026-06,92,HL-689171,Nicole Acosta,1937-05-18,P-00614,44524491,19.00,RENEWAL,2026-07-15
Harborline,2026-06,93,HL-734148,Nicole Acosta,1937-05-18,P-00615,44524491,4.20,RENEWAL,2026-07-15
Harborline,2026-06,94,HL-759439,Hailey Mcdaniel,1952-02-11,P-00617,61291817,26.25,RENEWAL,2026-07-15
Harborline,2026-06,95,HL-460262,Jeffrey Schaefer,1972-07-10,P-00620,44524491,16.00,RENEWAL,2026-07-15
Harborline,2026-06,96,HL-599651,Christopher Khan,1957-09-04,P-00627,4356886,4.20,RENEWAL,2026-07-15
Harborline,2026-06,97,HL-385173,Matthew Williams,1947-10-20,P-00629,4356886,19.00,RENEWAL,2026-07-15
Harborline,2026-06,98,HL-949717,Matthew Williams,1947-10-20,P-00630,4356886,4.20,RENEWAL,2026-07-15
Harborline,2026-06,99,HL-404387,David Carney,1997-10-09,P-00639,32244663,16.00,RENEWAL,2026-07-15
Harborline,2026-06,100,HL-631747,Ashley Foster,1938-01-06,P-00642,54100814,38.00,NEW,2026-07-15
Harborline,2026-06,101,HL-269864,Ashley Foster,1938-01-06,P-00643,54100814,8.40,NEW,2026-07-15
Harborline,2026-06,102,HL-144993,Lisa Huang,1943-08-26,P-00646,33857966,26.25,RENEWAL,2026-07-15
Harborline,2026-06,103,HL-746307,Mary Jones,1950-04-29,P-00649,78490893,26.25,RENEWAL,2026-07-15
Harborline,2026-06,104,HL-171046,Matthew Bradley,1946-07-27,P-00666,32244663,26.25,RENEWAL,2026-07-15
Harborline,2026-06,105,HL-596159,Elaine Gardner,1937-12-28,P-00673,5265799,52.50,NEW,2026-07-15
Harborline,2026-06,106,HL-932839,Suzanne Carpenter,1952-07-13,P-00676,37231783,4.20,RENEWAL,2026-07-15
Harborline,2026-06,107,HL-157580,John Murray,2002-11-09,P-00688,10583482,16.00,RENEWAL,2026-07-15
Harborline,2026-06,108,HL-243541,Danielle Sampson,1942-12-28,P-00690,61291817,38.00,NEW,2026-07-15
Harborline,2026-06,109,HL-144590,Danielle Sampson,1942-12-28,P-00691,61291817,8.40,NEW,2026-07-15
Harborline,2026-06,110,HL-791557,Sarah Vasquez,1937-05-27,P-00696,77125617,52.50,NEW,2026-07-15
Harborline,2026-06,111,HL-392896,Andrew Waters,1953-10-26,P-00697,43339391,26.25,RENEWAL,2026-07-15
Harborline,2026-06,112,HL-524865,Heather Thomas,1951-01-18,P-00712,78490893,26.25,RENEWAL,2026-07-15
Harborline,2026-06,113,HL-843312,Megan Rodriguez,1933-10-10,P-00719,78490893,19.00,RENEWAL,2026-07-15
Harborline,2026-06,114,HL-945097,Megan Rodriguez,1933-10-10,P-00720,78490893,4.20,RENEWAL,2026-07-15
Harborline,2026-06,115,HL-518036,Gail Johnston,1984-12-13,P-00737,7150444,16.00,RENEWAL,2026-07-15
Harborline,2026-06,116,HL-815179,Jesse Wiggins,1943-05-03,P-00744,33857966,26.25,RENEWAL,2026-07-15
Harborline,2026-06,117,HL-992204,Logan Johnson,1942-07-22,P-00750,78490893,26.25,RENEWAL,2026-07-15
Harborline,2026-06,118,HL-401260,Robert Chandler,1934-10-15,P-00756,33857966,26.25,RENEWAL,2026-07-15
Harborline,2026-06,119,HL-320395,Mary Chandler,1939-11-17,P-00757,33857966,52.50,NEW,2026-07-15
Harborline,2026-06,120,HL-136901,Joshua Fowler,1957-06-13,P-00758,13981052,52.50,NEW,2026-07-15
Harborline,2026-06,121,HL-135430,Eric Walker,1996-09-11,P-00761,90949389,19.00,RENEWAL,2026-07-15
Harborline,2026-06,122,HL-815123,Eric Walker,1996-09-11,P-00762,90949389,4.20,RENEWAL,2026-07-15
Harborline,2026-06,123,HL-674598,Laura Decker,1945-08-05,P-00772,6831819,38.00,NEW,2026-07-15
Harborline,2026-06,124,HL-736045,Laura Decker,1945-08-05,P-00773,6831819,8.40,NEW,2026-07-15
Harborline,2026-06,125,HL-283480,Derek Martinez,1944-09-10,P-00786,90949389,19.00,RENEWAL,2026-07-15
Harborline,2026-06,126,HL-290553,Derek Martinez,1944-09-10,P-00787,90949389,4.20,RENEWAL,2026-07-15
Harborline,2026-06,127,HL-993163,Lisa Adams,1955-02-12,P-00818,78490893,4.20,RENEWAL,2026-07-15
Harborline,2026-06,128,HL-669273,Emily Mosley,1948-06-18,P-00823,43339391,19.00,RENEWAL,2026-07-15
Harborline,2026-06,129,HL-367313,Emily Mosley,1948-06-18,P-00824,43339391,4.20,RENEWAL,2026-07-15
Harborline,2026-06,130,HL-138198,Andrew Underwood,1975-08-09,P-00828,77125617,16.00,RENEWAL,2026-07-15
Harborline,2026-06,131,HL-649907,Kevin Joyce,1954-02-09,P-00862,94702683,26.25,RENEWAL,2026-07-15
Harborline,2026-06,132,HL-710313,Gabriel Johnson,1946-04-02,P-00871,4356886,26.25,RENEWAL,2026-07-15
Harborline,2026-06,133,HL-786341,Bruce Hall,1952-12-15,P-00875,32244663,26.25,RENEWAL,2026-07-15
Harborline,2026-06,134,HL-863503,Lauren Flynn,1941-10-21,P-00879,54100814,19.00,RENEWAL,2026-07-15
Harborline,2026-06,135,HL-551839,Lauren Flynn,1941-10-21,P-00880,54100814,4.20,RENEWAL,2026-07-15
Harborline,2026-06,136,HL-954344,Sherry Leon,1970-10-09,P-00881,29898923,22.00,NEW,2026-07-15
Harborline,2026-06,137,HL-276923,Amber Johnson,1976-12-25,P-00897,78490893,22.00,NEW,2026-07-15
Harborline,2026-06,138,HL-316394,Rodney Porter,1958-08-06,P-00903,54100814,52.50,NEW,2026-07-15
Harborline,2026-06,139,HL-514734,Eric Johnson,1942-12-14,P-00904,13981052,52.50,NEW,2026-07-15
Harborline,2026-06,140,HL-760914,Kevin Ritter,1943-12-08,P-00906,1884412,26.25,RENEWAL,2026-07-15
Harborline,2026-06,141,HL-298340,Kylie Ritter,1948-06-26,P-00909,1884412,38.00,NEW,2026-07-15
Harborline,2026-06,142,HL-188753,Kylie Ritter,1948-06-26,P-00910,1884412,8.40,NEW,2026-07-15
Harborline,2026-06,143,HL-317935,Robert Bailey,1939-03-13,P-00912,94702683,26.25,RENEWAL,2026-07-15
Harborline,2026-06,144,HL-310807,Mark Cline,1969-11-23,P-00913,99847493,16.00,RENEWAL,2026-07-15
Harborline,2026-06,145,HL-772928,Christopher Schneider,1936-10-12,P-00915,4356886,26.25,RENEWAL,2026-07-15
Harborline,2026-06,146,HL-751343,Donna Snyder,1995-09-28,P-00936,43339391,22.00,NEW,2026-07-15
Harborline,2026-06,147,HL-702665,Heather Braun,1942-03-01,P-00937,32244663,26.25,RENEWAL,2026-07-15
Harborline,2026-06,148,HL-729965,Sharon Morgan,1977-09-16,P-00950,94702683,22.00,NEW,2026-07-15
Harborline,2026-06,149,HL-728397,Christine Kelly,1939-04-07,P-00953,61291817,26.25,RENEWAL,2026-07-15
Harborline,2026-06,150,HL-660270,Dylan Rowe,1954-04-02,P-00954,29898923,26.25,RENEWAL,2026-07-15
Harborline,2026-06,151,HL-951619,Casey Davidson,1998-02-16,P-00957,94702683,16.00,RENEWAL,2026-07-15
Harborline,2026-06,152,HL-583433,Norma Schmitt,1940-04-23,P-00968,74197857,26.25,RENEWAL,2026-07-15
Harborline,2026-06,153,HL-695958,Jennifer White,1974-06-18,P-00970,78490893,22.00,NEW,2026-07-15
Harborline,2026-06,154,HL-315531,Christian Payne,1946-07-24,P-00977,6831819,26.25,RENEWAL,2026-07-15
Harborline,2026-06,155,HL-343944,Melissa Taylor,1946-05-09,P-00979,61855700,52.50,NEW,2026-07-15
Harborline,2026-06,156,HL-943332,Jesse Campbell,1980-12-16,P-00987,97102525,22.00,NEW,2026-07-15
Harborline,2026-06,157,HL-779420,Robert Anderson,1954-12-25,P-00988,6831819,19.00,RENEWAL,2026-07-15
Harborline,2026-06,158,HL-325101,Robert Anderson,1954-12-25,P-00989,6831819,4.20,RENEWAL,2026-07-15
Harborline,2026-06,159,HL-130791,Miguel Santos,1959-08-19,P-01005,37231783,9.50,RENEWAL,2026-07-15
Harborline,2026-06,160,HL-112088,Miguel Santos,1959-08-19,P-01006,37231783,4.20,RENEWAL,2026-07-15
Harborline,2026-06,161,HL-860643,Carlos Santos,1978-04-18,P-01007,37231783,11.00,NEW,2026-07-15
Harborline,2026-06,162,HL-529740,Teresa Gregory,1951-03-19,P-01008,13981052,4.20,RENEWAL,2026-07-15
Harborline,2026-06,163,HL-422541,Edward Phillips,1958-11-08,P-01010,37231783,19.00,RENEWAL,2026-07-15
Harborline,2026-06,164,HL-674288,Edward Phillips,1958-11-08,P-01011,37231783,4.20,RENEWAL,2026-07-15
Harborline,2026-06,165,HL-118027,James Phillips,1998-07-16,P-01013,37231783,22.00,NEW,2026-07-15
Harborline,2026-06,166,HL-412676,Brooke Blake,1971-12-24,P-01022,33857966,26.25,RENEWAL,2026-07-15
Harborline,2026-06,167,HL-874467,Derrick Jones,1933-11-03,P-01023,78490893,26.25,RENEWAL,2026-07-15
Harborline,2026-06,168,HL-543391,Deanna Terry,1945-01-15,P-01027,32244663,26.25,RENEWAL,2026-07-15
Harborline,2026-06,169,HL-909388,Christopher Miller,1959-12-14,P-01049,77125617,52.50,NEW,2026-07-15
Harborline,2026-06,170,HL-700249,Jeffery Carter,1960-01-05,P-01058,6831819,52.50,NEW,2026-07-15
Harborline,2026-06,171,HL-887931,Wendy Bartlett,1955-02-28,P-01072,4356886,26.25,RENEWAL,2026-07-15
Harborline,2026-06,172,HL-951153,Jeremiah Melton,1970-02-13,P-01077,6831819,26.25,RENEWAL,2026-07-15
Harborline,2026-06,173,HL-854169,Gloria Green,1940-05-03,P-01080,97102525,4.20,RENEWAL,2026-07-15
Harborline,2026-06,174,HL-253924,Ashley Rojas,1951-11-25,P-01090,5265799,26.25,RENEWAL,2026-07-15
Harborline,2026-06,175,HL-373229,Elijah Wright,1942-12-02,P-01100,77125617,26.25,RENEWAL,2026-07-15
Harborline,2026-06,176,HL-267199,Heather Robinson,1936-01-30,P-01123,61855700,52.50,NEW,2026-07-15
Harborline,2026-06,177,HL-531618,Andrew Holland,2005-02-23,P-01129,7150444,22.00,NEW,2026-07-15
Harborline,2026-06,178,HL-722560,Kimberly Espinoza,1942-06-14,P-01149,61291817,52.50,NEW,2026-07-15
Harborline,2026-06,179,HL-768742,Brian Mccall,1940-02-02,P-01150,7150444,38.00,NEW,2026-07-15
Harborline,2026-06,180,HL-568323,Brian Mccall,1940-02-02,P-01151,7150444,8.40,NEW,2026-07-15
Harborline,2026-06,181,HL-426295,Tiffany Boyd,1939-04-22,P-01157,43339391,38.00,NEW,2026-07-15
Harborline,2026-06,182,HL-426488,Tiffany Boyd,1939-04-22,P-01158,43339391,8.40,NEW,2026-07-15
Harborline,2026-06,183,HL-895221,Alex Lewis,1942-05-04,P-01160,11576383,19.00,RENEWAL,2026-07-15
Harborline,2026-06,184,HL-472314,Alex Lewis,1942-05-04,P-01161,11576383,4.20,RENEWAL,2026-07-15
Harborline,2026-06,185,HL-564223,Krista Price,1957-06-14,P-01180,29898923,19.00,RENEWAL,2026-07-15
Harborline,2026-06,186,HL-712001,Krista Price,1957-06-14,P-01181,29898923,4.20,RENEWAL,2026-07-15
Harborline,2026-06,187,HL-358317,Michael Gutierrez,1948-01-23,P-01185,10583482,8.40,NEW,2026-07-15
Harborline,2026-06,188,HL-410942,Elizabeth Shaffer,1937-05-14,P-01188,10583482,26.25,RENEWAL,2026-07-15
Harborline,2026-06,189,HL-800207,Nichole Campbell,1967-12-05,P-01189,78490893,22.00,NEW,2026-07-15
Harborline,2026-06,190,HL-385326,John Haney,1945-10-22,P-01190,97102525,26.25,RENEWAL,2026-07-15
Harborline,2026-06,191,HL-105341,Michael Robinson,1963-09-10,P-01199,78490893,22.00,NEW,2026-07-15
Harborline,2026-06,192,HL-527445,Rachel Robinson,1947-07-01,P-01200,78490893,52.50,NEW,2026-07-15
Harborline,2026-06,193,HL-713457,Tracy Woods,1960-03-13,P-01212,33857966,52.50,NEW,2026-07-15
Harborline,2026-06,194,HL-910453,Brian Romero,1956-08-26,P-01219,94702683,26.25,RENEWAL,2026-07-15
Harborline,2026-06,195,HL-219248,Veronica Bradley,1954-03-20,P-01228,97102525,19.00,RENEWAL,2026-07-15
Harborline,2026-06,196,HL-900690,Veronica Bradley,1954-03-20,P-01229,97102525,4.20,RENEWAL,2026-07-15
Harborline,2026-06,197,HL-754799,Donald Hopkins,1952-05-31,P-01231,90949389,26.25,RENEWAL,2026-07-15
Harborline,2026-06,198,HL-968439,Kelly Cunningham,1969-04-29,P-01249,1884412,16.00,RENEWAL,2026-07-15
Harborline,2026-06,199,HL-481136,Heidi Myers,1954-08-02,P-01257,11576383,19.00,RENEWAL,2026-07-15
Harborline,2026-06,201,HL-830797,Donna Hunter,1960-04-28,P-01263,94702683,52.50,NEW,2026-07-15
Harborline,2026-06,202,HL-124284,Jonathon Hunter,1945-07-21,P-01264,94702683,4.20,RENEWAL,2026-07-15
Harborline,2026-06,203,HL-149525,Larry Carr,1956-03-24,P-01277,32244663,52.50,NEW,2026-07-15
Harborline,2026-06,204,HL-890954,Amanda Keller,1993-02-28,P-01292,11576383,22.00,NEW,2026-07-15
Harborline,2026-06,205,HL-730113,Kimberly Hopkins,1950-04-27,P-01299,5265799,52.50,NEW,2026-07-15
Harborline,2026-06,206,HL-858334,Debra Farmer,1973-02-27,P-01311,54100814,22.00,NEW,2026-07-15
Harborline,2026-06,207,HL-154285,James Meyer,1986-01-11,P-01316,44524491,22.00,NEW,2026-07-15
Harborline,2026-06,208,HL-391755,Cory Andrews,1991-09-30,P-01328,74197857,16.00,RENEWAL,2026-07-15
Harborline,2026-06,209,HL-180063,Sean Simmons,1936-10-22,P-01330,13981052,4.20,RENEWAL,2026-07-15
Harborline,2026-06,210,HL-647896,Michael Wilson,1947-04-22,P-01331,43339391,26.25,RENEWAL,2026-07-15
Harborline,2026-06,211,HL-192401,Hailey Powers,1952-05-22,P-01334,77125617,52.50,NEW,2026-07-15
Harborline,2026-06,212,HL-417801,Jeffrey Wiggins,1959-08-30,P-01335,94702683,38.00,NEW,2026-07-15
Harborline,2026-06,213,HL-526536,Jeffrey Wiggins,1959-08-30,P-01336,94702683,8.40,NEW,2026-07-15
Harborline,2026-06,214,HL-627094,Joseph Johnson,1955-06-30,P-01342,78490893,19.00,RENEWAL,2026-07-15
Harborline,2026-06,215,HL-821221,Joseph Johnson,1955-06-30,P-01343,78490893,4.20,RENEWAL,2026-07-15
Harborline,2026-06,216,HL-120562,Shaun Klein,1938-05-01,P-01355,44524491,26.25,RENEWAL,2026-07-15
Harborline,2026-06,217,HL-479715,Samuel Martin,1949-11-03,P-01362,6831819,52.50,NEW,2026-07-15
Harborline,2026-06,218,HL-936021,Marcus Baxter,1949-11-19,P-01371,33857966,4.20,RENEWAL,2026-07-15
Harborline,2026-06,219,HL-248441,Michaela Edwards,1937-07-23,P-01380,6831819,38.00,NEW,2026-07-15
Harborline,2026-06,220,HL-671721,Michaela Edwards,1937-07-23,P-01381,6831819,8.40,NEW,2026-07-15
Harborline,2026-06,221,HL-222104,Amy Martin,1950-07-22,P-01396,78490893,26.25,RENEWAL,2026-07-15
Harborline,2026-06,222,HL-779089,Tina Reyes,2001-12-05,P-01418,61855700,16.00,RENEWAL,2026-07-15
Harborline,2026-06,223,HL-205881,Julia Murray,1943-06-19,P-01426,37231783,26.25,RENEWAL,2026-07-15
Harborline,2026-06,224,HL-718506,Alyssa Miller,1956-12-02,P-01429,7150444,26.25,RENEWAL,2026-07-15
Harborline,2026-06,225,HL-293412,Steven Simpson,1955-07-19,P-01432,1884412,26.25,RENEWAL,2026-07-15
Harborline,2026-06,226,HL-453175,Margaret Simpson,1999-10-30,P-01434,1884412,22.00,NEW,2026-07-15
Harborline,2026-06,227,HL-733693,Judith Villanueva,1998-12-29,P-01454,94702683,16.00,RENEWAL,2026-07-15
Harborline,2026-06,228,HL-821520,Ryan Jones,1965-01-29,P-01463,7150444,19.00,RENEWAL,2026-07-15
Harborline,2026-06,229,HL-590693,Ryan Jones,1965-01-29,P-01464,7150444,4.20,RENEWAL,2026-07-15
Harborline,2026-06,230,HL-209128,Emily Pennington,1934-07-19,P-01467,5265799,26.25,RENEWAL,2026-07-15
Harborline,2026-06,231,HL-281317,Debbie Brown,1936-06-16,P-01470,90949389,26.25,RENEWAL,2026-07-15
Harborline,2026-06,232,HL-959071,Ann Nguyen,1977-07-25,P-01472,77125617,22.00,NEW,2026-07-15
Harborline,2026-06,233,HL-585497,Donna Payne,1938-04-28,P-01476,44524491,52.50,NEW,2026-07-15
Harborline,2026-06,234,HL-440932,Erica Cook,1937-03-29,P-01479,97102525,26.25,RENEWAL,2026-07-15
Harborline,2026-06,235,HL-343541,Sandra Mathis,1939-10-30,P-01485,1884412,19.00,RENEWAL,2026-07-15
Harborline,2026-06,236,HL-822856,Sandra Mathis,1939-10-30,P-01486,1884412,4.20,RENEWAL,2026-07-15
Harborline,2026-06,238,HL-806572,Fernando Norton,1935-03-30,P-01511,6831819,26.25,RENEWAL,2026-07-15
Harborline,2026-06,239,HL-642157,Anthony Simmons,1938-01-02,P-01514,43339391,26.25,RENEWAL,2026-07-15
Harborline,2026-06,240,HL-466448,Megan Montgomery,1938-02-11,P-01517,1884412,26.25,RENEWAL,2026-07-15
Harborline,2026-06,241,HL-456156,Jenna Simmons,1953-05-18,P-01525,54100814,19.00,RENEWAL,2026-07-15
Harborline,2026-06,242,HL-231939,Jenna Simmons,1953-05-18,P-01526,54100814,4.20,RENEWAL,2026-07-15
Harborline,2026-06,243,HL-459245,Melissa Daniel,1987-04-04,P-01533,37231783,22.00,NEW,2026-07-15
Harborline,2026-06,244,HL-164100,Vincent Norman,1951-07-05,P-01538,44524491,26.25,RENEWAL,2026-07-15
Harborline,2026-06,245,HL-303552,April Garcia,1956-05-15,P-01570,54100814,52.50,NEW,2026-07-15
Harborline,2026-06,246,HL-105335,Hannah Nelson,1946-06-19,P-01580,99847493,26.25,RENEWAL,2026-07-15
Harborline,2026-06,247,HL-803484,Rachel Wilson,1937-09-20,P-01581,33857966,26.25,RENEWAL,2026-07-15
Harborline,2026-06,248,HL-665771,Tracy Wilson,1947-05-05,P-01582,33857966,26.25,RENEWAL,2026-07-15
Harborline,2026-06,249,HL-357437,Isaac Wilson,1936-10-02,P-01583,33857966,52.50,NEW,2026-07-15
Harborline,2026-06,250,HL-891186,Adam Sutton,1939-04-10,P-01597,61855700,13.12,RENEWAL,2026-07-15
Harborline,2026-06,251,HL-675030,Stacy Carroll,1960-07-25,P-01601,5265799,52.50,NEW,2026-07-15
Harborline,2026-06,252,HL-979951,Jessica Carroll,1962-03-04,P-01602,5265799,16.00,RENEWAL,2026-07-15
Harborline,2026-06,253,HL-189335,Leslie Hernandez,1937-06-07,P-01604,97102525,26.25,RENEWAL,2026-07-15
Harborline,2026-06,254,HL-958824,Seth Armstrong,1957-10-16,P-01611,32244663,26.25,RENEWAL,2026-07-15
Harborline,2026-06,255,HL-958456,Savannah Rodriguez,1934-11-30,P-01612,4356886,38.00,NEW,2026-07-15
Harborline,2026-06,256,HL-982901,Savannah Rodriguez,1934-11-30,P-01613,4356886,8.40,NEW,2026-07-15
Harborline,2026-06,257,HL-558337,Gary Butler,1940-08-27,P-01615,61855700,19.00,RENEWAL,2026-07-15
Harborline,2026-06,258,HL-614897,Gary Butler,1940-08-27,P-01616,61855700,4.20,RENEWAL,2026-07-15
Harborline,2026-06,259,HL-312215,Matthew Baker,1941-06-18,P-01621,13981052,26.25,RENEWAL,2026-07-15
Harborline,2026-06,260,HL-742878,Jill Jones,1960-08-18,P-01627,1884412,52.50,NEW,2026-07-15
Harborline,2026-06,261,HL-650478,Frances Zamora,1940-09-29,P-01633,77125617,26.25,RENEWAL,2026-07-15
Harborline,2026-06,262,HL-592130,Alexis Ross,1951-08-27,P-01638,29898923,26.25,RENEWAL,2026-07-15
Harborline,2026-06,263,HL-266674,Matthew Moreno,1944-05-18,P-01646,29898923,26.25,NEW,2026-07-15
Harborline,2026-06,264,HL-768154,Edwin Sanders,1935-04-16,P-01671,13981052,26.25,RENEWAL,2026-07-15
Harborline,2026-06,265,HL-709187,Wendy Patrick,1980-05-01,P-01689,61855700,52.50,NEW,2026-07-15
Harborline,2026-06,266,HL-819162,Katrina Watson,1980-04-28,P-01694,77125617,22.00,NEW,2026-07-15
Harborline,2026-06,267,HL-667636,Debbie Middleton,1952-12-14,P-01695,33857966,52.50,NEW,2026-07-15
Harborline,2026-06,268,HL-244121,Dawn Perez,1955-11-30,P-01698,11576383,52.50,NEW,2026-07-15
Harborline,2026-06,269,HL-771863,Jason Turner,1960-05-29,P-01699,94702683,52.50,NEW,2026-07-15
Harborline,2026-06,270,HL-301059,Brandon Valdez,1958-07-03,P-01709,5265799,52.50,NEW,2026-07-15
Harborline,2026-06,271,HL-211194,Peter Brooks,1964-11-11,P-01738,43339391,22.00,NEW,2026-07-15
Harborline,2026-06,272,HL-279720,Leon Clark,1943-08-08,P-01750,10583482,52.50,NEW,2026-07-15
Harborline,2026-06,273,HL-575915,Karen Rice,1949-09-05,P-01765,74197857,52.50,NEW,2026-07-15
Harborline,2026-06,274,HL-171588,Nicole Richards,1934-08-06,P-01772,61291817,26.25,RENEWAL,2026-07-15
Harborline,2026-06,275,HL-404579,Elizabeth Rose,1948-06-01,P-01780,13981052,26.25,RENEWAL,2026-07-15
Harborline,2026-06,276,HL-848428,Mary Rose,1952-07-06,P-01781,13981052,52.50,NEW,2026-07-15
Harborline,2026-06,277,HL-833826,Timothy Miller,1958-01-23,P-01785,43339391,26.25,RENEWAL,2026-07-15
Harborline,2026-06,278,HL-498357,Tommy Parker,1975-10-20,P-01786,11576383,22.00,NEW,2026-07-15
Harborline,2026-06,279,HL-202051,Christopher Allen,1945-01-31,P-01798,1884412,26.25,RENEWAL,2026-07-15
Harborline,2026-06,280,HL-513006,Nicole Hernandez,1962-04-18,P-01801,7150444,22.00,NEW,2026-07-15
Harborline,2026-06,281,HL-618109,Lindsay Sparks,1937-04-05,P-01825,44524491,26.25,RENEWAL,2026-07-15
Harborline,2026-06,282,HL-509394,John Vasquez,1937-03-14,P-01838,13981052,26.25,RENEWAL,2026-07-15
Harborline,2026-06,283,HL-245535,Haley Cole,1946-04-26,P-01845,78490893,26.25,RENEWAL,2026-07-15
Harborline,2026-06,284,HL-908995,James Oconnor,1986-04-15,P-01861,6831819,22.00,NEW,2026-07-15
Harborline,2026-06,285,HL-587074,Jason Oconnor,1947-11-17,P-01862,6831819,26.25,RENEWAL,2026-07-15
Harborline,2026-06,286,HL-870452,Kevin Beard,1947-09-24,P-01863,1884412,19.00,RENEWAL,2026-07-15
Harborline,2026-06,287,HL-361355,Kevin Beard,1947-09-24,P-01864,1884412,4.20,RENEWAL,2026-07-15
Harborline,2026-06,288,HL-189416,William Odonnell,1949-03-13,P-01872,7150444,26.25,RENEWAL,2026-07-15
Harborline,2026-06,289,HL-841378,Jennifer Davis,1936-05-03,P-01881,43339391,4.20,RENEWAL,2026-07-15
Harborline,2026-06,290,HL-771716,Kyle Williams,1950-11-11,P-01885,10583482,52.50,NEW,2026-07-15
Harborline,2026-06,291,HL-950264,Christopher Johnson,1948-05-10,P-01894,78490893,38.00,NEW,2026-07-15
Harborline,2026-06,292,HL-246272,Christopher Johnson,1948-05-10,P-01895,78490893,8.40,NEW,2026-07-15
Harborline,2026-06,293,HL-965464,Joseph Kennedy,1996-01-12,P-01905,7150444,8.00,RENEWAL,2026-07-15
Harborline,2026-06,294,HL-563977,Elizabeth Brown,1936-06-05,P-01918,37231783,52.50,NEW,2026-07-15
Harborline,2026-06,295,HL-998899,Robert Ramos,1953-05-12,P-01940,6831819,52.50,NEW,2026-07-15
Harborline,2026-06,296,HL-777274,Kelly Romero,1965-09-06,P-01960,90949389,22.00,NEW,2026-07-15
Harborline,2026-06,297,HL-234373,Sydney Romero,1980-05-28,P-01961,99847493,26.25,RENEWAL,2026-07-15
Harborline,2026-06,298,HL-725109,Nicole Wood,1939-02-06,P-01968,61291817,52.50,NEW,2026-07-15
Harborline,2026-06,299,HL-772252,Sarah King,1951-12-08,P-01969,78490893,26.25,RENEWAL,2026-07-15
Harborline,2026-06,300,HL-797948,Erin Miller,1952-06-18,P-01972,33857966,52.50,NEW,2026-07-15
Harborline,2026-06,301,HL-923603,Ronnie Ponce,1947-05-30,P-01994,33857966,26.25,RENEWAL,2026-07-15
Harborline,2026-06,302,HL-694831,Adam Jones,1953-07-29,P-01995,74197857,26.25,RENEWAL,2026-07-15
Harborline,2026-06,303,HL-870717,Misty Brown,1947-02-17,P-02004,43339391,19.00,RENEWAL,2026-07-15
Harborline,2026-06,305,HL-162146,Diana Frost,1972-09-21,P-02008,90949389,16.00,RENEWAL,2026-07-15
Harborline,2026-06,306,HL-732228,Deanna Nielsen,1938-10-29,P-02019,29898923,26.25,RENEWAL,2026-07-15
Harborline,2026-06,307,HL-983389,Brandon Thomas,2000-06-17,P-02021,78490893,22.00,NEW,2026-07-15
Harborline,2026-06,308,HL-740234,Sara Stanley,1943-07-12,P-02024,61291817,52.50,NEW,2026-07-15
Harborline,2026-06,309,HL-708893,Aaron Murray,1960-01-20,P-02038,44524491,26.25,RENEWAL,2026-07-15
Harborline,2026-06,310,HL-773039,Shelly Richards,1951-05-12,P-02054,61291817,52.50,NEW,2026-07-15
Harborline,2026-06,311,HL-804020,Scott Duncan,1944-02-11,P-02065,97102525,26.25,RENEWAL,2026-07-15
Harborline,2026-06,312,HL-560976,Rachel Williams,1988-12-11,P-02071,10583482,16.00,RENEWAL,2026-07-15
Harborline,2026-06,313,HL-703490,Traci Graham,1956-08-13,P-02076,33857966,8.40,NEW,2026-07-15
Harborline,2026-06,314,HL-864773,John Kemp,1945-10-10,P-02078,4356886,26.25,RENEWAL,2026-07-15
Harborline,2026-06,315,HL-346024,Christine Foster,1933-10-03,P-02087,29898923,52.50,NEW,2026-07-15
Harborline,2026-06,316,HL-222448,Kimberly White,1954-03-29,P-02091,7150444,26.25,RENEWAL,2026-07-15
Harborline,2026-06,317,HL-141341,Anthony Medina,1982-11-23,P-02100,5265799,22.00,NEW,2026-07-15
Harborline,2026-06,318,HL-694310,David Frey,1948-04-24,P-02106,32244663,26.25,RENEWAL,2026-07-15
Harborline,2026-06,319,HL-166165,Nancy Frey,1952-05-27,P-02107,32244663,52.50,NEW,2026-07-15
Harborline,2026-06,320,HL-548679,Cynthia Murphy,1996-08-21,P-02116,5265799,26.25,RENEWAL,2026-07-15
Harborline,2026-06,321,HL-502457,Olivia Robertson,1947-03-16,P-02123,90949389,52.50,NEW,2026-07-15
Harborline,2026-06,322,HL-264627,Shannon Perez,1944-07-09,P-02127,10583482,26.25,RENEWAL,2026-07-15
Harborline,2026-06,324,HL-649074,Christina Williams,1965-06-24,P-02135,37231783,26.25,RENEWAL,2026-07-15
Harborline,2026-06,325,HL-242079,Angela Levine,1937-05-22,P-02139,61291817,52.50,NEW,2026-07-15
Harborline,2026-06,326,HL-732391,Audrey Wiley,1949-12-17,P-02156,10583482,26.25,RENEWAL,2026-07-15
Harborline,2026-06,327,HL-467781,Eric Johnson,1941-02-03,P-02160,1884412,26.25,RENEWAL,2026-07-15
Harborline,2026-06,328,HL-511263,Joshua Wilson,1952-03-24,P-02173,44524491,52.50,NEW,2026-07-15
Harborline,2026-06,329,HL-930758,Veronica Moses,1940-03-13,P-02174,6831819,19.00,RENEWAL,2026-07-15
Harborline,2026-06,330,HL-157163,Veronica Moses,1940-03-13,P-02175,6831819,4.20,RENEWAL,2026-07-15
Harborline,2026-06,331,HL-116730,Isaiah Medina,1944-03-15,P-02182,90949389,26.25,RENEWAL,2026-07-15
Harborline,2026-06,332,HL-681300,Christopher Valencia,1947-03-16,P-02188,90949389,19.00,RENEWAL,2026-07-15
Harborline,2026-06,333,HL-608063,Christopher Valencia,1947-03-16,P-02189,90949389,4.20,RENEWAL,2026-07-15
Harborline,2026-06,334,HL-540734,Timothy Stark,1957-06-19,P-02195,1884412,19.00,RENEWAL,2026-07-15
Harborline,2026-06,335,HL-855427,Timothy Stark,1957-06-19,P-02196,1884412,4.20,RENEWAL,2026-07-15
Harborline,2026-06,336,HL-716653,Terri Adkins,1945-03-16,P-02200,78490893,52.50,NEW,2026-07-15
Harborline,2026-06,337,HL-412941,Lori Collins,1947-04-12,P-02215,61855700,26.25,RENEWAL,2026-07-15
Harborline,2026-06,338,HL-288802,Stephen Barrett,1951-05-28,P-02230,13981052,26.25,RENEWAL,2026-07-15
Harborline,2026-06,339,HL-103444,Anthony Wilson,1995-12-05,P-02238,77125617,16.00,RENEWAL,2026-07-15
Harborline,2026-06,340,HL-614690,Veronica Reed,1988-05-17,P-02252,33857966,52.50,NEW,2026-07-15
Harborline,2026-06,341,HL-115917,Michele Reed,1995-02-20,P-02253,33857966,16.00,RENEWAL,2026-07-15
Harborline,2026-06,342,HL-313256,Charles Hernandez,1941-03-19,P-02262,43339391,26.25,RENEWAL,2026-07-15
Harborline,2026-06,343,HL-768220,Ronald Zamora,1940-07-10,P-02272,29898923,26.25,RENEWAL,2026-07-15
Harborline,2026-06,344,HL-188053,Paul Chapman,1957-11-02,P-02273,6831819,8.40,NEW,2026-07-15
Harborline,2026-06,345,HL-496974,Sheri Baxter,1996-04-16,P-02279,37231783,16.00,RENEWAL,2026-07-15
Harborline,2026-06,346,HL-764816,Shirley Bass,1951-10-23,P-02280,94702683,26.25,RENEWAL,2026-07-15
Harborline,2026-06,347,HL-265009,Timothy Wilson,1981-11-12,P-02284,4356886,22.00,NEW,2026-07-15
Harborline,2026-06,348,HL-614573,Mathew Harris,1942-09-08,P-02289,74197857,26.25,RENEWAL,2026-07-15
Harborline,2026-06,349,HL-223604,Michael Green,1945-08-03,P-02290,61291817,19.00,RENEWAL,2026-07-15
Harborline,2026-06,350,HL-628254,Michael Green,1945-08-03,P-02291,61291817,4.20,RENEWAL,2026-07-15
Harborline,2026-06,351,HL-905731,Tiffany Miller,1943-02-12,P-02315,94702683,26.25,RENEWAL,2026-07-15
Harborline,2026-06,352,HL-267075,Luis Chavez,1940-11-05,P-02324,74197857,52.50,NEW,2026-07-15
Harborline,2026-06,353,HL-539175,Bryan Mccarthy,1953-09-08,P-02341,1884412,26.25,RENEWAL,2026-07-15
Harborline,2026-06,354,HL-488256,Jennifer Moreno,1997-03-08,P-02344,43339391,16.00,RENEWAL,2026-07-15
Harborline,2026-06,355,HL-964177,Edward Ewing,1951-09-10,P-02354,54100814,52.50,NEW,2026-07-15
Harborline,2026-06,356,HL-527793,April Combs,1980-09-06,P-02360,7150444,19.00,RENEWAL,2026-07-15
Harborline,2026-06,357,HL-161506,April Combs,1980-09-06,P-02361,7150444,4.20,RENEWAL,2026-07-15
Harborline,2026-06,358,HL-747527,Crystal Johnson,1938-02-22,P-02376,1884412,26.25,RENEWAL,2026-07-15
Harborline,2026-06,359,HL-308129,John Cobb,1939-07-12,P-02394,97102525,52.50,NEW,2026-07-15
Harborline,2026-06,360,HL-396872,Samuel Aguilar,1935-06-20,P-02401,54100814,26.25,RENEWAL,2026-07-15
Harborline,2026-06,361,HL-517039,Tammy Evans,1995-07-01,P-02404,11576383,16.00,RENEWAL,2026-07-15
Harborline,2026-06,362,HL-321907,Gary Mccoy,1951-10-31,P-02408,77125617,26.25,RENEWAL,2026-07-15
Harborline,2026-06,363,HL-618033,Amanda Garner,1938-10-28,P-02410,78490893,26.25,RENEWAL,2026-07-15
Harborline,2026-06,364,HL-815148,Mariah Rodriguez,1952-09-24,P-02431,37231783,52.50,NEW,2026-07-15
Harborline,2026-06,365,HL-824559,Laura Wilkinson,1950-12-17,P-02442,1884412,26.25,RENEWAL,2026-07-15
Harborline,2026-06,366,HL-929570,Jon Brock,1950-12-04,P-02449,54100814,26.25,RENEWAL,2026-07-15
Harborline,2026-06,367,HL-189624,Melanie Lopez,1938-01-17,P-02473,1884412,26.25,RENEWAL,2026-07-15
Harborline,2026-06,368,HL-828823,James Walsh,1944-08-19,P-02479,44524491,26.25,RENEWAL,2026-07-15
Harborline,2026-06,369,HL-247578,Tammy Reyes,1958-03-21,P-02484,94702683,13.12,RENEWAL,2026-07-15
Harborline,2026-06,370,HL-303897,Corey Reed,1956-05-04,P-02501,74197857,26.25,RENEWAL,2026-07-15
Harborline,2026-06,371,HL-918180,Brooke Harris,1942-12-20,P-02503,5265799,26.25,RENEWAL,2026-07-15
Harborline,2026-06,372,HL-730725,Andrea Harris,1952-12-02,P-02504,5265799,26.25,RENEWAL,2026-07-15
Harborline,2026-06,373,HL-517082,Christina Rodriguez,1934-01-02,P-02510,61291817,52.50,NEW,2026-07-15
Harborline,2026-06,374,HL-105500,Kelly Caldwell,1960-04-20,P-02512,7150444,19.00,RENEWAL,2026-07-15
Harborline,2026-06,375,HL-532883,Kelly Caldwell,1960-04-20,P-02513,7150444,4.20,RENEWAL,2026-07-15
Harborline,2026-06,376,HL-900090,Elizabeth Green,1941-04-02,P-02514,32244663,26.25,RENEWAL,2026-07-15
Harborline,2026-06,377,HL-871123,Micheal Hernandez,1936-04-20,P-02519,33857966,38.00,NEW,2026-07-15
Harborline,2026-06,378,HL-270823,Micheal Hernandez,1936-04-20,P-02520,33857966,8.40,NEW,2026-07-15
Harborline,2026-06,379,HL-789985,Matthew Flores,1971-11-06,P-02528,10583482,22.00,NEW,2026-07-15
Harborline,2026-06,380,HL-181904,Richard Clark,1934-02-08,P-02549,61291817,52.50,NEW,2026-07-15
Harborline,2026-06,381,HL-279388,Shaun Higgins,1944-08-08,P-02565,90949389,52.50,NEW,2026-07-15
Harborline,2026-06,382,HL-176871,Scott Holmes,1950-10-08,P-02585,13981052,26.25,RENEWAL,2026-07-15
Harborline,2026-06,383,HL-882870,Jason Gonzalez,1994-03-20,P-02591,44524491,22.00,NEW,2026-07-15
Harborline,2026-06,384,HL-153594,Susan Wade,1950-08-07,P-02593,32244663,26.25,RENEWAL,2026-07-15
Harborline,2026-06,385,HL-782862,William Smith,1950-07-25,P-02594,10583482,26.25,RENEWAL,2026-07-15
Cardinal Mutual,2026-06,1,CM-158132,Vincent Mckay,1984-02-25,P-00010,61855700,22.00,NEW,2026-07-15
Cardinal Mutual,2026-06,2,CM-529954,Frederick Arroyo,1946-05-10,P-00013,5265799,26.25,RENEWAL,2026-07-15
Cardinal Mutual,2026-06,3,CM-574751,David Lewis,1963-07-27,P-00015,90949389,16.00,RENEWAL,2026-07-15
Cardinal Mutual,2026-06,4,CM-677438,Julie Daniels,1983-06-14,P-00022,61855700,22.00,NEW,2026-07-15
Cardinal Mutual,2026-06,5,CM-904092,Brian Daniels,1950-03-19,P-00024,61855700,52.50,NEW,2026-07-15
Cardinal Mutual,2026-06,6,CM-240913,Megan Frazier,1947-03-05,P-00039,33857966,26.25,RENEWAL,2026-07-15
Cardinal Mutual,2026-06,7,CM-107704,Jason Torres,1996-02-02,P-00043,43339391,26.25,RENEWAL,2026-07-15
Cardinal Mutual,2026-06,8,CM-240384,Ricky Moore,1970-12-29,P-00081,33857966,16.00,RENEWAL,2026-07-15
Cardinal Mutual,2026-06,9,CM-366881,Aaron Hancock,1944-10-29,P-00090,78490893,8.40,NEW,2026-07-15
Cardinal Mutual,2026-06,10,CM-464354,Carol Lee,1980-04-04,P-00098,44524491,22.00,NEW,2026-07-15
Cardinal Mutual,2026-06,11,CM-414608,Heather Wallace,1941-10-15,P-00105,61291817,26.25,RENEWAL,2026-07-15
Cardinal Mutual,2026-06,12,CM-665484,Briana Moore,1957-10-31,P-00110,43339391,26.25,RENEWAL,2026-07-15
Cardinal Mutual,2026-06,13,CM-849666,Katrina Campos,1970-03-24,P-00112,13981052,16.00,RENEWAL,2026-07-15
Cardinal Mutual,2026-06,14,CM-956949,Matthew Francis,1953-08-16,P-00114,4356886,26.25,RENEWAL,2026-07-15
Cardinal Mutual,2026-06,15,CM-274912,Jason Holloway,1937-06-05,P-00123,74197857,8.40,NEW,2026-07-15
Cardinal Mutual,2026-06,16,CM-533672,Renee Henry,1936-07-24,P-00130,10583482,52.50,NEW,2026-07-15
Cardinal Mutual,2026-06,17,CM-458388,Michael Bruce,1990-01-18,P-00137,4356886,22.00,NEW,2026-07-15
Cardinal Mutual,2026-06,18,CM-514828,Jerry Patel,1953-02-25,P-00144,74197857,26.25,RENEWAL,2026-07-15
Cardinal Mutual,2026-06,19,CM-194560,George Burch,1944-03-12,P-00146,10583482,26.25,RENEWAL,2026-07-15
Cardinal Mutual,2026-06,20,CM-753205,Eileen Douglas,1950-02-04,P-00160,78490893,26.25,RENEWAL,2026-07-15
Cardinal Mutual,2026-06,21,CM-956721,John Young,1957-10-02,P-00166,7150444,52.50,NEW,2026-07-15
Cardinal Mutual,2026-06,22,CM-382329,Devin Moody,1937-11-26,P-00170,1884412,19.00,RENEWAL,2026-07-15
Cardinal Mutual,2026-06,23,CM-695748,Devin Moody,1937-11-26,P-00171,1884412,4.20,RENEWAL,2026-07-15
Cardinal Mutual,2026-06,24,CM-882395,Christopher Beck,1952-10-28,P-00177,37231783,19.00,RENEWAL,2026-07-15
Cardinal Mutual,2026-06,25,CM-597643,Christopher Beck,1952-10-28,P-00178,37231783,4.20,RENEWAL,2026-07-15
Cardinal Mutual,2026-06,26,CM-850151,Benjamin Acevedo,1950-09-01,P-00183,77125617,26.25,RENEWAL,2026-07-15
Cardinal Mutual,2026-06,27,CM-103468,James Acevedo,1942-05-26,P-00184,77125617,52.50,NEW,2026-07-15
Cardinal Mutual,2026-06,28,CM-246740,Michelle Norman,1949-03-10,P-00186,77125617,26.25,RENEWAL,2026-07-15
Cardinal Mutual,2026-06,29,CM-802695,Alyssa Berry,2002-06-24,P-00192,90949389,16.00,RENEWAL,2026-07-15
Cardinal Mutual,2026-06,30,CM-546376,Dana Joseph,1968-07-17,P-00196,99847493,16.00,RENEWAL,2026-07-15
Cardinal Mutual,2026-06,31,CM-757258,Nicole Anderson,1936-09-25,P-00197,78490893,26.25,RENEWAL,2026-07-15
Cardinal Mutual,2026-06,32,CM-405831,John Bryant,1955-11-30,P-00212,61855700,26.25,RENEWAL,2026-07-15
Cardinal Mutual,2026-06,33,CM-933729,Brandy Bryant,1956-01-12,P-00214,61855700,52.50,NEW,2026-07-15
Cardinal Mutual,2026-06,34,CM-800015,James Hudson,1954-07-27,P-00216,54100814,26.25,RENEWAL,2026-07-15
Cardinal Mutual,2026-06,35,CM-212537,Billy Morrison,1943-12-15,P-00218,5265799,52.50,NEW,2026-07-15
Cardinal Mutual,2026-06,36,CM-480631,Suzanne Zuniga,1947-06-12,P-00237,5265799,26.25,RENEWAL,2026-07-15
Cardinal Mutual,2026-06,37,CM-951706,Jessica Rivera,2002-10-27,P-00239,77125617,22.00,NEW,2026-07-15
Cardinal Mutual,2026-06,38,CM-852233,Donald Lopez,1964-03-07,P-00241,13981052,16.00,RENEWAL,2026-07-15
Cardinal Mutual,2026-06,39,CM-685661,Katherine Durham,1953-01-10,P-00243,4356886,26.25,RENEWAL,2026-07-15
Cardinal Mutual,2026-06,40,CM-950389,Carlos Allen,1956-08-01,P-00254,61291817,26.25,RENEWAL,2026-07-15
Cardinal Mutual,2026-06,41,CM-752944,Christopher Nielsen,1984-12-22,P-00263,61855700,16.00,RENEWAL,2026-07-15
Cardinal Mutual,2026-06,42,CM-279581,Angela Smith,1954-03-30,P-00268,5265799,26.25,RENEWAL,2026-07-15
Cardinal Mutual,2026-06,43,CM-794447,Robert Shields,1984-10-17,P-00284,90949389,22.00,NEW,2026-07-15
Cardinal Mutual,2026-06,44,CM-667430,Cheyenne Jackson,1983-12-13,P-00295,32244663,26.25,RENEWAL,2026-07-15
Cardinal Mutual,2026-06,45,CM-297487,Heather Torres,1939-03-09,P-00308,78490893,26.25,RENEWAL,2026-07-15
Cardinal Mutual,2026-06,46,CM-496065,Kevin Khan,1965-08-27,P-00323,37231783,52.50,NEW,2026-07-15
Cardinal Mutual,2026-06,47,CM-765824,April Wheeler,1948-03-03,P-00325,61291817,8.40,NEW,2026-07-15
Cardinal Mutual,2026-06,48,CM-718722,Cynthia Herrera,1947-06-04,P-00335,43339391,4.20,RENEWAL,2026-07-15
Cardinal Mutual,2026-06,49,CM-848440,Edward Reyes,1958-07-31,P-00341,44524491,52.50,NEW,2026-07-15
Cardinal Mutual,2026-06,50,CM-763874,Miguel Bryant,1953-12-03,P-00345,94702683,52.50,NEW,2026-07-15
Cardinal Mutual,2026-06,51,CM-841870,Douglas Kaufman,2004-10-15,P-00350,10583482,22.00,NEW,2026-07-15
Cardinal Mutual,2026-06,52,CM-162471,Samantha Smith,1943-06-06,P-00378,78490893,19.00,RENEWAL,2026-07-15
Cardinal Mutual,2026-06,53,CM-409012,Samantha Smith,1943-06-06,P-00379,78490893,4.20,RENEWAL,2026-07-15
Cardinal Mutual,2026-06,54,CM-249550,Arthur Lloyd,1965-11-25,P-00388,11576383,22.00,NEW,2026-07-15
Cardinal Mutual,2026-06,55,CM-766566,Thomas Rowland,1957-05-12,P-00392,6831819,26.25,RENEWAL,2026-07-15
Cardinal Mutual,2026-06,56,CM-661519,Sean Wood,1938-02-12,P-00393,74197857,19.00,RENEWAL,2026-07-15
Cardinal Mutual,2026-06,57,CM-471921,Sean Wood,1938-02-12,P-00394,74197857,4.20,RENEWAL,2026-07-15
Cardinal Mutual,2026-06,58,CM-546535,Stacy Cole,1941-03-22,P-00396,5265799,26.25,RENEWAL,2026-07-15
Cardinal Mutual,2026-06,59,CM-610150,William Collins,1940-09-20,P-00404,54100814,26.25,RENEWAL,2026-07-15
Cardinal Mutual,2026-06,61,CM-632599,Kurt Kelly,1989-08-02,P-00422,29898923,16.00,RENEWAL,2026-07-15
Cardinal Mutual,2026-06,62,CM-816514,Brandon Wise,1978-03-11,P-00433,90949389,22.00,NEW,2026-07-15
Cardinal Mutual,2026-06,63,CM-310965,Tony Webb,1964-12-12,P-00445,97102525,16.00,RENEWAL,2026-07-15
Cardinal Mutual,2026-06,64,CM-401380,Michael Clark,1939-04-28,P-00455,90949389,26.25,RENEWAL,2026-07-15
Cardinal Mutual,2026-06,66,CM-608042,Steven Singleton,1943-10-23,P-00474,32244663,26.25,RENEWAL,2026-07-15
Cardinal Mutual,2026-06,67,CM-377395,April Barnett,1988-07-22,P-00502,13981052,22.00,NEW,2026-07-15
Cardinal Mutual,2026-06,68,CM-908829,Zachary Nielsen,1934-08-08,P-00510,99847493,19.00,RENEWAL,2026-07-15
Cardinal Mutual,2026-06,69,CM-732958,Zachary Nielsen,1934-08-08,P-00511,99847493,4.20,RENEWAL,2026-07-15
Cardinal Mutual,2026-06,70,CM-227455,Hunter Hoover,1949-08-05,P-00512,90949389,19.00,RENEWAL,2026-07-15
Cardinal Mutual,2026-06,71,CM-728441,Hunter Hoover,1949-08-05,P-00513,90949389,4.20,RENEWAL,2026-07-15
Cardinal Mutual,2026-06,72,CM-696711,Rachel Thompson,1941-05-18,P-00515,29898923,26.25,RENEWAL,2026-07-15
Cardinal Mutual,2026-06,73,CM-598705,Kristine Fletcher,1969-10-30,P-00518,37231783,52.50,NEW,2026-07-15
Cardinal Mutual,2026-06,74,CM-696960,Adam Martin,1966-06-09,P-00525,43339391,22.00,NEW,2026-07-15
Cardinal Mutual,2026-06,75,CM-968543,John Johnson,1958-09-28,P-00528,44524491,26.25,RENEWAL,2026-07-15
Cardinal Mutual,2026-06,76,CM-559406,Thomas Young,1944-02-19,P-00542,7150444,4.20,RENEWAL,2026-07-15
Cardinal Mutual,2026-06,77,CM-525362,Gwendolyn Nichols,1942-09-14,P-00558,77125617,26.25,RENEWAL,2026-07-15
Cardinal Mutual,2026-06,78,CM-570253,Mario Stephens,1933-11-26,P-00574,10583482,26.25,RENEWAL,2026-07-15
Cardinal Mutual,2026-06,79,CM-622401,Brittany Hanson,1937-11-11,P-00579,74197857,52.50,NEW,2026-07-15
Cardinal Mutual,2026-06,80,CM-813981,Jonathan Howe,1936-01-26,P-00587,7150444,52.50,NEW,2026-07-15
Cardinal Mutual,2026-06,81,CM-679150,Ann Duncan,1949-12-07,P-00599,61291817,19.00,RENEWAL,2026-07-15
Cardinal Mutual,2026-06,82,CM-218867,Ann Duncan,1949-12-07,P-00600,61291817,4.20,RENEWAL,2026-07-15
Cardinal Mutual,2026-06,83,CM-290666,Brittney Flores,1975-07-06,P-00601,32244663,16.00,RENEWAL,2026-07-15
Cardinal Mutual,2026-06,84,CM-536569,James Carpenter,1952-06-07,P-00611,32244663,52.50,NEW,2026-07-15
Cardinal Mutual,2026-06,85,CM-344777,Devin Carpenter,1986-04-11,P-00612,32244663,26.25,RENEWAL,2026-07-15
Cardinal Mutual,2026-06,86,CM-585164,Kathy Acosta,1954-07-28,P-00613,44524491,4.20,RENEWAL,2026-07-15
Cardinal Mutual,2026-06,87,CM-722691,Michael Mcdaniel,1954-01-06,P-00616,61291817,26.25,RENEWAL,2026-07-15
Cardinal Mutual,2026-06,88,CM-468191,Melissa Johnson,1942-09-29,P-00633,74197857,38.00,NEW,2026-07-15
Cardinal Mutual,2026-06,89,CM-263264,Melissa Johnson,1942-09-29,P-00634,74197857,8.40,NEW,2026-07-15
Cardinal Mutual,2026-06,90,CM-111081,Nicholas Richardson,1951-05-31,P-00635,77125617,26.25,RENEWAL,2026-07-15
Cardinal Mutual,2026-06,91,CM-785456,Michael Carney,1950-12-23,P-00638,32244663,26.25,RENEWAL,2026-07-15
Cardinal Mutual,2026-06,92,CM-203858,Steven Huang,1936-10-07,P-00645,33857966,26.25,RENEWAL,2026-07-15
Cardinal Mutual,2026-06,93,CM-253448,Kevin Watson,1942-12-22,P-00651,29898923,26.25,RENEWAL,2026-07-15
Cardinal Mutual,2026-06,94,CM-125035,Megan Rodriguez,1982-05-02,P-00664,97102525,16.00,RENEWAL,2026-07-15
Cardinal Mutual,2026-06,96,CM-250944,Jamie West,1959-01-10,P-00668,78490893,8.40,NEW,2026-07-15
Cardinal Mutual,2026-06,97,CM-633552,Tiffany Smith,1951-12-11,P-00671,61291817,19.00,RENEWAL,2026-07-15
Cardinal Mutual,2026-06,98,CM-940615,Tiffany Smith,1951-12-11,P-00672,61291817,4.20,RENEWAL,2026-07-15
Cardinal Mutual,2026-06,99,CM-424526,Lauren Washington,1959-10-17,P-00684,5265799,26.25,RENEWAL,2026-07-15
Cardinal Mutual,2026-06,100,CM-856277,Aaron Fernandez,1940-06-09,P-00698,7150444,26.25,RENEWAL,2026-07-15
Cardinal Mutual,2026-06,101,CM-391158,Brittany Cortez,1958-04-10,P-00702,4356886,26.25,RENEWAL,2026-07-15
Cardinal Mutual,2026-06,102,CM-305803,Deborah Sanchez,1939-01-03,P-00705,7150444,26.25,RENEWAL,2026-07-15
Cardinal Mutual,2026-06,103,CM-905292,Robert Thomas,1987-05-21,P-00711,78490893,22.00,NEW,2026-07-15
Cardinal Mutual,2026-06,104,CM-924729,Christopher Hobbs,1948-10-28,P-00713,33857966,26.25,RENEWAL,2026-07-15
Cardinal Mutual,2026-06,105,CM-833665,Corey Pacheco,1957-05-04,P-00731,77125617,26.25,RENEWAL,2026-07-15
Cardinal Mutual,2026-06,106,CM-670950,Tiffany Hudson,1984-09-16,P-00734,10583482,16.00,RENEWAL,2026-07-15
Cardinal Mutual,2026-06,107,CM-900028,Erin Adams,1956-05-04,P-00740,99847493,52.50,NEW,2026-07-15
Cardinal Mutual,2026-06,108,CM-619829,Nancy Crawford,1957-02-04,P-00743,1884412,26.25,RENEWAL,2026-07-15
Cardinal Mutual,2026-06,109,CM-668087,Sean Ryan,1960-03-11,P-00753,33857966,52.50,NEW,2026-07-15
Cardinal Mutual,2026-06,110,CM-305633,Emily Ryan,1984-03-24,P-00754,33857966,22.00,NEW,2026-07-15
Cardinal Mutual,2026-06,111,CM-560110,Helen Nelson,1937-01-22,P-00770,13981052,19.00,RENEWAL,2026-07-15
Cardinal Mutual,2026-06,112,CM-269963,Helen Nelson,1937-01-22,P-00771,13981052,4.20,RENEWAL,2026-07-15
Cardinal Mutual,2026-06,113,CM-577462,Kim Jones,1941-09-15,P-00779,5265799,26.25,RENEWAL,2026-07-15
Cardinal Mutual,2026-06,114,CM-800431,Laura Saunders,1959-09-18,P-00796,33857966,38.00,NEW,2026-07-15
Cardinal Mutual,2026-06,115,CM-929909,Laura Saunders,1959-09-18,P-00797,33857966,8.40,NEW,2026-07-15
Cardinal Mutual,2026-06,116,CM-613832,Wendy Mitchell,1943-12-09,P-00813,6831819,26.25,RENEWAL,2026-07-15
Cardinal Mutual,2026-06,117,CM-639484,Nicholas Henry,1957-01-02,P-00827,29898923,52.50,NEW,2026-07-15
Cardinal Mutual,2026-06,118,CM-610297,Ashley Jackson,1940-01-08,P-00837,4356886,52.50,NEW,2026-07-15
Cardinal Mutual,2026-06,119,CM-270623,Alexis Jackson,1957-10-23,P-00838,4356886,19.00,RENEWAL,2026-07-15
Cardinal Mutual,2026-06,120,CM-571103,Alexis Jackson,1957-10-23,P-00839,4356886,4.20,RENEWAL,2026-07-15
Cardinal Mutual,2026-06,121,CM-151922,Jessica Nguyen,1937-06-30,P-00853,43339391,52.50,NEW,2026-07-15
Cardinal Mutual,2026-06,122,CM-162206,Melissa Glenn,1957-06-10,P-00855,77125617,19.00,RENEWAL,2026-07-15
Cardinal Mutual,2026-06,123,CM-775414,Melissa Glenn,1957-06-10,P-00856,77125617,4.20,RENEWAL,2026-07-15
Cardinal Mutual,2026-06,124,CM-936071,Gabrielle Joyce,1946-04-13,P-00860,94702683,26.25,RENEWAL,2026-07-15
Cardinal Mutual,2026-06,125,CM-163380,Matthew Gallegos,1949-03-08,P-00873,61291817,38.00,NEW,2026-07-15
Cardinal Mutual,2026-06,126,CM-415100,Matthew Gallegos,1949-03-08,P-00874,61291817,8.40,NEW,2026-07-15
Cardinal Mutual,2026-06,127,CM-435322,Kelly Moore,1992-11-05,P-00886,78490893,26.25,RENEWAL,2026-07-15
Cardinal Mutual,2026-06,128,CM-499646,Christopher Peterson,1953-02-27,P-00889,97102525,26.25,RENEWAL,2026-07-15
Cardinal Mutual,2026-06,129,CM-325995,Lauren Cline,1995-11-17,P-00914,99847493,16.00,RENEWAL,2026-07-15
Cardinal Mutual,2026-06,130,CM-152477,Danny Scott,1986-07-10,P-00917,13981052,4.20,RENEWAL,2026-07-15
Cardinal Mutual,2026-06,131,CM-576476,Brian Nguyen,1941-07-16,P-00921,94702683,26.25,RENEWAL,2026-07-15
Cardinal Mutual,2026-06,132,CM-708290,Stacy Gordon,1939-04-20,P-00922,97102525,26.25,RENEWAL,2026-07-15
Cardinal Mutual,2026-06,133,CM-835189,Angela Ali,1971-04-06,P-00924,6831819,13.12,RENEWAL,2026-07-15
Cardinal Mutual,2026-06,134,CM-661811,Jessica Rivas,1957-11-07,P-00926,99847493,19.00,RENEWAL,2026-07-15
Cardinal Mutual,2026-06,135,CM-209032,Jessica Rivas,1957-11-07,P-00927,99847493,4.20,RENEWAL,2026-07-15
Cardinal Mutual,2026-06,136,CM-858489,Andrea Snyder,1938-12-29,P-00935,43339391,26.25,RENEWAL,2026-07-15
Cardinal Mutual,2026-06,138,CM-415386,Christopher Williams,1960-01-19,P-00992,90949389,4.20,RENEWAL,2026-07-15
Cardinal Mutual,2026-06,139,CM-840651,Maria Robles,1980-02-23,P-01001,33857966,22.00,NEW,2026-07-15
Cardinal Mutual,2026-06,140,CM-535685,Tammy Turner,1958-06-18,P-01018,5265799,26.25,RENEWAL,2026-07-15
Cardinal Mutual,2026-06,141,CM-265270,Nicholas Carter,1958-10-05,P-01035,97102525,26.25,RENEWAL,2026-07-15
Cardinal Mutual,2026-06,142,CM-407861,Carol White,2002-12-08,P-01068,94702683,22.00,NEW,2026-07-15
Cardinal Mutual,2026-06,143,CM-423030,Austin York,1946-08-20,P-01070,32244663,52.50,NEW,2026-07-15
Cardinal Mutual,2026-06,144,CM-307183,Trevor Paul,1934-02-26,P-01086,94702683,52.50,NEW,2026-07-15
Cardinal Mutual,2026-06,145,CM-154347,Justin Rodriguez,1939-11-08,P-01095,90949389,19.00,RENEWAL,2026-07-15
Cardinal Mutual,2026-06,146,CM-176833,Justin Rodriguez,1939-11-08,P-01096,90949389,4.20,RENEWAL,2026-07-15
Cardinal Mutual,2026-06,147,CM-760471,Gabrielle Smith,1935-06-29,P-01099,90949389,26.25,RENEWAL,2026-07-15
Cardinal Mutual,2026-06,148,CM-866439,Debra Rice,1960-07-27,P-01108,10583482,52.50,NEW,2026-07-15
Cardinal Mutual,2026-06,149,CM-525831,Bradley Mayo,1949-10-08,P-01114,11576383,19.00,RENEWAL,2026-07-15
Cardinal Mutual,2026-06,150,CM-483749,Bradley Mayo,1949-10-08,P-01115,11576383,4.20,RENEWAL,2026-07-15
Cardinal Mutual,2026-06,151,CM-129650,James Nguyen,2001-03-03,P-01126,1884412,16.00,RENEWAL,2026-07-15
Cardinal Mutual,2026-06,152,CM-314989,Sheena Adams,1946-10-09,P-01133,6831819,52.50,NEW,2026-07-15
Cardinal Mutual,2026-06,153,CM-622469,Jennifer Flores,1955-12-22,P-01142,94702683,52.50,NEW,2026-07-15
Cardinal Mutual,2026-06,154,CM-301819,Alison Espinoza,1939-04-21,P-01148,61291817,52.50,NEW,2026-07-15
Cardinal Mutual,2026-06,155,CM-903148,Karen Johnson,1936-01-14,P-01156,33857966,52.50,NEW,2026-07-15
Cardinal Mutual,2026-06,156,CM-943366,Dawn Edwards,1940-04-19,P-01159,13981052,26.25,RENEWAL,2026-07-15
Cardinal Mutual,2026-06,157,CM-175672,Alexis Davis,1953-05-17,P-01168,99847493,19.00,RENEWAL,2026-07-15
Cardinal Mutual,2026-06,158,CM-226141,Alexis Davis,1953-05-17,P-01169,99847493,4.20,RENEWAL,2026-07-15
Cardinal Mutual,2026-06,159,CM-948302,Kelsey White,2001-02-09,P-01170,13981052,16.00,RENEWAL,2026-07-15
Cardinal Mutual,2026-06,160,CM-939057,Caleb Morales,1959-09-01,P-01174,7150444,4.20,RENEWAL,2026-07-15
Cardinal Mutual,2026-06,161,CM-994310,Alicia Savage,1935-07-15,P-01178,43339391,26.25,RENEWAL,2026-07-15
Cardinal Mutual,2026-06,162,CM-488944,Tara Wilson,1949-05-28,P-01182,7150444,26.25,RENEWAL,2026-07-15
Cardinal Mutual,2026-06,163,CM-903075,Javier Burke,1947-05-28,P-01184,33857966,26.25,RENEWAL,2026-07-15
Cardinal Mutual,2026-06,164,CM-327027,David Mckinney,1954-01-31,P-01191,99847493,19.00,RENEWAL,2026-07-15
Cardinal Mutual,2026-06,165,CM-110928,David Mckinney,1954-01-31,P-01192,99847493,4.20,RENEWAL,2026-07-15
Cardinal Mutual,2026-06,166,CM-424468,Jacob Strickland,1944-12-16,P-01194,29898923,52.50,NEW,2026-07-15
Cardinal Mutual,2026-06,167,CM-283800,Johnny Rubio,1950-10-02,P-01203,4356886,52.50,NEW,2026-07-15
Cardinal Mutual,2026-06,168,CM-809901,Juan Woods,1953-06-15,P-01213,33857966,26.25,RENEWAL,2026-07-15
Cardinal Mutual,2026-06,169,CM-680642,Joseph Romero,1938-07-17,P-01220,94702683,26.25,RENEWAL,2026-07-15
Cardinal Mutual,2026-06,170,CM-306706,Wesley Gross,1958-05-05,P-01226,74197857,52.50,NEW,2026-07-15
Cardinal Mutual,2026-06,171,CM-687753,Eric Ortega,1965-10-23,P-01242,99847493,26.25,RENEWAL,2026-07-15
Cardinal Mutual,2026-06,173,CM-636708,Steven Ali,1958-04-13,P-01248,10583482,8.40,NEW,2026-07-15
Cardinal Mutual,2026-06,174,CM-555267,Anna Rios,1982-10-31,P-01261,90949389,16.00,RENEWAL,2026-07-15
Cardinal Mutual,2026-06,175,CM-242304,Samantha Morris,1936-02-24,P-01267,10583482,38.00,NEW,2026-07-15
Cardinal Mutual,2026-06,176,CM-309501,Samantha Morris,1936-02-24,P-01268,10583482,8.40,NEW,2026-07-15
Cardinal Mutual,2026-06,177,CM-293782,Susan Miller,1959-07-19,P-01272,33857966,26.25,RENEWAL,2026-07-15
Cardinal Mutual,2026-06,178,CM-527819,Thomas Hudson,1940-05-22,P-01273,37231783,26.25,RENEWAL,2026-07-15
Cardinal Mutual,2026-06,179,CM-963150,Heather Cannon,1947-05-31,P-01283,54100814,26.25,RENEWAL,2026-07-15
Cardinal Mutual,2026-06,180,CM-803534,Brianna Hall,1948-08-27,P-01284,97102525,52.50,NEW,2026-07-15
Cardinal Mutual,2026-06,181,CM-374655,Jeremy Hall,1982-06-28,P-01286,97102525,22.00,NEW,2026-07-15
Cardinal Mutual,2026-06,182,CM-211626,John Melton,1947-11-03,P-01289,4356886,26.25,RENEWAL,2026-07-15
Cardinal Mutual,2026-06,183,CM-826045,Victoria Mcdonald,1954-10-07,P-01297,1884412,26.25,RENEWAL,2026-07-15
Cardinal Mutual,2026-06,184,CM-755477,Jeffery Castillo,1955-09-13,P-01303,37231783,26.25,RENEWAL,2026-07-15
Cardinal Mutual,2026-06,185,CM-648440,Stephanie Tran,1941-05-15,P-01306,37231783,26.25,RENEWAL,2026-07-15
Cardinal Mutual,2026-06,186,CM-770185,Mary Galloway,1955-01-05,P-01349,33857966,26.25,RENEWAL,2026-07-15
Cardinal Mutual,2026-06,187,CM-472865,Andrew Williams,1946-05-13,P-01351,90949389,26.25,RENEWAL,2026-07-15
Cardinal Mutual,2026-06,188,CM-604793,Larry King,1939-10-21,P-01358,5265799,52.50,NEW,2026-07-15
Cardinal Mutual,2026-06,189,CM-208907,Joe Chung,1944-02-06,P-01361,78490893,52.50,NEW,2026-07-15
Cardinal Mutual,2026-06,190,CM-810729,Sara Mayer,1943-10-03,P-01364,5265799,19.00,RENEWAL,2026-07-15
Cardinal Mutual,2026-06,191,CM-501832,Sara Mayer,1943-10-03,P-01365,5265799,4.20,RENEWAL,2026-07-15
Cardinal Mutual,2026-06,192,CM-553208,Mark Benson,1937-04-02,P-01368,33857966,26.25,RENEWAL,2026-07-15
Cardinal Mutual,2026-06,193,CM-178119,Jasmin Schroeder,1959-10-16,P-01372,43339391,52.50,NEW,2026-07-15
Cardinal Mutual,2026-06,194,CM-707730,Benjamin Aguirre,1936-01-26,P-01378,78490893,19.00,RENEWAL,2026-07-15
Cardinal Mutual,2026-06,195,CM-283659,Benjamin Aguirre,1936-01-26,P-01379,78490893,4.20,RENEWAL,2026-07-15
Cardinal Mutual,2026-06,196,CM-587365,Kristina Sheppard,1977-03-18,P-01386,32244663,22.00,NEW,2026-07-15
Cardinal Mutual,2026-06,197,CM-583744,Michael Kelly,1947-03-17,P-01390,13981052,52.50,NEW,2026-07-15
Cardinal Mutual,2026-06,198,CM-726077,Rachel Barrett,1940-06-18,P-01393,37231783,26.25,RENEWAL,2026-07-15
Cardinal Mutual,2026-06,199,CM-171461,James Sanford,1949-10-16,P-01400,97102525,26.25,RENEWAL,2026-07-15
Cardinal Mutual,2026-06,200,CM-349282,Jacob Taylor,1960-02-06,P-01405,74197857,26.25,RENEWAL,2026-07-15
Cardinal Mutual,2026-06,201,CM-803962,John Dickerson,1938-01-20,P-01420,37231783,52.50,NEW,2026-07-15
Cardinal Mutual,2026-06,202,CM-326253,Raymond Williams,1960-02-10,P-01421,43339391,52.50,NEW,2026-07-15
Cardinal Mutual,2026-06,203,CM-862473,Jessica Walker,1987-01-25,P-01424,43339391,19.00,RENEWAL,2026-07-15
Cardinal Mutual,2026-06,204,CM-152131,Jessica Walker,1987-01-25,P-01425,43339391,4.20,RENEWAL,2026-07-15
Cardinal Mutual,2026-06,205,CM-679035,Jamie Kline,1935-08-15,P-01439,7150444,38.00,NEW,2026-07-15
Cardinal Mutual,2026-06,206,CM-147465,Jamie Kline,1935-08-15,P-01440,7150444,8.40,NEW,2026-07-15
Cardinal Mutual,2026-06,207,CM-881021,Kaitlyn Jones,1942-11-11,P-01441,29898923,26.25,RENEWAL,2026-07-15
Cardinal Mutual,2026-06,208,CM-370677,Alec Evans,1940-06-07,P-01461,4356886,52.50,NEW,2026-07-15
Cardinal Mutual,2026-06,209,CM-935353,Jason Pennington,1954-07-19,P-01465,5265799,19.00,RENEWAL,2026-07-15
Cardinal Mutual,2026-06,210,CM-900735,Jason Pennington,1954-07-19,P-01466,5265799,4.20,RENEWAL,2026-07-15
Cardinal Mutual,2026-06,211,CM-851273,Riley Brown,1949-05-06,P-01469,90949389,26.25,RENEWAL,2026-07-15
Cardinal Mutual,2026-06,212,CM-213008,Anthony Gould,1949-04-08,P-01493,13981052,4.20,RENEWAL,2026-07-15
Cardinal Mutual,2026-06,213,CM-103778,Donna Cline,1941-12-09,P-01501,10583482,52.50,NEW,2026-07-15
Cardinal Mutual,2026-06,214,CM-978164,Nicholas Murphy,1951-09-11,P-01510,13981052,26.25,RENEWAL,2026-07-15
Cardinal Mutual,2026-06,215,CM-623277,Christopher Joyce,1939-05-24,P-01515,10583482,52.50,NEW,2026-07-15
Cardinal Mutual,2026-06,216,CM-221159,Alyssa Hart,1946-02-24,P-01516,10583482,26.25,RENEWAL,2026-07-15
Cardinal Mutual,2026-06,217,CM-798181,Gary Simmons,1936-04-11,P-01524,54100814,26.25,RENEWAL,2026-07-15
Cardinal Mutual,2026-06,218,CM-585731,George Norman,1957-08-28,P-01535,44524491,38.00,NEW,2026-07-15
Cardinal Mutual,2026-06,219,CM-297711,George Norman,1957-08-28,P-01536,44524491,8.40,NEW,2026-07-15
Cardinal Mutual,2026-06,220,CM-698120,Harry Wright,1949-09-15,P-01556,6831819,52.50,NEW,2026-07-15
Cardinal Mutual,2026-06,221,CM-566570,Matthew Horton,1935-05-09,P-01558,77125617,26.25,RENEWAL,2026-07-15
Cardinal Mutual,2026-06,222,CM-159250,Adam Stuart,1963-01-27,P-01563,54100814,22.00,NEW,2026-07-15
Cardinal Mutual,2026-06,223,CM-478101,Audrey Greene,1955-08-18,P-01564,10583482,8.40,NEW,2026-07-15
Cardinal Mutual,2026-06,224,CM-327751,Rebecca Roberts,1947-06-07,P-01579,11576383,26.25,RENEWAL,2026-07-15
Cardinal Mutual,2026-06,225,CM-295732,Wendy Martinez,1942-09-11,P-01585,11576383,52.50,NEW,2026-07-15
Cardinal Mutual,2026-06,226,CM-855829,Tamara Hawkins,1944-10-20,P-01594,7150444,26.25,RENEWAL,2026-07-15
Cardinal Mutual,2026-06,227,CM-649911,Richard Clark,1946-02-23,P-01600,1884412,4.20,RENEWAL,2026-07-15
Cardinal Mutual,2026-06,228,CM-315980,Susan Wolfe,1996-03-07,P-01636,11576383,22.00,NEW,2026-07-15
Cardinal Mutual,2026-06,229,CM-749415,Robert Vazquez,1980-02-23,P-01637,13981052,16.00,RENEWAL,2026-07-15
Cardinal Mutual,2026-06,231,CM-356752,Troy Thomas,1994-01-11,P-01645,29898923,16.00,RENEWAL,2026-07-15
Cardinal Mutual,2026-06,232,CM-724594,Michael Joseph,1950-09-24,P-01651,6831819,26.25,RENEWAL,2026-07-15
Cardinal Mutual,2026-06,233,CM-702327,Kimberly Joseph,1938-06-16,P-01652,6831819,26.25,RENEWAL,2026-07-15
Cardinal Mutual,2026-06,234,CM-155819,Kathy Smith,1956-05-30,P-01669,74197857,19.00,RENEWAL,2026-07-15
Cardinal Mutual,2026-06,235,CM-533768,Kathy Smith,1956-05-30,P-01670,74197857,4.20,RENEWAL,2026-07-15
Cardinal Mutual,2026-06,236,CM-676464,Andrew Bridges,1957-08-05,P-01676,61291817,26.25,RENEWAL,2026-07-15
Cardinal Mutual,2026-06,237,CM-362100,Amy Wells,1939-07-11,P-01705,11576383,52.50,NEW,2026-07-15
Cardinal Mutual,2026-06,238,CM-940368,Christopher Wells,1974-08-20,P-01706,11576383,16.00,RENEWAL,2026-07-15
Cardinal Mutual,2026-06,239,CM-693304,Eric Rodriguez,1956-01-10,P-01710,43339391,38.00,NEW,2026-07-15
Cardinal Mutual,2026-06,240,CM-721437,Eric Rodriguez,1956-01-10,P-01711,43339391,8.40,NEW,2026-07-15
Cardinal Mutual,2026-06,241,CM-983779,William Wells,1986-09-05,P-01719,10583482,22.00,NEW,2026-07-15
Cardinal Mutual,2026-06,242,CM-608974,Kristy Jones,1958-09-22,P-01720,4356886,4.20,RENEWAL,2026-07-15
Cardinal Mutual,2026-06,243,CM-867561,Jessica Lee,1942-02-27,P-01729,54100814,26.25,RENEWAL,2026-07-15
Cardinal Mutual,2026-06,245,CM-811999,Samantha Jacobs,1949-08-29,P-01733,54100814,8.40,NEW,2026-07-15
Cardinal Mutual,2026-06,246,CM-905021,Jonathan Burnett,1952-04-28,P-01739,44524491,26.25,RENEWAL,2026-07-15
Cardinal Mutual,2026-06,247,CM-588847,Daniel Brown,1944-03-01,P-01743,29898923,4.20,RENEWAL,2026-07-15
Cardinal Mutual,2026-06,248,CM-506284,Krista Armstrong,1950-10-18,P-01758,97102525,19.00,RENEWAL,2026-07-15
Cardinal Mutual,2026-06,250,CM-562445,Spencer Ford,1994-08-22,P-01762,77125617,16.00,RENEWAL,2026-07-15
Cardinal Mutual,2026-06,251,CM-444504,Eric Allen,1941-11-08,P-01797,1884412,26.25,RENEWAL,2026-07-15
Cardinal Mutual,2026-06,252,CM-691348,Marvin Williams,1937-12-16,P-01807,90949389,26.25,RENEWAL,2026-07-15
Cardinal Mutual,2026-06,253,CM-628700,Katie Meyer,1944-05-11,P-01827,61291817,26.25,RENEWAL,2026-07-15
Cardinal Mutual,2026-06,254,CM-400083,Jean Robinson,1954-11-18,P-01837,61855700,26.25,RENEWAL,2026-07-15
Cardinal Mutual,2026-06,255,CM-133716,Robert Martinez,1951-10-14,P-01839,99847493,26.25,RENEWAL,2026-07-15
Cardinal Mutual,2026-06,256,CM-905595,Gabriella Simon,1951-06-19,P-01840,29898923,26.25,RENEWAL,2026-07-15
Cardinal Mutual,2026-06,257,CM-769905,Daniel Villa,1975-07-09,P-01846,74197857,22.00,NEW,2026-07-15
Cardinal Mutual,2026-06,258,CM-715126,Susan Sanchez,1944-10-07,P-01849,29898923,26.25,RENEWAL,2026-07-15
Cardinal Mutual,2026-06,259,CM-308893,Shawna Francis,1935-03-19,P-01857,99847493,26.25,RENEWAL,2026-07-15
Cardinal Mutual,2026-06,260,CM-842847,Kristina Mason,1951-12-12,P-01880,77125617,52.50,NEW,2026-07-15
Cardinal Mutual,2026-06,261,CM-338728,Tina Carter,1943-08-22,P-01892,78490893,26.25,RENEWAL,2026-07-15
Cardinal Mutual,2026-06,262,CM-857561,Alicia Lee,1936-09-01,P-01898,54100814,52.50,NEW,2026-07-15
Cardinal Mutual,2026-06,263,CM-994680,Justin Kennedy,1963-01-19,P-01906,7150444,16.00,RENEWAL,2026-07-15
Cardinal Mutual,2026-06,264,CM-680361,Alexa Davis,1945-02-18,P-01921,11576383,26.25,RENEWAL,2026-07-15
Cardinal Mutual,2026-06,265,CM-224481,Michael Morrison,1935-08-09,P-01925,44524491,26.25,RENEWAL,2026-07-15
Cardinal Mutual,2026-06,266,CM-462637,Caitlyn Powers,1938-12-05,P-01942,78490893,26.25,RENEWAL,2026-07-15
Cardinal Mutual,2026-06,267,CM-198592,Jacqueline Vasquez,1950-11-03,P-01951,33857966,26.25,RENEWAL,2026-07-15
Cardinal Mutual,2026-06,268,CM-704618,Christopher Fernandez,1982-01-24,P-01953,7150444,22.00,NEW,2026-07-15
Cardinal Mutual,2026-06,269,CM-470011,Mary Fernandez,1986-09-13,P-01955,7150444,22.00,NEW,2026-07-15
Cardinal Mutual,2026-06,270,CM-733599,Mark Miller,1967-11-30,P-01973,33857966,19.00,RENEWAL,2026-07-15
Cardinal Mutual,2026-06,271,CM-932207,Mark Miller,1967-11-30,P-01974,33857966,4.20,RENEWAL,2026-07-15
Cardinal Mutual,2026-06,272,CM-980044,Patricia Rich,2002-04-01,P-01978,99847493,22.00,NEW,2026-07-15
Cardinal Mutual,2026-06,273,CM-576948,Michael Johnson,1941-01-20,P-01984,37231783,52.50,NEW,2026-07-15
Cardinal Mutual,2026-06,274,CM-658506,William Taylor,1988-04-03,P-01992,6831819,16.00,RENEWAL,2026-07-15
Cardinal Mutual,2026-06,275,CM-674105,Andrew Ford,1947-01-07,P-02002,4356886,4.20,RENEWAL,2026-07-15
Cardinal Mutual,2026-06,276,CM-466142,Jessica Daniel,1952-11-15,P-02015,33857966,13.12,RENEWAL,2026-07-15
Cardinal Mutual,2026-06,277,CM-449142,Jennifer Steele,1994-03-20,P-02018,74197857,16.00,RENEWAL,2026-07-15
Cardinal Mutual,2026-06,278,CM-498517,David Carlson,1952-12-17,P-02028,77125617,52.50,NEW,2026-07-15
Cardinal Mutual,2026-06,279,CM-652519,Monica Williams,1951-08-21,P-02043,13981052,19.00,RENEWAL,2026-07-15
Cardinal Mutual,2026-06,280,CM-203424,Monica Williams,1951-08-21,P-02044,13981052,4.20,RENEWAL,2026-07-15
Cardinal Mutual,2026-06,281,CM-701216,Erica Villarreal,1937-05-20,P-02045,5265799,38.00,NEW,2026-07-15
Cardinal Mutual,2026-06,282,CM-521828,Erica Villarreal,1937-05-20,P-02046,5265799,8.40,NEW,2026-07-15
Cardinal Mutual,2026-06,283,CM-637709,Rhonda Dawson,1967-04-07,P-02060,61291817,22.00,NEW,2026-07-15
Cardinal Mutual,2026-06,284,CM-738794,Andrew Miller,1984-11-02,P-02064,5265799,22.00,NEW,2026-07-15
Cardinal Mutual,2026-06,285,CM-516596,Scott Foster,1986-12-19,P-02088,29898923,22.00,NEW,2026-07-15
Cardinal Mutual,2026-06,286,CM-553541,Megan White,1950-05-27,P-02089,7150444,19.00,RENEWAL,2026-07-15
Cardinal Mutual,2026-06,287,CM-825690,Megan White,1950-05-27,P-02090,7150444,4.20,RENEWAL,2026-07-15
Cardinal Mutual,2026-06,288,CM-825584,Theresa Wright,1934-12-03,P-02093,44524491,26.25,RENEWAL,2026-07-15
Cardinal Mutual,2026-06,289,CM-736889,Joy Floyd,1956-05-12,P-02097,94702683,38.00,NEW,2026-07-15
Cardinal Mutual,2026-06,290,CM-465620,Joy Floyd,1956-05-12,P-02098,94702683,8.40,NEW,2026-07-15
Cardinal Mutual,2026-06,291,CM-753805,Angela Floyd,1944-11-16,P-02099,94702683,26.25,RENEWAL,2026-07-15
Cardinal Mutual,2026-06,292,CM-684711,Matthew Townsend,1952-02-22,P-02101,74197857,52.50,NEW,2026-07-15
Cardinal Mutual,2026-06,293,CM-967526,Emma Williams,1959-03-17,P-02112,11576383,52.50,NEW,2026-07-15
Cardinal Mutual,2026-06,294,CM-355296,Alexis Tran,1949-04-12,P-02121,77125617,26.25,RENEWAL,2026-07-15
Cardinal Mutual,2026-06,295,CM-605620,Benjamin Bennett,1965-09-06,P-02126,11576383,16.00,RENEWAL,2026-07-15
Cardinal Mutual,2026-06,296,CM-982758,Stephen Murray,1938-09-16,P-02140,99847493,19.00,RENEWAL,2026-07-15
Cardinal Mutual,2026-06,297,CM-773621,Stephen Murray,1938-09-16,P-02141,99847493,4.20,RENEWAL,2026-07-15
Cardinal Mutual,2026-06,298,CM-532632,Stephanie Ortiz,1958-12-19,P-02149,74197857,52.50,NEW,2026-07-15
Cardinal Mutual,2026-06,299,CM-942291,Valerie Davis,1942-08-07,P-02164,77125617,26.25,RENEWAL,2026-07-15
Cardinal Mutual,2026-06,300,CM-885844,Andrew Davis,1938-12-10,P-02166,77125617,52.50,NEW,2026-07-15
Cardinal Mutual,2026-06,301,CM-300793,Michael Williams,1946-07-03,P-02172,78490893,52.50,NEW,2026-07-15
Cardinal Mutual,2026-06,302,CM-849840,Denise Tate,1970-01-13,P-02205,97102525,26.25,RENEWAL,2026-07-15
Cardinal Mutual,2026-06,303,CM-608597,Brandy Curtis,1952-12-18,P-02229,7150444,26.25,RENEWAL,2026-07-15
Cardinal Mutual,2026-06,304,CM-533730,Kelli Bowman,1984-03-12,P-02241,97102525,26.25,RENEWAL,2026-07-15
Cardinal Mutual,2026-06,305,CM-957313,Jeremiah Casey,1936-02-29,P-02244,5265799,4.20,RENEWAL,2026-07-15
Cardinal Mutual,2026-06,306,CM-524323,Sydney Walker,1939-10-16,P-02248,32244663,52.50,NEW,2026-07-15
Cardinal Mutual,2026-06,307,CM-478820,Aaron Woods,1947-11-08,P-02261,6831819,26.25,RENEWAL,2026-07-15
Cardinal Mutual,2026-06,308,CM-289660,Kevin Reynolds,1943-05-26,P-02286,99847493,26.25,RENEWAL,2026-07-15
Cardinal Mutual,2026-06,309,CM-788967,David Sampson,1946-02-26,P-02308,4356886,26.25,RENEWAL,2026-07-15
Cardinal Mutual,2026-06,310,CM-437316,Michael Frost,1938-10-18,P-02312,61855700,26.25,RENEWAL,2026-07-15
Cardinal Mutual,2026-06,311,CM-718992,Patricia Caldwell,1966-12-30,P-02316,90949389,26.25,RENEWAL,2026-07-15
Cardinal Mutual,2026-06,312,CM-647959,Gerald Herring,1939-11-16,P-02329,94702683,26.25,RENEWAL,2026-07-15
Cardinal Mutual,2026-06,313,CM-495762,Alan Evans,1948-10-31,P-02330,33857966,26.25,RENEWAL,2026-07-15
Cardinal Mutual,2026-06,314,CM-879731,Daniel Robinson,1957-07-01,P-02338,6831819,26.25,RENEWAL,2026-07-15
Cardinal Mutual,2026-06,315,CM-102074,Cynthia Wagner,1935-10-24,P-02347,54100814,19.00,RENEWAL,2026-07-15
Cardinal Mutual,2026-06,316,CM-445909,Cynthia Wagner,1935-10-24,P-02348,54100814,4.20,RENEWAL,2026-07-15
Cardinal Mutual,2026-06,317,CM-586059,Crystal Combs,1947-07-17,P-02363,7150444,52.50,NEW,2026-07-15
Cardinal Mutual,2026-06,318,CM-784627,Danielle Sparks,1959-08-27,P-02365,7150444,38.00,NEW,2026-07-15
Cardinal Mutual,2026-06,319,CM-966780,Danielle Sparks,1959-08-27,P-02366,7150444,8.40,NEW,2026-07-15
Cardinal Mutual,2026-06,320,CM-938845,Kyle Green,1994-03-31,P-02381,99847493,22.00,NEW,2026-07-15
Cardinal Mutual,2026-06,321,CM-978271,Tara Rivas,1959-03-25,P-02382,33857966,26.25,RENEWAL,2026-07-15
Cardinal Mutual,2026-06,322,CM-489388,Karl Rivas,1987-12-18,P-02383,33857966,16.00,RENEWAL,2026-07-15
Cardinal Mutual,2026-06,323,CM-478796,Jessica Silva,1940-11-04,P-02403,5265799,52.50,NEW,2026-07-15
Cardinal Mutual,2026-06,324,CM-810052,Amanda Walters,1965-09-17,P-02425,4356886,16.00,RENEWAL,2026-07-15
Cardinal Mutual,2026-06,325,CM-477771,Brady Andrews,1939-05-06,P-02427,97102525,52.50,NEW,2026-07-15
Cardinal Mutual,2026-06,326,CM-227042,Lori Combs,1955-04-22,P-02432,43339391,26.25,RENEWAL,2026-07-15
Cardinal Mutual,2026-06,327,CM-836828,Jeffrey Nixon,1951-01-11,P-02433,1884412,8.40,NEW,2026-07-15
Cardinal Mutual,2026-06,328,CM-422328,Patrick Fox,1938-03-26,P-02444,13981052,26.25,RENEWAL,2026-07-15
Cardinal Mutual,2026-06,329,CM-520112,Kimberly Wheeler,1937-12-09,P-02445,33857966,26.25,RENEWAL,2026-07-15
Cardinal Mutual,2026-06,330,CM-651637,Kimberly Lopez,1934-05-21,P-02448,90949389,26.25,RENEWAL,2026-07-15
Cardinal Mutual,2026-06,331,CM-135179,Michael Wilcox,1962-08-08,P-02454,97102525,22.00,NEW,2026-07-15
Cardinal Mutual,2026-06,332,CM-900042,Richard Williams,1944-02-10,P-02459,61855700,26.25,RENEWAL,2026-07-15
Cardinal Mutual,2026-06,333,CM-805993,James Jennings,1946-06-28,P-02465,6831819,26.25,RENEWAL,2026-07-15
Cardinal Mutual,2026-06,334,CM-964045,Jordan Lopez,1939-09-23,P-02471,1884412,38.00,NEW,2026-07-15
Cardinal Mutual,2026-06,335,CM-761504,Jordan Lopez,1939-09-23,P-02472,1884412,8.40,NEW,2026-07-15
Cardinal Mutual,2026-06,336,CM-525693,Shawna Parks,1982-04-03,P-02480,6831819,22.00,NEW,2026-07-15
Cardinal Mutual,2026-06,337,CM-945979,Cassandra Bridges,1945-10-06,P-02493,32244663,52.50,NEW,2026-07-15
Cardinal Mutual,2026-06,338,CM-638311,Jennifer Miranda,1951-09-06,P-02498,74197857,52.50,NEW,2026-07-15
Cardinal Mutual,2026-06,339,CM-239025,Kevin Phillips,1940-04-12,P-02536,90949389,26.25,RENEWAL,2026-07-15
Cardinal Mutual,2026-06,340,CM-507856,Denise Huff,1949-08-08,P-02552,1884412,26.25,RENEWAL,2026-07-15
Cardinal Mutual,2026-06,341,CM-164729,Michelle White,1995-01-30,P-02564,97102525,22.00,NEW,2026-07-15
Cardinal Mutual,2026-06,342,CM-262079,David Bean,1960-07-06,P-02576,44524491,52.50,NEW,2026-07-15
Cardinal Mutual,2026-06,343,CM-941460,Emma Fuller,2001-03-23,P-02587,11576383,22.00,NEW,2026-07-15
Summit Health Plans,2026-06,2,SH-361989,James Wright,2001-10-20,P-00018,1884412,22.00,NEW,2026-07-15
Summit Health Plans,2026-06,3,SH-573209,Meghan Whitehead,1952-08-07,P-00030,32244663,19.00,RENEWAL,2026-07-15
Summit Health Plans,2026-06,4,SH-373812,Meghan Whitehead,1952-08-07,P-00031,32244663,4.20,RENEWAL,2026-07-15
Summit Health Plans,2026-06,5,SH-102871,Jamie Perry,1936-07-23,P-00055,13981052,52.50,NEW,2026-07-15
Summit Health Plans,2026-06,6,SH-616342,Anthony Rodriguez,1959-06-09,P-00063,90949389,52.50,NEW,2026-07-15
Summit Health Plans,2026-06,7,SH-789461,Mitchell Reed,1945-10-29,P-00065,77125617,52.50,NEW,2026-07-15
Summit Health Plans,2026-06,8,SH-286450,Melissa Adams,1952-03-12,P-00066,37231783,26.25,RENEWAL,2026-07-15
Summit Health Plans,2026-06,9,SH-292800,Jeffrey Davis,1956-07-11,P-00070,97102525,26.25,RENEWAL,2026-07-15
Summit Health Plans,2026-06,10,SH-690982,Kathryn Johnston,1954-11-04,P-00086,54100814,19.00,RENEWAL,2026-07-15
Summit Health Plans,2026-06,11,SH-571023,Kathryn Johnston,1954-11-04,P-00087,54100814,4.20,RENEWAL,2026-07-15
Summit Health Plans,2026-06,12,SH-907369,Julie Lee,1946-03-09,P-00099,44524491,4.20,RENEWAL,2026-07-15
Summit Health Plans,2026-06,13,SH-856027,Benjamin Banks,1943-07-11,P-00119,5265799,19.00,RENEWAL,2026-07-15
Summit Health Plans,2026-06,14,SH-902930,Benjamin Banks,1943-07-11,P-00120,5265799,4.20,RENEWAL,2026-07-15
Summit Health Plans,2026-06,15,SH-100205,Mark Kane,1949-04-23,P-00124,10583482,52.50,NEW,2026-07-15
Summit Health Plans,2026-06,16,SH-198867,Dylan Kane,1941-09-23,P-00125,10583482,19.00,RENEWAL,2026-07-15
Summit Health Plans,2026-06,17,SH-484914,Dylan Kane,1941-09-23,P-00126,10583482,4.20,RENEWAL,2026-07-15
Summit Health Plans,2026-06,18,SH-859246,Courtney Jones,1966-09-02,P-00153,97102525,22.00,NEW,2026-07-15
Summit Health Plans,2026-06,19,SH-565198,Wendy Valentine,1995-10-07,P-00161,90949389,16.00,RENEWAL,2026-07-15
Summit Health Plans,2026-06,20,SH-188501,John Young,1968-07-16,P-00176,4356886,22.00,NEW,2026-07-15
Summit Health Plans,2026-06,21,SH-580255,Matthew Winters,1991-01-08,P-00203,54100814,22.00,NEW,2026-07-15
Summit Health Plans,2026-06,22,SH-890795,Sue Roberts,1974-07-18,P-00205,29898923,4.20,RENEWAL,2026-07-15
Summit Health Plans,2026-06,23,SH-268356,Richard Morrison,2004-08-16,P-00217,5265799,16.00,RENEWAL,2026-07-15
Summit Health Plans,2026-06,24,SH-575244,Mark Garcia,1942-08-14,P-00232,13981052,52.50,NEW,2026-07-15
Summit Health Plans,2026-06,25,SH-193520,Katelyn Davenport,1951-12-02,P-00253,6831819,26.25,RENEWAL,2026-07-15
Summit Health Plans,2026-06,26,SH-811634,Melanie Nielsen,1942-03-15,P-00261,61855700,19.00,RENEWAL,2026-07-15
Summit Health Plans,2026-06,27,SH-653971,Melanie Nielsen,1942-03-15,P-00262,61855700,4.20,RENEWAL,2026-07-15
Summit Health Plans,2026-06,28,SH-559094,Kyle Owens,1983-09-08,P-00267,4356886,22.00,NEW,2026-07-15
Summit Health Plans,2026-06,29,SH-647098,Harry Barrett,1939-02-17,P-00277,74197857,19.00,RENEWAL,2026-07-15
Summit Health Plans,2026-06,30,SH-119895,Harry Barrett,1939-02-17,P-00278,74197857,4.20,RENEWAL,2026-07-15
Summit Health Plans,2026-06,31,SH-185090,Bryan Snyder,1996-11-05,P-00286,6831819,22.00,NEW,2026-07-15
Summit Health Plans,2026-06,32,SH-351815,Kevin Flores,1949-02-18,P-00299,11576383,52.50,NEW,2026-07-15
Summit Health Plans,2026-06,33,SH-295760,Christine Wilkinson,1998-10-21,P-00309,5265799,22.00,NEW,2026-07-15
Summit Health Plans,2026-06,34,SH-626883,Joshua Carter,1956-02-12,P-00311,74197857,26.25,RENEWAL,2026-07-15
Summit Health Plans,2026-06,35,SH-868862,Karen Greer,1953-01-05,P-00312,29898923,26.25,RENEWAL,2026-07-15
Summit Health Plans,2026-06,36,SH-259038,Patricia Kramer,1968-03-20,P-00320,97102525,52.50,NEW,2026-07-15
Summit Health Plans,2026-06,37,SH-869584,Michael Garcia,1960-08-03,P-00327,32244663,52.50,NEW,2026-07-15
Summit Health Plans,2026-06,38,SH-915509,Garrett Brown,1945-07-02,P-00340,78490893,8.40,NEW,2026-07-15
Summit Health Plans,2026-06,39,SH-681667,Sarah Reyes,1933-10-08,P-00342,44524491,19.00,RENEWAL,2026-07-15
Summit Health Plans,2026-06,40,SH-235073,Sarah Reyes,1933-10-08,P-00343,44524491,4.20,RENEWAL,2026-07-15
Summit Health Plans,2026-06,41,SH-794804,David Duncan,1964-05-02,P-00344,61291817,26.25,RENEWAL,2026-07-15
Summit Health Plans,2026-06,42,SH-215063,Heidi Mckenzie,1962-07-28,P-00358,61855700,16.00,RENEWAL,2026-07-15
Summit Health Plans,2026-06,43,SH-835005,Richard Johnson,1939-04-09,P-00359,4356886,8.40,NEW,2026-07-15
Summit Health Plans,2026-06,44,SH-478083,Maria Stein,1958-10-28,P-00362,77125617,38.00,NEW,2026-07-15
Summit Health Plans,2026-06,45,SH-349825,Maria Stein,1958-10-28,P-00363,77125617,8.40,NEW,2026-07-15
Summit Health Plans,2026-06,46,SH-234041,Joshua Lopez,1957-09-10,P-00364,61291817,19.00,RENEWAL,2026-07-15
Summit Health Plans,2026-06,47,SH-483791,Joshua Lopez,1957-09-10,P-00365,61291817,4.20,RENEWAL,2026-07-15
Summit Health Plans,2026-06,48,SH-614345,Paul Shaw,1940-08-08,P-00371,97102525,52.50,NEW,2026-07-15
Summit Health Plans,2026-06,49,SH-482986,James Smith,1947-05-30,P-00380,78490893,8.40,NEW,2026-07-15
Summit Health Plans,2026-06,50,SH-648706,Brandon Le,1948-01-31,P-00386,7150444,19.00,RENEWAL,2026-07-15
Summit Health Plans,2026-06,51,SH-455488,Brandon Le,1948-01-31,P-00387,7150444,4.20,RENEWAL,2026-07-15
Summit Health Plans,2026-06,53,SH-932673,Haley Curry,1940-05-04,P-00407,29898923,38.00,NEW,2026-07-15
Summit Health Plans,2026-06,54,SH-544320,Haley Curry,1940-05-04,P-00408,29898923,8.40,NEW,2026-07-15
Summit Health Plans,2026-06,55,SH-143096,Richard Hull,1947-03-31,P-00429,43339391,4.20,RENEWAL,2026-07-15
Summit Health Plans,2026-06,56,SH-652150,Gina Harris,1986-08-19,P-00435,29898923,22.00,NEW,2026-07-15
Summit Health Plans,2026-06,57,SH-130955,Tina Barber,1948-08-28,P-00443,44524491,26.25,RENEWAL,2026-07-15
Summit Health Plans,2026-06,58,SH-434347,Tyler West,1953-05-05,P-00452,10583482,26.25,RENEWAL,2026-07-15
Summit Health Plans,2026-06,59,SH-547191,Stephanie Barrett,1952-09-23,P-00459,6831819,26.25,RENEWAL,2026-07-15
Summit Health Plans,2026-06,60,SH-734960,Brandi Hart,1991-02-14,P-00464,11576383,22.00,NEW,2026-07-15
Summit Health Plans,2026-06,61,SH-364266,Melissa Robles,1942-08-07,P-00484,32244663,26.25,RENEWAL,2026-07-15
Summit Health Plans,2026-06,62,SH-849181,Andrea Murray,1985-11-15,P-00487,54100814,26.25,RENEWAL,2026-07-15
Summit Health Plans,2026-06,63,SH-186847,Kimberly Kennedy,1951-11-16,P-00496,99847493,26.25,RENEWAL,2026-07-15
Summit Health Plans,2026-06,64,SH-405998,Melissa King,1937-01-19,P-00519,4356886,38.00,NEW,2026-07-15
Summit Health Plans,2026-06,65,SH-131000,Melissa King,1937-01-19,P-00520,4356886,8.40,NEW,2026-07-15
Summit Health Plans,2026-06,66,SH-998541,Austin Rose,2000-03-01,P-00556,61291817,16.00,RENEWAL,2026-07-15
Summit Health Plans,2026-06,67,SH-415734,Michael Collins,1948-11-21,P-00557,44524491,26.25,RENEWAL,2026-07-15
Summit Health Plans,2026-06,68,SH-194825,Jeff Boyer,1936-07-11,P-00569,94702683,26.25,RENEWAL,2026-07-15
Summit Health Plans,2026-06,69,SH-194940,Eric Barker,1945-04-05,P-00570,6831819,26.25,RENEWAL,2026-07-15
Summit Health Plans,2026-06,70,SH-586032,Christian Cross,1971-06-07,P-00594,13981052,22.00,NEW,2026-07-15
Summit Health Plans,2026-06,71,SH-973346,Alice Brown,1953-06-12,P-00595,6831819,19.00,RENEWAL,2026-07-15
Summit Health Plans,2026-06,72,SH-327727,Alice Brown,1953-06-12,P-00596,6831819,4.20,RENEWAL,2026-07-15
Summit Health Plans,2026-06,73,SH-440124,Derrick Long,1948-10-09,P-00609,74197857,26.25,RENEWAL,2026-07-15
Summit Health Plans,2026-06,74,SH-866964,George Williams,1967-10-12,P-00628,4356886,22.00,NEW,2026-07-15
Summit Health Plans,2026-06,75,SH-964745,Donna Robinson,1952-07-23,P-00632,1884412,26.25,RENEWAL,2026-07-15
Summit Health Plans,2026-06,76,SH-170064,Susan Foster,1963-06-23,P-00644,54100814,16.00,RENEWAL,2026-07-15
Summit Health Plans,2026-06,77,SH-470725,Brooke Mcdaniel,1956-10-15,P-00653,99847493,26.25,RENEWAL,2026-07-15
Summit Health Plans,2026-06,78,SH-816469,Emily Mejia,1936-03-21,P-00658,74197857,26.25,RENEWAL,2026-07-15
Summit Health Plans,2026-06,79,SH-859356,Joseph Mejia,1954-04-24,P-00659,74197857,26.25,RENEWAL,2026-07-15
Summit Health Plans,2026-06,81,SH-215213,Lance Davis,1955-05-15,P-00662,54100814,26.25,RENEWAL,2026-07-15
Summit Health Plans,2026-06,82,SH-490192,Ann Smith,1957-04-29,P-00670,61291817,26.25,RENEWAL,2026-07-15
Summit Health Plans,2026-06,83,SH-247158,William Harrison,1946-06-25,P-00679,54100814,52.50,NEW,2026-07-15
Summit Health Plans,2026-06,84,SH-975353,Veronica Williams,1936-12-03,P-00681,37231783,19.00,RENEWAL,2026-07-15
Summit Health Plans,2026-06,85,SH-783728,Veronica Williams,1936-12-03,P-00682,37231783,4.20,RENEWAL,2026-07-15
Summit Health Plans,2026-06,86,SH-678399,Emma Murray,1946-06-27,P-00687,10583482,26.25,RENEWAL,2026-07-15
Summit Health Plans,2026-06,87,SH-443279,Stephanie Fernandez,1951-10-30,P-00699,7150444,26.25,RENEWAL,2026-07-15
Summit Health Plans,2026-06,88,SH-174357,Corey Nguyen,1944-09-25,P-00723,33857966,26.25,RENEWAL,2026-07-15
Summit Health Plans,2026-06,89,SH-221455,George Ellis,1955-06-12,P-00727,78490893,52.50,NEW,2026-07-15
Summit Health Plans,2026-06,90,SH-968235,Brandy Hudson,1947-09-16,P-00732,10583482,38.00,NEW,2026-07-15
Summit Health Plans,2026-06,91,SH-249376,Brandy Hudson,1947-09-16,P-00733,10583482,8.40,NEW,2026-07-15
Summit Health Plans,2026-06,92,SH-903724,Jamie Johnston,1981-04-08,P-00736,7150444,22.00,NEW,2026-07-15
Summit Health Plans,2026-06,93,SH-207309,Stacey Wiggins,1948-02-04,P-00745,33857966,19.00,RENEWAL,2026-07-15
Summit Health Plans,2026-06,94,SH-279956,Stacey Wiggins,1948-02-04,P-00746,33857966,4.20,RENEWAL,2026-07-15
Summit Health Plans,2026-06,95,SH-435666,Christopher Griffin,1946-05-14,P-00752,78490893,26.25,RENEWAL,2026-07-15
Summit Health Plans,2026-06,96,SH-507976,Ronald Baldwin,1936-12-11,P-00755,11576383,26.25,RENEWAL,2026-07-15
Summit Health Plans,2026-06,97,SH-467093,Thomas Burton,1959-03-22,P-00765,1884412,26.25,RENEWAL,2026-07-15
Summit Health Plans,2026-06,98,SH-435757,Michael Howard,1990-07-08,P-00769,74197857,16.00,RENEWAL,2026-07-15
Summit Health Plans,2026-06,99,SH-498978,James Matthews,1934-12-20,P-00780,90949389,52.50,NEW,2026-07-15
Summit Health Plans,2026-06,100,SH-322311,Ellen Matthews,1960-06-14,P-00781,90949389,52.50,NEW,2026-07-15
Summit Health Plans,2026-06,101,SH-961627,Cristian Garza,1950-09-12,P-00791,99847493,52.50,NEW,2026-07-15
Summit Health Plans,2026-06,102,SH-558116,Katie Hubbard,1939-08-01,P-00792,78490893,4.20,RENEWAL,2026-07-15
Summit Health Plans,2026-06,103,SH-388586,Peter Hunter,1999-03-18,P-00800,13981052,16.00,RENEWAL,2026-07-15
Summit Health Plans,2026-06,104,SH-386890,Steven Nguyen,1952-02-01,P-00804,44524491,26.25,RENEWAL,2026-07-15
Summit Health Plans,2026-06,105,SH-723427,Michelle Nguyen,1969-03-02,P-00806,44524491,22.00,NEW,2026-07-15
Summit Health Plans,2026-06,106,SH-865929,Meghan Walters,1957-12-31,P-00820,29898923,52.50,NEW,2026-07-15
Summit Health Plans,2026-06,107,SH-462115,David Young,1934-07-19,P-00825,77125617,26.25,RENEWAL,2026-07-15
Summit Health Plans,2026-06,108,SH-348247,Stacy Walker,1943-11-11,P-00836,97102525,26.25,RENEWAL,2026-07-15
Summit Health Plans,2026-06,109,SH-193280,Deborah Aguilar,1959-08-30,P-00842,1884412,26.25,RENEWAL,2026-07-15
Summit Health Plans,2026-06,110,SH-533276,Jorge Page,1984-10-09,P-00846,1884412,16.00,RENEWAL,2026-07-15
Summit Health Plans,2026-06,111,SH-448431,Lawrence Page,1947-04-08,P-00847,1884412,52.50,NEW,2026-07-15
Summit Health Plans,2026-06,112,SH-716862,Leslie Stafford,1958-02-04,P-00848,1884412,4.20,RENEWAL,2026-07-15
Summit Health Plans,2026-06,113,SH-129349,Jessica West,1990-08-23,P-00878,77125617,22.00,NEW,2026-07-15
Summit Health Plans,2026-06,114,SH-392930,Sydney Lloyd,1953-08-09,P-00884,13981052,26.25,RENEWAL,2026-07-15
Summit Health Plans,2026-06,115,SH-824765,William Peterson,1935-05-28,P-00888,97102525,26.25,RENEWAL,2026-07-15
Summit Health Plans,2026-06,116,SH-788758,Nicole Rowe,1960-01-27,P-00894,10583482,4.20,RENEWAL,2026-07-15
Summit Health Plans,2026-06,117,SH-719639,Pamela Johnson,1942-08-25,P-00895,78490893,26.25,RENEWAL,2026-07-15
Summit Health Plans,2026-06,118,SH-513351,Cory Scott,1943-06-07,P-00918,13981052,19.00,RENEWAL,2026-07-15
Summit Health Plans,2026-06,119,SH-631767,Cory Scott,1943-06-07,P-00919,13981052,4.20,RENEWAL,2026-07-15
Summit Health Plans,2026-06,120,SH-622199,Richard Torres,1948-01-16,P-00923,4356886,26.25,RENEWAL,2026-07-15
Summit Health Plans,2026-06,121,SH-893023,Gregory Carey,1960-04-20,P-00932,1884412,52.50,NEW,2026-07-15
Summit Health Plans,2026-06,122,SH-381141,Amanda Braun,1946-06-19,P-00938,32244663,19.00,RENEWAL,2026-07-15
Summit Health Plans,2026-06,123,SH-543601,Amanda Braun,1946-06-19,P-00939,32244663,4.20,RENEWAL,2026-07-15
Summit Health Plans,2026-06,124,SH-660612,Veronica Beard,1980-05-06,P-00942,13981052,16.00,RENEWAL,2026-07-15
Summit Health Plans,2026-06,125,SH-506221,Christopher Riley,1953-09-24,P-00945,54100814,52.50,NEW,2026-07-15
Summit Health Plans,2026-06,126,SH-279274,Timothy Kelly,1987-10-30,P-00952,61291817,52.50,NEW,2026-07-15
Summit Health Plans,2026-06,127,SH-217614,Nancy Murphy,1947-12-05,P-00959,99847493,26.25,RENEWAL,2026-07-15
Summit Health Plans,2026-06,128,SH-404621,Nicholas Aguirre,1990-10-16,P-00960,10583482,22.00,NEW,2026-07-15
Summit Health Plans,2026-06,129,SH-788590,Matthew Dyer,1954-01-04,P-00963,90949389,26.25,RENEWAL,2026-07-15
Summit Health Plans,2026-06,130,SH-331746,Jason Dyer,1965-07-08,P-00965,90949389,22.00,NEW,2026-07-15
Summit Health Plans,2026-06,131,SH-928221,Alicia White,1941-09-01,P-00971,78490893,4.20,RENEWAL,2026-07-15
Summit Health Plans,2026-06,132,SH-383480,Briana Crosby,1968-02-02,P-00990,29898923,26.25,RENEWAL,2026-07-15
Summit Health Plans,2026-06,133,SH-437276,Nicholas Mcfarland,1988-10-26,P-00999,1884412,22.00,NEW,2026-07-15
Summit Health Plans,2026-06,134,SH-635441,Janet Gordon,1939-06-30,P-01009,97102525,4.20,RENEWAL,2026-07-15
Summit Health Plans,2026-06,135,SH-907852,Micheal Reid,1950-09-23,P-01026,94702683,26.25,RENEWAL,2026-07-15
Summit Health Plans,2026-06,136,SH-328472,Raymond Conrad,1954-02-13,P-01032,6831819,52.50,NEW,2026-07-15
Summit Health Plans,2026-06,137,SH-379069,Abigail Bennett,1943-06-04,P-01036,10583482,19.00,RENEWAL,2026-07-15
Summit Health Plans,2026-06,138,SH-163491,Abigail Bennett,1943-06-04,P-01037,10583482,4.20,RENEWAL,2026-07-15
Summit Health Plans,2026-06,139,SH-514326,Aaron Marks,1991-04-06,P-01042,94702683,22.00,NEW,2026-07-15
Summit Health Plans,2026-06,140,SH-724214,Sheryl Sanchez,1941-03-14,P-01047,54100814,26.25,RENEWAL,2026-07-15
Summit Health Plans,2026-06,141,SH-160114,Rodney Lee,1945-09-10,P-01051,5265799,26.25,RENEWAL,2026-07-15
Summit Health Plans,2026-06,142,SH-419966,Justin Hernandez,1943-07-06,P-01052,6831819,38.00,NEW,2026-07-15
Summit Health Plans,2026-06,143,SH-184046,Justin Hernandez,1943-07-06,P-01053,6831819,8.40,NEW,2026-07-15
Summit Health Plans,2026-06,144,SH-381719,David Wilson,2003-07-07,P-01063,33857966,22.00,NEW,2026-07-15
Summit Health Plans,2026-06,145,SH-561406,Tina York,1933-12-18,P-01071,32244663,26.25,RENEWAL,2026-07-15
Summit Health Plans,2026-06,146,SH-537206,Jacqueline Klein,1944-03-07,P-01087,94702683,26.25,RENEWAL,2026-07-15
Summit Health Plans,2026-06,148,SH-112957,Tyler Williams,1949-03-22,P-01089,74197857,4.20,RENEWAL,2026-07-15
Summit Health Plans,2026-06,149,SH-502385,Michael Rodriguez,1950-12-17,P-01091,54100814,26.25,RENEWAL,2026-07-15
Summit Health Plans,2026-06,150,SH-643781,Jennifer Rodriguez,1962-10-09,P-01092,54100814,16.00,RENEWAL,2026-07-15
Summit Health Plans,2026-06,151,SH-537805,Alicia James,1935-09-11,P-01103,4356886,52.50,NEW,2026-07-15
Summit Health Plans,2026-06,152,SH-861695,Kevin Cox,1947-12-19,P-01106,78490893,26.25,RENEWAL,2026-07-15
Summit Health Plans,2026-06,153,SH-244564,Nathan Rice,1937-08-25,P-01107,10583482,52.50,NEW,2026-07-15
Summit Health Plans,2026-06,154,SH-434519,James Mayo,1934-06-28,P-01111,11576383,19.00,RENEWAL,2026-07-15
Summit Health Plans,2026-06,155,SH-445377,James Mayo,1934-06-28,P-01112,11576383,4.20,RENEWAL,2026-07-15
Summit Health Plans,2026-06,156,SH-125691,Eric Rivera,1951-08-28,P-01134,90949389,19.00,RENEWAL,2026-07-15
Summit Health Plans,2026-06,157,SH-820055,Eric Rivera,1951-08-28,P-01135,90949389,4.20,RENEWAL,2026-07-15
Summit Health Plans,2026-06,158,SH-160282,Vicki Vasquez,1936-04-01,P-01138,7150444,13.12,RENEWAL,2026-07-15
Summit Health Plans,2026-06,159,SH-856688,Devon Guzman,1971-02-20,P-01146,33857966,22.00,NEW,2026-07-15
Summit Health Plans,2026-06,160,SH-871693,Laura Johnson,1944-09-30,P-01165,44524491,26.25,RENEWAL,2026-07-15
Summit Health Plans,2026-06,161,SH-773515,Lindsey Brown,1965-10-23,P-01176,61855700,22.00,NEW,2026-07-15
Summit Health Plans,2026-06,162,SH-642138,Alejandro Price,1959-03-25,P-01179,29898923,26.25,RENEWAL,2026-07-15
Summit Health Plans,2026-06,163,SH-296631,Daniel Camacho,1942-10-31,P-01195,1884412,4.20,RENEWAL,2026-07-15
Summit Health Plans,2026-06,164,SH-476321,Robert Pope,1949-04-12,P-01197,43339391,26.25,RENEWAL,2026-07-15
Summit Health Plans,2026-06,165,SH-887804,Lisa Owens,1956-07-01,P-01201,61291817,26.25,RENEWAL,2026-07-15
Summit Health Plans,2026-06,166,SH-352065,Rhonda Travis,1974-07-01,P-01208,97102525,16.00,RENEWAL,2026-07-15
Summit Health Plans,2026-06,167,SH-541157,Shaun Cruz,1997-11-21,P-01216,32244663,22.00,NEW,2026-07-15
Summit Health Plans,2026-06,168,SH-314431,John Mcgee,1934-03-01,P-01218,6831819,26.25,RENEWAL,2026-07-15
Summit Health Plans,2026-06,169,SH-665306,Brianna Bailey,1934-03-18,P-01233,5265799,26.25,RENEWAL,2026-07-15
Summit Health Plans,2026-06,170,SH-159626,Kevin Gonzalez,1950-05-11,P-01246,74197857,26.25,RENEWAL,2026-07-15
Summit Health Plans,2026-06,171,SH-948866,Kenneth Gonzalez,1971-12-02,P-01247,74197857,16.00,RENEWAL,2026-07-15
Summit Health Plans,2026-06,172,SH-708992,Brenda Lin,1947-02-22,P-01252,44524491,26.25,RENEWAL,2026-07-15
Summit Health Plans,2026-06,173,SH-410783,Sharon Ball,1966-01-30,P-01253,94702683,16.00,RENEWAL,2026-07-15
Summit Health Plans,2026-06,174,SH-515741,Linda Ball,1943-03-26,P-01254,94702683,26.25,RENEWAL,2026-07-15
Summit Health Plans,2026-06,175,SH-382874,Brian Wallace,2003-09-03,P-01255,74197857,22.00,NEW,2026-07-15
Summit Health Plans,2026-06,176,SH-162086,Manuel Mclean,1949-02-27,P-01269,32244663,26.25,RENEWAL,2026-07-15
Summit Health Plans,2026-06,177,SH-722543,Michael Hudson,1939-02-04,P-01274,37231783,26.25,NEW,2026-07-15
Summit Health Plans,2026-06,178,SH-610996,Carolyn Hall,1976-02-22,P-01275,94702683,16.00,RENEWAL,2026-07-15
Summit Health Plans,2026-06,179,SH-729389,Cheyenne George,1949-06-03,P-01280,13981052,26.25,RENEWAL,2026-07-15
Summit Health Plans,2026-06,180,SH-991930,Donna Keller,1959-05-30,P-01293,11576383,8.40,NEW,2026-07-15
Summit Health Plans,2026-06,181,SH-550572,Mackenzie Watson,1996-12-24,P-01308,4356886,22.00,NEW,2026-07-15
Summit Health Plans,2026-06,182,SH-207614,Rhonda Conrad,1937-11-07,P-01309,33857966,38.00,NEW,2026-07-15
Summit Health Plans,2026-06,183,SH-539176,Rhonda Conrad,1937-11-07,P-01310,33857966,8.40,NEW,2026-07-15
Summit Health Plans,2026-06,184,SH-377837,Christopher Mitchell,1957-02-15,P-01320,78490893,26.25,RENEWAL,2026-07-15
Summit Health Plans,2026-06,185,SH-234370,Jennifer Smith,1937-05-23,P-01347,74197857,26.25,RENEWAL,2026-07-15
Summit Health Plans,2026-06,186,SH-395634,Wendy Fitzpatrick,2005-01-27,P-01375,32244663,22.00,NEW,2026-07-15
Summit Health Plans,2026-06,187,SH-455335,Steven Wilson,1937-08-21,P-01383,78490893,26.25,RENEWAL,2026-07-15
Summit Health Plans,2026-06,188,SH-719285,Katie Sheppard,1981-09-29,P-01385,32244663,16.00,RENEWAL,2026-07-15
Summit Health Plans,2026-06,189,SH-599497,Maria Gordon,1952-05-03,P-01392,90949389,26.25,RENEWAL,2026-07-15
Summit Health Plans,2026-06,190,SH-813085,Marcus Barrett,1937-09-15,P-01395,37231783,52.50,NEW,2026-07-15
Summit Health Plans,2026-06,191,SH-914466,Richard Burke,1955-07-31,P-01398,44524491,26.25,RENEWAL,2026-07-15
Summit Health Plans,2026-06,192,SH-835663,Sherri Sanford,1942-03-30,P-01399,97102525,26.25,RENEWAL,2026-07-15
Summit Health Plans,2026-06,193,SH-467418,Holly Mcdaniel,1951-10-28,P-01403,29898923,26.25,RENEWAL,2026-07-15
Summit Health Plans,2026-06,194,SH-949927,Tracy Jones,1956-06-02,P-01404,33857966,26.25,RENEWAL,2026-07-15
Summit Health Plans,2026-06,195,SH-732921,Susan Johnson,1935-11-06,P-01406,97102525,19.00,RENEWAL,2026-07-15
Summit Health Plans,2026-06,196,SH-215676,Susan Johnson,1935-11-06,P-01407,97102525,4.20,RENEWAL,2026-07-15
Summit Health Plans,2026-06,197,SH-938072,Howard Williams,1993-12-02,P-01422,43339391,26.25,RENEWAL,2026-07-15
Summit Health Plans,2026-06,198,SH-649459,Cheryl Walker,1944-10-04,P-01423,43339391,26.25,RENEWAL,2026-07-15
Summit Health Plans,2026-06,199,SH-204251,Julie Miller,1947-03-10,P-01428,7150444,52.50,NEW,2026-07-15
Summit Health Plans,2026-06,200,SH-424907,Veronica Manning,1991-12-16,P-01430,90949389,22.00,NEW,2026-07-15
Summit Health Plans,2026-06,201,SH-561707,Dawn Compton,1936-12-19,P-01451,29898923,4.20,RENEWAL,2026-07-15
Summit Health Plans,2026-06,202,SH-580778,Susan Forbes,1942-02-06,P-01480,74197857,19.00,RENEWAL,2026-07-15
Summit Health Plans,2026-06,203,SH-766495,Susan Forbes,1942-02-06,P-01481,74197857,4.20,RENEWAL,2026-07-15
Summit Health Plans,2026-06,204,SH-427819,Christopher Mathis,1956-12-26,P-01484,1884412,26.25,RENEWAL,2026-07-15
Summit Health Plans,2026-06,205,SH-431667,Kelly Preston,1992-04-28,P-01489,4356886,22.00,NEW,2026-07-15
Summit Health Plans,2026-06,206,SH-519861,Daniel Scott,1959-09-17,P-01496,7150444,26.25,RENEWAL,2026-07-15
Summit Health Plans,2026-06,207,SH-220067,Stephen Scott,1946-11-06,P-01497,7150444,26.25,RENEWAL,2026-07-15
Summit Health Plans,2026-06,208,SH-935346,Colleen Torres,1959-02-21,P-01502,29898923,38.00,NEW,2026-07-15
Summit Health Plans,2026-06,209,SH-841808,Colleen Torres,1959-02-21,P-01503,29898923,8.40,NEW,2026-07-15
Summit Health Plans,2026-06,210,SH-102897,Craig Jackson,1955-05-20,P-01505,44524491,26.25,RENEWAL,2026-07-15
Summit Health Plans,2026-06,211,SH-747782,Michael Anderson,1937-09-04,P-01508,61855700,13.12,RENEWAL,2026-07-15
Summit Health Plans,2026-06,212,SH-648731,Robert Brown,1951-04-07,P-01521,10583482,26.25,RENEWAL,2026-07-15
Summit Health Plans,2026-06,213,SH-232934,Alexandria Meyer,1995-09-23,P-01523,32244663,16.00,RENEWAL,2026-07-15
Summit Health Plans,2026-06,214,SH-582591,Mark Conway,1940-10-08,P-01528,94702683,52.50,NEW,2026-07-15
Summit Health Plans,2026-06,215,SH-791258,Daniel Williams,1979-01-11,P-01529,90949389,26.25,RENEWAL,2026-07-15
Summit Health Plans,2026-06,216,SH-919701,Katherine Fowler,1964-06-02,P-01539,13981052,16.00,RENEWAL,2026-07-15
Summit Health Plans,2026-06,217,SH-243576,Barbara Stone,1955-11-03,P-01546,33857966,52.50,NEW,2026-07-15
Summit Health Plans,2026-06,218,SH-325203,Steve Copeland,1959-12-11,P-01548,77125617,52.50,NEW,2026-07-15
Summit Health Plans,2026-06,219,SH-873905,Stacey Hudson,1938-01-24,P-01549,90949389,26.25,RENEWAL,2026-07-15
Summit Health Plans,2026-06,220,SH-130803,Katherine Wright,1981-10-30,P-01555,6831819,22.00,NEW,2026-07-15
Summit Health Plans,2026-06,221,SH-964605,Elizabeth Garcia,1952-07-27,P-01571,54100814,26.25,RENEWAL,2026-07-15
Summit Health Plans,2026-06,222,SH-804779,Holly Townsend,1938-07-19,P-01575,94702683,26.25,RENEWAL,2026-07-15
Summit Health Plans,2026-06,223,SH-693535,Renee Banks,1937-12-20,P-01598,61291817,52.50,NEW,2026-07-15
Summit Health Plans,2026-06,224,SH-165555,Pamela Morgan,1945-07-26,P-01603,54100814,4.20,RENEWAL,2026-07-15
Summit Health Plans,2026-06,225,SH-830120,Sean Thomas,1937-01-05,P-01610,97102525,26.25,RENEWAL,2026-07-15
Summit Health Plans,2026-06,226,SH-844825,Barry James,1943-08-16,P-01622,44524491,26.25,RENEWAL,2026-07-15
Summit Health Plans,2026-06,227,SH-750588,Jacob House,1939-03-14,P-01628,78490893,26.25,RENEWAL,2026-07-15
Summit Health Plans,2026-06,228,SH-821273,Tyler Erickson,1945-02-04,P-01629,5265799,26.25,RENEWAL,2026-07-15
Summit Health Plans,2026-06,229,SH-429489,Catherine Wolfe,1945-12-08,P-01635,11576383,26.25,RENEWAL,2026-07-15
Summit Health Plans,2026-06,230,SH-837453,Jay Bridges,1958-01-23,P-01675,61291817,52.50,NEW,2026-07-15
Summit Health Plans,2026-06,231,SH-782056,Bradley Ray,1946-03-22,P-01687,54100814,52.50,NEW,2026-07-15
Summit Health Plans,2026-06,232,SH-414119,Michelle Haynes,1939-11-22,P-01704,33857966,52.50,NEW,2026-07-15
Summit Health Plans,2026-06,233,SH-669528,Trevor Glenn,1950-06-26,P-01715,1884412,26.25,RENEWAL,2026-07-15
Summit Health Plans,2026-06,234,SH-349225,Laurie Valencia,1965-11-22,P-01724,54100814,22.00,NEW,2026-07-15
Summit Health Plans,2026-06,235,SH-869628,Veronica Woods,1949-08-06,P-01726,11576383,38.00,NEW,2026-07-15
Summit Health Plans,2026-06,236,SH-249277,Veronica Woods,1949-08-06,P-01727,11576383,8.40,NEW,2026-07-15
Summit Health Plans,2026-06,237,SH-807521,Charles Woods,1938-01-25,P-01728,11576383,52.50,NEW,2026-07-15
Summit Health Plans,2026-06,238,SH-622852,Leah Buchanan,1973-08-19,P-01737,5265799,16.00,RENEWAL,2026-07-15
Summit Health Plans,2026-06,239,SH-627785,Troy Burnett,1952-06-28,P-01740,44524491,52.50,NEW,2026-07-15
Summit Health Plans,2026-06,240,SH-359481,Mandy Shaffer,1943-12-04,P-01745,29898923,26.25,RENEWAL,2026-07-15
Summit Health Plans,2026-06,241,SH-720264,John Tran,1959-06-12,P-01756,11576383,52.50,NEW,2026-07-15
Summit Health Plans,2026-06,242,SH-418411,Dustin Sanchez,1974-04-18,P-01768,32244663,16.00,RENEWAL,2026-07-15
Summit Health Plans,2026-06,243,SH-179037,William Kelly,1954-05-03,P-01770,99847493,26.25,RENEWAL,2026-07-15
Summit Health Plans,2026-06,244,SH-740837,Adriana Robinson,1978-05-06,P-01771,99847493,22.00,NEW,2026-07-15
Summit Health Plans,2026-06,245,SH-425951,Francisco Miller,1933-10-25,P-01784,43339391,26.25,RENEWAL,2026-07-15
Summit Health Plans,2026-06,246,SH-788966,Megan Carter,1944-06-15,P-01790,61291817,19.00,RENEWAL,2026-07-15
Summit Health Plans,2026-06,247,SH-796563,Megan Carter,1944-06-15,P-01791,61291817,4.20,RENEWAL,2026-07-15
Summit Health Plans,2026-06,248,SH-129160,Dylan Harris,1939-06-12,P-01805,99847493,52.50,NEW,2026-07-15
Summit Health Plans,2026-06,249,SH-320580,Lisa Snow,1938-11-16,P-01811,99847493,8.40,NEW,2026-07-15
Summit Health Plans,2026-06,250,SH-692139,Brittany Meyer,1939-01-23,P-01829,61291817,52.50,NEW,2026-07-15
Summit Health Plans,2026-06,251,SH-176541,Kevin Brown,2000-07-13,P-01831,5265799,22.00,NEW,2026-07-15
Summit Health Plans,2026-06,252,SH-271471,Kevin Parker,1957-10-21,P-01832,37231783,4.20,RENEWAL,2026-07-15
Summit Health Plans,2026-06,253,SH-571702,Ian Beasley,1948-12-27,P-01834,99847493,52.50,NEW,2026-07-15
Summit Health Plans,2026-06,254,SH-691426,Michael Harrison,2001-11-19,P-01836,32244663,16.00,RENEWAL,2026-07-15
Summit Health Plans,2026-06,255,SH-792718,Dylan West,1998-07-31,P-01841,78490893,22.00,NEW,2026-07-15
Summit Health Plans,2026-06,256,SH-115810,Sarah Sanchez,1943-08-10,P-01850,29898923,52.50,NEW,2026-07-15
Summit Health Plans,2026-06,257,SH-278743,Michael Hodge,1940-05-29,P-01852,11576383,26.25,RENEWAL,2026-07-15
Summit Health Plans,2026-06,258,SH-351834,Brandi Davis,1994-10-16,P-01859,94702683,22.00,NEW,2026-07-15
Summit Health Plans,2026-06,259,SH-440893,James Houston,1955-01-17,P-01869,78490893,26.25,RENEWAL,2026-07-15
Summit Health Plans,2026-06,260,SH-715527,Kenneth Houston,1937-03-02,P-01871,78490893,52.50,NEW,2026-07-15
Summit Health Plans,2026-06,261,SH-853592,Christina Guzman,1953-12-04,P-01886,33857966,26.25,RENEWAL,2026-07-15
Summit Health Plans,2026-06,262,SH-389715,Deborah Lopez,1959-02-13,P-01888,37231783,52.50,NEW,2026-07-15
Summit Health Plans,2026-06,263,SH-850000,Brenda Lee,1940-07-25,P-01899,54100814,8.40,NEW,2026-07-15
Summit Health Plans,2026-06,264,SH-226036,Andrew Deleon,1942-10-11,P-01912,33857966,26.25,RENEWAL,2026-07-15
Summit Health Plans,2026-06,265,SH-702893,Holly Russell,1950-05-15,P-01923,74197857,26.25,RENEWAL,2026-07-15
Summit Health Plans,2026-06,266,SH-990761,John Morrison,1950-02-18,P-01926,44524491,38.00,NEW,2026-07-15
Summit Health Plans,2026-06,267,SH-370799,John Morrison,1950-02-18,P-01927,44524491,8.40,NEW,2026-07-15
Summit Health Plans,2026-06,268,SH-692954,Matthew Bishop,1951-08-11,P-01928,43339391,19.00,RENEWAL,2026-07-15
Summit Health Plans,2026-06,269,SH-961489,Matthew Bishop,1951-08-11,P-01929,43339391,4.20,RENEWAL,2026-07-15
Summit Health Plans,2026-06,270,SH-627750,Charles Russell,1960-09-01,P-01930,7150444,52.50,NEW,2026-07-15
Summit Health Plans,2026-06,271,SH-559086,Joseph King,1952-03-10,P-01934,43339391,26.25,RENEWAL,2026-07-15
Summit Health Plans,2026-06,272,SH-267251,Shawn Gonzalez,1957-12-06,P-01943,11576383,26.25,RENEWAL,2026-07-15
Summit Health Plans,2026-06,273,SH-143831,Charles Robinson,1938-11-04,P-01945,29898923,4.20,RENEWAL,2026-07-15
Summit Health Plans,2026-06,274,SH-455575,Elizabeth Robinson,1998-05-17,P-01947,29898923,22.00,NEW,2026-07-15
Summit Health Plans,2026-06,275,SH-881280,Lori Vasquez,1954-03-12,P-01949,1884412,26.25,RENEWAL,2026-07-15
Summit Health Plans,2026-06,277,SH-158696,Amber Vasquez,1944-06-06,P-01963,5265799,8.40,NEW,2026-07-15
Summit Health Plans,2026-06,278,SH-562072,Madison Rich,1953-11-01,P-01979,99847493,9.50,RENEWAL,2026-07-15
Summit Health Plans,2026-06,279,SH-412684,Madison Rich,1953-11-01,P-01980,99847493,4.20,RENEWAL,2026-07-15
Summit Health Plans,2026-06,280,SH-167463,Christopher Leon,1940-11-28,P-01981,33857966,26.25,RENEWAL,2026-07-15
Summit Health Plans,2026-06,281,SH-923977,David Nelson,1989-01-19,P-01988,10583482,22.00,NEW,2026-07-15
Summit Health Plans,2026-06,282,SH-254891,Keith Calhoun,1960-09-03,P-01999,33857966,52.50,NEW,2026-07-15
Summit Health Plans,2026-06,283,SH-118519,Shelly Lewis,1956-02-26,P-02030,99847493,19.00,RENEWAL,2026-07-15
Summit Health Plans,2026-06,284,SH-773780,Shelly Lewis,1956-02-26,P-02031,99847493,4.20,RENEWAL,2026-07-15
Summit Health Plans,2026-06,285,SH-753998,Rachel Santos,1994-03-12,P-02034,4356886,22.00,NEW,2026-07-15
Summit Health Plans,2026-06,286,SH-817157,Danielle Rocha,1957-04-15,P-02035,77125617,19.00,RENEWAL,2026-07-15
Summit Health Plans,2026-06,287,SH-405807,Danielle Rocha,1957-04-15,P-02036,77125617,4.20,RENEWAL,2026-07-15
Summit Health Plans,2026-06,288,SH-781120,Miguel Rocha,1948-04-25,P-02037,77125617,26.25,RENEWAL,2026-07-15
Summit Health Plans,2026-06,289,SH-202566,Steven Bush,1935-03-02,P-02041,6831819,38.00,NEW,2026-07-15
Summit Health Plans,2026-06,290,SH-122756,Steven Bush,1935-03-02,P-02042,6831819,8.40,NEW,2026-07-15
Summit Health Plans,2026-06,291,SH-835778,Amy Richards,1936-08-27,P-02052,61291817,52.50,NEW,2026-07-15
Summit Health Plans,2026-06,292,SH-391167,Virginia Kemp,1934-02-13,P-02077,4356886,26.25,RENEWAL,2026-07-15
Summit Health Plans,2026-06,293,SH-709182,Louis Davis,1950-05-15,P-02081,54100814,52.50,NEW,2026-07-15
Summit Health Plans,2026-06,294,SH-423250,David Barton,1954-01-03,P-02082,1884412,26.25,RENEWAL,2026-07-15
Summit Health Plans,2026-06,295,SH-756244,Robert Ramos,1974-05-23,P-02084,5265799,22.00,NEW,2026-07-15
Summit Health Plans,2026-06,296,SH-860866,Amanda Rollins,1943-12-31,P-02114,78490893,26.25,RENEWAL,2026-07-15
Summit Health Plans,2026-06,297,SH-231297,Michael Le,1943-03-06,P-02145,32244663,52.50,NEW,2026-07-15
Summit Health Plans,2026-06,298,SH-444783,Brooke Summers,1936-06-20,P-02163,43339391,26.25,RENEWAL,2026-07-15
Summit Health Plans,2026-06,299,SH-620032,Elizabeth Orozco,1958-09-21,P-02168,32244663,26.25,RENEWAL,2026-07-15
Summit Health Plans,2026-06,300,SH-665348,Eric Bennett,1952-08-09,P-02181,7150444,52.50,NEW,2026-07-15
Summit Health Plans,2026-06,301,SH-888884,Bruce Medina,1954-06-13,P-02183,90949389,19.00,RENEWAL,2026-07-15
Summit Health Plans,2026-06,302,SH-771835,Bruce Medina,1954-06-13,P-02184,90949389,4.20,RENEWAL,2026-07-15
Summit Health Plans,2026-06,303,SH-738437,Steven Jones,2003-06-05,P-02191,77125617,22.00,NEW,2026-07-15
Summit Health Plans,2026-06,304,SH-339492,John Johnson,1942-02-03,P-02206,74197857,52.50,NEW,2026-07-15
Summit Health Plans,2026-06,305,SH-207921,Tara Novak,1958-04-27,P-02210,5265799,52.50,NEW,2026-07-15
Summit Health Plans,2026-06,306,SH-110651,Stacy Sanchez,1955-03-16,P-02219,78490893,52.50,NEW,2026-07-15
Summit Health Plans,2026-06,307,SH-743369,Alan Wolfe,1942-04-07,P-02223,29898923,52.50,NEW,2026-07-15
Summit Health Plans,2026-06,308,SH-304222,Sandra Rodriguez,1953-06-28,P-02228,29898923,26.25,RENEWAL,2026-07-15
Summit Health Plans,2026-06,309,SH-868591,David Ford,1945-08-01,P-02233,29898923,19.00,RENEWAL,2026-07-15
Summit Health Plans,2026-06,310,SH-465941,David Ford,1945-08-01,P-02234,29898923,4.20,RENEWAL,2026-07-15
Summit Health Plans,2026-06,311,SH-941990,Lindsay Duran,1955-09-12,P-02247,10583482,4.20,RENEWAL,2026-07-15
Summit Health Plans,2026-06,312,SH-290432,John Mccullough,1973-06-18,P-02255,7150444,22.00,NEW,2026-07-15
Summit Health Plans,2026-06,313,SH-318405,Grant Jones,1957-05-06,P-02259,10583482,26.25,RENEWAL,2026-07-15
Summit Health Plans,2026-06,314,SH-598558,Sarah Smith,1993-05-14,P-02260,37231783,16.00,RENEWAL,2026-07-15
Summit Health Plans,2026-06,316,SH-534010,Mary Gomez,1943-01-31,P-02266,7150444,26.25,RENEWAL,2026-07-15
Summit Health Plans,2026-06,317,SH-949252,Sharon Gomez,1938-10-14,P-02268,7150444,52.50,NEW,2026-07-15
Summit Health Plans,2026-06,318,SH-745653,Robert Smith,1953-03-14,P-02270,78490893,26.25,RENEWAL,2026-07-15
Summit Health Plans,2026-06,319,SH-987948,Jennifer Neal,1949-11-08,P-02276,11576383,52.50,NEW,2026-07-15
Summit Health Plans,2026-06,320,SH-909262,Judith Klein,1944-07-10,P-02296,29898923,52.50,NEW,2026-07-15
Summit Health Plans,2026-06,321,SH-113101,Teresa Lucas,1947-10-19,P-02298,90949389,52.50,NEW,2026-07-15
Summit Health Plans,2026-06,322,SH-556872,Brett Anderson,1976-09-28,P-02309,44524491,4.20,RENEWAL,2026-07-15
Summit Health Plans,2026-06,323,SH-828272,Brenda Lang,1944-05-10,P-02314,44524491,26.25,RENEWAL,2026-07-15
Summit Health Plans,2026-06,324,SH-318058,Drew Ward,1946-07-17,P-02319,61291817,19.00,RENEWAL,2026-07-15
Summit Health Plans,2026-06,325,SH-190484,Drew Ward,1946-07-17,P-02320,61291817,4.20,RENEWAL,2026-07-15
Summit Health Plans,2026-06,326,SH-941131,Katie Jones,1959-09-09,P-02322,29898923,4.20,RENEWAL,2026-07-15
Summit Health Plans,2026-06,327,SH-511158,Cody Snyder,1945-03-23,P-02351,7150444,26.25,RENEWAL,2026-07-15
Summit Health Plans,2026-06,328,SH-304978,Stuart Howell,1950-02-27,P-02352,94702683,52.50,NEW,2026-07-15
Summit Health Plans,2026-06,329,SH-202733,Cathy Riley,1943-03-30,P-02357,94702683,52.50,NEW,2026-07-15
Summit Health Plans,2026-06,330,SH-811748,Ronald Stewart,1947-06-06,P-02379,97102525,26.25,RENEWAL,2026-07-15
Summit Health Plans,2026-06,331,SH-563579,Steven Schultz,1957-04-14,P-02384,77125617,26.25,RENEWAL,2026-07-15
Summit Health Plans,2026-06,332,SH-704821,Meagan Jackson,1965-07-20,P-02387,61855700,22.00,NEW,2026-07-15
Summit Health Plans,2026-06,333,SH-801157,Danielle Duran,1937-07-01,P-02389,5265799,26.25,RENEWAL,2026-07-15
Summit Health Plans,2026-06,334,SH-915059,Nicholas Ramos,1941-01-08,P-02398,11576383,52.50,NEW,2026-07-15
Summit Health Plans,2026-06,335,SH-772414,Nicholas Scott,1948-02-13,P-02399,61291817,4.20,RENEWAL,2026-07-15
Summit Health Plans,2026-06,336,SH-333522,Kristin Johnston,1957-11-09,P-02411,44524491,26.25,RENEWAL,2026-07-15
Summit Health Plans,2026-06,337,SH-343765,Jennifer Suarez,1937-07-04,P-02415,74197857,52.50,NEW,2026-07-15
Summit Health Plans,2026-06,338,SH-313893,Kenneth Sloan,1956-11-30,P-02423,6831819,52.50,NEW,2026-07-15
Summit Health Plans,2026-06,339,SH-721309,Jasmine Rodriguez,1958-07-15,P-02430,37231783,52.50,NEW,2026-07-15
Summit Health Plans,2026-06,340,SH-395227,Michael Mcmahon,1957-03-01,P-02434,4356886,4.20,RENEWAL,2026-07-15
Summit Health Plans,2026-06,341,SH-985247,David Gordon,1952-10-15,P-02461,99847493,26.25,RENEWAL,2026-07-15
Summit Health Plans,2026-06,342,SH-686810,Christopher Benton,1943-02-17,P-02468,1884412,26.25,RENEWAL,2026-07-15
Summit Health Plans,2026-06,343,SH-363703,Craig Miranda,1956-04-02,P-02496,74197857,26.25,RENEWAL,2026-07-15
Summit Health Plans,2026-06,344,SH-621886,Seth Perez,1977-05-02,P-02511,74197857,4.20,RENEWAL,2026-07-15
Summit Health Plans,2026-06,345,SH-314936,Mark Davis,1945-12-09,P-02523,32244663,38.00,NEW,2026-07-15
Summit Health Plans,2026-06,346,SH-716528,Mark Davis,1945-12-09,P-02524,32244663,8.40,NEW,2026-07-15
Summit Health Plans,2026-06,347,SH-556090,John Flores,1978-12-07,P-02526,10583482,22.00,NEW,2026-07-15
Summit Health Plans,2026-06,348,SH-837466,Timothy Fischer,1998-09-14,P-02532,37231783,22.00,NEW,2026-07-15
Summit Health Plans,2026-06,349,SH-541077,Zachary Lopez,1936-12-07,P-02538,74197857,26.25,RENEWAL,2026-07-15
Summit Health Plans,2026-06,350,SH-653069,Jordan Waters,1945-02-10,P-02544,7150444,52.50,NEW,2026-07-15
Summit Health Plans,2026-06,351,SH-198305,Kelsey Larson,1997-03-26,P-02570,61855700,16.00,RENEWAL,2026-07-15
Summit Health Plans,2026-06,352,SH-643332,Michael Smith,1941-09-10,P-02572,90949389,52.50,NEW,2026-07-15
Summit Health Plans,2026-06,353,SH-584250,Nathan Garcia,1940-04-25,P-02579,97102525,26.25,RENEWAL,2026-07-15
Summit Health Plans,2026-06,354,SH-803431,Martin Gomez,1992-04-06,P-02583,13981052,22.00,NEW,2026-07-15
Summit Health Plans,2026-06,355,SH-503006,Molly Thompson,1941-03-11,P-02595,1884412,38.00,NEW,2026-07-15
Summit Health Plans,2026-06,356,SH-990856,Molly Thompson,1941-03-11,P-02596,1884412,8.40,NEW,2026-07-15
Meridian Care,2026-06,1,MC-190898,Donald Thomas,1949-05-01,P-00002,61855700,26.25,RENEWAL,2026-07-15
Meridian Care,2026-06,2,MC-160718,Nancy Mckay,1957-09-01,P-00007,61855700,26.25,RENEWAL,2026-07-15
Meridian Care,2026-06,3,MC-437433,Samantha Nielsen,1941-10-21,P-00011,33857966,38.00,NEW,2026-07-15
Meridian Care,2026-06,4,MC-699298,Samantha Nielsen,1941-10-21,P-00012,33857966,8.40,NEW,2026-07-15
Meridian Care,2026-06,5,MC-977340,Robert Harvey,1937-09-03,P-00025,94702683,52.50,NEW,2026-07-15
Meridian Care,2026-06,6,MC-797860,Jason Ferrell,1985-07-24,P-00028,10583482,22.00,NEW,2026-07-15
Meridian Care,2026-06,7,MC-256911,Lori Bailey,1933-11-14,P-00037,61291817,26.25,RENEWAL,2026-07-15
Meridian Care,2026-06,8,MC-333049,John Snyder,1975-07-28,P-00046,90949389,16.00,RENEWAL,2026-07-15
Meridian Care,2026-06,9,MC-893612,Caitlin Contreras,1943-04-14,P-00049,94702683,52.50,NEW,2026-07-15
Meridian Care,2026-06,10,MC-613989,John Washington,1949-04-25,P-00050,61291817,19.00,RENEWAL,2026-07-15
Meridian Care,2026-06,11,MC-120053,John Washington,1949-04-25,P-00051,61291817,4.20,RENEWAL,2026-07-15
Meridian Care,2026-06,12,MC-565897,Scott Washington,1956-06-15,P-00052,61291817,19.00,RENEWAL,2026-07-15
Meridian Care,2026-06,13,MC-315477,Scott Washington,1956-06-15,P-00053,61291817,4.20,RENEWAL,2026-07-15
Meridian Care,2026-06,14,MC-410401,Anthony Graham,2000-01-14,P-00056,43339391,16.00,RENEWAL,2026-07-15
Meridian Care,2026-06,15,MC-990079,Mark Gray,1952-10-24,P-00060,32244663,19.00,RENEWAL,2026-07-15
Meridian Care,2026-06,16,MC-178501,Mark Gray,1952-10-24,P-00061,32244663,4.20,RENEWAL,2026-07-15
Meridian Care,2026-06,17,MC-349136,Jonathan Kelly,1977-08-10,P-00068,77125617,16.00,RENEWAL,2026-07-15
Meridian Care,2026-06,18,MC-286044,Joshua Kelly,1950-10-12,P-00069,77125617,4.20,RENEWAL,2026-07-15
Meridian Care,2026-06,19,MC-743512,Heather Davis,1946-12-27,P-00071,97102525,26.25,RENEWAL,2026-07-15
Meridian Care,2026-06,20,MC-680412,Alexis White,1971-05-03,P-00076,61855700,22.00,NEW,2026-07-15
Meridian Care,2026-06,21,MC-762308,Veronica Dalton,1946-02-15,P-00080,77125617,8.40,NEW,2026-07-15
Meridian Care,2026-06,22,MC-576728,Margaret Kerr,1986-01-11,P-00082,90949389,26.25,RENEWAL,2026-07-15
Meridian Care,2026-06,23,MC-534753,Christopher Mason,1991-08-23,P-00085,99847493,22.00,NEW,2026-07-15
Meridian Care,2026-06,24,MC-346269,Michael Ryan,1950-08-28,P-00101,6831819,26.25,RENEWAL,2026-07-15
Meridian Care,2026-06,25,MC-472358,Christian Jackson,1944-11-13,P-00106,10583482,26.25,RENEWAL,2026-07-15
Meridian Care,2026-06,26,MC-152042,Robert Murphy,1940-10-11,P-00113,78490893,26.25,RENEWAL,2026-07-15
Meridian Care,2026-06,27,MC-929912,Darryl Banks,1948-05-30,P-00116,5265799,52.50,NEW,2026-07-15
Meridian Care,2026-06,28,MC-181721,Christopher Holloway,1979-03-27,P-00122,74197857,16.00,RENEWAL,2026-07-15
Meridian Care,2026-06,29,MC-724145,Alfred Chapman,1992-08-23,P-00127,94702683,22.00,NEW,2026-07-15
Meridian Care,2026-06,30,MC-432918,Joseph Craig,1985-10-14,P-00139,61291817,16.00,RENEWAL,2026-07-15
Meridian Care,2026-06,31,MC-255457,William Cook,1953-08-02,P-00149,6831819,52.50,NEW,2026-07-15
Meridian Care,2026-06,32,MC-938403,Brittany Hogan,1941-04-03,P-00154,77125617,19.00,RENEWAL,2026-07-15
Meridian Care,2026-06,33,MC-450006,Brittany Hogan,1941-04-03,P-00155,77125617,4.20,RENEWAL,2026-07-15
Meridian Care,2026-06,34,MC-460234,Justin Moody,1944-10-13,P-00172,1884412,52.50,NEW,2026-07-15
Meridian Care,2026-06,35,MC-330074,Allen King,1962-09-27,P-00181,61291817,16.00,RENEWAL,2026-07-15
Meridian Care,2026-06,36,MC-389809,Kristina King,1941-08-15,P-00182,61291817,26.25,RENEWAL,2026-07-15
Meridian Care,2026-06,37,MC-555342,Sara Joseph,1953-05-03,P-00195,99847493,26.25,RENEWAL,2026-07-15
Meridian Care,2026-06,38,MC-811257,Maria Anderson,1952-11-04,P-00200,5265799,52.50,NEW,2026-07-15
Meridian Care,2026-06,39,MC-540538,Shelley Reed,1958-06-27,P-00201,13981052,52.50,NEW,2026-07-15
Meridian Care,2026-06,40,MC-598940,Alexandria Castillo,1937-07-07,P-00221,5265799,19.00,RENEWAL,2026-07-15
Meridian Care,2026-06,41,MC-392438,Alexandria Castillo,1937-07-07,P-00222,5265799,4.20,RENEWAL,2026-07-15
Meridian Care,2026-06,42,MC-821411,Stephanie Cardenas,1979-04-05,P-00227,4356886,16.00,RENEWAL,2026-07-15
Meridian Care,2026-06,43,MC-378035,Joseph Nelson,1994-11-21,P-00231,13981052,22.00,NEW,2026-07-15
Meridian Care,2026-06,44,MC-349641,Christopher Velez,1959-01-26,P-00236,29898923,52.50,NEW,2026-07-15
Meridian Care,2026-06,45,MC-929443,Gina Moore,1970-04-17,P-00242,5265799,16.00,RENEWAL,2026-07-15
Meridian Care,2026-06,46,MC-428486,Randy Cummings,1939-03-26,P-00249,77125617,4.20,RENEWAL,2026-07-15
Meridian Care,2026-06,47,MC-137604,Lisa Cummings,1934-05-11,P-00250,77125617,26.25,RENEWAL,2026-07-15
Meridian Care,2026-06,48,MC-466586,Robert Johnson,1982-10-03,P-00251,29898923,16.00,RENEWAL,2026-07-15
Meridian Care,2026-06,49,MC-951266,Edward Jones,1944-05-03,P-00270,43339391,26.25,RENEWAL,2026-07-15
Meridian Care,2026-06,50,MC-398357,Stephen Jones,1959-03-25,P-00272,43339391,52.50,NEW,2026-07-15
Meridian Care,2026-06,51,MC-712686,Amanda Bowen,1942-06-25,P-00273,43339391,26.25,RENEWAL,2026-07-15
Meridian Care,2026-06,52,MC-863220,Deanna Miller,1967-07-26,P-00276,13981052,16.00,RENEWAL,2026-07-15
Meridian Care,2026-06,53,MC-552945,Alexander Shields,1986-08-17,P-00283,90949389,16.00,RENEWAL,2026-07-15
Meridian Care,2026-06,54,MC-303182,Christine Cook,1938-04-01,P-00289,61291817,26.25,RENEWAL,2026-07-15
Meridian Care,2026-06,55,MC-387347,Cynthia Navarro,1956-05-22,P-00290,43339391,26.25,RENEWAL,2026-07-15
Meridian Care,2026-06,56,MC-575436,Charles Mccormick,1940-11-15,P-00293,77125617,38.00,NEW,2026-07-15
Meridian Care,2026-06,57,MC-456113,Charles Mccormick,1940-11-15,P-00294,77125617,8.40,NEW,2026-07-15
Meridian Care,2026-06,58,MC-293194,Whitney Vaughn,1951-03-01,P-00297,1884412,26.25,RENEWAL,2026-07-15
Meridian Care,2026-06,59,MC-637700,Danielle Rose,1943-11-18,P-00304,1884412,26.25,RENEWAL,2026-07-15
Meridian Care,2026-06,60,MC-563531,Rachel Farley,1996-02-19,P-00316,61291817,16.00,RENEWAL,2026-07-15
Meridian Care,2026-06,61,MC-295454,Kevin Garcia,1958-08-07,P-00328,32244663,52.50,NEW,2026-07-15
Meridian Care,2026-06,62,MC-764563,Tiffany Rice,1938-03-10,P-00331,99847493,19.00,RENEWAL,2026-07-15
Meridian Care,2026-06,63,MC-810860,Tiffany Rice,1938-03-10,P-00332,99847493,4.20,RENEWAL,2026-07-15
Meridian Care,2026-06,64,MC-221297,Stacy Livingston,1944-10-29,P-00333,94702683,26.25,RENEWAL,2026-07-15
Meridian Care,2026-06,65,MC-982544,Michele Brown,1938-04-29,P-00339,78490893,26.25,RENEWAL,2026-07-15
Meridian Care,2026-06,66,MC-615947,Ryan Jones,1940-01-12,P-00355,43339391,26.25,RENEWAL,2026-07-15
Meridian Care,2026-06,67,MC-619072,Nicole Lopez,1957-02-20,P-00366,61291817,38.00,NEW,2026-07-15
Meridian Care,2026-06,68,MC-887195,Nicole Lopez,1957-02-20,P-00367,61291817,8.40,NEW,2026-07-15
Meridian Care,2026-06,69,MC-215485,Jillian Ferguson,1951-08-10,P-00374,1884412,4.20,RENEWAL,2026-07-15
Meridian Care,2026-06,70,MC-194840,Ashley Warner,1981-02-15,P-00376,5265799,16.00,RENEWAL,2026-07-15
Meridian Care,2026-06,71,MC-244935,Douglas Warner,1994-03-18,P-00377,5265799,16.00,RENEWAL,2026-07-15
Meridian Care,2026-06,72,MC-309160,Mary Armstrong,1978-03-23,P-00391,44524491,26.25,RENEWAL,2026-07-15
Meridian Care,2026-06,73,MC-220219,Justin Curry,1941-08-07,P-00409,29898923,8.40,NEW,2026-07-15
Meridian Care,2026-06,74,MC-178794,Amanda Walker,2000-04-04,P-00418,29898923,22.00,NEW,2026-07-15
Meridian Care,2026-06,75,MC-814544,Valerie Cook,1952-01-22,P-00425,37231783,26.25,RENEWAL,2026-07-15
Meridian Care,2026-06,76,MC-997859,Curtis Collins,1948-12-26,P-00428,97102525,26.25,RENEWAL,2026-07-15
Meridian Care,2026-06,77,MC-258757,Matthew Watson,1941-02-16,P-00442,33857966,26.25,RENEWAL,2026-07-15
Meridian Care,2026-06,78,MC-625179,Paige Webb,1935-06-25,P-00446,97102525,26.25,RENEWAL,2026-07-15
Meridian Care,2026-06,79,MC-176453,Darlene Olson,1942-10-09,P-00448,11576383,26.25,RENEWAL,2026-07-15
Meridian Care,2026-06,80,MC-971080,David Cross,1949-02-03,P-00460,1884412,52.50,NEW,2026-07-15
Meridian Care,2026-06,81,MC-868654,Carrie Taylor,1990-12-16,P-00461,99847493,22.00,NEW,2026-07-15
Meridian Care,2026-06,82,MC-232307,Charles Lee,1934-01-14,P-00471,11576383,19.00,RENEWAL,2026-07-15
Meridian Care,2026-06,83,MC-851043,Charles Lee,1934-01-14,P-00472,11576383,4.20,RENEWAL,2026-07-15
Meridian Care,2026-06,84,MC-787106,Jacqueline Medina,1937-05-27,P-00481,10583482,26.25,RENEWAL,2026-07-15
Meridian Care,2026-06,85,MC-546380,Kaitlin Torres,1941-03-07,P-00485,13981052,19.00,RENEWAL,2026-07-15
Meridian Care,2026-06,86,MC-269966,Kaitlin Torres,1941-03-07,P-00486,13981052,4.20,RENEWAL,2026-07-15
Meridian Care,2026-06,87,MC-102800,Mary Graham,1956-08-10,P-00491,37231783,26.25,RENEWAL,2026-07-15
Meridian Care,2026-06,88,MC-965125,Michael Kennedy,1945-11-09,P-00497,99847493,26.25,RENEWAL,2026-07-15
Meridian Care,2026-06,89,MC-910978,Lacey Barnett,1948-11-07,P-00503,13981052,26.25,RENEWAL,2026-07-15
Meridian Care,2026-06,90,MC-236200,Adam Eaton,1939-10-12,P-00506,32244663,52.50,NEW,2026-07-15
Meridian Care,2026-06,92,MC-889056,Jessica Dunn,1956-05-20,P-00529,11576383,4.20,RENEWAL,2026-07-15
Meridian Care,2026-06,93,MC-112652,William Morgan,1938-05-05,P-00531,29898923,26.25,RENEWAL,2026-07-15
Meridian Care,2026-06,94,MC-605468,Kristina Reyes,1968-01-19,P-00532,11576383,16.00,RENEWAL,2026-07-15
Meridian Care,2026-06,95,MC-124829,Hannah Wolfe,1937-04-03,P-00541,97102525,52.50,NEW,2026-07-15
Meridian Care,2026-06,96,MC-945220,Joe Nelson,1937-04-24,P-00544,77125617,26.25,RENEWAL,2026-07-15
Meridian Care,2026-06,97,MC-478222,Kayla Martinez,1944-10-25,P-00567,29898923,52.50,NEW,2026-07-15
Meridian Care,2026-06,98,MC-697538,Taylor Stephens,1944-10-05,P-00575,10583482,26.25,RENEWAL,2026-07-15
Meridian Care,2026-06,99,MC-563495,William Ellison,1934-06-20,P-00588,13981052,52.50,NEW,2026-07-15
Meridian Care,2026-06,100,MC-643211,Ashley Evans,1995-07-20,P-00590,4356886,16.00,RENEWAL,2026-07-15
Meridian Care,2026-06,101,MC-582273,Barbara Cross,1952-04-08,P-00592,13981052,26.25,RENEWAL,2026-07-15
Meridian Care,2026-06,102,MC-890806,Zachary Grant,1936-10-10,P-00623,44524491,52.50,NEW,2026-07-15
Meridian Care,2026-06,103,MC-157008,Debbie Ford,1960-02-16,P-00624,29898923,52.50,NEW,2026-07-15
Meridian Care,2026-06,104,MC-464314,Susan Roach,1953-09-07,P-00631,44524491,26.25,RENEWAL,2026-07-15
Meridian Care,2026-06,105,MC-409345,Maria Watson,1950-06-01,P-00650,29898923,52.50,NEW,2026-07-15
Meridian Care,2026-06,106,MC-195606,Christopher Mcdaniel,1996-09-20,P-00655,99847493,22.00,NEW,2026-07-15
Meridian Care,2026-06,107,MC-707794,Steven Mcdaniel,1952-01-27,P-00656,99847493,19.00,RENEWAL,2026-07-15
Meridian Care,2026-06,108,MC-343459,Steven Mcdaniel,1952-01-27,P-00657,99847493,4.20,RENEWAL,2026-07-15
Meridian Care,2026-06,109,MC-800731,Christopher Carpenter,1946-07-17,P-00677,37231783,26.25,RENEWAL,2026-07-15
Meridian Care,2026-06,110,MC-679190,Jonathan Hill,1982-02-13,P-00683,94702683,52.50,NEW,2026-07-15
Meridian Care,2026-06,112,MC-873704,Jean Sampson,1947-12-29,P-00692,61291817,38.00,NEW,2026-07-15
Meridian Care,2026-06,113,MC-814511,Jean Sampson,1947-12-29,P-00693,61291817,8.40,NEW,2026-07-15
Meridian Care,2026-06,114,MC-300450,Sandra Fowler,1953-11-22,P-00694,29898923,26.25,RENEWAL,2026-07-15
Meridian Care,2026-06,115,MC-138394,Benjamin Holland,1943-09-23,P-00701,7150444,26.25,RENEWAL,2026-07-15
Meridian Care,2026-06,116,MC-353993,Greg Allen,1948-05-25,P-00714,37231783,26.25,RENEWAL,2026-07-15
Meridian Care,2026-06,117,MC-573213,Joan Nguyen,1942-05-08,P-00724,33857966,4.20,RENEWAL,2026-07-15
Meridian Care,2026-06,118,MC-192672,Paul Gibson,1936-05-04,P-00726,6831819,52.50,NEW,2026-07-15
Meridian Care,2026-06,119,MC-824679,John Fitzgerald,1951-06-02,P-00728,13981052,19.00,RENEWAL,2026-07-15
Meridian Care,2026-06,120,MC-691881,John Fitzgerald,1951-06-02,P-00729,13981052,4.20,RENEWAL,2026-07-15
Meridian Care,2026-06,121,MC-503149,Joshua Adams,1967-07-23,P-00741,99847493,16.00,RENEWAL,2026-07-15
Meridian Care,2026-06,122,MC-820106,Elizabeth Schwartz,1935-09-24,P-00749,77125617,52.50,NEW,2026-07-15
Meridian Care,2026-06,123,MC-789173,Brian Howard,1941-10-31,P-00767,74197857,19.00,RENEWAL,2026-07-15
Meridian Care,2026-06,124,MC-347749,Brian Howard,1941-10-31,P-00768,74197857,4.20,RENEWAL,2026-07-15
Meridian Care,2026-06,125,MC-320254,Angelica Decker,1941-12-14,P-00775,6831819,26.25,RENEWAL,2026-07-15
Meridian Care,2026-06,126,MC-704555,Carla Preston,1968-04-06,P-00777,74197857,11.00,NEW,2026-07-15
Meridian Care,2026-06,127,MC-735266,Kathryn Preston,1938-12-02,P-00778,74197857,52.50,NEW,2026-07-15
Meridian Care,2026-06,129,MC-822142,Lisa Crawford,1943-12-24,P-00808,33857966,52.50,NEW,2026-07-15
Meridian Care,2026-06,130,MC-752036,Laura Bradford,1970-06-20,P-00835,74197857,22.00,NEW,2026-07-15
Meridian Care,2026-06,131,MC-985964,Wanda Greene,1970-04-07,P-00841,77125617,22.00,NEW,2026-07-15
Meridian Care,2026-06,132,MC-155826,William Smith,1939-10-10,P-00844,78490893,4.20,RENEWAL,2026-07-15
Meridian Care,2026-06,133,MC-701885,Ryan Page,1968-04-24,P-00845,1884412,22.00,NEW,2026-07-15
Meridian Care,2026-06,134,MC-469559,Michael Williams,1955-04-22,P-00849,94702683,26.25,RENEWAL,2026-07-15
Meridian Care,2026-06,135,MC-832569,Brittany Long,1957-02-07,P-00851,54100814,26.25,RENEWAL,2026-07-15
Meridian Care,2026-06,136,MC-614616,Cody Howard,1945-05-20,P-00857,78490893,26.25,RENEWAL,2026-07-15
Meridian Care,2026-06,137,MC-422662,William Davis,1960-08-25,P-00858,78490893,52.50,NEW,2026-07-15
Meridian Care,2026-06,138,MC-676966,Jennifer Marshall,1981-12-16,P-00864,90949389,22.00,NEW,2026-07-15
Meridian Care,2026-06,139,MC-254684,Ryan West,1972-11-10,P-00876,77125617,22.00,NEW,2026-07-15
Meridian Care,2026-06,141,MC-169907,Brian Orr,1942-07-15,P-00893,13981052,4.20,RENEWAL,2026-07-15
Meridian Care,2026-06,142,MC-624816,Angelica Johnson,1935-11-25,P-00905,13981052,26.25,RENEWAL,2026-07-15
Meridian Care,2026-06,143,MC-535877,Monica Bailey,1934-03-07,P-00911,94702683,26.25,RENEWAL,2026-07-15
Meridian Care,2026-06,144,MC-233227,Maria Harris,1989-01-25,P-00916,61291817,16.00,RENEWAL,2026-07-15
Meridian Care,2026-06,145,MC-405500,Anthony Nguyen,1935-06-28,P-00920,94702683,26.25,RENEWAL,2026-07-15
Meridian Care,2026-06,146,MC-913630,Yolanda Rivas,1942-12-30,P-00928,99847493,26.25,RENEWAL,2026-07-15
Meridian Care,2026-06,147,MC-748915,Lindsey Castillo,1970-12-12,P-00944,11576383,22.00,NEW,2026-07-15
Meridian Care,2026-06,148,MC-576414,Shannon Hunt,1949-11-11,P-00976,74197857,52.50,NEW,2026-07-15
Meridian Care,2026-06,149,MC-751568,Angela Matthews,1960-05-17,P-00980,37231783,38.00,NEW,2026-07-15
Meridian Care,2026-06,150,MC-251202,Angela Matthews,1960-05-17,P-00981,37231783,8.40,NEW,2026-07-15
Meridian Care,2026-06,151,MC-539579,Lisa Smith,1996-06-29,P-00983,61291817,22.00,NEW,2026-07-15
Meridian Care,2026-06,152,MC-451504,Mary Smith,1959-09-13,P-00984,61291817,52.50,NEW,2026-07-15
Meridian Care,2026-06,153,MC-545914,Diane Miller,1934-06-03,P-00996,4356886,26.25,RENEWAL,2026-07-15
Meridian Care,2026-06,154,MC-445742,Jennifer Thompson,1942-01-11,P-00997,29898923,4.20,RENEWAL,2026-07-15
Meridian Care,2026-06,155,MC-691880,David Weaver,1946-09-23,P-01003,74197857,38.00,NEW,2026-07-15
Meridian Care,2026-06,156,MC-163787,David Weaver,1946-09-23,P-01004,74197857,8.40,NEW,2026-07-15
Meridian Care,2026-06,157,MC-653894,Keith Wong,1937-11-22,P-01014,43339391,26.25,RENEWAL,2026-07-15
Meridian Care,2026-06,158,MC-153433,Cathy Ball,1936-09-22,P-01015,29898923,52.50,NEW,2026-07-15
Meridian Care,2026-06,159,MC-444621,Barbara Turner,1945-11-02,P-01017,5265799,26.25,RENEWAL,2026-07-15
Meridian Care,2026-06,160,MC-523918,Nicole Jones,2003-07-18,P-01025,37231783,22.00,NEW,2026-07-15
Meridian Care,2026-06,161,MC-689952,Ronald Martin,1944-10-26,P-01030,78490893,26.25,RENEWAL,2026-07-15
Meridian Care,2026-06,162,MC-707951,George Sanchez,1957-06-08,P-01046,54100814,52.50,NEW,2026-07-15
Meridian Care,2026-06,163,MC-871703,Paul Lee,1942-02-07,P-01050,5265799,26.25,RENEWAL,2026-07-15
Meridian Care,2026-06,164,MC-465917,Meagan Simmons,1934-02-26,P-01059,94702683,19.00,RENEWAL,2026-07-15
Meridian Care,2026-06,165,MC-582100,Meagan Simmons,1934-02-26,P-01060,94702683,4.20,RENEWAL,2026-07-15
Meridian Care,2026-06,166,MC-307471,David Evans,1945-12-14,P-01064,7150444,19.00,RENEWAL,2026-07-15
Meridian Care,2026-06,167,MC-103368,David Evans,1945-12-14,P-01065,7150444,4.20,RENEWAL,2026-07-15
Meridian Care,2026-06,168,MC-984832,Michael Robinson,1966-01-17,P-01073,33857966,16.00,RENEWAL,2026-07-15
Meridian Care,2026-06,169,MC-980075,Erica Duffy,1943-02-27,P-01074,33857966,26.25,RENEWAL,2026-07-15
Meridian Care,2026-06,170,MC-871526,Wayne Lindsey,1955-02-28,P-01082,1884412,26.25,RENEWAL,2026-07-15
Meridian Care,2026-06,171,MC-719484,Lauren Pierce,1963-07-02,P-01097,11576383,22.00,NEW,2026-07-15
Meridian Care,2026-06,172,MC-517186,Krystal Mills,1975-12-08,P-01119,11576383,22.00,NEW,2026-07-15
Meridian Care,2026-06,173,MC-402321,Karen Taylor,1947-05-03,P-01132,4356886,52.50,NEW,2026-07-15
Meridian Care,2026-06,174,MC-897359,Matthew Wilson,1956-12-03,P-01198,78490893,26.25,RENEWAL,2026-07-15
Meridian Care,2026-06,175,MC-679390,Dustin Watson,1942-11-07,P-01204,44524491,26.25,NEW,2026-07-15
Meridian Care,2026-06,176,MC-358579,Angela Ross,1988-08-22,P-01209,29898923,16.00,RENEWAL,2026-07-15
Meridian Care,2026-06,177,MC-495150,Paul Mcdonald,1960-02-14,P-01214,77125617,52.50,NEW,2026-07-15
Meridian Care,2026-06,178,MC-526556,Susan Maldonado,1948-04-08,P-01223,43339391,52.50,NEW,2026-07-15
Meridian Care,2026-06,179,MC-151157,Jonathan Fritz,1984-05-05,P-01230,33857966,22.00,NEW,2026-07-15
Meridian Care,2026-06,180,MC-104632,Steven Porter,1952-09-29,P-01236,33857966,26.25,RENEWAL,2026-07-15
Meridian Care,2026-06,181,MC-526476,Brittany Williams,1954-08-25,P-01240,32244663,52.50,NEW,2026-07-15
Meridian Care,2026-06,182,MC-521003,Daisy Reynolds,1958-11-15,P-01256,77125617,26.25,RENEWAL,2026-07-15
Meridian Care,2026-06,183,MC-499315,Debra Johnson,1946-10-19,P-01259,44524491,19.00,RENEWAL,2026-07-15
Meridian Care,2026-06,184,MC-308275,Debra Johnson,1946-10-19,P-01260,44524491,4.20,RENEWAL,2026-07-15
Meridian Care,2026-06,185,MC-364054,Stephen Rios,1953-07-15,P-01262,90949389,52.50,NEW,2026-07-15
Meridian Care,2026-06,186,MC-460874,Andrew Miller,1980-11-19,P-01271,33857966,52.50,NEW,2026-07-15
Meridian Care,2026-06,187,MC-664531,Michelle Swanson,1950-04-01,P-01296,54100814,52.50,NEW,2026-07-15
Meridian Care,2026-06,188,MC-746450,Megan Castillo,1938-08-29,P-01302,37231783,26.25,RENEWAL,2026-07-15
Meridian Care,2026-06,189,MC-892272,Logan Meyer,1951-01-26,P-01314,44524491,26.25,RENEWAL,2026-07-15
Meridian Care,2026-06,190,MC-151141,Denise Melendez,1936-08-22,P-01317,61291817,26.25,RENEWAL,2026-07-15
Meridian Care,2026-06,191,MC-965942,Terry Dawson,1984-07-23,P-01321,11576383,16.00,RENEWAL,2026-07-15
Meridian Care,2026-06,192,MC-550717,Renee Dodson,1937-01-15,P-01323,33857966,19.00,RENEWAL,2026-07-15
Meridian Care,2026-06,193,MC-372869,Renee Dodson,1937-01-15,P-01324,33857966,4.20,RENEWAL,2026-07-15
Meridian Care,2026-06,194,MC-486777,Christina Andrews,1943-11-07,P-01326,74197857,19.00,RENEWAL,2026-07-15
Meridian Care,2026-06,195,MC-389644,Christina Andrews,1943-11-07,P-01327,74197857,4.20,RENEWAL,2026-07-15
Meridian Care,2026-06,196,MC-958914,Charles Powers,1957-03-23,P-01332,77125617,26.25,RENEWAL,2026-07-15
Meridian Care,2026-06,197,MC-362205,Carlos Smith,1935-06-29,P-01338,94702683,52.50,NEW,2026-07-15
Meridian Care,2026-06,198,MC-792929,Leah Smith,1958-03-06,P-01348,74197857,52.50,NEW,2026-07-15
Meridian Care,2026-06,199,MC-834024,Justin Williams,1937-05-11,P-01350,90949389,52.50,NEW,2026-07-15
Meridian Care,2026-06,200,MC-280933,Julia Smith,1947-06-02,P-01352,74197857,8.40,NEW,2026-07-15
Meridian Care,2026-06,201,MC-357485,Wendy Wilson,1940-08-02,P-01363,5265799,26.25,RENEWAL,2026-07-15
Meridian Care,2026-06,202,MC-610454,Amanda Benson,1944-04-24,P-01366,33857966,26.25,RENEWAL,2026-07-15
Meridian Care,2026-06,203,MC-186621,Curtis Baker,1935-08-28,P-01370,97102525,26.25,RENEWAL,2026-07-15
Meridian Care,2026-06,204,MC-669862,Angela Jennings,1957-08-06,P-01373,43339391,26.25,RENEWAL,2026-07-15
Meridian Care,2026-06,205,MC-144085,Timothy Burke,1944-09-28,P-01397,44524491,4.20,RENEWAL,2026-07-15
Meridian Care,2026-06,207,MC-940042,Steven Graham,1950-02-28,P-01410,97102525,19.00,RENEWAL,2026-07-15
Meridian Care,2026-06,208,MC-974579,Steven Graham,1950-02-28,P-01411,97102525,4.20,RENEWAL,2026-07-15
Meridian Care,2026-06,209,MC-533389,Jessica Waters,1935-10-24,P-01431,5265799,8.40,NEW,2026-07-15
Meridian Care,2026-06,210,MC-802059,Christopher Kennedy,1949-12-31,P-01438,1884412,26.25,RENEWAL,2026-07-15
Meridian Care,2026-06,211,MC-381850,Raymond Carter,1946-01-05,P-01442,99847493,19.00,RENEWAL,2026-07-15
Meridian Care,2026-06,212,MC-128648,Raymond Carter,1946-01-05,P-01443,99847493,4.20,RENEWAL,2026-07-15
Meridian Care,2026-06,213,MC-886552,Brenda Compton,1942-11-07,P-01452,29898923,26.25,RENEWAL,2026-07-15
Meridian Care,2026-06,214,MC-609605,Joshua Walker,1977-09-24,P-01453,78490893,22.00,NEW,2026-07-15
Meridian Care,2026-06,215,MC-555653,John Clark,1954-09-21,P-01459,37231783,26.25,RENEWAL,2026-07-15
Meridian Care,2026-06,216,MC-391974,Teresa Harrison,1955-12-20,P-01473,61291817,52.50,NEW,2026-07-15
Meridian Care,2026-06,217,MC-966980,Angela Payne,1955-03-10,P-01477,44524491,26.25,RENEWAL,2026-07-15
Meridian Care,2026-06,218,MC-410420,Mikayla Gould,1941-08-15,P-01494,13981052,4.20,RENEWAL,2026-07-15
Meridian Care,2026-06,219,MC-243548,Jenny Gentry,1949-12-08,P-01495,7150444,52.50,NEW,2026-07-15
Meridian Care,2026-06,221,MC-779599,Diana Anderson,1957-03-28,P-01506,61855700,26.25,RENEWAL,2026-07-15
Meridian Care,2026-06,222,MC-544901,Wyatt Rios,1954-06-30,P-01512,32244663,52.50,NEW,2026-07-15
Meridian Care,2026-06,223,MC-670981,Taylor Stanton,2001-08-09,P-01520,5265799,22.00,NEW,2026-07-15
Meridian Care,2026-06,224,MC-773699,Reginald Stone,1936-03-15,P-01544,33857966,52.50,NEW,2026-07-15
Meridian Care,2026-06,225,MC-343011,Carolyn Wright,1991-08-15,P-01553,6831819,52.50,NEW,2026-07-15
Meridian Care,2026-06,226,MC-352890,Allison Stuart,1952-03-20,P-01562,54100814,8.40,NEW,2026-07-15
Meridian Care,2026-06,227,MC-568732,Patricia Greene,1953-12-13,P-01565,10583482,38.00,NEW,2026-07-15
Meridian Care,2026-06,228,MC-653364,Patricia Greene,1953-12-13,P-01566,10583482,8.40,NEW,2026-07-15
Meridian Care,2026-06,229,MC-284551,Felicia Rodriguez,1953-07-09,P-01567,54100814,26.25,RENEWAL,2026-07-15
Meridian Care,2026-06,230,MC-756342,Ronald Raymond,1937-02-15,P-01572,4356886,26.25,RENEWAL,2026-07-15
Meridian Care,2026-06,231,MC-417143,Ryan Raymond,1953-02-18,P-01573,4356886,19.00,RENEWAL,2026-07-15
Meridian Care,2026-06,232,MC-613243,Ryan Raymond,1953-02-18,P-01574,4356886,4.20,RENEWAL,2026-07-15
Meridian Care,2026-06,233,MC-768882,Michael Cruz,2004-07-28,P-01577,43339391,16.00,RENEWAL,2026-07-15
Meridian Care,2026-06,234,MC-769488,Elizabeth Ramos,1979-10-10,P-01588,43339391,16.00,RENEWAL,2026-07-15
Meridian Care,2026-06,235,MC-185442,Norman Valenzuela,1959-03-18,P-01591,44524491,52.50,NEW,2026-07-15
Meridian Care,2026-06,236,MC-881755,Brian Hawkins,1957-03-17,P-01596,7150444,26.25,RENEWAL,2026-07-15
Meridian Care,2026-06,237,MC-181971,Greg Walsh,1944-09-14,P-01599,4356886,26.25,RENEWAL,2026-07-15
Meridian Care,2026-06,238,MC-258471,John Hernandez,1952-06-08,P-01605,97102525,52.50,NEW,2026-07-15
Meridian Care,2026-06,239,MC-626645,Christopher Rivera,2000-06-12,P-01606,99847493,22.00,NEW,2026-07-15
Meridian Care,2026-06,240,MC-240156,Wendy Baker,1995-06-10,P-01620,13981052,52.50,NEW,2026-07-15
Meridian Care,2026-06,241,MC-779240,Jacob Gill,1952-04-13,P-01632,43339391,26.25,RENEWAL,2026-07-15
Meridian Care,2026-06,242,MC-375062,April Thomas,1940-04-30,P-01644,29898923,26.25,RENEWAL,2026-07-15
Meridian Care,2026-06,243,MC-658152,Sara Crawford,1989-12-27,P-01663,94702683,16.00,RENEWAL,2026-07-15
Meridian Care,2026-06,244,MC-391602,Amy Vasquez,1946-02-22,P-01664,61291817,4.20,RENEWAL,2026-07-15
Meridian Care,2026-06,245,MC-235116,Linda Williams,1950-09-06,P-01674,7150444,26.25,RENEWAL,2026-07-15
Meridian Care,2026-06,246,MC-322475,Jessica Castillo,1952-06-04,P-01686,77125617,4.20,RENEWAL,2026-07-15
Meridian Care,2026-06,247,MC-414407,Richard Henderson,1935-01-08,P-01702,61291817,38.00,NEW,2026-07-15
Meridian Care,2026-06,248,MC-465751,Richard Henderson,1935-01-08,P-01703,61291817,8.40,NEW,2026-07-15
Meridian Care,2026-06,249,MC-427335,Brandy Glenn,1944-01-13,P-01714,1884412,26.25,RENEWAL,2026-07-15
Meridian Care,2026-06,250,MC-910835,Brian Smith,1956-12-23,P-01721,54100814,26.25,RENEWAL,2026-07-15
Meridian Care,2026-06,251,MC-990233,Brooke Baxter,1996-10-30,P-01735,37231783,22.00,NEW,2026-07-15
Meridian Care,2026-06,252,MC-388264,Jeremy Baxter,1946-03-26,P-01736,37231783,26.25,RENEWAL,2026-07-15
Meridian Care,2026-06,253,MC-770131,Tiffany Brown,1946-09-07,P-01744,29898923,4.20,RENEWAL,2026-07-15
Meridian Care,2026-06,254,MC-244779,Megan Davis,1948-12-01,P-01746,29898923,26.25,RENEWAL,2026-07-15
Meridian Care,2026-06,255,MC-388580,Nancy Kim,1939-07-24,P-01748,32244663,38.00,NEW,2026-07-15
Meridian Care,2026-06,256,MC-559893,Nancy Kim,1939-07-24,P-01749,32244663,8.40,NEW,2026-07-15
Meridian Care,2026-06,257,MC-631705,Alicia Tran,1989-04-12,P-01757,11576383,16.00,RENEWAL,2026-07-15
Meridian Care,2026-06,258,MC-902614,Danielle Sanchez,1946-07-03,P-01769,32244663,8.40,NEW,2026-07-15
Meridian Care,2026-06,259,MC-107409,Earl Rodriguez,1989-06-15,P-01782,33857966,19.00,RENEWAL,2026-07-15
Meridian Care,2026-06,260,MC-203526,Earl Rodriguez,1989-06-15,P-01783,33857966,4.20,RENEWAL,2026-07-15
Meridian Care,2026-06,261,MC-608817,Penny Clarke,1956-11-28,P-01792,74197857,26.25,RENEWAL,2026-07-15
Meridian Care,2026-06,262,MC-296998,Madison Clarke,1947-01-28,P-01793,74197857,19.00,RENEWAL,2026-07-15
Meridian Care,2026-06,263,MC-234853,Madison Clarke,1947-01-28,P-01794,74197857,4.20,RENEWAL,2026-07-15
Meridian Care,2026-06,264,MC-237863,Catherine Davis,1948-07-06,P-01795,11576383,26.25,RENEWAL,2026-07-15
Meridian Care,2026-06,265,MC-188369,Tammy Ford,1933-12-16,P-01800,37231783,26.25,RENEWAL,2026-07-15
Meridian Care,2026-06,266,MC-562879,John Hernandez,1948-05-18,P-01802,7150444,9.50,RENEWAL,2026-07-15
Meridian Care,2026-06,267,MC-584248,John Hernandez,1948-05-18,P-01803,7150444,4.20,RENEWAL,2026-07-15
Meridian Care,2026-06,268,MC-791253,Melissa Snow,1954-07-31,P-01810,99847493,52.50,NEW,2026-07-15
Meridian Care,2026-06,269,MC-698594,Joshua Lang,2004-01-04,P-01812,7150444,16.00,RENEWAL,2026-07-15
Meridian Care,2026-06,270,MC-812965,Ruben Smith,1956-04-17,P-01813,97102525,52.50,NEW,2026-07-15
Meridian Care,2026-06,271,MC-439748,Frank Harris,1943-12-25,P-01816,54100814,52.50,NEW,2026-07-15
Meridian Care,2026-06,272,MC-591694,Connor Harris,1952-10-25,P-01817,54100814,19.00,RENEWAL,2026-07-15
Meridian Care,2026-06,273,MC-776752,Connor Harris,1952-10-25,P-01818,54100814,4.20,RENEWAL,2026-07-15
Meridian Care,2026-06,274,MC-848050,Christine Swanson,1937-10-13,P-01823,77125617,52.50,NEW,2026-07-15
Meridian Care,2026-06,275,MC-164649,Jennifer Villa,1943-03-15,P-01847,74197857,26.25,RENEWAL,2026-07-15
Meridian Care,2026-06,276,MC-374966,Michelle Hall,1937-01-23,P-01854,6831819,52.50,NEW,2026-07-15
Meridian Care,2026-06,277,MC-796910,Joshua Martin,1958-08-03,P-01876,61291817,26.25,RENEWAL,2026-07-15
Meridian Care,2026-06,278,MC-301845,Brian Holland,1934-11-27,P-01877,77125617,26.25,RENEWAL,2026-07-15
Meridian Care,2026-06,279,MC-277469,Amy Moore,1943-08-31,P-01879,33857966,26.25,RENEWAL,2026-07-15
Meridian Care,2026-06,280,MC-656849,Joshua Davis,1936-03-27,P-01883,43339391,26.25,RENEWAL,2026-07-15
Meridian Care,2026-06,281,MC-730365,Ricardo Lopez,1949-12-11,P-01889,37231783,26.25,RENEWAL,2026-07-15
Meridian Care,2026-06,282,MC-289121,Katherine Smith,1965-12-24,P-01891,54100814,52.50,NEW,2026-07-15
Meridian Care,2026-06,283,MC-312099,Teresa Rivera,1957-08-05,P-01896,44524491,26.25,RENEWAL,2026-07-15
Meridian Care,2026-06,284,MC-880371,Jacqueline Kennedy,1946-09-06,P-01904,7150444,52.50,NEW,2026-07-15
Meridian Care,2026-06,285,MC-498180,Katherine Willis,1937-03-03,P-01909,74197857,26.25,RENEWAL,2026-07-15
Meridian Care,2026-06,286,MC-939125,Meredith Dominguez,1951-04-21,P-01910,13981052,26.25,RENEWAL,2026-07-15
Meridian Care,2026-06,287,MC-550168,Veronica Russell,1948-08-14,P-01924,74197857,26.25,RENEWAL,2026-07-15
Meridian Care,2026-06,288,MC-836358,Maria Russell,1946-06-18,P-01931,7150444,26.25,RENEWAL,2026-07-15
Meridian Care,2026-06,289,MC-242075,Melissa Smith,1954-04-18,P-01935,1884412,26.25,RENEWAL,2026-07-15
Meridian Care,2026-06,290,MC-556578,Kelly Salazar,1990-04-21,P-01938,6831819,26.25,RENEWAL,2026-07-15
Meridian Care,2026-06,291,MC-685493,Christian Gregory,1950-07-17,P-01944,61291817,26.25,RENEWAL,2026-07-15
Meridian Care,2026-06,292,MC-913463,Jamie Young,1934-12-03,P-01948,77125617,26.25,RENEWAL,2026-07-15
Meridian Care,2026-06,293,MC-123802,Jesse Delacruz,1980-04-03,P-01950,11576383,22.00,NEW,2026-07-15
Meridian Care,2026-06,294,MC-574224,Melody Vasquez,1937-05-29,P-01964,5265799,19.00,RENEWAL,2026-07-15
Meridian Care,2026-06,296,MC-597600,Mitchell Harrington,1943-10-31,P-01975,32244663,52.50,NEW,2026-07-15
Meridian Care,2026-06,297,MC-216511,Stephen Johnson,1953-08-10,P-01985,37231783,38.00,NEW,2026-07-15
Meridian Care,2026-06,298,MC-214160,Stephen Johnson,1953-08-10,P-01986,37231783,8.40,NEW,2026-07-15
Meridian Care,2026-06,299,MC-531924,Hannah Thomas,1940-04-18,P-01998,33857966,26.25,RENEWAL,2026-07-15
Meridian Care,2026-06,300,MC-824233,Deanna Johns,1976-10-23,P-02001,90949389,52.50,NEW,2026-07-15
Meridian Care,2026-06,301,MC-144136,Brenda Sandoval,1943-10-24,P-02009,54100814,19.00,RENEWAL,2026-07-15
Meridian Care,2026-06,302,MC-135564,Brenda Sandoval,1943-10-24,P-02010,54100814,4.20,RENEWAL,2026-07-15
Meridian Care,2026-06,303,MC-328101,Danielle Sandoval,1945-09-20,P-02011,54100814,26.25,RENEWAL,2026-07-15
Meridian Care,2026-06,304,MC-273766,Stephanie Lane,1933-10-03,P-02013,44524491,52.50,NEW,2026-07-15
Meridian Care,2026-06,305,MC-112178,Rodney Burns,1954-08-09,P-02040,94702683,26.25,RENEWAL,2026-07-15
Meridian Care,2026-06,306,MC-208557,Mary Weeks,1937-09-29,P-02047,6831819,19.00,RENEWAL,2026-07-15
Meridian Care,2026-06,307,MC-998719,Mary Weeks,1937-09-29,P-02048,6831819,4.20,RENEWAL,2026-07-15
Meridian Care,2026-06,308,MC-151151,Brittany Gonzalez,1948-10-31,P-02056,61855700,38.00,NEW,2026-07-15
Meridian Care,2026-06,309,MC-186619,Brittany Gonzalez,1948-10-31,P-02057,61855700,8.40,NEW,2026-07-15
Meridian Care,2026-06,310,MC-250967,Sean Miller,1989-08-15,P-02062,5265799,16.00,RENEWAL,2026-07-15
Meridian Care,2026-06,311,MC-437653,Linda Yates,1944-01-10,P-02072,4356886,19.00,RENEWAL,2026-07-15
Meridian Care,2026-06,312,MC-720294,Linda Yates,1944-01-10,P-02073,4356886,4.20,RENEWAL,2026-07-15
Meridian Care,2026-06,313,MC-927082,Scott Hernandez,1949-02-25,P-02074,97102525,26.25,RENEWAL,2026-07-15
Meridian Care,2026-06,314,MC-134885,Angela Scott,1990-09-13,P-02079,44524491,16.00,RENEWAL,2026-07-15
Meridian Care,2026-06,315,MC-823358,Deborah Wright,1935-04-19,P-02094,44524491,8.40,NEW,2026-07-15
Meridian Care,2026-06,316,MC-871102,Denise Wheeler,1936-09-26,P-02095,97102525,26.25,RENEWAL,2026-07-15
Meridian Care,2026-06,317,MC-798360,Ronnie Richmond,1950-04-04,P-02103,54100814,52.50,NEW,2026-07-15
Meridian Care,2026-06,319,MC-428087,Angela Dillon,1943-08-22,P-02115,43339391,26.25,RENEWAL,2026-07-15
Meridian Care,2026-06,320,MC-969010,Michaela Smith,1955-07-03,P-02117,61855700,26.25,RENEWAL,2026-07-15
Meridian Care,2026-06,321,MC-130677,Michelle Smith,1951-10-15,P-02118,61855700,19.00,RENEWAL,2026-07-15
Meridian Care,2026-06,322,MC-936341,Michelle Smith,1951-10-15,P-02119,61855700,4.20,RENEWAL,2026-07-15
Meridian Care,2026-06,323,MC-765953,Michelle Jackson,1983-09-25,P-02128,32244663,22.00,NEW,2026-07-15
Meridian Care,2026-06,324,MC-913949,Amber Glover,1960-03-22,P-02137,1884412,52.50,NEW,2026-07-15
Meridian Care,2026-06,325,MC-745809,Sabrina Le,1939-05-01,P-02146,32244663,19.00,RENEWAL,2026-07-15
Meridian Care,2026-06,326,MC-911090,Sabrina Le,1939-05-01,P-02147,32244663,4.20,RENEWAL,2026-07-15
Meridian Care,2026-06,327,MC-532306,Megan Martinez,1946-10-23,P-02148,5265799,26.25,RENEWAL,2026-07-15
Meridian Care,2026-06,328,MC-623317,Megan Bishop,1997-04-10,P-02152,44524491,16.00,RENEWAL,2026-07-15
Meridian Care,2026-06,329,MC-750490,Robert Miranda,2002-05-03,P-02158,90949389,22.00,NEW,2026-07-15
Meridian Care,2026-06,330,MC-319436,Julie Graham,1959-02-04,P-02161,11576383,52.50,NEW,2026-07-15
Meridian Care,2026-06,331,MC-722555,Michael Knox,1958-04-06,P-02170,97102525,26.25,RENEWAL,2026-07-15
Meridian Care,2026-06,332,MC-499013,Diane Cline,1938-12-28,P-02197,99847493,26.25,RENEWAL,2026-07-15
Meridian Care,2026-06,333,MC-456378,David Robinson,2002-02-14,P-02202,43339391,22.00,NEW,2026-07-15
Meridian Care,2026-06,334,MC-782980,James King,1958-03-20,P-02203,99847493,4.20,RENEWAL,2026-07-15
Meridian Care,2026-06,335,MC-316855,Paul Bradford,1948-09-13,P-02212,74197857,8.40,NEW,2026-07-15
Meridian Care,2026-06,336,MC-720423,Daisy Horn,1958-09-13,P-02213,4356886,19.00,RENEWAL,2026-07-15
Meridian Care,2026-06,337,MC-407669,Daisy Horn,1958-09-13,P-02214,4356886,4.20,RENEWAL,2026-07-15
Meridian Care,2026-06,338,MC-808333,Christopher Collins,1945-03-31,P-02216,61855700,26.25,RENEWAL,2026-07-15
Meridian Care,2026-06,339,MC-267233,Anne Kim,1936-12-07,P-02221,10583482,26.25,RENEWAL,2026-07-15
Meridian Care,2026-06,340,MC-682044,Martin Wolfe,1939-03-08,P-02225,29898923,52.50,NEW,2026-07-15
Meridian Care,2026-06,341,MC-178900,Tyler Williams,1959-04-03,P-02232,1884412,52.50,NEW,2026-07-15
Meridian Care,2026-06,342,MC-691370,Mark Johnson,1945-09-26,P-02237,13981052,52.50,NEW,2026-07-15
Meridian Care,2026-06,343,MC-777640,Scott Bowman,1956-09-30,P-02243,97102525,52.50,NEW,2026-07-15
Meridian Care,2026-06,344,MC-429825,Penny Mccullough,1948-03-24,P-02256,7150444,52.50,NEW,2026-07-15
Meridian Care,2026-06,345,MC-495487,Brian Morales,1949-05-20,P-02258,94702683,26.25,RENEWAL,2026-07-15
Meridian Care,2026-06,346,MC-739675,Michael Willis,1947-02-18,P-02269,94702683,26.25,RENEWAL,2026-07-15
Meridian Care,2026-06,347,MC-237510,Melissa Archer,1941-08-17,P-02277,94702683,19.00,RENEWAL,2026-07-15
Meridian Care,2026-06,348,MC-213927,Melissa Archer,1941-08-17,P-02278,94702683,4.20,RENEWAL,2026-07-15
Meridian Care,2026-06,349,MC-731622,Robert Murphy,1948-10-05,P-02281,97102525,26.25,RENEWAL,2026-07-15
Meridian Care,2026-06,350,MC-231413,Sarah Reynolds,1980-01-25,P-02287,99847493,16.00,RENEWAL,2026-07-15
Meridian Care,2026-06,351,MC-331951,Michelle Harris,1944-10-11,P-02288,74197857,26.25,RENEWAL,2026-07-15
Meridian Care,2026-06,352,MC-758958,Emily Moore,1949-03-15,P-02292,61855700,38.00,NEW,2026-07-15
Meridian Care,2026-06,353,MC-905528,Emily Moore,1949-03-15,P-02293,61855700,8.40,NEW,2026-07-15
Meridian Care,2026-06,354,MC-950648,Angie Martin,1945-04-27,P-02300,4356886,26.25,RENEWAL,2026-07-15
Meridian Care,2026-06,355,MC-911929,Victoria Morales,1956-04-12,P-02303,1884412,38.00,NEW,2026-07-15
Meridian Care,2026-06,356,MC-516919,Victoria Morales,1956-04-12,P-02304,1884412,8.40,NEW,2026-07-15
Meridian Care,2026-06,357,MC-747991,Miguel Johnson,2001-10-15,P-02325,10583482,16.00,RENEWAL,2026-07-15
Meridian Care,2026-06,358,MC-806629,Laura Smith,1971-10-27,P-02333,61291817,16.00,RENEWAL,2026-07-15
Meridian Care,2026-06,359,MC-544029,Gregory Smith,1952-08-21,P-02335,61291817,26.25,RENEWAL,2026-07-15
Meridian Care,2026-06,361,MC-122682,Patricia Watkins,1985-10-11,P-02355,94702683,26.25,RENEWAL,2026-07-15
Meridian Care,2026-06,362,MC-472335,Kimberly Smith,1958-12-21,P-02358,10583482,38.00,NEW,2026-07-15
Meridian Care,2026-06,363,MC-175190,Kimberly Smith,1958-12-21,P-02359,10583482,8.40,NEW,2026-07-15
Meridian Care,2026-06,364,MC-433028,Michael Smith,1994-05-01,P-02373,29898923,16.00,RENEWAL,2026-07-15
Meridian Care,2026-06,365,MC-238657,Brian West,1942-09-22,P-02388,11576383,26.25,RENEWAL,2026-07-15
Meridian Care,2026-06,367,MC-384603,Wesley Clark,1996-01-10,P-02406,97102525,16.00,RENEWAL,2026-07-15
Meridian Care,2026-06,368,MC-758334,Karen Clark,1941-11-18,P-02407,97102525,26.25,RENEWAL,2026-07-15
Meridian Care,2026-06,369,MC-763440,William Vaughn,1943-06-23,P-02416,77125617,26.25,RENEWAL,2026-07-15
Meridian Care,2026-06,370,MC-867787,Dennis Clark,1987-12-24,P-02426,10583482,16.00,RENEWAL,2026-07-15
Meridian Care,2026-06,371,MC-249870,Tyler Andrews,1944-04-14,P-02428,97102525,38.00,NEW,2026-07-15
Meridian Care,2026-06,372,MC-929179,Tyler Andrews,1944-04-14,P-02429,97102525,8.40,NEW,2026-07-15
Meridian Care,2026-06,373,MC-650196,William Mcmahon,1955-01-16,P-02435,4356886,19.00,RENEWAL,2026-07-15
Meridian Care,2026-06,374,MC-516549,William Mcmahon,1955-01-16,P-02436,4356886,4.20,RENEWAL,2026-07-15
Meridian Care,2026-06,375,MC-452129,Amy Christensen,1958-06-11,P-02441,1884412,52.50,NEW,2026-07-15
Meridian Care,2026-06,376,MC-326520,Joseph Pruitt,1952-09-05,P-02451,44524491,26.25,RENEWAL,2026-07-15
Meridian Care,2026-06,377,MC-883012,Victoria Gilmore,1937-04-13,P-02456,7150444,52.50,NEW,2026-07-15
Meridian Care,2026-06,378,MC-725847,Michelle Bender,1984-08-04,P-02467,61855700,11.00,NEW,2026-07-15
Meridian Care,2026-06,379,MC-151864,Cody Benton,1937-05-10,P-02470,1884412,52.50,NEW,2026-07-15
Meridian Care,2026-06,380,MC-343872,Natasha Davis,1998-12-03,P-02482,1884412,22.00,NEW,2026-07-15
Meridian Care,2026-06,381,MC-182027,Philip Smith,1957-06-09,P-02486,54100814,4.20,RENEWAL,2026-07-15
Meridian Care,2026-06,382,MC-413737,Karen Bridges,1941-04-12,P-02494,32244663,26.25,RENEWAL,2026-07-15
Meridian Care,2026-06,383,MC-604976,Michelle Mason,1938-06-16,P-02499,33857966,26.25,RENEWAL,2026-07-15
Meridian Care,2026-06,384,MC-857674,Justin Perkins,1950-12-20,P-02507,33857966,52.50,NEW,2026-07-15
Meridian Care,2026-06,385,MC-702061,Tiffany Perkins,1965-11-22,P-02508,33857966,16.00,RENEWAL,2026-07-15
Meridian Care,2026-06,386,MC-496396,Andrew Green,1939-11-09,P-02515,32244663,52.50,NEW,2026-07-15
Meridian Care,2026-06,387,MC-624521,Madeline Kline,1944-11-13,P-02516,6831819,19.00,RENEWAL,2026-07-15
Meridian Care,2026-06,388,MC-554303,Madeline Kline,1944-11-13,P-02517,6831819,4.20,RENEWAL,2026-07-15
Meridian Care,2026-06,389,MC-666872,Matthew Hunter,1936-02-04,P-02529,4356886,52.50,NEW,2026-07-15
Meridian Care,2026-06,390,MC-627668,Taylor Mejia,1937-10-06,P-02530,77125617,26.25,RENEWAL,2026-07-15
Meridian Care,2026-06,391,MC-298914,Brian Jenkins,1941-10-05,P-02545,29898923,52.50,NEW,2026-07-15
Meridian Care,2026-06,392,MC-172451,Katherine Stephenson,1948-11-30,P-02559,6831819,52.50,NEW,2026-07-15
Meridian Care,2026-06,393,MC-466415,Raymond Johnson,1956-10-06,P-02563,4356886,52.50,NEW,2026-07-15
Meridian Care,2026-06,394,MC-195832,Amy Wagner,1937-12-17,P-02567,74197857,52.50,NEW,2026-07-15
Meridian Care,2026-06,395,MC-974334,Anne Johnson,1958-01-26,P-02575,33857966,26.25,RENEWAL,2026-07-15
Meridian Care,2026-06,396,MC-419940,Ashley Johnson,1943-12-09,P-02580,94702683,4.20,RENEWAL,2026-07-15
Meridian Care,2026-06,397,MC-916573,Scott Foster,1941-06-13,P-02599,5265799,26.25,RENEWAL,2026-07-15
Northwind Health,2026-07,1,NW-642899,Candace Becker,1978-04-23,P-00004,1884412,22.00,NEW,2026-08-15
Northwind Health,2026-07,2,NW-325465,Selena Lewis,1955-12-07,P-00016,90949389,4.20,RENEWAL,2026-08-15
Northwind Health,2026-07,3,NW-452909,Charles Ferrell,1960-01-06,P-00026,10583482,52.50,NEW,2026-08-15
Northwind Health,2026-07,4,NW-193035,Dennis Mcmillan,1937-12-12,P-00029,97102525,52.50,NEW,2026-08-15
Northwind Health,2026-07,5,NW-626491,Lisa Cherry,1957-10-24,P-00035,29898923,19.00,RENEWAL,2026-08-15
Northwind Health,2026-07,6,NW-281276,Lisa Cherry,1957-10-24,P-00036,29898923,4.20,RENEWAL,2026-08-15
Northwind Health,2026-07,7,NW-650311,Jason Gray,1953-08-05,P-00059,32244663,26.25,RENEWAL,2026-08-15
Northwind Health,2026-07,8,NW-749137,John Howell,1948-06-03,P-00062,6831819,26.25,RENEWAL,2026-08-15
Northwind Health,2026-07,9,NW-253541,Mariah Adams,1938-08-03,P-00067,37231783,26.25,RENEWAL,2026-08-15
Northwind Health,2026-07,10,NW-633036,Teresa Wolfe,1954-03-04,P-00092,94702683,26.25,RENEWAL,2026-08-15
Northwind Health,2026-07,11,NW-649435,Michael Moore,1936-12-05,P-00109,43339391,26.25,RENEWAL,2026-08-15
Northwind Health,2026-07,12,NW-787603,Joshua Crosby,1958-09-09,P-00121,1884412,26.25,RENEWAL,2026-08-15
Northwind Health,2026-07,13,NW-818651,William Phillips,1986-07-07,P-00131,11576383,16.00,RENEWAL,2026-08-15
Northwind Health,2026-07,14,NW-477717,Elizabeth Gomez,1955-10-12,P-00134,61291817,26.25,RENEWAL,2026-08-15
Northwind Health,2026-07,15,NW-512509,Karen Gomez,1972-06-05,P-00135,61291817,52.50,NEW,2026-08-15
Northwind Health,2026-07,16,NW-531228,Ebony Craig,1998-06-29,P-00140,61291817,22.00,NEW,2026-08-15
Northwind Health,2026-07,17,NW-312686,Carol Williams,1945-07-25,P-00143,32244663,26.25,RENEWAL,2026-08-15
Northwind Health,2026-07,18,NW-537211,Daniel Cook,1964-04-06,P-00151,6831819,22.00,NEW,2026-08-15
Northwind Health,2026-07,19,NW-650131,Stephanie Jones,1955-02-10,P-00152,97102525,4.20,RENEWAL,2026-08-15
Northwind Health,2026-07,20,NW-138328,Crystal Shelton,1935-09-12,P-00159,37231783,52.50,NEW,2026-08-15
Northwind Health,2026-07,21,NW-334665,Jeremy Tucker,1948-07-02,P-00162,1884412,26.25,RENEWAL,2026-08-15
Northwind Health,2026-07,22,NW-583646,Marie Martin,1984-04-18,P-00163,37231783,16.00,RENEWAL,2026-08-15
Northwind Health,2026-07,23,NW-346668,Christopher Guerra,2002-03-26,P-00168,74197857,16.00,RENEWAL,2026-08-15
Northwind Health,2026-07,24,NW-901351,Bobby Bell,1957-02-10,P-00189,77125617,26.25,RENEWAL,2026-08-15
Northwind Health,2026-07,25,NW-898100,Austin Harrington,1952-01-08,P-00191,77125617,26.25,RENEWAL,2026-08-15
Northwind Health,2026-07,26,NW-332934,Timothy Roberts,1937-02-17,P-00206,29898923,26.25,RENEWAL,2026-08-15
Northwind Health,2026-07,27,NW-769836,Theresa Gross,1947-02-17,P-00208,61291817,26.25,RENEWAL,2026-08-15
Northwind Health,2026-07,28,NW-414750,Sonia Williams,1956-06-21,P-00209,7150444,38.00,NEW,2026-08-15
Northwind Health,2026-07,29,NW-537420,Sonia Williams,1956-06-21,P-00210,7150444,8.40,NEW,2026-08-15
Northwind Health,2026-07,30,NW-790537,Amanda Clayton,1945-08-03,P-00220,1884412,26.25,RENEWAL,2026-08-15
Northwind Health,2026-07,31,NW-465823,Kenneth Ramirez,1938-12-29,P-00226,77125617,26.25,RENEWAL,2026-08-15
Northwind Health,2026-07,32,NW-824423,Anna Nelson,1945-10-30,P-00228,13981052,19.00,RENEWAL,2026-08-15
Northwind Health,2026-07,33,NW-950874,Anna Nelson,1945-10-30,P-00229,13981052,4.20,RENEWAL,2026-08-15
Northwind Health,2026-07,34,NW-729557,Laurie Durham,2000-02-08,P-00244,4356886,16.00,RENEWAL,2026-08-15
Northwind Health,2026-07,35,NW-161606,Franklin Harris,1953-03-26,P-00247,1884412,19.00,RENEWAL,2026-08-15
Northwind Health,2026-07,36,NW-735829,Franklin Harris,1953-03-26,P-00248,1884412,4.20,RENEWAL,2026-08-15
Northwind Health,2026-07,37,NW-719014,Kayla Johnson,1934-07-07,P-00252,29898923,26.25,RENEWAL,2026-08-15
Northwind Health,2026-07,38,NW-789666,Lisa Brown,1935-05-19,P-00257,37231783,26.25,RENEWAL,2026-08-15
Northwind Health,2026-07,39,NW-128117,Ronald Garrett,1962-03-13,P-00258,54100814,16.00,RENEWAL,2026-08-15
Northwind Health,2026-07,41,NW-609990,Deborah Owens,1973-09-15,P-00266,4356886,16.00,RENEWAL,2026-08-15
Northwind Health,2026-07,42,NW-861800,Jeffery Jones,1958-09-13,P-00271,43339391,26.25,RENEWAL,2026-08-15
Northwind Health,2026-07,43,NW-454233,Megan Miller,1951-01-26,P-00275,13981052,26.25,RENEWAL,2026-08-15
Northwind Health,2026-07,44,NW-495727,Jessica Johnson,1950-05-26,P-00292,74197857,52.50,NEW,2026-08-15
Northwind Health,2026-07,45,NW-882193,Lisa Glover,1936-09-09,P-00314,32244663,26.25,RENEWAL,2026-08-15
Northwind Health,2026-07,46,NW-239388,Stephen Simon,1982-08-29,P-00319,6831819,26.25,RENEWAL,2026-08-15
Northwind Health,2026-07,47,NW-495323,Peter Herrera,1958-08-08,P-00334,43339391,52.50,NEW,2026-08-15
Northwind Health,2026-07,48,NW-835165,Morgan Brady,1952-01-22,P-00338,77125617,26.25,RENEWAL,2026-08-15
Northwind Health,2026-07,49,NW-169163,Kelly Bryant,1941-10-30,P-00346,94702683,19.00,RENEWAL,2026-08-15
Northwind Health,2026-07,50,NW-915866,Kelly Bryant,1941-10-30,P-00347,94702683,4.20,RENEWAL,2026-08-15
Northwind Health,2026-07,51,NW-927061,Mary Reed,1957-07-30,P-00348,1884412,52.50,NEW,2026-08-15
Northwind Health,2026-07,52,NW-963359,Bradley Kaufman,1950-12-22,P-00352,10583482,52.50,NEW,2026-08-15
Northwind Health,2026-07,53,NW-268099,Daniel Rodriguez,1937-05-26,P-00357,74197857,26.25,RENEWAL,2026-08-15
Northwind Health,2026-07,54,NW-342669,Gina Morales,1955-06-27,P-00360,43339391,26.25,RENEWAL,2026-08-15
Northwind Health,2026-07,55,NW-394184,Sharon Morales,1975-08-31,P-00361,43339391,16.00,RENEWAL,2026-08-15
Northwind Health,2026-07,56,NW-769952,Bruce Perez,1956-04-19,P-00395,78490893,8.40,NEW,2026-08-15
Northwind Health,2026-07,57,NW-532993,Robert Mills,1940-12-27,P-00399,74197857,19.00,RENEWAL,2026-08-15
Northwind Health,2026-07,58,NW-920192,Robert Mills,1940-12-27,P-00400,74197857,4.20,RENEWAL,2026-08-15
Northwind Health,2026-07,59,NW-841947,Penny Mccall,1944-07-12,P-00402,33857966,26.25,RENEWAL,2026-08-15
Northwind Health,2026-07,60,NW-851622,Charlene Walker,1963-03-25,P-00410,6831819,16.00,RENEWAL,2026-08-15
Northwind Health,2026-07,61,NW-730645,Eileen Hunt,1944-06-12,P-00411,61291817,26.25,RENEWAL,2026-08-15
Northwind Health,2026-07,62,NW-955792,John Lopez,1997-08-09,P-00415,11576383,16.00,RENEWAL,2026-08-15
Northwind Health,2026-07,63,NW-694822,Tammy Powell,1947-04-13,P-00426,97102525,19.00,RENEWAL,2026-08-15
Northwind Health,2026-07,64,NW-650784,Tammy Powell,1947-04-13,P-00427,97102525,4.20,RENEWAL,2026-08-15
Northwind Health,2026-07,65,NW-229431,Cindy Wise,1935-04-07,P-00430,90949389,26.25,RENEWAL,2026-08-15
Northwind Health,2026-07,66,NW-981516,Megan Barber,1944-10-19,P-00444,44524491,26.25,RENEWAL,2026-08-15
Northwind Health,2026-07,67,NW-162621,Emily Clark,1958-06-19,P-00453,90949389,52.50,NEW,2026-08-15
Northwind Health,2026-07,68,NW-497753,Stephanie Clark,1981-01-21,P-00454,90949389,16.00,RENEWAL,2026-08-15
Northwind Health,2026-07,69,NW-561697,Jason Phelps,1994-04-01,P-00458,29898923,26.25,RENEWAL,2026-08-15
Northwind Health,2026-07,70,NW-506967,Justin Martin,1942-01-21,P-00465,13981052,26.25,RENEWAL,2026-08-15
Northwind Health,2026-07,71,NW-650705,Shane Lee,1968-05-11,P-00468,11576383,16.00,RENEWAL,2026-08-15
Northwind Health,2026-07,72,NW-631691,Adam Singleton,1963-08-03,P-00473,32244663,22.00,NEW,2026-08-15
Northwind Health,2026-07,73,NW-849290,Daniel Reilly,1957-05-19,P-00483,13981052,26.25,RENEWAL,2026-08-15
Northwind Health,2026-07,74,NW-294677,Donald Todd,1944-03-06,P-00498,1884412,26.25,RENEWAL,2026-08-15
Northwind Health,2026-07,75,NW-286814,Evan Clark,1954-02-02,P-00508,4356886,26.25,RENEWAL,2026-08-15
Northwind Health,2026-07,76,NW-298049,Tamara Martin,1953-03-09,P-00523,43339391,52.50,NEW,2026-08-15
Northwind Health,2026-07,77,NW-203641,Kaitlyn Ross,1954-06-09,P-00533,61855700,19.00,RENEWAL,2026-08-15
Northwind Health,2026-07,78,NW-936677,Kaitlyn Ross,1954-06-09,P-00534,61855700,4.20,RENEWAL,2026-08-15
Northwind Health,2026-07,79,NW-744259,Mary Baker,1954-01-30,P-00536,32244663,26.25,RENEWAL,2026-08-15
Northwind Health,2026-07,80,NW-262107,Tracey Melton,1957-02-17,P-00538,4356886,26.25,RENEWAL,2026-08-15
Northwind Health,2026-07,81,NW-987409,Ryan Nelson,1959-01-12,P-00545,77125617,52.50,NEW,2026-08-15
Northwind Health,2026-07,82,NW-188553,Sheila Norman,1934-11-26,P-00552,54100814,26.25,RENEWAL,2026-08-15
Northwind Health,2026-07,83,NW-115664,George Rose,1953-01-09,P-00555,61291817,26.25,RENEWAL,2026-08-15
Northwind Health,2026-07,84,NW-274853,Maria Espinoza,1936-05-03,P-00561,61291817,26.25,RENEWAL,2026-08-15
Northwind Health,2026-07,85,NW-460762,Sharon Ali,1935-02-18,P-00568,43339391,26.25,RENEWAL,2026-08-15
Northwind Health,2026-07,87,NW-776111,Ashley Evans,1976-03-26,P-00591,4356886,26.25,RENEWAL,2026-08-15
Northwind Health,2026-07,89,NW-882304,Diana Brown,1965-02-08,P-00606,54100814,16.00,RENEWAL,2026-08-15
Northwind Health,2026-07,90,NW-970978,Heather Warren,1940-01-31,P-00637,13981052,52.50,NEW,2026-08-15
Northwind Health,2026-07,91,NW-245967,Ann Gutierrez,1961-12-07,P-00641,6831819,22.00,NEW,2026-08-15
Northwind Health,2026-07,92,NW-688971,Edward Jones,1941-06-08,P-00647,78490893,19.00,RENEWAL,2026-08-15
Northwind Health,2026-07,93,NW-512370,Edward Jones,1941-06-08,P-00648,78490893,4.20,RENEWAL,2026-08-15
Northwind Health,2026-07,94,NW-680322,Hannah Soto,1957-11-18,P-00661,7150444,26.25,RENEWAL,2026-08-15
Northwind Health,2026-07,95,NW-549359,Theresa Barrett,1947-12-05,P-00674,6831819,26.25,RENEWAL,2026-08-15
Northwind Health,2026-07,96,NW-671793,Gary Barber,1936-05-16,P-00685,77125617,4.20,RENEWAL,2026-08-15
Northwind Health,2026-07,97,NW-291489,Sean Garcia,1958-01-03,P-00689,43339391,52.50,NEW,2026-08-15
Northwind Health,2026-07,98,NW-583287,James Brown,1952-05-21,P-00707,10583482,26.25,RENEWAL,2026-08-15
Northwind Health,2026-07,99,NW-779002,Matthew Brown,1950-09-16,P-00708,10583482,19.00,RENEWAL,2026-08-15
Northwind Health,2026-07,100,NW-470500,Matthew Brown,1950-09-16,P-00709,10583482,4.20,RENEWAL,2026-08-15
Northwind Health,2026-07,101,NW-486265,Edward Rodriguez,1955-05-04,P-00717,78490893,19.00,RENEWAL,2026-08-15
Northwind Health,2026-07,102,NW-447656,Edward Rodriguez,1955-05-04,P-00718,78490893,4.20,RENEWAL,2026-08-15
Northwind Health,2026-07,103,NW-508253,Kristen Thompson,1943-09-07,P-00721,74197857,52.50,NEW,2026-08-15
Northwind Health,2026-07,104,NW-671052,Megan Roberts,1936-02-26,P-00747,10583482,38.00,NEW,2026-08-15
Northwind Health,2026-07,105,NW-575606,Megan Roberts,1936-02-26,P-00748,10583482,8.40,NEW,2026-08-15
Northwind Health,2026-07,106,NW-521164,Mark Cantrell,1944-05-05,P-00751,99847493,52.50,NEW,2026-08-15
Northwind Health,2026-07,107,NW-591543,Heather Burton,1948-12-18,P-00766,1884412,26.25,RENEWAL,2026-08-15
Northwind Health,2026-07,108,NW-656843,Belinda Garcia,1948-11-21,P-00782,29898923,4.20,RENEWAL,2026-08-15
Northwind Health,2026-07,109,NW-162283,Helen Wells,1989-01-29,P-00784,33857966,16.00,RENEWAL,2026-08-15
Northwind Health,2026-07,110,NW-163755,Daniel Martinez,1957-02-13,P-00785,90949389,26.25,RENEWAL,2026-08-15
Northwind Health,2026-07,111,NW-933726,Traci Perez,1948-02-21,P-00789,10583482,26.25,RENEWAL,2026-08-15
Northwind Health,2026-07,112,NW-217395,Dennis Fuller,1958-08-28,P-00794,61291817,52.50,NEW,2026-08-15
Northwind Health,2026-07,113,NW-873267,Cory Fuller,1936-12-30,P-00795,61291817,26.25,RENEWAL,2026-08-15
Northwind Health,2026-07,114,NW-773528,James Saunders,1944-07-16,P-00798,33857966,26.25,RENEWAL,2026-08-15
Northwind Health,2026-07,115,NW-182424,Elizabeth Crawford,1942-05-21,P-00809,33857966,19.00,RENEWAL,2026-08-15
Northwind Health,2026-07,116,NW-317203,Elizabeth Crawford,1942-05-21,P-00810,33857966,4.20,RENEWAL,2026-08-15
Northwind Health,2026-07,117,NW-722977,Brandon Mitchell,1999-01-11,P-00812,6831819,22.00,NEW,2026-08-15
Northwind Health,2026-07,118,NW-997135,Dana Adams,1979-04-12,P-00817,78490893,22.00,NEW,2026-08-15
Northwind Health,2026-07,119,NW-502355,Joshua Mccormick,1960-09-23,P-00830,97102525,52.50,NEW,2026-08-15
Northwind Health,2026-07,120,NW-897136,Gina Bradford,1937-03-16,P-00834,74197857,52.50,NEW,2026-08-15
Northwind Health,2026-07,121,NW-759495,Whitney Lewis,2004-12-01,P-00850,11576383,16.00,RENEWAL,2026-08-15
Northwind Health,2026-07,122,NW-669126,Christopher Glenn,1948-05-07,P-00854,77125617,26.25,RENEWAL,2026-08-15
Northwind Health,2026-07,123,NW-511652,Teresa Davis,1937-09-15,P-00859,78490893,26.25,RENEWAL,2026-08-15
Northwind Health,2026-07,124,NW-610944,Thomas Jackson,1956-07-07,P-00867,29898923,19.00,RENEWAL,2026-08-15
Northwind Health,2026-07,125,NW-885704,Thomas Jackson,1956-07-07,P-00868,29898923,4.20,RENEWAL,2026-08-15
Northwind Health,2026-07,126,NW-515102,Heather Cabrera,1951-10-09,P-00870,54100814,52.50,NEW,2026-08-15
Northwind Health,2026-07,127,NW-312134,Evan West,1938-08-19,P-00877,77125617,26.25,RENEWAL,2026-08-15
Northwind Health,2026-07,128,NW-783707,Tonya Chavez,1934-10-28,P-00899,97102525,52.50,NEW,2026-08-15
Northwind Health,2026-07,129,NW-424205,Michael Carson,1942-08-27,P-00901,90949389,52.50,NEW,2026-08-15
Northwind Health,2026-07,130,NW-139463,Corey Carson,1948-05-02,P-00902,90949389,26.25,RENEWAL,2026-08-15
Northwind Health,2026-07,131,NW-897214,Megan Kidd,1947-07-05,P-00925,78490893,26.25,RENEWAL,2026-08-15
Northwind Health,2026-07,132,NW-744871,Aaron Lucas,1954-11-30,P-00930,44524491,26.25,RENEWAL,2026-08-15
Northwind Health,2026-07,133,NW-302785,Michael Carey,1956-11-02,P-00931,1884412,52.50,NEW,2026-08-15
Northwind Health,2026-07,134,NW-449193,Krista Morgan,1999-06-05,P-00951,94702683,16.00,RENEWAL,2026-08-15
Northwind Health,2026-07,135,NW-878365,Daniel Murphy,1975-06-27,P-00958,99847493,16.00,RENEWAL,2026-08-15
Northwind Health,2026-07,136,NW-585239,Justin Gonzalez,1935-10-24,P-00961,97102525,52.50,NEW,2026-08-15
Northwind Health,2026-07,137,NW-897493,Jeffery Gonzalez,1940-08-25,P-00962,97102525,52.50,NEW,2026-08-15
Northwind Health,2026-07,138,NW-925506,Carol Brooks,1976-09-25,P-00967,74197857,22.00,NEW,2026-08-15
Northwind Health,2026-07,139,NW-786134,Bryce Fry,1942-12-07,P-00985,78490893,26.25,RENEWAL,2026-08-15
Northwind Health,2026-07,140,NW-224896,William King,1954-06-12,P-00995,54100814,4.20,RENEWAL,2026-08-15
Northwind Health,2026-07,141,NW-412280,Marie Watkins,1944-03-18,P-01016,37231783,26.25,RENEWAL,2026-08-15
Northwind Health,2026-07,142,NW-749826,Tracy Allen,1936-09-15,P-01061,32244663,26.25,RENEWAL,2026-08-15
Northwind Health,2026-07,143,NW-857819,Michael Davis,1957-03-03,P-01078,77125617,52.50,NEW,2026-08-15
Northwind Health,2026-07,144,NW-168776,Ashley Davis,1958-04-16,P-01079,77125617,26.25,RENEWAL,2026-08-15
Northwind Health,2026-07,145,NW-790887,Randall Perez,1947-02-24,P-01093,94702683,19.00,RENEWAL,2026-08-15
Northwind Health,2026-07,146,NW-528909,Randall Perez,1947-02-24,P-01094,94702683,4.20,RENEWAL,2026-08-15
Northwind Health,2026-07,147,NW-241825,Jason Rice,1957-11-04,P-01109,10583482,38.00,NEW,2026-08-15
Northwind Health,2026-07,148,NW-904669,Jason Rice,1957-11-04,P-01110,10583482,8.40,NEW,2026-08-15
Northwind Health,2026-07,149,NW-477362,Amanda Simpson,1954-12-22,P-01121,54100814,26.25,RENEWAL,2026-08-15
Northwind Health,2026-07,150,NW-840363,Frank Holland,1946-05-18,P-01130,7150444,19.00,RENEWAL,2026-08-15
Northwind Health,2026-07,151,NW-953402,Frank Holland,1946-05-18,P-01131,7150444,4.20,RENEWAL,2026-08-15
Northwind Health,2026-07,152,NW-438324,Rhonda Thomas,1943-05-31,P-01136,37231783,19.00,RENEWAL,2026-08-15
Northwind Health,2026-07,153,NW-817628,Rhonda Thomas,1943-05-31,P-01137,37231783,4.20,RENEWAL,2026-08-15
Northwind Health,2026-07,154,NW-594052,Dana Guzman,1933-12-25,P-01144,33857966,52.50,NEW,2026-08-15
Northwind Health,2026-07,155,NW-160899,Michael Mccall,1940-02-17,P-01152,7150444,26.25,RENEWAL,2026-08-15
Northwind Health,2026-07,156,NW-917192,Mariah Smith,1934-12-29,P-01154,4356886,26.25,RENEWAL,2026-08-15
Northwind Health,2026-07,157,NW-781890,Justin Smith,1943-05-28,P-01163,61855700,8.40,NEW,2026-08-15
Northwind Health,2026-07,158,NW-391383,Denise Chandler,1951-06-20,P-01167,33857966,52.50,NEW,2026-08-15
Northwind Health,2026-07,159,NW-439084,Stephanie Kirk,1957-12-15,P-01171,99847493,26.25,RENEWAL,2026-08-15
Northwind Health,2026-07,160,NW-619618,Morgan Nash,1942-06-22,P-01173,97102525,52.50,NEW,2026-08-15
Northwind Health,2026-07,161,NW-530927,Sara Camacho,1958-09-12,P-01196,1884412,26.25,RENEWAL,2026-08-15
Northwind Health,2026-07,162,NW-649653,Tony Mckay,1957-05-28,P-01202,29898923,26.25,RENEWAL,2026-08-15
Northwind Health,2026-07,163,NW-476630,Latasha Watts,1955-11-27,P-01211,6831819,26.25,RENEWAL,2026-08-15
Northwind Health,2026-07,164,NW-382371,Philip Sullivan,1950-08-06,P-01224,6831819,52.50,NEW,2026-08-15
Northwind Health,2026-07,165,NW-313502,Clinton Gross,1960-06-28,P-01225,74197857,52.50,NEW,2026-08-15
Northwind Health,2026-07,166,NW-542913,Mark Bailey,1934-02-13,P-01232,5265799,52.50,NEW,2026-08-15
Northwind Health,2026-07,167,NW-548535,Gina Porter,1949-06-01,P-01234,33857966,26.25,RENEWAL,2026-08-15
Northwind Health,2026-07,168,NW-510122,Erika Fitzpatrick,1947-02-27,P-01245,77125617,26.25,RENEWAL,2026-08-15
Northwind Health,2026-07,169,NW-869074,Karina Cunningham,1982-10-21,P-01250,1884412,26.25,RENEWAL,2026-08-15
Northwind Health,2026-07,170,NW-582229,David Lin,1938-08-12,P-01251,44524491,4.20,RENEWAL,2026-08-15
Northwind Health,2026-07,171,NW-327217,Kimberly Woods,1949-07-27,P-01281,32244663,8.40,NEW,2026-08-15
Northwind Health,2026-07,173,NW-570424,Judy Hall,1937-08-14,P-01290,5265799,26.25,RENEWAL,2026-08-15
Northwind Health,2026-07,174,NW-546712,Patrick Ramirez,1943-01-15,P-01291,54100814,52.50,NEW,2026-08-15
Northwind Health,2026-07,175,NW-764379,Jeremy Tran,1951-07-04,P-01305,37231783,26.25,RENEWAL,2026-08-15
Northwind Health,2026-07,176,NW-896360,Stephanie Farmer,1992-03-27,P-01312,54100814,16.00,RENEWAL,2026-08-15
Northwind Health,2026-07,177,NW-521310,Samuel Gray,1935-10-27,P-01325,4356886,26.25,RENEWAL,2026-08-15
Northwind Health,2026-07,178,NW-577319,William Arnold,1959-04-03,P-01329,43339391,52.50,NEW,2026-08-15
Northwind Health,2026-07,179,NW-762440,Roger Wright,1949-11-20,P-01341,1884412,52.50,NEW,2026-08-15
Northwind Health,2026-07,180,NW-791013,Joseph Gaines,1947-07-25,P-01344,61291817,19.00,RENEWAL,2026-08-15
Northwind Health,2026-07,181,NW-244758,Joseph Gaines,1947-07-25,P-01345,61291817,4.20,RENEWAL,2026-08-15
Northwind Health,2026-07,182,NW-884060,Barbara Garcia,1944-03-11,P-01354,1884412,26.25,RENEWAL,2026-08-15
Northwind Health,2026-07,183,NW-830823,Ann Miller,1947-05-21,P-01356,32244663,52.50,NEW,2026-08-15
Northwind Health,2026-07,184,NW-187361,Arthur Lawson,1944-03-16,P-01376,90949389,19.00,RENEWAL,2026-08-15
Northwind Health,2026-07,185,NW-738819,Arthur Lawson,1944-03-16,P-01377,90949389,4.20,RENEWAL,2026-08-15
Northwind Health,2026-07,186,NW-454494,Joseph Hernandez,1979-03-30,P-01382,90949389,16.00,RENEWAL,2026-08-15
Northwind Health,2026-07,187,NW-145287,Brian Anderson,1937-12-05,P-01388,99847493,52.50,NEW,2026-08-15
Northwind Health,2026-07,188,NW-601095,Shawn Cruz,1942-09-07,P-01408,78490893,26.25,RENEWAL,2026-08-15
Northwind Health,2026-07,189,NW-837328,Bill Graham,1938-01-28,P-01412,97102525,26.25,RENEWAL,2026-08-15
Northwind Health,2026-07,190,NW-120650,Joshua Jordan,1991-04-13,P-01415,61291817,22.00,NEW,2026-08-15
Northwind Health,2026-07,191,NW-958630,Teresa Jordan,1948-05-27,P-01417,61291817,52.50,NEW,2026-08-15
Northwind Health,2026-07,192,NW-547351,Daniel Molina,1944-02-14,P-01444,61291817,26.25,RENEWAL,2026-08-15
Northwind Health,2026-07,193,NW-947379,Keith Hernandez,1980-11-10,P-01447,90949389,22.00,NEW,2026-08-15
Northwind Health,2026-07,194,NW-701604,Jeffrey Hernandez,1967-02-04,P-01448,90949389,13.12,RENEWAL,2026-08-15
Northwind Health,2026-07,195,NW-828205,Jeremy Villarreal,1960-09-03,P-01450,99847493,52.50,NEW,2026-08-15
Northwind Health,2026-07,196,NW-805257,Hannah Stevenson,1988-10-25,P-01455,6831819,26.25,RENEWAL,2026-08-15
Northwind Health,2026-07,197,NW-331511,Amanda Baker,1971-02-21,P-01462,43339391,16.00,RENEWAL,2026-08-15
Northwind Health,2026-07,198,NW-686390,Adrian Scott,1940-06-24,P-01498,7150444,26.25,RENEWAL,2026-08-15
Northwind Health,2026-07,199,NW-666644,Stacy Perez,1937-11-25,P-01522,78490893,26.25,RENEWAL,2026-08-15
Northwind Health,2026-07,200,NW-458804,Danielle Conway,1977-09-20,P-01527,94702683,16.00,RENEWAL,2026-08-15
Northwind Health,2026-07,201,NW-676427,Kristin Reed,1937-05-12,P-01531,97102525,26.25,RENEWAL,2026-08-15
Northwind Health,2026-07,202,NW-173508,Stephanie Garcia,1950-12-19,P-01541,77125617,26.25,RENEWAL,2026-08-15
Northwind Health,2026-07,203,NW-385664,Jeremiah Sanchez,1944-07-16,P-01543,61291817,52.50,NEW,2026-08-15
Northwind Health,2026-07,204,NW-829646,John Andersen,1934-09-27,P-01547,61291817,26.25,RENEWAL,2026-08-15
Northwind Health,2026-07,205,NW-208463,Jessica Hudson,1948-06-05,P-01550,90949389,26.25,RENEWAL,2026-08-15
Northwind Health,2026-07,206,NW-920714,Brenda Baird,1950-10-02,P-01551,54100814,26.25,RENEWAL,2026-08-15
Northwind Health,2026-07,207,NW-430050,Michelle Baird,1952-03-21,P-01552,54100814,52.50,NEW,2026-08-15
Northwind Health,2026-07,208,NW-314636,Dillon Horton,1941-03-17,P-01557,77125617,26.25,RENEWAL,2026-08-15
Northwind Health,2026-07,209,NW-102127,Matthew Duke,1945-10-29,P-01561,32244663,26.25,RENEWAL,2026-08-15
Northwind Health,2026-07,210,NW-705442,Brittany Rodriguez,1945-05-08,P-01568,54100814,4.20,RENEWAL,2026-08-15
Northwind Health,2026-07,211,NW-862340,Kayla Ramos,1958-01-08,P-01587,43339391,52.50,NEW,2026-08-15
Northwind Health,2026-07,212,NW-199275,Brian Valenzuela,1951-06-13,P-01590,44524491,26.25,RENEWAL,2026-08-15
Northwind Health,2026-07,213,NW-704490,Douglas Hawkins,1976-11-23,P-01592,7150444,19.00,RENEWAL,2026-08-15
Northwind Health,2026-07,214,NW-143357,Douglas Hawkins,1976-11-23,P-01593,7150444,4.20,RENEWAL,2026-08-15
Northwind Health,2026-07,215,NW-651956,Frank Moore,1987-06-28,P-01609,44524491,16.00,RENEWAL,2026-08-15
Northwind Health,2026-07,216,NW-980444,Jasmin Erickson,1936-12-24,P-01631,5265799,26.25,RENEWAL,2026-08-15
Northwind Health,2026-07,218,NW-127007,Rachel Schultz,1953-09-21,P-01647,44524491,4.20,RENEWAL,2026-08-15
Northwind Health,2026-07,219,NW-244790,Lawrence Zamora,1944-04-01,P-01649,94702683,26.25,RENEWAL,2026-08-15
Northwind Health,2026-07,220,NW-863290,Nicole Zamora,1942-04-03,P-01650,94702683,26.25,RENEWAL,2026-08-15
Northwind Health,2026-07,221,NW-457479,Sandra Lopez,1948-12-05,P-01654,11576383,52.50,NEW,2026-08-15
Northwind Health,2026-07,222,NW-842562,Marie Thomas,1959-03-27,P-01661,90949389,19.00,RENEWAL,2026-08-15
Northwind Health,2026-07,224,NW-327778,Brian Grant,1941-06-24,P-01666,54100814,52.50,NEW,2026-08-15
Northwind Health,2026-07,225,NW-944317,Megan Grant,1950-05-27,P-01667,54100814,38.00,NEW,2026-08-15
Northwind Health,2026-07,226,NW-800104,Megan Grant,1950-05-27,P-01668,54100814,8.40,NEW,2026-08-15
Northwind Health,2026-07,227,NW-472382,Mark Cook,1979-06-09,P-01672,44524491,16.00,RENEWAL,2026-08-15
Northwind Health,2026-07,228,NW-122756,Jorge Cook,1955-09-10,P-01673,44524491,26.25,RENEWAL,2026-08-15
Northwind Health,2026-07,229,NW-884677,Colton Ali,1950-04-11,P-01678,90949389,19.00,RENEWAL,2026-08-15
Northwind Health,2026-07,230,NW-143693,Colton Ali,1950-04-11,P-01679,90949389,4.20,RENEWAL,2026-08-15
Northwind Health,2026-07,231,NW-997784,Paige Conrad,1945-04-15,P-01683,13981052,26.25,RENEWAL,2026-08-15
Northwind Health,2026-07,232,NW-785433,Thomas Bryant,1934-08-29,P-01690,7150444,19.00,RENEWAL,2026-08-15
Northwind Health,2026-07,233,NW-242537,Thomas Bryant,1934-08-29,P-01691,7150444,4.20,RENEWAL,2026-08-15
Northwind Health,2026-07,234,NW-910453,Tonya Watson,1938-10-13,P-01692,77125617,26.25,RENEWAL,2026-08-15
Northwind Health,2026-07,235,NW-741344,Veronica Gilmore,1951-01-19,P-01696,10583482,4.20,RENEWAL,2026-08-15
Northwind Health,2026-07,236,NW-920958,Matthew Mckinney,1945-08-05,P-01697,99847493,26.25,RENEWAL,2026-08-15
Northwind Health,2026-07,237,NW-706171,Gabriela Davis,1963-09-06,P-01708,6831819,22.00,NEW,2026-08-15
Northwind Health,2026-07,238,NW-416639,Mary Rodriguez,1940-08-03,P-01713,43339391,52.50,NEW,2026-08-15
Northwind Health,2026-07,239,NW-493170,Kristin Smith,1948-12-09,P-01722,54100814,26.25,NEW,2026-08-15
Northwind Health,2026-07,240,NW-742078,Jacob Valencia,1942-04-01,P-01725,54100814,4.20,RENEWAL,2026-08-15
Northwind Health,2026-07,241,NW-642948,Anthony Reynolds,1944-09-22,P-01730,33857966,26.25,RENEWAL,2026-08-15
Northwind Health,2026-07,242,NW-106867,Guy Roth,2000-07-10,P-01760,99847493,16.00,RENEWAL,2026-08-15
Northwind Health,2026-07,243,NW-125185,Kara Gibbs,1954-07-08,P-01767,6831819,4.20,RENEWAL,2026-08-15
Northwind Health,2026-07,244,NW-592435,Katherine Richards,1977-03-24,P-01774,61291817,22.00,NEW,2026-08-15
Northwind Health,2026-07,245,NW-922587,Cynthia Simon,1986-07-01,P-01777,32244663,8.00,RENEWAL,2026-08-15
Northwind Health,2026-07,246,NW-611915,Emily Martin,1946-02-18,P-01779,1884412,26.25,RENEWAL,2026-08-15
Northwind Health,2026-07,247,NW-694197,Christopher Garcia,2003-05-29,P-01788,1884412,22.00,NEW,2026-08-15
Northwind Health,2026-07,248,NW-893035,Erin Harris,1940-06-13,P-01806,99847493,4.20,RENEWAL,2026-08-15
Northwind Health,2026-07,249,NW-412750,Mark Smith,1988-11-09,P-01815,97102525,22.00,NEW,2026-08-15
Northwind Health,2026-07,250,NW-518227,Mary Morgan,1955-01-26,P-01821,61855700,26.25,RENEWAL,2026-08-15
Northwind Health,2026-07,251,NW-220868,Rhonda Swanson,1936-08-22,P-01822,77125617,26.25,RENEWAL,2026-08-15
Northwind Health,2026-07,252,NW-330939,Elizabeth Lopez,1954-04-19,P-01842,13981052,52.50,NEW,2026-08-15
Northwind Health,2026-07,253,NW-872151,Kaitlin Bass,1941-07-06,P-01844,61855700,52.50,NEW,2026-08-15
Northwind Health,2026-07,254,NW-163842,Jacob Castillo,1945-04-17,P-01851,7150444,26.25,RENEWAL,2026-08-15
Northwind Health,2026-07,255,NW-162443,Alexander Johnson,1950-06-10,P-01855,6831819,26.25,RENEWAL,2026-08-15
Northwind Health,2026-07,256,NW-656502,Gloria Beard,1946-12-15,P-01865,1884412,26.25,RENEWAL,2026-08-15
Northwind Health,2026-07,257,NW-872703,Melissa Patterson,1957-12-13,P-01874,77125617,26.25,RENEWAL,2026-08-15
Northwind Health,2026-07,258,NW-972397,Rose Zamora,1955-12-05,P-01887,11576383,4.20,RENEWAL,2026-08-15
Northwind Health,2026-07,259,NW-311825,Natasha Smith,1955-04-24,P-01890,54100814,26.25,RENEWAL,2026-08-15
Northwind Health,2026-07,260,NW-595084,Peter Carter,1946-04-21,P-01893,78490893,26.25,RENEWAL,2026-08-15
Northwind Health,2026-07,261,NW-284235,Catherine Stephens,1955-06-13,P-01900,44524491,26.25,RENEWAL,2026-08-15
Northwind Health,2026-07,262,NW-129349,Jennifer Bond,1937-08-14,P-01901,1884412,26.25,RENEWAL,2026-08-15
Northwind Health,2026-07,263,NW-447383,Cassandra Jones,1957-03-17,P-01907,43339391,38.00,NEW,2026-08-15
Northwind Health,2026-07,264,NW-702865,Cassandra Jones,1957-03-17,P-01908,43339391,8.40,NEW,2026-08-15
Northwind Health,2026-07,265,NW-127578,Melanie Washington,1988-07-14,P-01915,61855700,22.00,NEW,2026-08-15
Northwind Health,2026-07,266,NW-209862,Matthew Deleon,1941-11-03,P-01916,7150444,26.25,RENEWAL,2026-08-15
Northwind Health,2026-07,267,NW-581915,James King,1967-10-11,P-01932,43339391,22.00,NEW,2026-08-15
Northwind Health,2026-07,268,NW-702463,Ryan Smith,1977-09-14,P-01936,1884412,16.00,RENEWAL,2026-08-15
Northwind Health,2026-07,269,NW-137872,Douglas Ramos,1943-03-18,P-01941,6831819,4.20,RENEWAL,2026-08-15
Northwind Health,2026-07,271,NW-578819,Phillip King,1968-03-14,P-01971,78490893,22.00,NEW,2026-08-15
Northwind Health,2026-07,272,NW-328287,Angelica Herring,1939-05-02,P-01977,74197857,52.50,NEW,2026-08-15
Northwind Health,2026-07,273,NW-651866,Michael Leon,1970-12-31,P-01982,33857966,16.00,RENEWAL,2026-08-15
Northwind Health,2026-07,274,NW-673506,Thomas Roth,1945-02-20,P-01983,97102525,26.25,RENEWAL,2026-08-15
Northwind Health,2026-07,275,NW-547812,Janice Taylor,1965-09-30,P-01991,6831819,16.00,RENEWAL,2026-08-15
Northwind Health,2026-07,276,NW-931149,Lisa Ponce,1937-06-05,P-01993,33857966,26.25,RENEWAL,2026-08-15
Northwind Health,2026-07,277,NW-686434,Michael Francis,1941-12-20,P-02003,10583482,26.25,RENEWAL,2026-08-15
Northwind Health,2026-07,278,NW-945072,Jennifer Brown,1936-11-08,P-02006,43339391,19.00,RENEWAL,2026-08-15
Northwind Health,2026-07,279,NW-459254,Jennifer Brown,1936-11-08,P-02007,43339391,4.20,RENEWAL,2026-08-15
Northwind Health,2026-07,280,NW-761515,Brian Daniel,1956-02-19,P-02016,33857966,19.00,RENEWAL,2026-08-15
Northwind Health,2026-07,281,NW-342787,Brian Daniel,1956-02-19,P-02017,33857966,4.20,RENEWAL,2026-08-15
Northwind Health,2026-07,282,NW-470379,Jessica Valdez,1951-07-05,P-02020,10583482,26.25,NEW,2026-08-15
Northwind Health,2026-07,283,NW-607157,Dale Frank,1934-03-09,P-02025,74197857,26.25,RENEWAL,2026-08-15
Northwind Health,2026-07,284,NW-543940,Andre Bennett,1942-10-18,P-02026,37231783,38.00,NEW,2026-08-15
Northwind Health,2026-07,285,NW-625056,Andre Bennett,1942-10-18,P-02027,37231783,8.40,NEW,2026-08-15
Northwind Health,2026-07,286,NW-959732,Tammy Garcia,1953-04-22,P-02049,43339391,38.00,NEW,2026-08-15
Northwind Health,2026-07,289,NW-152037,Todd Cisneros,1951-11-07,P-02059,90949389,4.20,RENEWAL,2026-08-15
Northwind Health,2026-07,290,NW-247386,William Castro,1951-06-17,P-02069,90949389,4.20,RENEWAL,2026-08-15
Northwind Health,2026-07,291,NW-422216,Melanie Ramos,1991-07-13,P-02085,5265799,16.00,RENEWAL,2026-08-15
Northwind Health,2026-07,292,NW-763449,Daniel Ramos,1951-05-12,P-02086,5265799,26.25,RENEWAL,2026-08-15
Northwind Health,2026-07,293,NW-323424,Melissa Sparks,1953-08-16,P-02108,4356886,26.25,RENEWAL,2026-08-15
Northwind Health,2026-07,294,NW-699968,Amanda Delacruz,1950-08-19,P-02110,6831819,26.25,RENEWAL,2026-08-15
Northwind Health,2026-07,295,NW-432214,Steven Delacruz,1933-11-14,P-02111,6831819,26.25,RENEWAL,2026-08-15
Northwind Health,2026-07,296,NW-780454,Jonathan Ramirez,1971-09-12,P-02120,99847493,22.00,NEW,2026-08-15
Northwind Health,2026-07,297,NW-891328,Eric Robertson,1952-03-31,P-02122,90949389,26.25,RENEWAL,2026-08-15
Northwind Health,2026-07,298,NW-786663,Hannah Robertson,1939-05-29,P-02124,90949389,19.00,RENEWAL,2026-08-15
Northwind Health,2026-07,299,NW-546119,Hannah Robertson,1939-05-29,P-02125,90949389,4.20,RENEWAL,2026-08-15
Northwind Health,2026-07,300,NW-255935,Christopher Reyes,1954-09-10,P-02130,33857966,19.00,RENEWAL,2026-08-15
Northwind Health,2026-07,301,NW-315150,Christopher Reyes,1954-09-10,P-02131,33857966,4.20,RENEWAL,2026-08-15
Northwind Health,2026-07,302,NW-165314,Ashley Anthony,1962-11-23,P-02138,43339391,16.00,RENEWAL,2026-08-15
Northwind Health,2026-07,303,NW-397486,Janice Murray,1946-08-08,P-02142,99847493,4.20,RENEWAL,2026-08-15
Northwind Health,2026-07,304,NW-644134,Haley White,1958-12-15,P-02150,78490893,19.00,RENEWAL,2026-08-15
Northwind Health,2026-07,305,NW-862502,Haley White,1958-12-15,P-02151,78490893,4.20,RENEWAL,2026-08-15
Northwind Health,2026-07,306,NW-979216,James Brown,1940-04-28,P-02155,97102525,26.25,RENEWAL,2026-08-15
Northwind Health,2026-07,307,NW-236467,Matthew Williams,1956-08-14,P-02162,1884412,26.25,RENEWAL,2026-08-15
Northwind Health,2026-07,308,NW-983140,Paula Osborne,1965-03-02,P-02178,97102525,22.00,NEW,2026-08-15
Northwind Health,2026-07,309,NW-564587,Melanie Bennett,1976-09-02,P-02179,7150444,16.00,RENEWAL,2026-08-15
Northwind Health,2026-07,310,NW-869297,Dawn Duncan,1938-07-08,P-02186,32244663,52.50,NEW,2026-08-15
Northwind Health,2026-07,311,NW-771604,Philip Davis,1950-08-12,P-02187,13981052,26.25,RENEWAL,2026-08-15
Northwind Health,2026-07,312,NW-731264,Daniel Rodriguez,1947-01-15,P-02193,77125617,4.20,RENEWAL,2026-08-15
Northwind Health,2026-07,313,NW-314263,Gabriela Tate,1956-06-14,P-02204,97102525,26.25,RENEWAL,2026-08-15
Northwind Health,2026-07,314,NW-218831,Robert Novak,1977-04-26,P-02208,5265799,22.00,NEW,2026-08-15
Northwind Health,2026-07,315,NW-993013,Stacy Sanchez,1935-11-06,P-02217,78490893,38.00,NEW,2026-08-15
Northwind Health,2026-07,316,NW-460233,Stacy Sanchez,1935-11-06,P-02218,78490893,8.40,NEW,2026-08-15
Northwind Health,2026-07,317,NW-871542,Sharon Johnson,1949-12-02,P-02235,13981052,26.25,RENEWAL,2026-08-15
Northwind Health,2026-07,318,NW-989990,Jeremy Casey,1973-12-23,P-02246,5265799,22.00,NEW,2026-08-15
Northwind Health,2026-07,319,NW-322333,Derek Moore,1934-09-21,P-02294,61855700,26.25,RENEWAL,2026-08-15
Northwind Health,2026-07,320,NW-761829,Sheryl Martin,1940-03-24,P-02302,4356886,52.50,NEW,2026-08-15
Northwind Health,2026-07,321,NW-333770,Gilbert David,1943-04-25,P-02307,33857966,4.20,RENEWAL,2026-08-15
Northwind Health,2026-07,322,NW-407129,Brendan Frost,1938-07-28,P-02311,61855700,52.50,NEW,2026-08-15
Northwind Health,2026-07,323,NW-269593,Martha Wiley,1939-10-30,P-02321,54100814,26.25,RENEWAL,2026-08-15
Northwind Health,2026-07,324,NW-498647,Tyler Chavez,1949-10-15,P-02323,74197857,52.50,NEW,2026-08-15
Northwind Health,2026-07,326,NW-786961,Brooke Chapman,1953-04-05,P-02340,5265799,26.25,RENEWAL,2026-08-15
Northwind Health,2026-07,327,NW-851378,Jimmy Moreno,1944-03-26,P-02342,43339391,19.00,RENEWAL,2026-08-15
Northwind Health,2026-07,328,NW-650109,Jimmy Moreno,1944-03-26,P-02343,43339391,4.20,RENEWAL,2026-08-15
Northwind Health,2026-07,329,NW-592130,Sarah Avila,1946-04-07,P-02346,5265799,26.25,RENEWAL,2026-08-15
Northwind Health,2026-07,330,NW-582557,Garrett Sparks,1995-01-15,P-02364,7150444,16.00,RENEWAL,2026-08-15
Northwind Health,2026-07,331,NW-316996,Martha Nelson,1958-05-04,P-02367,43339391,38.00,NEW,2026-08-15
Northwind Health,2026-07,332,NW-327569,Martha Nelson,1958-05-04,P-02368,43339391,8.40,NEW,2026-08-15
Northwind Health,2026-07,333,NW-126990,Tiffany Petersen,1967-11-01,P-02374,94702683,22.00,NEW,2026-08-15
Northwind Health,2026-07,334,NW-289048,James Johnson,1946-01-15,P-02377,1884412,52.50,NEW,2026-08-15
Northwind Health,2026-07,335,NW-878341,Angelica Blevins,1934-07-16,P-02378,7150444,26.25,RENEWAL,2026-08-15
Northwind Health,2026-07,336,NW-785689,Jordan Stevens,1975-11-28,P-02391,37231783,16.00,RENEWAL,2026-08-15
Northwind Health,2026-07,337,NW-528760,Haley Cobb,1944-12-30,P-02392,97102525,38.00,NEW,2026-08-15
Northwind Health,2026-07,338,NW-432757,Haley Cobb,1944-12-30,P-02393,97102525,8.40,NEW,2026-08-15
Northwind Health,2026-07,339,NW-934591,James Daniels,1941-01-03,P-02395,78490893,26.25,RENEWAL,2026-08-15
Northwind Health,2026-07,340,NW-421466,Rebecca Smith,1950-08-24,P-02400,90949389,26.25,RENEWAL,2026-08-15
Northwind Health,2026-07,341,NW-503796,Sara Evans,1992-11-23,P-02405,11576383,16.00,RENEWAL,2026-08-15
Northwind Health,2026-07,342,NW-696813,Daniel Mccoy,2000-06-03,P-02409,77125617,16.00,RENEWAL,2026-08-15
Northwind Health,2026-07,343,NW-188337,Bobby Cummings,1975-08-13,P-02413,94702683,22.00,NEW,2026-08-15
Northwind Health,2026-07,344,NW-375402,John Cole,1948-06-24,P-02417,43339391,26.25,RENEWAL,2026-08-15
Northwind Health,2026-07,345,NW-918212,Debra Cole,1938-04-10,P-02419,43339391,26.25,RENEWAL,2026-08-15
Northwind Health,2026-07,346,NW-106429,Donna Austin,1977-12-19,P-02421,37231783,22.00,NEW,2026-08-15
Northwind Health,2026-07,347,NW-275601,Michael Ramsey,1946-05-08,P-02437,6831819,26.25,RENEWAL,2026-08-15
Northwind Health,2026-07,348,NW-262441,Steven Ramsey,1952-11-15,P-02438,6831819,19.00,RENEWAL,2026-08-15
Northwind Health,2026-07,349,NW-429629,Steven Ramsey,1952-11-15,P-02439,6831819,4.20,RENEWAL,2026-08-15
Northwind Health,2026-07,350,NW-899058,Nathan Moore,1984-01-24,P-02440,44524491,16.00,RENEWAL,2026-08-15
Northwind Health,2026-07,351,NW-124181,Anthony Jacobs,1937-04-30,P-02446,97102525,19.00,RENEWAL,2026-08-15
Northwind Health,2026-07,352,NW-170777,Anthony Jacobs,1937-04-30,P-02447,97102525,4.20,RENEWAL,2026-08-15
Northwind Health,2026-07,353,NW-283930,Tiffany Brown,1940-09-16,P-02450,29898923,26.25,RENEWAL,2026-08-15
Northwind Health,2026-07,354,NW-288214,Joseph Porter,1938-02-05,P-02457,13981052,26.25,RENEWAL,2026-08-15
Northwind Health,2026-07,355,NW-613048,Adam Rodriguez,1941-09-14,P-02463,1884412,38.00,NEW,2026-08-15
Northwind Health,2026-07,356,NW-580669,Adam Rodriguez,1941-09-14,P-02464,1884412,8.40,NEW,2026-08-15
Northwind Health,2026-07,357,NW-673199,William Delgado,1936-01-28,P-02476,1884412,52.50,NEW,2026-08-15
Northwind Health,2026-07,358,NW-439431,Candace Delgado,1994-05-03,P-02478,1884412,22.00,NEW,2026-08-15
Northwind Health,2026-07,359,NW-255099,Carolyn Brown,1942-04-07,P-02481,54100814,26.25,RENEWAL,2026-08-15
Northwind Health,2026-07,360,NW-804724,Jill Smith,1972-12-29,P-02483,32244663,26.25,RENEWAL,2026-08-15
Northwind Health,2026-07,361,NW-681552,Kelly Tyler,1949-06-01,P-02487,61855700,19.00,RENEWAL,2026-08-15
Northwind Health,2026-07,362,NW-776187,Kelly Tyler,1949-06-01,P-02488,61855700,4.20,RENEWAL,2026-08-15
Northwind Health,2026-07,363,NW-511374,Kevin Drake,1952-09-06,P-02490,5265799,26.25,RENEWAL,2026-08-15
Northwind Health,2026-07,364,NW-544208,Keith Lane,1955-12-25,P-02518,11576383,26.25,RENEWAL,2026-08-15
Northwind Health,2026-07,365,NW-225232,Charles Hernandez,1951-08-17,P-02521,33857966,19.00,RENEWAL,2026-08-15
Northwind Health,2026-07,366,NW-701636,Charles Hernandez,1951-08-17,P-02522,33857966,4.20,RENEWAL,2026-08-15
Northwind Health,2026-07,367,NW-433507,Benjamin Mejia,1953-01-13,P-02531,77125617,4.20,RENEWAL,2026-08-15
Northwind Health,2026-07,368,NW-579263,Charles Phillips,1940-10-14,P-02535,90949389,26.25,RENEWAL,2026-08-15
Northwind Health,2026-07,369,NW-172183,William Reynolds,1955-04-22,P-02542,54100814,19.00,RENEWAL,2026-08-15
Northwind Health,2026-07,370,NW-151691,William Reynolds,1955-04-22,P-02543,54100814,4.20,RENEWAL,2026-08-15
Northwind Health,2026-07,371,NW-968902,Thomas Jenkins,1941-10-31,P-02546,29898923,19.00,RENEWAL,2026-08-15
Northwind Health,2026-07,372,NW-255521,Thomas Jenkins,1941-10-31,P-02547,29898923,4.20,RENEWAL,2026-08-15
Northwind Health,2026-07,373,NW-955761,Maria Huff,1939-07-02,P-02550,1884412,19.00,RENEWAL,2026-08-15
Northwind Health,2026-07,374,NW-911832,Maria Huff,1939-07-02,P-02551,1884412,4.20,RENEWAL,2026-08-15
Northwind Health,2026-07,375,NW-891271,Angela Hood,1943-11-09,P-02555,6831819,52.50,NEW,2026-08-15
Northwind Health,2026-07,376,NW-390974,Susan White,1937-05-10,P-02558,99847493,26.25,RENEWAL,2026-08-15
Northwind Health,2026-07,377,NW-369789,Richard Perez,2000-08-21,P-02574,74197857,22.00,NEW,2026-08-15
Bluepeak,2026-07,1,BP-816116,Paul Becker,1950-11-05,P-00005,1884412,26.25,RENEWAL,2026-08-15
Bluepeak,2026-07,2,BP-228479,Timothy Russell,1936-06-10,P-00019,32244663,38.00,NEW,2026-08-15
Bluepeak,2026-07,3,BP-961599,Timothy Russell,1936-06-10,P-00020,32244663,8.40,NEW,2026-08-15
Bluepeak,2026-07,4,BP-411847,Ronald Arnold,1958-04-11,P-00032,74197857,26.25,RENEWAL,2026-08-15
Bluepeak,2026-07,5,BP-778827,Kevin Cortez,1953-03-25,P-00042,29898923,26.25,RENEWAL,2026-08-15
Bluepeak,2026-07,6,BP-804505,James Chambers,2002-12-07,P-00045,43339391,22.00,NEW,2026-08-15
Bluepeak,2026-07,7,BP-850432,Vanessa Contreras,1957-02-03,P-00047,94702683,26.25,RENEWAL,2026-08-15
Bluepeak,2026-07,8,BP-659106,Kevin Davis,1950-03-20,P-00072,97102525,26.25,RENEWAL,2026-08-15
Bluepeak,2026-07,9,BP-992744,Taylor Andrews,1943-08-19,P-00077,1884412,19.00,RENEWAL,2026-08-15
Bluepeak,2026-07,10,BP-404771,Taylor Andrews,1943-08-19,P-00078,1884412,4.20,RENEWAL,2026-08-15
Bluepeak,2026-07,11,BP-921945,Mallory Hancock,1972-10-16,P-00089,78490893,16.00,RENEWAL,2026-08-15
Bluepeak,2026-07,12,BP-477214,David Murray,1992-10-30,P-00096,99847493,22.00,NEW,2026-08-15
Bluepeak,2026-07,13,BP-892170,Maria Johnson,1943-04-26,P-00111,33857966,52.50,NEW,2026-08-15
Bluepeak,2026-07,14,BP-875959,Elijah Brooks,1966-07-18,P-00133,1884412,22.00,NEW,2026-08-15
Bluepeak,2026-07,15,BP-820767,Randall Williams,1997-06-29,P-00142,32244663,22.00,NEW,2026-08-15
Bluepeak,2026-07,16,BP-424553,Gary Cook,1949-08-19,P-00147,6831819,26.25,RENEWAL,2026-08-15
Bluepeak,2026-07,17,BP-674566,Kellie Martin,1948-11-26,P-00164,37231783,19.00,RENEWAL,2026-08-15
Bluepeak,2026-07,18,BP-318353,Kellie Martin,1948-11-26,P-00165,37231783,4.20,RENEWAL,2026-08-15
Bluepeak,2026-07,19,BP-148026,Christopher Adams,1940-11-06,P-00188,61291817,52.50,NEW,2026-08-15
Bluepeak,2026-07,20,BP-288128,Molly Bell,1957-05-14,P-00190,77125617,4.20,RENEWAL,2026-08-15
Bluepeak,2026-07,21,BP-883377,Raymond Berry,1954-02-21,P-00193,90949389,26.25,RENEWAL,2026-08-15
Bluepeak,2026-07,22,BP-133653,Derek Gonzalez,1948-06-11,P-00194,94702683,52.50,NEW,2026-08-15
Bluepeak,2026-07,23,BP-232617,Sandra Winters,1951-07-06,P-00204,54100814,26.25,RENEWAL,2026-08-15
Bluepeak,2026-07,24,BP-917241,April Thornton,1943-04-09,P-00224,32244663,19.00,RENEWAL,2026-08-15
Bluepeak,2026-07,25,BP-241021,April Thornton,1943-04-09,P-00225,32244663,4.20,RENEWAL,2026-08-15
Bluepeak,2026-07,26,BP-150046,William Brown,1945-10-20,P-00255,37231783,26.25,RENEWAL,2026-08-15
Bluepeak,2026-07,27,BP-859268,Keith Brown,1957-01-13,P-00256,37231783,52.50,NEW,2026-08-15
Bluepeak,2026-07,28,BP-235367,Kevin Meadows,1953-01-15,P-00264,32244663,52.50,NEW,2026-08-15
Bluepeak,2026-07,29,BP-419409,Brenda Bennett,2004-05-17,P-00281,99847493,16.00,RENEWAL,2026-08-15
Bluepeak,2026-07,30,BP-585168,Ryan Snyder,1971-09-16,P-00288,6831819,22.00,NEW,2026-08-15
Bluepeak,2026-07,31,BP-445217,Tammy Navarro,1949-01-10,P-00291,43339391,52.50,NEW,2026-08-15
Bluepeak,2026-07,32,BP-155846,Crystal Salinas,1956-07-27,P-00300,11576383,19.00,RENEWAL,2026-08-15
Bluepeak,2026-07,33,BP-992865,Crystal Salinas,1956-07-27,P-00301,11576383,4.20,RENEWAL,2026-08-15
Bluepeak,2026-07,34,BP-677295,Lindsey Harris,1980-06-12,P-00303,33857966,22.00,NEW,2026-08-15
Bluepeak,2026-07,35,BP-804005,Wyatt Farley,1939-02-06,P-00315,61291817,4.20,RENEWAL,2026-08-15
Bluepeak,2026-07,36,BP-116817,Douglas Long,2005-09-07,P-00317,44524491,16.00,RENEWAL,2026-08-15
Bluepeak,2026-07,37,BP-830100,Kathryn Kramer,1936-11-29,P-00321,97102525,26.25,RENEWAL,2026-08-15
Bluepeak,2026-07,38,BP-404154,Ashley Jones,1936-01-07,P-00353,43339391,38.00,NEW,2026-08-15
Bluepeak,2026-07,39,BP-873876,Ashley Jones,1936-01-07,P-00354,43339391,8.40,NEW,2026-08-15
Bluepeak,2026-07,40,BP-147828,Austin Lopez,1947-11-26,P-00368,61291817,26.25,RENEWAL,2026-08-15
Bluepeak,2026-07,41,BP-229054,Kylie Ferguson,1935-09-27,P-00373,1884412,26.25,RENEWAL,2026-08-15
Bluepeak,2026-07,42,BP-681074,Nathaniel Yu,1937-07-22,P-00381,74197857,26.25,RENEWAL,2026-08-15
Bluepeak,2026-07,43,BP-329540,Nicholas Olsen,2000-01-08,P-00382,33857966,22.00,NEW,2026-08-15
Bluepeak,2026-07,44,BP-168492,Toni Young,1940-03-08,P-00383,97102525,19.00,RENEWAL,2026-08-15
Bluepeak,2026-07,45,BP-769399,Toni Young,1940-03-08,P-00384,97102525,4.20,RENEWAL,2026-08-15
Bluepeak,2026-07,46,BP-704516,Andrew Lloyd,2000-01-20,P-00389,11576383,16.00,RENEWAL,2026-08-15
Bluepeak,2026-07,47,BP-599374,Julie Kelly,1996-02-08,P-00421,29898923,16.00,RENEWAL,2026-08-15
Bluepeak,2026-07,48,BP-137421,Brian Evans,1937-02-27,P-00423,99847493,19.00,RENEWAL,2026-08-15
Bluepeak,2026-07,49,BP-388840,Brian Evans,1937-02-27,P-00424,99847493,4.20,RENEWAL,2026-08-15
Bluepeak,2026-07,50,BP-753959,Marie Strickland,1944-09-04,P-00438,1884412,52.50,NEW,2026-08-15
Bluepeak,2026-07,51,BP-579285,Morgan Li,1980-03-18,P-00441,13981052,16.00,RENEWAL,2026-08-15
Bluepeak,2026-07,52,BP-740939,Elizabeth Olson,1958-07-28,P-00447,11576383,26.25,RENEWAL,2026-08-15
Bluepeak,2026-07,53,BP-873768,Malik Walton,1943-01-29,P-00449,37231783,26.25,RENEWAL,2026-08-15
Bluepeak,2026-07,54,BP-145843,David West,1944-10-07,P-00451,10583482,26.25,RENEWAL,2026-08-15
Bluepeak,2026-07,55,BP-959943,Paul House,1957-04-12,P-00466,11576383,38.00,NEW,2026-08-15
Bluepeak,2026-07,56,BP-722385,Paul House,1957-04-12,P-00467,11576383,8.40,NEW,2026-08-15
Bluepeak,2026-07,57,BP-308079,Kaylee Johnson,1999-10-07,P-00480,29898923,22.00,NEW,2026-08-15
Bluepeak,2026-07,58,BP-303721,Rhonda Underwood,1979-09-21,P-00482,1884412,22.00,NEW,2026-08-15
Bluepeak,2026-07,59,BP-170304,Shannon Stewart,1984-07-24,P-00489,90949389,22.00,NEW,2026-08-15
Bluepeak,2026-07,60,BP-818660,Jessica Sims,1943-03-14,P-00493,32244663,52.50,NEW,2026-08-15
Bluepeak,2026-07,61,BP-986747,Nicole Eaton,1958-04-26,P-00507,32244663,26.25,RENEWAL,2026-08-15
Bluepeak,2026-07,62,BP-808074,Martha Clark,1934-10-01,P-00509,4356886,4.20,RENEWAL,2026-08-15
Bluepeak,2026-07,63,BP-760891,Kim Lane,1934-09-20,P-00522,37231783,26.25,RENEWAL,2026-08-15
Bluepeak,2026-07,64,BP-581498,Abigail Mendez,1940-03-16,P-00526,43339391,19.00,RENEWAL,2026-08-15
Bluepeak,2026-07,65,BP-583819,Abigail Mendez,1940-03-16,P-00527,43339391,4.20,RENEWAL,2026-08-15
Bluepeak,2026-07,66,BP-127200,Daryl Morgan,1988-12-15,P-00530,29898923,16.00,RENEWAL,2026-08-15
Bluepeak,2026-07,67,BP-663015,Jermaine Baker,1953-06-07,P-00535,32244663,26.25,RENEWAL,2026-08-15
Bluepeak,2026-07,68,BP-287480,Travis Melton,1945-01-11,P-00537,4356886,52.50,NEW,2026-08-15
Bluepeak,2026-07,69,BP-205797,Debra Ray,1969-04-03,P-00548,29898923,16.00,RENEWAL,2026-08-15
Bluepeak,2026-07,70,BP-631316,Danielle Oneill,1948-06-06,P-00550,10583482,52.50,NEW,2026-08-15
Bluepeak,2026-07,71,BP-164153,Anthony Kelley,1990-07-03,P-00553,61855700,16.00,RENEWAL,2026-08-15
Bluepeak,2026-07,72,BP-722838,Keith White,1936-07-16,P-00562,97102525,26.25,RENEWAL,2026-08-15
Bluepeak,2026-07,73,BP-111292,Samuel Martinez,1953-03-15,P-00563,99847493,52.50,NEW,2026-08-15
Bluepeak,2026-07,74,BP-769054,Megan Rivera,1959-03-20,P-00565,32244663,26.25,RENEWAL,2026-08-15
Bluepeak,2026-07,75,BP-437287,Levi Rodriguez,1949-05-30,P-00573,43339391,52.50,NEW,2026-08-15
Bluepeak,2026-07,76,BP-364255,Alexandra Rodriguez,1934-07-01,P-00577,54100814,26.25,RENEWAL,2026-08-15
Bluepeak,2026-07,77,BP-732819,Julia Ward,1945-10-05,P-00580,10583482,52.50,NEW,2026-08-15
Bluepeak,2026-07,78,BP-297488,James Cruz,1997-10-24,P-00581,37231783,16.00,RENEWAL,2026-08-15
Bluepeak,2026-07,79,BP-316037,William Sparks,1947-01-14,P-00585,78490893,26.25,RENEWAL,2026-08-15
Bluepeak,2026-07,80,BP-645712,Jessica Moore,1958-07-03,P-00602,4356886,52.50,NEW,2026-08-15
Bluepeak,2026-07,81,BP-179074,Jason Rivera,1943-06-25,P-00605,61855700,26.25,RENEWAL,2026-08-15
Bluepeak,2026-07,82,BP-668326,Jenna Romero,1959-08-22,P-00607,97102525,52.50,NEW,2026-08-15
Bluepeak,2026-07,83,BP-749954,Andrew Garner,1947-11-11,P-00608,61291817,52.50,NEW,2026-08-15
Bluepeak,2026-07,84,BP-266006,Gabriella Carpenter,1960-07-22,P-00610,32244663,52.50,NEW,2026-08-15
Bluepeak,2026-07,85,BP-171192,Stephanie Schaefer,2002-11-06,P-00619,44524491,22.00,NEW,2026-08-15
Bluepeak,2026-07,86,BP-438637,Madison Franklin,1943-08-17,P-00621,61855700,26.25,RENEWAL,2026-08-15
Bluepeak,2026-07,87,BP-749358,Christopher Ford,1950-06-12,P-00626,29898923,52.50,NEW,2026-08-15
Bluepeak,2026-07,88,BP-416960,Matthew Gutierrez,1974-05-27,P-00640,6831819,22.00,NEW,2026-08-15
Bluepeak,2026-07,90,BP-125312,Daniel Jones,1995-10-03,P-00667,6831819,22.00,NEW,2026-08-15
Bluepeak,2026-07,91,BP-722193,Cassandra Lopez,1972-10-19,P-00675,74197857,26.25,RENEWAL,2026-08-15
Bluepeak,2026-07,92,BP-654418,Taylor Harrison,1952-06-20,P-00680,54100814,26.25,RENEWAL,2026-08-15
Bluepeak,2026-07,93,BP-658352,Gregory Holland,1936-02-27,P-00700,7150444,26.25,RENEWAL,2026-08-15
Bluepeak,2026-07,94,BP-535214,Morgan Ellis,1948-11-14,P-00704,7150444,26.25,RENEWAL,2026-08-15
Bluepeak,2026-07,95,BP-633112,Alexis Sanchez,1946-08-16,P-00706,7150444,26.25,RENEWAL,2026-08-15
Bluepeak,2026-07,96,BP-144374,James Grant,1935-07-06,P-00716,43339391,26.25,RENEWAL,2026-08-15
Bluepeak,2026-07,97,BP-950067,Todd Thompson,1973-03-07,P-00722,74197857,16.00,RENEWAL,2026-08-15
Bluepeak,2026-07,98,BP-963565,Ann Bush,1960-07-09,P-00738,1884412,8.40,NEW,2026-08-15
Bluepeak,2026-07,99,BP-343388,Sierra Marsh,1971-10-22,P-00742,97102525,16.00,RENEWAL,2026-08-15
Bluepeak,2026-07,100,BP-440215,Gregory Fowler,1944-07-31,P-00759,13981052,26.25,RENEWAL,2026-08-15
Bluepeak,2026-07,101,BP-548903,Kylie Walker,1955-07-23,P-00760,90949389,26.25,RENEWAL,2026-08-15
Bluepeak,2026-07,102,BP-299673,Kevin Walker,1949-01-08,P-00764,90949389,52.50,NEW,2026-08-15
Bluepeak,2026-07,103,BP-264190,Richard Perez,1974-09-16,P-00788,10583482,16.00,RENEWAL,2026-08-15
Bluepeak,2026-07,104,BP-575067,Antonio Stevens,1948-04-03,P-00799,97102525,26.25,RENEWAL,2026-08-15
Bluepeak,2026-07,105,BP-892189,Ronnie James,1941-03-11,P-00802,10583482,52.50,NEW,2026-08-15
Bluepeak,2026-07,106,BP-937738,Ryan Brock,1985-06-10,P-00815,6831819,22.00,NEW,2026-08-15
Bluepeak,2026-07,107,BP-365518,Rebecca Henderson,1950-06-07,P-00821,97102525,13.12,RENEWAL,2026-08-15
Bluepeak,2026-07,108,BP-744640,James Henderson,1952-09-07,P-00822,97102525,26.25,RENEWAL,2026-08-15
Bluepeak,2026-07,109,BP-684104,Joel Nichols,1942-11-03,P-00829,54100814,52.50,NEW,2026-08-15
Bluepeak,2026-07,110,BP-497608,Jessica Fisher,1938-08-19,P-00832,13981052,26.25,RENEWAL,2026-08-15
Bluepeak,2026-07,111,BP-540071,Christopher Aguilar,1972-06-30,P-00843,1884412,16.00,RENEWAL,2026-08-15
Bluepeak,2026-07,112,BP-182774,Jessica Nguyen,1984-12-16,P-00852,43339391,16.00,RENEWAL,2026-08-15
Bluepeak,2026-07,113,BP-683021,Lisa Marshall,1968-04-24,P-00865,90949389,16.00,RENEWAL,2026-08-15
Bluepeak,2026-07,114,BP-280751,Jennifer Edwards,1967-06-13,P-00866,99847493,22.00,NEW,2026-08-15
Bluepeak,2026-07,115,BP-610497,Peter Gallegos,1988-08-28,P-00872,61291817,16.00,RENEWAL,2026-08-15
Bluepeak,2026-07,116,BP-415618,Jeremy Wilson,1949-02-15,P-00883,97102525,26.25,RENEWAL,2026-08-15
Bluepeak,2026-07,117,BP-705347,Katelyn Lloyd,1935-02-08,P-00885,13981052,52.50,NEW,2026-08-15
Bluepeak,2026-07,118,BP-643264,Scott Moore,1957-02-26,P-00887,78490893,26.25,RENEWAL,2026-08-15
Bluepeak,2026-07,119,BP-891026,Zachary Crane,1937-12-22,P-00891,5265799,52.50,NEW,2026-08-15
Bluepeak,2026-07,120,BP-473543,Todd Ritter,1942-12-06,P-00908,1884412,26.25,RENEWAL,2026-08-15
Bluepeak,2026-07,121,BP-419504,Lisa Lee,1947-10-23,P-00933,94702683,19.00,RENEWAL,2026-08-15
Bluepeak,2026-07,122,BP-299095,Lisa Lee,1947-10-23,P-00934,94702683,4.20,RENEWAL,2026-08-15
Bluepeak,2026-07,124,BP-246319,Lindsey Beard,1935-01-01,P-00941,13981052,26.25,RENEWAL,2026-08-15
Bluepeak,2026-07,125,BP-384566,Kenneth Hansen,1951-02-22,P-00946,5265799,26.25,RENEWAL,2026-08-15
Bluepeak,2026-07,126,BP-108298,Patrick Hansen,1950-07-26,P-00948,5265799,26.25,RENEWAL,2026-08-15
Bluepeak,2026-07,127,BP-598302,James Davidson,1935-08-27,P-00955,94702683,19.00,RENEWAL,2026-08-15
Bluepeak,2026-07,128,BP-817510,James Davidson,1935-08-27,P-00956,94702683,4.20,RENEWAL,2026-08-15
Bluepeak,2026-07,129,BP-816133,Ronald Robinson,1934-01-14,P-00972,5265799,26.25,RENEWAL,2026-08-15
Bluepeak,2026-07,130,BP-108674,Matthew Hunt,1949-11-11,P-00973,74197857,19.00,RENEWAL,2026-08-15
Bluepeak,2026-07,131,BP-240845,Matthew Hunt,1949-11-11,P-00974,74197857,4.20,RENEWAL,2026-08-15
Bluepeak,2026-07,132,BP-702235,Taylor Matthews,1976-09-17,P-00982,37231783,16.00,RENEWAL,2026-08-15
Bluepeak,2026-07,133,BP-274587,Monica Allen,1934-06-20,P-00994,99847493,26.25,RENEWAL,2026-08-15
Bluepeak,2026-07,134,BP-267530,Sheila Weaver,1951-10-01,P-01002,74197857,26.25,RENEWAL,2026-08-15
Bluepeak,2026-07,135,BP-809724,James Turner,1969-10-13,P-01019,5265799,16.00,RENEWAL,2026-08-15
Bluepeak,2026-07,136,BP-509681,Sandra Blake,1952-01-27,P-01021,33857966,52.50,NEW,2026-08-15
Bluepeak,2026-07,137,BP-228453,Jose Terry,1976-07-21,P-01029,32244663,22.00,NEW,2026-08-15
Bluepeak,2026-07,138,BP-725141,Hunter Gonzalez,1944-01-08,P-01033,7150444,52.50,NEW,2026-08-15
Bluepeak,2026-07,139,BP-372285,Stacy Gonzalez,1960-04-24,P-01034,7150444,52.50,NEW,2026-08-15
Bluepeak,2026-07,140,BP-495035,Suzanne Bennett,1946-02-06,P-01038,10583482,26.25,RENEWAL,2026-08-15
Bluepeak,2026-07,141,BP-223598,Linda Marks,1944-02-23,P-01040,94702683,26.25,RENEWAL,2026-08-15
Bluepeak,2026-07,142,BP-723925,Danielle Smith,1945-05-19,P-01043,97102525,26.25,RENEWAL,2026-08-15
Bluepeak,2026-07,143,BP-219036,Molly Joseph,1942-12-12,P-01044,97102525,26.25,RENEWAL,2026-08-15
Bluepeak,2026-07,144,BP-207883,Sandra Wade,1942-07-26,P-01048,44524491,26.25,RENEWAL,2026-08-15
Bluepeak,2026-07,145,BP-100258,Katherine Mooney,1979-03-14,P-01055,33857966,16.00,RENEWAL,2026-08-15
Bluepeak,2026-07,146,BP-976980,Duane Carter,1945-05-09,P-01056,6831819,19.00,RENEWAL,2026-08-15
Bluepeak,2026-07,147,BP-500893,Duane Carter,1945-05-09,P-01057,6831819,4.20,RENEWAL,2026-08-15
Bluepeak,2026-07,148,BP-861384,Mark Evans,1973-04-12,P-01066,7150444,16.00,RENEWAL,2026-08-15
Bluepeak,2026-07,149,BP-820333,Kristin Stewart,1950-06-19,P-01075,74197857,19.00,RENEWAL,2026-08-15
Bluepeak,2026-07,150,BP-807339,Kristin Stewart,1950-06-19,P-01076,74197857,4.20,RENEWAL,2026-08-15
Bluepeak,2026-07,151,BP-134701,Jennifer Green,1981-08-06,P-01081,97102525,16.00,RENEWAL,2026-08-15
Bluepeak,2026-07,152,BP-524745,Joshua Lindsey,1956-05-02,P-01083,1884412,4.20,RENEWAL,2026-08-15
Bluepeak,2026-07,153,BP-943340,Melissa Lopez,1940-01-24,P-01101,77125617,52.50,NEW,2026-08-15
Bluepeak,2026-07,154,BP-617287,Jennifer Mayo,1959-11-14,P-01113,11576383,26.25,RENEWAL,2026-08-15
Bluepeak,2026-07,155,BP-813041,Stephanie Mills,1968-06-06,P-01117,11576383,26.25,RENEWAL,2026-08-15
Bluepeak,2026-07,156,BP-916927,Dennis Baker,1959-02-17,P-01125,6831819,52.50,NEW,2026-08-15
Bluepeak,2026-07,157,BP-630935,Crystal Nguyen,1993-06-02,P-01127,1884412,52.50,NEW,2026-08-15
Bluepeak,2026-07,158,BP-574622,Carol Moreno,1952-04-30,P-01139,74197857,26.25,RENEWAL,2026-08-15
Bluepeak,2026-07,159,BP-610634,Peter Flores,1950-07-15,P-01141,94702683,52.50,NEW,2026-08-15
Bluepeak,2026-07,160,BP-762277,Anthony Bennett,1947-12-25,P-01153,33857966,26.25,RENEWAL,2026-08-15
Bluepeak,2026-07,161,BP-172322,Michael Smith,1939-02-19,P-01162,61855700,26.25,RENEWAL,2026-08-15
Bluepeak,2026-07,162,BP-874831,Jeffrey Nash,1935-05-16,P-01172,97102525,26.25,RENEWAL,2026-08-15
Bluepeak,2026-07,163,BP-200053,Jacqueline Walters,1948-12-16,P-01187,4356886,52.50,NEW,2026-08-15
Bluepeak,2026-07,164,BP-417051,Brittney Fuller,1959-07-16,P-01193,33857966,26.25,RENEWAL,2026-08-15
Bluepeak,2026-07,165,BP-765864,David Fisher,1949-02-16,P-01206,6831819,19.00,RENEWAL,2026-08-15
Bluepeak,2026-07,166,BP-745886,David Fisher,1949-02-16,P-01207,6831819,4.20,RENEWAL,2026-08-15
Bluepeak,2026-07,167,BP-333036,Victoria Taylor,1942-09-17,P-01210,37231783,26.25,RENEWAL,2026-08-15
Bluepeak,2026-07,168,BP-611549,Debbie Maldonado,1954-01-06,P-01221,43339391,4.20,RENEWAL,2026-08-15
Bluepeak,2026-07,169,BP-124055,Terri Smith,1956-07-16,P-01227,44524491,8.40,NEW,2026-08-15
Bluepeak,2026-07,170,BP-628434,Justin Williams,1937-09-27,P-01237,32244663,19.00,RENEWAL,2026-08-15
Bluepeak,2026-07,171,BP-109038,Justin Williams,1937-09-27,P-01238,32244663,4.20,RENEWAL,2026-08-15
Bluepeak,2026-07,172,BP-520589,Jesse Morris,1945-11-30,P-01265,10583482,26.25,RENEWAL,2026-08-15
Bluepeak,2026-07,173,BP-458845,Kelsey Morris,1952-07-17,P-01266,10583482,26.25,RENEWAL,2026-08-15
Bluepeak,2026-07,174,BP-205434,Kathy Cook,1952-05-15,P-01279,44524491,26.25,RENEWAL,2026-08-15
Bluepeak,2026-07,175,BP-823617,Julie Hall,1976-03-22,P-01287,97102525,4.20,RENEWAL,2026-08-15
Bluepeak,2026-07,177,BP-514360,Christy Swanson,1950-08-08,P-01294,54100814,52.50,NEW,2026-08-15
Bluepeak,2026-07,178,BP-870677,John Mcdonald,1963-06-08,P-01298,1884412,16.00,RENEWAL,2026-08-15
Bluepeak,2026-07,179,BP-387272,Lisa Hopkins,1977-03-05,P-01301,5265799,22.00,NEW,2026-08-15
Bluepeak,2026-07,180,BP-499768,Misty Hill,1956-05-04,P-01304,61291817,26.25,RENEWAL,2026-08-15
Bluepeak,2026-07,181,BP-488794,Lee Mitchell,1954-05-25,P-01318,78490893,38.00,NEW,2026-08-15
Bluepeak,2026-07,182,BP-848750,Lee Mitchell,1954-05-25,P-01319,78490893,8.40,NEW,2026-08-15
Bluepeak,2026-07,183,BP-763559,Angela Smith,1998-03-08,P-01339,94702683,22.00,NEW,2026-08-15
Bluepeak,2026-07,184,BP-311012,Stephanie Moreno,1956-09-16,P-01340,11576383,26.25,RENEWAL,2026-08-15
Bluepeak,2026-07,185,BP-329820,Tanya Garcia,1935-10-28,P-01353,1884412,26.25,RENEWAL,2026-08-15
Bluepeak,2026-07,186,BP-156380,Matthew King,1941-05-20,P-01359,5265799,26.25,RENEWAL,2026-08-15
Bluepeak,2026-07,187,BP-991080,Joshua Reilly,1936-08-30,P-01369,43339391,8.40,NEW,2026-08-15
Bluepeak,2026-07,188,BP-530760,Mary Wilson,1974-01-22,P-01384,78490893,16.00,RENEWAL,2026-08-15
Bluepeak,2026-07,189,BP-934269,George Gonzalez,1958-08-12,P-01402,29898923,52.50,NEW,2026-08-15
Bluepeak,2026-07,190,BP-390640,Mark Smith,1954-02-12,P-01414,7150444,52.50,NEW,2026-08-15
Bluepeak,2026-07,191,BP-864648,Christian Reyes,1958-08-22,P-01419,61855700,26.25,RENEWAL,2026-08-15
Bluepeak,2026-07,192,BP-442239,Anthony Lopez,1955-06-12,P-01435,7150444,38.00,NEW,2026-08-15
Bluepeak,2026-07,193,BP-417452,Anthony Lopez,1955-06-12,P-01436,7150444,8.40,NEW,2026-08-15
Bluepeak,2026-07,194,BP-562225,Jenna Ellis,1948-05-31,P-01445,11576383,26.25,RENEWAL,2026-08-15
Bluepeak,2026-07,195,BP-958305,Jonathan Villarreal,1951-08-18,P-01449,99847493,4.20,RENEWAL,2026-08-15
Bluepeak,2026-07,196,BP-539343,Debra Stevenson,1938-06-25,P-01457,6831819,26.25,RENEWAL,2026-08-15
Bluepeak,2026-07,197,BP-816126,Kevin Chase,1959-12-28,P-01468,97102525,52.50,NEW,2026-08-15
Bluepeak,2026-07,198,BP-302486,Nicole Ruiz,1959-11-02,P-01475,90949389,26.25,RENEWAL,2026-08-15
Bluepeak,2026-07,199,BP-644262,Morgan Forbes,1939-11-20,P-01483,74197857,52.50,NEW,2026-08-15
Bluepeak,2026-07,200,BP-651810,Richard Preston,1941-01-10,P-01487,4356886,52.50,NEW,2026-08-15
Bluepeak,2026-07,201,BP-266327,Kendra Hernandez,1954-06-22,P-01490,44524491,52.50,NEW,2026-08-15
Bluepeak,2026-07,202,BP-541857,Phyllis Blair,1959-04-23,P-01499,1884412,26.25,RENEWAL,2026-08-15
Bluepeak,2026-07,203,BP-273815,Jennifer Paul,1940-11-27,P-01509,99847493,26.25,RENEWAL,2026-08-15
Bluepeak,2026-07,204,BP-223505,Matthew Rios,1963-04-20,P-01513,32244663,16.00,RENEWAL,2026-08-15
Bluepeak,2026-07,205,BP-578746,Patricia Stanton,1953-10-07,P-01519,5265799,26.25,RENEWAL,2026-08-15
Bluepeak,2026-07,206,BP-499477,Melissa Reed,1943-08-24,P-01532,97102525,26.25,RENEWAL,2026-08-15
Bluepeak,2026-07,207,BP-575142,Jon Daniel,1940-03-17,P-01534,37231783,26.25,RENEWAL,2026-08-15
Bluepeak,2026-07,209,BP-660857,Cynthia Duke,1946-03-08,P-01559,32244663,52.50,NEW,2026-08-15
Bluepeak,2026-07,210,BP-913233,Cameron Barnett,1955-02-20,P-01569,4356886,26.25,RENEWAL,2026-08-15
Bluepeak,2026-07,211,BP-492304,Allison Townsend,1962-06-15,P-01576,94702683,16.00,RENEWAL,2026-08-15
Bluepeak,2026-07,212,BP-208174,Jennifer Stafford,1933-12-15,P-01578,78490893,26.25,RENEWAL,2026-08-15
Bluepeak,2026-07,213,BP-648068,Nicole Moore,1951-07-10,P-01607,44524491,19.00,RENEWAL,2026-08-15
Bluepeak,2026-07,214,BP-963989,Nicole Moore,1951-07-10,P-01608,44524491,4.20,RENEWAL,2026-08-15
Bluepeak,2026-07,215,BP-728889,Susan Rodriguez,2000-09-19,P-01614,4356886,16.00,RENEWAL,2026-08-15
Bluepeak,2026-07,217,BP-682563,Melissa Butler,1959-06-16,P-01618,61855700,8.40,NEW,2026-08-15
Bluepeak,2026-07,218,BP-822833,Shannon Miller,1937-04-11,P-01623,78490893,19.00,RENEWAL,2026-08-15
Bluepeak,2026-07,219,BP-519167,Shannon Miller,1937-04-11,P-01624,78490893,4.20,RENEWAL,2026-08-15
Bluepeak,2026-07,220,BP-924833,Emily Miller,1945-03-28,P-01625,78490893,26.25,RENEWAL,2026-08-15
Bluepeak,2026-07,221,BP-263875,Jennifer Jones,1948-08-04,P-01626,1884412,26.25,RENEWAL,2026-08-15
Bluepeak,2026-07,222,BP-958437,Stephanie Myers,1940-08-06,P-01643,61291817,52.50,NEW,2026-08-15
Bluepeak,2026-07,223,BP-134112,Thomas Schultz,1941-04-02,P-01648,44524491,26.25,RENEWAL,2026-08-15
Bluepeak,2026-07,224,BP-956724,James Evans,1950-09-16,P-01655,43339391,19.00,RENEWAL,2026-08-15
Bluepeak,2026-07,225,BP-389726,James Evans,1950-09-16,P-01656,43339391,4.20,RENEWAL,2026-08-15
Bluepeak,2026-07,226,BP-932917,Kenneth Evans,1934-09-06,P-01657,43339391,52.50,NEW,2026-08-15
Bluepeak,2026-07,227,BP-183317,Sean Moore,1966-04-02,P-01659,77125617,22.00,NEW,2026-08-15
Bluepeak,2026-07,228,BP-703721,Lee Moore,1939-02-02,P-01660,77125617,52.50,NEW,2026-08-15
Bluepeak,2026-07,229,BP-473086,Laura Carlson,1934-07-14,P-01677,32244663,4.20,RENEWAL,2026-08-15
Bluepeak,2026-07,230,BP-897170,Micheal Ali,1950-02-07,P-01680,90949389,38.00,NEW,2026-08-15
Bluepeak,2026-07,231,BP-385887,Micheal Ali,1950-02-07,P-01681,90949389,8.40,NEW,2026-08-15
Bluepeak,2026-07,232,BP-605407,Lauren Conrad,1950-12-27,P-01684,13981052,19.00,RENEWAL,2026-08-15
Bluepeak,2026-07,233,BP-302907,Lauren Conrad,1950-12-27,P-01685,13981052,4.20,RENEWAL,2026-08-15
Bluepeak,2026-07,234,BP-966945,Michael Henderson,1948-01-22,P-01701,61291817,52.50,NEW,2026-08-15
Bluepeak,2026-07,235,BP-793229,Micheal Hurst,1950-03-13,P-01717,77125617,52.50,NEW,2026-08-15
Bluepeak,2026-07,236,BP-368239,Carl Reynolds,1939-12-25,P-01731,33857966,26.25,RENEWAL,2026-08-15
Bluepeak,2026-07,238,BP-663520,David Taylor,1935-08-08,P-01742,10583482,8.40,NEW,2026-08-15
Bluepeak,2026-07,239,BP-778144,Jesse Griffin,1956-12-02,P-01747,74197857,26.25,RENEWAL,2026-08-15
Bluepeak,2026-07,240,BP-596355,Richard Clark,1950-09-17,P-01751,10583482,19.00,RENEWAL,2026-08-15
Bluepeak,2026-07,241,BP-916426,Richard Clark,1950-09-17,P-01752,10583482,4.20,RENEWAL,2026-08-15
Bluepeak,2026-07,242,BP-468717,Lauren Chavez,1959-09-07,P-01753,33857966,52.50,NEW,2026-08-15
Bluepeak,2026-07,243,BP-879273,Wendy Richardson,1952-09-19,P-01754,44524491,19.00,RENEWAL,2026-08-15
Bluepeak,2026-07,244,BP-516430,Wendy Richardson,1952-09-19,P-01755,44524491,4.20,RENEWAL,2026-08-15
Bluepeak,2026-07,245,BP-925792,Andrew Palmer,1977-10-19,P-01761,77125617,26.25,RENEWAL,2026-08-15
Bluepeak,2026-07,246,BP-695375,Tracy Rice,1938-01-07,P-01763,74197857,19.00,RENEWAL,2026-08-15
Bluepeak,2026-07,247,BP-332764,Tracy Rice,1938-01-07,P-01764,74197857,4.20,RENEWAL,2026-08-15
Bluepeak,2026-07,248,BP-679408,Ryan Richards,1984-01-21,P-01776,61291817,22.00,NEW,2026-08-15
Bluepeak,2026-07,249,BP-786016,Ashley Lee,1992-09-16,P-01778,6831819,16.00,RENEWAL,2026-08-15
Bluepeak,2026-07,250,BP-748785,David Graham,1935-12-11,P-01799,78490893,4.20,RENEWAL,2026-08-15
Bluepeak,2026-07,251,BP-987361,Richard Williams,1950-08-15,P-01808,90949389,26.25,RENEWAL,2026-08-15
Bluepeak,2026-07,252,BP-304312,Vincent Morgan,1957-10-22,P-01819,61855700,19.00,RENEWAL,2026-08-15
Bluepeak,2026-07,253,BP-405228,Vincent Morgan,1957-10-22,P-01820,61855700,4.20,RENEWAL,2026-08-15
Bluepeak,2026-07,254,BP-831794,Ryan Sparks,1962-09-25,P-01824,44524491,22.00,NEW,2026-08-15
Bluepeak,2026-07,255,BP-819081,Bobby Gonzalez,1945-12-31,P-01826,5265799,26.25,RENEWAL,2026-08-15
Bluepeak,2026-07,256,BP-629322,Amy Berg,1997-07-15,P-01835,13981052,16.00,RENEWAL,2026-08-15
Bluepeak,2026-07,257,BP-843112,Alexa Villa,1952-07-24,P-01848,74197857,26.25,RENEWAL,2026-08-15
Bluepeak,2026-07,258,BP-417885,Kathy Rodriguez,1941-04-01,P-01866,37231783,26.25,RENEWAL,2026-08-15
Bluepeak,2026-07,259,BP-878991,Brooke Poole,1935-08-27,P-01867,54100814,52.50,NEW,2026-08-15
Bluepeak,2026-07,260,BP-881981,Donna Poole,1958-10-13,P-01868,54100814,26.25,RENEWAL,2026-08-15
Bluepeak,2026-07,261,BP-525057,Catherine Odonnell,1949-07-11,P-01873,7150444,26.25,RENEWAL,2026-08-15
Bluepeak,2026-07,262,BP-419402,Jamie Patterson,1941-05-06,P-01875,77125617,26.25,RENEWAL,2026-08-15
Bluepeak,2026-07,263,BP-970808,Crystal Holland,1959-07-05,P-01878,77125617,26.25,RENEWAL,2026-08-15
Bluepeak,2026-07,264,BP-281004,Alex Snow,1960-04-27,P-01902,97102525,8.40,NEW,2026-08-15
Bluepeak,2026-07,265,BP-980580,Shelby Jones,1943-06-07,P-01914,7150444,26.25,RENEWAL,2026-08-15
Bluepeak,2026-07,266,BP-714077,Jonathan Chavez,1935-02-03,P-01919,94702683,19.00,RENEWAL,2026-08-15
Bluepeak,2026-07,267,BP-709080,Jonathan Chavez,1935-02-03,P-01920,94702683,4.20,RENEWAL,2026-08-15
Bluepeak,2026-07,268,BP-404380,Ashley Clay,1944-06-06,P-01922,94702683,26.25,RENEWAL,2026-08-15
Bluepeak,2026-07,269,BP-557008,Joshua Salazar,2002-05-10,P-01937,6831819,11.00,NEW,2026-08-15
Bluepeak,2026-07,270,BP-592842,Henry Fernandez,1942-07-05,P-01956,7150444,52.50,NEW,2026-08-15
Bluepeak,2026-07,271,BP-480480,Sharon Curtis,1938-04-08,P-01957,94702683,19.00,RENEWAL,2026-08-15
Bluepeak,2026-07,272,BP-792626,Sharon Curtis,1938-04-08,P-01958,94702683,4.20,RENEWAL,2026-08-15
Bluepeak,2026-07,273,BP-406246,Heather Wood,1948-11-09,P-01967,61291817,26.25,RENEWAL,2026-08-15
Bluepeak,2026-07,274,BP-428437,Megan Nelson,1948-05-30,P-01990,10583482,26.25,RENEWAL,2026-08-15
Bluepeak,2026-07,275,BP-100097,Sylvia Thomas,1937-02-03,P-01997,33857966,52.50,NEW,2026-08-15
Bluepeak,2026-07,276,BP-920351,James Kline,1973-08-13,P-02012,13981052,16.00,RENEWAL,2026-08-15
Bluepeak,2026-07,277,BP-964692,Renee Wolf,1977-09-05,P-02014,5265799,16.00,RENEWAL,2026-08-15
Bluepeak,2026-07,278,BP-293284,Catherine Brown,1950-09-28,P-02022,33857966,26.25,RENEWAL,2026-08-15
Bluepeak,2026-07,279,BP-209854,Anthony Lewis,1964-07-04,P-02029,99847493,22.00,NEW,2026-08-15
Bluepeak,2026-07,280,BP-732052,Carol Brown,1943-08-15,P-02032,97102525,4.20,RENEWAL,2026-08-15
Bluepeak,2026-07,281,BP-517970,Bradley Murray,1958-04-25,P-02039,44524491,52.50,NEW,2026-08-15
Bluepeak,2026-07,282,BP-893424,Eric Brown,1939-08-02,P-02061,4356886,26.25,RENEWAL,2026-08-15
Bluepeak,2026-07,283,BP-189199,Christopher James,1971-11-16,P-02066,61855700,16.00,RENEWAL,2026-08-15
Bluepeak,2026-07,284,BP-923501,Caitlin James,1954-10-29,P-02068,61855700,52.50,NEW,2026-08-15
Bluepeak,2026-07,285,BP-876396,Steven Castro,1940-11-30,P-02070,90949389,26.25,RENEWAL,2026-08-15
Bluepeak,2026-07,286,BP-202259,Amy Hill,1941-05-29,P-02075,77125617,52.50,NEW,2026-08-15
Bluepeak,2026-07,287,BP-520511,Lauren Richmond,1951-03-18,P-02102,54100814,52.50,NEW,2026-08-15
Bluepeak,2026-07,288,BP-649682,Danielle Sparks,1939-10-30,P-02109,4356886,26.25,RENEWAL,2026-08-15
Bluepeak,2026-07,289,BP-885089,Justin Rollins,1950-04-03,P-02113,78490893,52.50,NEW,2026-08-15
Bluepeak,2026-07,290,BP-697685,Adam Moon,1957-01-01,P-02133,33857966,26.25,RENEWAL,2026-08-15
Bluepeak,2026-07,291,BP-869331,Deborah Smith,1960-05-22,P-02134,4356886,52.50,NEW,2026-08-15
Bluepeak,2026-07,292,BP-544195,Allison Glover,1964-03-04,P-02136,1884412,22.00,NEW,2026-08-15
Bluepeak,2026-07,293,BP-671072,Richard Marquez,1966-11-27,P-02143,5265799,16.00,RENEWAL,2026-08-15
Bluepeak,2026-07,294,BP-123537,Ashley Brown,1942-08-08,P-02153,97102525,19.00,RENEWAL,2026-08-15
Bluepeak,2026-07,295,BP-540954,Ashley Brown,1942-08-08,P-02154,97102525,4.20,RENEWAL,2026-08-15
Bluepeak,2026-07,296,BP-461812,Larry Wiley,1988-05-04,P-02157,10583482,22.00,NEW,2026-08-15
Bluepeak,2026-07,297,BP-808337,Ian Orozco,1992-07-06,P-02169,32244663,22.00,NEW,2026-08-15
Bluepeak,2026-07,299,BP-888439,Corey Bernard,1940-08-11,P-02192,97102525,26.25,RENEWAL,2026-08-15
Bluepeak,2026-07,300,BP-274939,Samuel Rodriguez,1949-08-10,P-02194,77125617,52.50,NEW,2026-08-15
Bluepeak,2026-07,301,BP-599960,Derek Krause,1956-06-20,P-02198,90949389,52.50,NEW,2026-08-15
Bluepeak,2026-07,302,BP-884076,Carl Adkins,1941-12-05,P-02199,78490893,26.25,RENEWAL,2026-08-15
Bluepeak,2026-07,303,BP-426878,Barry Turner,1945-11-27,P-02211,33857966,26.25,RENEWAL,2026-08-15
Bluepeak,2026-07,304,BP-472381,Joseph Baird,1939-04-11,P-02220,4356886,4.20,RENEWAL,2026-08-15
Bluepeak,2026-07,305,BP-184160,Vickie Kim,1957-05-19,P-02222,10583482,26.25,RENEWAL,2026-08-15
Bluepeak,2026-07,306,BP-225625,Mary Wolfe,1958-10-18,P-02226,29898923,19.00,RENEWAL,2026-08-15
Bluepeak,2026-07,307,BP-901856,Mary Wolfe,1958-10-18,P-02227,29898923,4.20,RENEWAL,2026-08-15
Bluepeak,2026-07,308,BP-997502,Christopher Frederick,1945-09-10,P-02231,94702683,52.50,NEW,2026-08-15
Bluepeak,2026-07,309,BP-918884,April Fletcher,1951-01-24,P-02239,54100814,38.00,NEW,2026-08-15
Bluepeak,2026-07,310,BP-317624,April Fletcher,1951-01-24,P-02240,54100814,8.40,NEW,2026-08-15
Bluepeak,2026-07,311,BP-661746,Jose Ramos,1944-05-15,P-02249,43339391,19.00,RENEWAL,2026-08-15
Bluepeak,2026-07,312,BP-427213,Jose Ramos,1944-05-15,P-02250,43339391,4.20,RENEWAL,2026-08-15
Bluepeak,2026-07,313,BP-603759,Charles Friedman,1958-01-09,P-02265,54100814,52.50,NEW,2026-08-15
Bluepeak,2026-07,314,BP-765360,Joseph Chapman,1954-12-11,P-02274,6831819,26.25,RENEWAL,2026-08-15
Bluepeak,2026-07,315,BP-812662,Brittney Neal,1959-06-11,P-02275,11576383,52.50,NEW,2026-08-15
Bluepeak,2026-07,316,BP-643615,Catherine Murphy,1959-12-10,P-02282,97102525,8.40,NEW,2026-08-15
Bluepeak,2026-07,317,BP-519838,Bradley Wilson,1946-09-30,P-02285,4356886,26.25,RENEWAL,2026-08-15
Bluepeak,2026-07,318,BP-373247,Michael Logan,1944-06-13,P-02305,43339391,26.25,RENEWAL,2026-08-15
Bluepeak,2026-07,319,BP-769403,Lisa Logan,1956-08-14,P-02306,43339391,26.25,RENEWAL,2026-08-15
Bluepeak,2026-07,320,BP-275630,Gregory Benson,1938-08-28,P-02317,78490893,26.25,RENEWAL,2026-08-15
Bluepeak,2026-07,321,BP-990430,Keith Ward,2001-11-23,P-02318,61291817,16.00,RENEWAL,2026-08-15
Bluepeak,2026-07,322,BP-887382,Ryan Morales,1950-11-14,P-02326,43339391,26.25,RENEWAL,2026-08-15
Bluepeak,2026-07,323,BP-659114,Kathryn Evans,1944-05-04,P-02332,33857966,26.25,RENEWAL,2026-08-15
Bluepeak,2026-07,324,BP-446841,Cheryl Mitchell,1952-06-17,P-02339,99847493,26.25,RENEWAL,2026-08-15
Bluepeak,2026-07,325,BP-767122,Edwin Love,1951-09-20,P-02350,1884412,26.25,RENEWAL,2026-08-15
Bluepeak,2026-07,326,BP-608921,Lynn Ewing,1954-12-01,P-02353,54100814,52.50,NEW,2026-08-15
Bluepeak,2026-07,327,BP-448264,Martha Wells,1979-09-24,P-02370,11576383,22.00,NEW,2026-08-15
Bluepeak,2026-07,328,BP-746276,Julia Wells,1979-07-26,P-02371,11576383,26.25,RENEWAL,2026-08-15
Bluepeak,2026-07,329,BP-672250,Brandon Smith,1959-11-13,P-02372,29898923,26.25,RENEWAL,2026-08-15
Bluepeak,2026-07,330,BP-960700,Elizabeth Petersen,1954-11-16,P-02375,94702683,26.25,RENEWAL,2026-08-15
Bluepeak,2026-07,331,BP-127021,Eric Schultz,1949-06-19,P-02385,77125617,26.25,RENEWAL,2026-08-15
Bluepeak,2026-07,332,BP-732184,Linda Webb,1965-06-08,P-02396,77125617,16.00,RENEWAL,2026-08-15
Bluepeak,2026-07,333,BP-478267,Kevin Suarez,1938-11-25,P-02414,74197857,26.25,RENEWAL,2026-08-15
Bluepeak,2026-07,334,BP-378988,Mary Austin,1947-01-08,P-02422,37231783,26.25,RENEWAL,2026-08-15
Bluepeak,2026-07,335,BP-489665,Jamie Walters,1933-10-28,P-02424,4356886,26.25,RENEWAL,2026-08-15
Bluepeak,2026-07,336,BP-954127,Cory Fox,1954-06-12,P-02443,13981052,26.25,RENEWAL,2026-08-15
Bluepeak,2026-07,337,BP-492674,Amber Wilcox,1995-08-02,P-02455,97102525,22.00,NEW,2026-08-15
Bluepeak,2026-07,338,BP-591602,Kathleen Johns,1984-11-12,P-02462,77125617,16.00,RENEWAL,2026-08-15
Bluepeak,2026-07,339,BP-437896,Jordan Bruce,1949-12-23,P-02485,99847493,52.50,NEW,2026-08-15
Bluepeak,2026-07,340,BP-373150,Stuart Tyler,1940-02-13,P-02489,61855700,26.25,RENEWAL,2026-08-15
Bluepeak,2026-07,341,BP-213320,Ariel Drake,1954-01-14,P-02491,5265799,26.25,RENEWAL,2026-08-15
Bluepeak,2026-07,342,BP-534506,Linda Mason,1951-11-23,P-02500,33857966,52.50,NEW,2026-08-15
Bluepeak,2026-07,343,BP-798146,David Roy,1935-10-07,P-02502,13981052,26.25,RENEWAL,2026-08-15
Bluepeak,2026-07,344,BP-825880,Brittany Adkins,1947-11-21,P-02505,44524491,26.25,RENEWAL,2026-08-15
Bluepeak,2026-07,345,BP-547058,Garrett Kennedy,1940-01-26,P-02509,4356886,26.25,RENEWAL,2026-08-15
Bluepeak,2026-07,346,BP-343943,Wanda Fischer,1953-07-25,P-02534,37231783,26.25,RENEWAL,2026-08-15
Bluepeak,2026-07,347,BP-660087,Kevin Lopez,1974-04-26,P-02540,74197857,22.00,NEW,2026-08-15
Bluepeak,2026-07,348,BP-731148,Robert White,1994-03-19,P-02556,99847493,19.00,RENEWAL,2026-08-15
Bluepeak,2026-07,349,BP-316323,Robert White,1994-03-19,P-02557,99847493,4.20,RENEWAL,2026-08-15
Bluepeak,2026-07,350,BP-197924,Isaiah Conley,1989-12-16,P-02561,7150444,22.00,NEW,2026-08-15
Bluepeak,2026-07,351,BP-332007,Debbie Higgins,1960-07-18,P-02566,90949389,52.50,NEW,2026-08-15
Bluepeak,2026-07,352,BP-739230,Kevin Wagner,1959-05-27,P-02568,74197857,52.50,NEW,2026-08-15
Bluepeak,2026-07,353,BP-894446,Caitlin Cruz,1951-08-08,P-02578,78490893,52.50,NEW,2026-08-15
Bluepeak,2026-07,354,BP-858376,Jerry Gomez,1937-09-16,P-02581,13981052,26.25,RENEWAL,2026-08-15
Bluepeak,2026-07,355,BP-493289,Isabella Fuller,1939-11-27,P-02588,11576383,19.00,RENEWAL,2026-08-15
Bluepeak,2026-07,356,BP-774488,Isabella Fuller,1939-11-27,P-02589,11576383,4.20,RENEWAL,2026-08-15
Bluepeak,2026-07,357,BP-228988,Debbie Gilmore,1987-11-01,P-02597,94702683,26.25,RENEWAL,2026-08-15
Bluepeak,2026-07,358,BP-171763,Marie Foster,1948-12-20,P-02598,5265799,26.25,RENEWAL,2026-08-15
Bluepeak,2026-07,359,BP-137884,Justin Woods,1943-02-28,P-02600,5265799,8.40,NEW,2026-08-15
Harborline,2026-07,1,HL-908903,Jose Mckay,1945-11-22,P-00008,61855700,26.25,RENEWAL,2026-08-15
Harborline,2026-07,2,HL-376195,Jason Nolan,1947-09-30,P-00034,5265799,52.50,NEW,2026-08-15
Harborline,2026-07,3,HL-838862,Jeanne Scott,1938-08-17,P-00041,54100814,52.50,NEW,2026-08-15
Harborline,2026-07,4,HL-538897,Jeffrey Chambers,1945-08-30,P-00044,43339391,26.25,RENEWAL,2026-08-15
Harborline,2026-07,5,HL-520245,Matthew Graham,1955-09-11,P-00057,43339391,26.25,RENEWAL,2026-08-15
Harborline,2026-07,6,HL-148759,Ross Reed,1980-06-13,P-00064,77125617,22.00,NEW,2026-08-15
Harborline,2026-07,7,HL-702891,Stephanie Newton,1939-02-26,P-00073,44524491,19.00,RENEWAL,2026-08-15
Harborline,2026-07,8,HL-573039,Stephanie Newton,1939-02-26,P-00074,44524491,4.20,RENEWAL,2026-08-15
Harborline,2026-07,9,HL-358133,Christopher Avery,1938-10-31,P-00079,29898923,26.25,RENEWAL,2026-08-15
Harborline,2026-07,10,HL-561267,Troy Mason,1951-12-10,P-00083,99847493,52.50,NEW,2026-08-15
Harborline,2026-07,11,HL-340977,Daniel Morris,1968-06-30,P-00088,61855700,22.00,NEW,2026-08-15
Harborline,2026-07,12,HL-139589,Chelsea Wolfe,1934-12-24,P-00093,94702683,19.00,RENEWAL,2026-08-15
Harborline,2026-07,13,HL-846172,Chelsea Wolfe,1934-12-24,P-00094,94702683,4.20,RENEWAL,2026-08-15
Harborline,2026-07,14,HL-901387,Benjamin Simpson,1936-08-08,P-00102,29898923,19.00,RENEWAL,2026-08-15
Harborline,2026-07,15,HL-886609,Benjamin Simpson,1936-08-08,P-00103,29898923,4.20,RENEWAL,2026-08-15
Harborline,2026-07,16,HL-622998,Melissa Santos,1985-02-09,P-00104,1884412,26.25,RENEWAL,2026-08-15
Harborline,2026-07,17,HL-432270,Scott Moore,1947-11-22,P-00107,43339391,19.00,RENEWAL,2026-08-15
Harborline,2026-07,18,HL-384424,Scott Moore,1947-11-22,P-00108,43339391,4.20,RENEWAL,2026-08-15
Harborline,2026-07,19,HL-799080,Kaitlyn Richardson,1959-06-22,P-00115,4356886,26.25,RENEWAL,2026-08-15
Harborline,2026-07,20,HL-613898,Brandon Banks,1953-04-22,P-00117,5265799,19.00,RENEWAL,2026-08-15
Harborline,2026-07,21,HL-388698,Brandon Banks,1953-04-22,P-00118,5265799,4.20,RENEWAL,2026-08-15
Harborline,2026-07,22,HL-226395,Joseph Chapman,1969-03-20,P-00128,94702683,16.00,RENEWAL,2026-08-15
Harborline,2026-07,23,HL-881519,Jeffrey Hayes,1949-12-29,P-00129,54100814,26.25,RENEWAL,2026-08-15
Harborline,2026-07,24,HL-668573,Molly Smith,1965-11-15,P-00138,43339391,16.00,RENEWAL,2026-08-15
Harborline,2026-07,25,HL-604884,Joanne Best,1951-05-01,P-00156,10583482,26.25,RENEWAL,2026-08-15
Harborline,2026-07,26,HL-508489,Christopher Haas,1937-09-03,P-00157,44524491,26.25,RENEWAL,2026-08-15
Harborline,2026-07,27,HL-326639,Brian Shelton,2003-05-15,P-00158,37231783,16.00,RENEWAL,2026-08-15
Harborline,2026-07,28,HL-555844,Angela Sawyer,1987-03-16,P-00167,33857966,16.00,RENEWAL,2026-08-15
Harborline,2026-07,29,HL-610343,Renee Guerra,1949-10-02,P-00169,74197857,26.25,RENEWAL,2026-08-15
Harborline,2026-07,30,HL-733152,David Young,1945-04-04,P-00174,4356886,26.25,RENEWAL,2026-08-15
Harborline,2026-07,31,HL-367747,Theresa Beck,1947-09-25,P-00179,37231783,19.00,RENEWAL,2026-08-15
Harborline,2026-07,32,HL-869983,Theresa Beck,1947-09-25,P-00180,37231783,4.20,RENEWAL,2026-08-15
Harborline,2026-07,33,HL-191853,Michelle Gross,1944-03-14,P-00207,61291817,26.25,RENEWAL,2026-08-15
Harborline,2026-07,34,HL-419484,Brandon Bryant,1944-01-03,P-00215,61855700,52.50,NEW,2026-08-15
Harborline,2026-07,35,HL-215674,Benjamin Morrison,1981-02-26,P-00219,5265799,16.00,RENEWAL,2026-08-15
Harborline,2026-07,36,HL-904857,Jennifer Castillo,1952-01-25,P-00223,5265799,26.25,RENEWAL,2026-08-15
Harborline,2026-07,37,HL-687019,Erin Garcia,1957-11-11,P-00234,13981052,19.00,RENEWAL,2026-08-15
Harborline,2026-07,38,HL-311802,Erin Garcia,1957-11-11,P-00235,13981052,4.20,RENEWAL,2026-08-15
Harborline,2026-07,39,HL-962671,Deborah Rivera,1990-02-17,P-00240,77125617,16.00,RENEWAL,2026-08-15
Harborline,2026-07,40,HL-289131,Amanda Harris,1963-02-21,P-00245,1884412,19.00,RENEWAL,2026-08-15
Harborline,2026-07,41,HL-374516,Amanda Harris,1963-02-21,P-00246,1884412,4.20,RENEWAL,2026-08-15
Harborline,2026-07,42,HL-683879,Regina Meadows,1967-01-23,P-00265,32244663,16.00,RENEWAL,2026-08-15
Harborline,2026-07,43,HL-512369,Jessica Murray,1944-02-29,P-00269,29898923,26.25,RENEWAL,2026-08-15
Harborline,2026-07,44,HL-487538,Veronica Cunningham,1956-01-17,P-00274,44524491,26.25,RENEWAL,2026-08-15
Harborline,2026-07,45,HL-811572,Vincent Ramsey,1959-01-23,P-00279,61291817,26.25,RENEWAL,2026-08-15
Harborline,2026-07,46,HL-130310,Jacob Bennett,1956-03-04,P-00280,99847493,26.25,RENEWAL,2026-08-15
Harborline,2026-07,47,HL-323088,Kathleen Wallace,1943-07-07,P-00282,7150444,26.25,RENEWAL,2026-08-15
Harborline,2026-07,48,HL-312861,Karen Harris,1955-01-14,P-00302,33857966,26.25,RENEWAL,2026-08-15
Harborline,2026-07,49,HL-637549,Candice Rose,1950-06-07,P-00306,1884412,52.50,NEW,2026-08-15
Harborline,2026-07,50,HL-624078,Isaac Torres,1934-12-23,P-00307,78490893,13.12,RENEWAL,2026-08-15
Harborline,2026-07,51,HL-243294,Nancy Khan,1941-02-22,P-00324,37231783,26.25,RENEWAL,2026-08-15
Harborline,2026-07,52,HL-374025,Sean Wheeler,1964-03-18,P-00326,61291817,16.00,RENEWAL,2026-08-15
Harborline,2026-07,53,HL-805486,Donald Mosley,1954-09-01,P-00329,61291817,26.25,RENEWAL,2026-08-15
Harborline,2026-07,54,HL-496818,Carol Tran,1957-06-15,P-00330,4356886,52.50,NEW,2026-08-15
Harborline,2026-07,55,HL-423896,Judith Parker,1938-11-27,P-00336,61291817,4.20,RENEWAL,2026-08-15
Harborline,2026-07,56,HL-198181,Joshua Kaufman,1946-06-30,P-00351,10583482,52.50,NEW,2026-08-15
Harborline,2026-07,57,HL-329931,Laura Day,1935-09-05,P-00369,94702683,26.25,RENEWAL,2026-08-15
Harborline,2026-07,58,HL-255863,Michael Warner,1958-09-09,P-00375,5265799,8.40,NEW,2026-08-15
Harborline,2026-07,59,HL-202110,Gary Young,1941-12-16,P-00385,97102525,26.25,RENEWAL,2026-08-15
Harborline,2026-07,60,HL-144748,Ryan Lawson,1952-02-18,P-00390,11576383,26.25,RENEWAL,2026-08-15
Harborline,2026-07,61,HL-945089,Jessica Flores,1993-12-22,P-00398,6831819,11.00,NEW,2026-08-15
Harborline,2026-07,62,HL-981282,Margaret Ramos,1964-11-12,P-00403,74197857,16.00,RENEWAL,2026-08-15
Harborline,2026-07,63,HL-825196,Janet Hull,1953-05-02,P-00406,61291817,26.25,RENEWAL,2026-08-15
Harborline,2026-07,64,HL-334896,Zachary Lopez,1966-09-07,P-00414,11576383,22.00,NEW,2026-08-15
Harborline,2026-07,65,HL-100417,Diane Cruz,1944-10-29,P-00417,1884412,52.50,NEW,2026-08-15
Harborline,2026-07,66,HL-297083,Kristen Walker,1957-10-23,P-00420,29898923,52.50,NEW,2026-08-15
Harborline,2026-07,67,HL-156136,Albert Harris,1938-10-02,P-00436,29898923,4.20,RENEWAL,2026-08-15
Harborline,2026-07,68,HL-696053,Michael Smith,1948-02-05,P-00456,32244663,26.25,RENEWAL,2026-08-15
Harborline,2026-07,69,HL-479459,Olivia Taylor,1958-11-25,P-00462,99847493,26.25,RENEWAL,2026-08-15
Harborline,2026-07,70,HL-981529,Susan Fox,1937-06-14,P-00475,54100814,2.10,RENEWAL,2026-08-15
Harborline,2026-07,71,HL-409767,Abigail Fox,1963-01-26,P-00476,54100814,22.00,NEW,2026-08-15
Harborline,2026-07,72,HL-909289,Karen Robinson,1939-02-26,P-00477,94702683,26.25,RENEWAL,2026-08-15
Harborline,2026-07,73,HL-941390,Zachary Johnson,1959-05-17,P-00478,29898923,52.50,NEW,2026-08-15
Harborline,2026-07,74,HL-420602,Christina Stewart,1938-08-14,P-00490,90949389,26.25,RENEWAL,2026-08-15
Harborline,2026-07,76,HL-736249,Patricia Sims,1944-11-02,P-00495,32244663,52.50,NEW,2026-08-15
Harborline,2026-07,77,HL-883714,Erik Todd,1967-11-16,P-00500,1884412,22.00,NEW,2026-08-15
Harborline,2026-07,78,HL-421153,Denise Diaz,1945-07-22,P-00504,29898923,26.25,RENEWAL,2026-08-15
Harborline,2026-07,79,HL-625927,Timothy Mays,1981-12-12,P-00517,13981052,16.00,RENEWAL,2026-08-15
Harborline,2026-07,80,HL-594908,Steve Wolfe,1963-07-13,P-00540,97102525,22.00,NEW,2026-08-15
Harborline,2026-07,81,HL-957011,Christie Young,1937-08-25,P-00543,7150444,26.25,RENEWAL,2026-08-15
Harborline,2026-07,82,HL-968454,Lisa Brown,1939-02-23,P-00546,33857966,19.00,RENEWAL,2026-08-15
Harborline,2026-07,83,HL-547898,Lisa Brown,1939-02-23,P-00547,33857966,4.20,RENEWAL,2026-08-15
Harborline,2026-07,84,HL-579653,Debbie Espinoza,1944-04-12,P-00559,61291817,52.50,NEW,2026-08-15
Harborline,2026-07,85,HL-878999,Alan Martinez,1972-08-10,P-00564,99847493,16.00,RENEWAL,2026-08-15
Harborline,2026-07,86,HL-561746,Tony Rodriguez,1956-03-18,P-00571,43339391,26.25,RENEWAL,2026-08-15
Harborline,2026-07,87,HL-523874,Diane Cruz,1944-10-29,P-00582,37231783,4.20,RENEWAL,2026-08-15
Harborline,2026-07,88,HL-129321,Andrea Sparks,1944-11-23,P-00583,78490893,19.00,RENEWAL,2026-08-15
Harborline,2026-07,89,HL-663886,Andrea Sparks,1944-11-23,P-00584,78490893,4.20,RENEWAL,2026-08-15
Harborline,2026-07,90,HL-856213,Ashley Ellison,1944-06-27,P-00589,13981052,26.25,RENEWAL,2026-08-15
Harborline,2026-07,91,HL-458747,Jody Rivera,1950-02-14,P-00604,61855700,26.25,RENEWAL,2026-08-15
Harborline,2026-07,92,HL-689171,Nicole Acosta,1937-05-18,P-00614,44524491,19.00,RENEWAL,2026-08-15
Harborline,2026-07,93,HL-734148,Nicole Acosta,1937-05-18,P-00615,44524491,4.20,RENEWAL,2026-08-15
Harborline,2026-07,94,HL-759439,Hailey Mcdaniel,1952-02-11,P-00617,61291817,26.25,RENEWAL,2026-08-15
Harborline,2026-07,95,HL-460262,Jeffrey Schaefer,1972-07-10,P-00620,44524491,16.00,RENEWAL,2026-08-15
Harborline,2026-07,96,HL-599651,Christopher Khan,1957-09-04,P-00627,4356886,4.20,RENEWAL,2026-08-15
Harborline,2026-07,97,HL-385173,Matthew Williams,1947-10-20,P-00629,4356886,19.00,RENEWAL,2026-08-15
Harborline,2026-07,98,HL-949717,Matthew Williams,1947-10-20,P-00630,4356886,4.20,RENEWAL,2026-08-15
Harborline,2026-07,99,HL-404387,David Carney,1997-10-09,P-00639,32244663,16.00,RENEWAL,2026-08-15
Harborline,2026-07,100,HL-631747,Ashley Foster,1938-01-06,P-00642,54100814,19.00,RENEWAL,2026-08-15
Harborline,2026-07,101,HL-269864,Ashley Foster,1938-01-06,P-00643,54100814,4.20,RENEWAL,2026-08-15
Harborline,2026-07,102,HL-144993,Lisa Huang,1943-08-26,P-00646,33857966,26.25,RENEWAL,2026-08-15
Harborline,2026-07,103,HL-746307,Mary Jones,1950-04-29,P-00649,78490893,26.25,RENEWAL,2026-08-15
Harborline,2026-07,104,HL-171046,Matthew Bradley,1946-07-27,P-00666,32244663,26.25,RENEWAL,2026-08-15
Harborline,2026-07,105,HL-596159,Elaine Gardner,1937-12-28,P-00673,5265799,52.50,NEW,2026-08-15
Harborline,2026-07,106,HL-932839,Suzanne Carpenter,1952-07-13,P-00676,37231783,4.20,RENEWAL,2026-08-15
Harborline,2026-07,107,HL-157580,John Murray,2002-11-09,P-00688,10583482,16.00,RENEWAL,2026-08-15
Harborline,2026-07,108,HL-243541,Danielle Sampson,1942-12-28,P-00690,61291817,19.00,RENEWAL,2026-08-15
Harborline,2026-07,109,HL-144590,Danielle Sampson,1942-12-28,P-00691,61291817,4.20,RENEWAL,2026-08-15
Harborline,2026-07,110,HL-791557,Sarah Vasquez,1937-05-27,P-00696,77125617,52.50,NEW,2026-08-15
Harborline,2026-07,111,HL-392896,Andrew Waters,1953-10-26,P-00697,43339391,26.25,RENEWAL,2026-08-15
Harborline,2026-07,112,HL-524865,Heather Thomas,1951-01-18,P-00712,78490893,26.25,RENEWAL,2026-08-15
Harborline,2026-07,113,HL-843312,Megan Rodriguez,1933-10-10,P-00719,78490893,19.00,RENEWAL,2026-08-15
Harborline,2026-07,114,HL-945097,Megan Rodriguez,1933-10-10,P-00720,78490893,4.20,RENEWAL,2026-08-15
Harborline,2026-07,115,HL-518036,Gail Johnston,1984-12-13,P-00737,7150444,16.00,RENEWAL,2026-08-15
Harborline,2026-07,116,HL-815179,Jesse Wiggins,1943-05-03,P-00744,33857966,26.25,RENEWAL,2026-08-15
Harborline,2026-07,117,HL-992204,Logan Johnson,1942-07-22,P-00750,78490893,26.25,RENEWAL,2026-08-15
Harborline,2026-07,118,HL-401260,Robert Chandler,1934-10-15,P-00756,33857966,26.25,RENEWAL,2026-08-15
Harborline,2026-07,119,HL-320395,Mary Chandler,1939-11-17,P-00757,33857966,52.50,NEW,2026-08-15
Harborline,2026-07,120,HL-136901,Joshua Fowler,1957-06-13,P-00758,13981052,52.50,NEW,2026-08-15
Harborline,2026-07,121,HL-135430,Eric Walker,1996-09-11,P-00761,90949389,19.00,RENEWAL,2026-08-15
Harborline,2026-07,122,HL-815123,Eric Walker,1996-09-11,P-00762,90949389,4.20,RENEWAL,2026-08-15
Harborline,2026-07,123,HL-674598,Laura Decker,1945-08-05,P-00772,6831819,38.00,NEW,2026-08-15
Harborline,2026-07,124,HL-736045,Laura Decker,1945-08-05,P-00773,6831819,8.40,NEW,2026-08-15
Harborline,2026-07,125,HL-283480,Derek Martinez,1944-09-10,P-00786,90949389,19.00,RENEWAL,2026-08-15
Harborline,2026-07,126,HL-290553,Derek Martinez,1944-09-10,P-00787,90949389,4.20,RENEWAL,2026-08-15
Harborline,2026-07,127,HL-993163,Lisa Adams,1955-02-12,P-00818,78490893,4.20,RENEWAL,2026-08-15
Harborline,2026-07,128,HL-669273,Emily Mosley,1948-06-18,P-00823,43339391,19.00,RENEWAL,2026-08-15
Harborline,2026-07,129,HL-367313,Emily Mosley,1948-06-18,P-00824,43339391,4.20,RENEWAL,2026-08-15
Harborline,2026-07,130,HL-138198,Andrew Underwood,1975-08-09,P-00828,77125617,16.00,RENEWAL,2026-08-15
Harborline,2026-07,131,HL-649907,Kevin Joyce,1954-02-09,P-00862,94702683,26.25,RENEWAL,2026-08-15
Harborline,2026-07,132,HL-710313,Gabriel Johnson,1946-04-02,P-00871,4356886,26.25,RENEWAL,2026-08-15
Harborline,2026-07,133,HL-786341,Bruce Hall,1952-12-15,P-00875,32244663,26.25,RENEWAL,2026-08-15
Harborline,2026-07,134,HL-863503,Lauren Flynn,1941-10-21,P-00879,54100814,19.00,RENEWAL,2026-08-15
Harborline,2026-07,135,HL-551839,Lauren Flynn,1941-10-21,P-00880,54100814,4.20,RENEWAL,2026-08-15
Harborline,2026-07,136,HL-954344,Sherry Leon,1970-10-09,P-00881,29898923,22.00,NEW,2026-08-15
Harborline,2026-07,137,HL-276923,Amber Johnson,1976-12-25,P-00897,78490893,22.00,NEW,2026-08-15
Harborline,2026-07,138,HL-316394,Rodney Porter,1958-08-06,P-00903,54100814,52.50,NEW,2026-08-15
Harborline,2026-07,139,HL-514734,Eric Johnson,1942-12-14,P-00904,13981052,52.50,NEW,2026-08-15
Harborline,2026-07,140,HL-760914,Kevin Ritter,1943-12-08,P-00906,1884412,26.25,RENEWAL,2026-08-15
Harborline,2026-07,141,HL-298340,Kylie Ritter,1948-06-26,P-00909,1884412,38.00,NEW,2026-08-15
Harborline,2026-07,142,HL-188753,Kylie Ritter,1948-06-26,P-00910,1884412,8.40,NEW,2026-08-15
Harborline,2026-07,143,HL-317935,Robert Bailey,1939-03-13,P-00912,94702683,26.25,RENEWAL,2026-08-15
Harborline,2026-07,144,HL-310807,Mark Cline,1969-11-23,P-00913,99847493,16.00,RENEWAL,2026-08-15
Harborline,2026-07,145,HL-772928,Christopher Schneider,1936-10-12,P-00915,4356886,26.25,RENEWAL,2026-08-15
Harborline,2026-07,146,HL-751343,Donna Snyder,1995-09-28,P-00936,43339391,22.00,NEW,2026-08-15
Harborline,2026-07,147,HL-702665,Heather Braun,1942-03-01,P-00937,32244663,26.25,RENEWAL,2026-08-15
Harborline,2026-07,148,HL-729965,Sharon Morgan,1977-09-16,P-00950,94702683,22.00,NEW,2026-08-15
Harborline,2026-07,149,HL-728397,Christine Kelly,1939-04-07,P-00953,61291817,26.25,RENEWAL,2026-08-15
Harborline,2026-07,150,HL-660270,Dylan Rowe,1954-04-02,P-00954,29898923,26.25,RENEWAL,2026-08-15
Harborline,2026-07,151,HL-951619,Casey Davidson,1998-02-16,P-00957,94702683,16.00,RENEWAL,2026-08-15
Harborline,2026-07,152,HL-583433,Norma Schmitt,1940-04-23,P-00968,74197857,26.25,RENEWAL,2026-08-15
Harborline,2026-07,153,HL-695958,Jennifer White,1974-06-18,P-00970,78490893,22.00,NEW,2026-08-15
Harborline,2026-07,154,HL-315531,Christian Payne,1946-07-24,P-00977,6831819,26.25,RENEWAL,2026-08-15
Harborline,2026-07,155,HL-343944,Melissa Taylor,1946-05-09,P-00979,61855700,52.50,NEW,2026-08-15
Harborline,2026-07,156,HL-943332,Jesse Campbell,1980-12-16,P-00987,97102525,22.00,NEW,2026-08-15
Harborline,2026-07,157,HL-779420,Robert Anderson,1954-12-25,P-00988,6831819,19.00,RENEWAL,2026-08-15
Harborline,2026-07,158,HL-325101,Robert Anderson,1954-12-25,P-00989,6831819,4.20,RENEWAL,2026-08-15
Harborline,2026-07,159,HL-130791,Miguel Santos,1959-08-19,P-01005,37231783,19.00,RENEWAL,2026-08-15
Harborline,2026-07,160,HL-112088,Miguel Santos,1959-08-19,P-01006,37231783,4.20,RENEWAL,2026-08-15
Harborline,2026-07,161,HL-860643,Carlos Santos,1978-04-18,P-01007,37231783,22.00,NEW,2026-08-15
Harborline,2026-07,162,HL-529740,Teresa Gregory,1951-03-19,P-01008,13981052,4.20,RENEWAL,2026-08-15
Harborline,2026-07,163,HL-422541,Edward Phillips,1958-11-08,P-01010,37231783,19.00,RENEWAL,2026-08-15
Harborline,2026-07,164,HL-674288,Edward Phillips,1958-11-08,P-01011,37231783,4.20,RENEWAL,2026-08-15
Harborline,2026-07,165,HL-118027,James Phillips,1998-07-16,P-01013,37231783,22.00,NEW,2026-08-15
Harborline,2026-07,166,HL-412676,Brooke Blake,1971-12-24,P-01022,33857966,26.25,RENEWAL,2026-08-15
Harborline,2026-07,167,HL-874467,Derrick Jones,1933-11-03,P-01023,78490893,26.25,RENEWAL,2026-08-15
Harborline,2026-07,168,HL-543391,Deanna Terry,1945-01-15,P-01027,32244663,26.25,RENEWAL,2026-08-15
Harborline,2026-07,169,HL-909388,Christopher Miller,1959-12-14,P-01049,77125617,52.50,NEW,2026-08-15
Harborline,2026-07,170,HL-700249,Jeffery Carter,1960-01-05,P-01058,6831819,52.50,NEW,2026-08-15
Harborline,2026-07,171,HL-887931,Wendy Bartlett,1955-02-28,P-01072,4356886,26.25,RENEWAL,2026-08-15
Harborline,2026-07,172,HL-951153,Jeremiah Melton,1970-02-13,P-01077,6831819,26.25,RENEWAL,2026-08-15
Harborline,2026-07,173,HL-854169,Gloria Green,1940-05-03,P-01080,97102525,4.20,RENEWAL,2026-08-15
Harborline,2026-07,174,HL-253924,Ashley Rojas,1951-11-25,P-01090,5265799,26.25,RENEWAL,2026-08-15
Harborline,2026-07,175,HL-373229,Elijah Wright,1942-12-02,P-01100,77125617,26.25,RENEWAL,2026-08-15
Harborline,2026-07,176,HL-267199,Heather Robinson,1936-01-30,P-01123,61855700,52.50,NEW,2026-08-15
Harborline,2026-07,177,HL-531618,Andrew Holland,2005-02-23,P-01129,7150444,22.00,NEW,2026-08-15
Harborline,2026-07,178,HL-722560,Kimberly Espinoza,1942-06-14,P-01149,61291817,52.50,NEW,2026-08-15
Harborline,2026-07,179,HL-768742,Brian Mccall,1940-02-02,P-01150,7150444,38.00,NEW,2026-08-15
Harborline,2026-07,180,HL-568323,Brian Mccall,1940-02-02,P-01151,7150444,8.40,NEW,2026-08-15
Harborline,2026-07,181,HL-426295,Tiffany Boyd,1939-04-22,P-01157,43339391,38.00,NEW,2026-08-15
Harborline,2026-07,182,HL-426488,Tiffany Boyd,1939-04-22,P-01158,43339391,8.40,NEW,2026-08-15
Harborline,2026-07,183,HL-895221,Alex Lewis,1942-05-04,P-01160,11576383,19.00,RENEWAL,2026-08-15
Harborline,2026-07,184,HL-472314,Alex Lewis,1942-05-04,P-01161,11576383,4.20,RENEWAL,2026-08-15
Harborline,2026-07,185,HL-564223,Krista Price,1957-06-14,P-01180,29898923,19.00,RENEWAL,2026-08-15
Harborline,2026-07,186,HL-712001,Krista Price,1957-06-14,P-01181,29898923,4.20,RENEWAL,2026-08-15
Harborline,2026-07,187,HL-358317,Michael Gutierrez,1948-01-23,P-01185,10583482,4.20,RENEWAL,2026-08-15
Harborline,2026-07,188,HL-410942,Elizabeth Shaffer,1937-05-14,P-01188,10583482,26.25,RENEWAL,2026-08-15
Harborline,2026-07,189,HL-800207,Nichole Campbell,1967-12-05,P-01189,78490893,22.00,NEW,2026-08-15
Harborline,2026-07,190,HL-385326,John Haney,1945-10-22,P-01190,97102525,26.25,RENEWAL,2026-08-15
Harborline,2026-07,191,HL-105341,Michael Robinson,1963-09-10,P-01199,78490893,22.00,NEW,2026-08-15
Harborline,2026-07,192,HL-527445,Rachel Robinson,1947-07-01,P-01200,78490893,52.50,NEW,2026-08-15
Harborline,2026-07,193,HL-713457,Tracy Woods,1960-03-13,P-01212,33857966,52.50,NEW,2026-08-15
Harborline,2026-07,194,HL-910453,Brian Romero,1956-08-26,P-01219,94702683,26.25,RENEWAL,2026-08-15
Harborline,2026-07,195,HL-219248,Veronica Bradley,1954-03-20,P-01228,97102525,19.00,RENEWAL,2026-08-15
Harborline,2026-07,196,HL-900690,Veronica Bradley,1954-03-20,P-01229,97102525,4.20,RENEWAL,2026-08-15
Harborline,2026-07,197,HL-754799,Donald Hopkins,1952-05-31,P-01231,90949389,26.25,RENEWAL,2026-08-15
Harborline,2026-07,198,HL-968439,Kelly Cunningham,1969-04-29,P-01249,1884412,16.00,RENEWAL,2026-08-15
Harborline,2026-07,199,HL-481136,Heidi Myers,1954-08-02,P-01257,11576383,19.00,RENEWAL,2026-08-15
Harborline,2026-07,200,HL-618854,Heidi Myers,1954-08-02,P-01258,11576383,4.20,RENEWAL,2026-08-15
Harborline,2026-07,201,HL-830797,Donna Hunter,1960-04-28,P-01263,94702683,52.50,NEW,2026-08-15
Harborline,2026-07,202,HL-124284,Jonathon Hunter,1945-07-21,P-01264,94702683,4.20,RENEWAL,2026-08-15
Harborline,2026-07,203,HL-149525,Larry Carr,1956-03-24,P-01277,32244663,52.50,NEW,2026-08-15
Harborline,2026-07,204,HL-890954,Amanda Keller,1993-02-28,P-01292,11576383,22.00,NEW,2026-08-15
Harborline,2026-07,205,HL-730113,Kimberly Hopkins,1950-04-27,P-01299,5265799,52.50,NEW,2026-08-15
Harborline,2026-07,206,HL-858334,Debra Farmer,1973-02-27,P-01311,54100814,22.00,NEW,2026-08-15
Harborline,2026-07,207,HL-154285,James Meyer,1986-01-11,P-01316,44524491,22.00,NEW,2026-08-15
Harborline,2026-07,208,HL-391755,Cory Andrews,1991-09-30,P-01328,74197857,16.00,RENEWAL,2026-08-15
Harborline,2026-07,209,HL-180063,Sean Simmons,1936-10-22,P-01330,13981052,4.20,RENEWAL,2026-08-15
Harborline,2026-07,210,HL-647896,Michael Wilson,1947-04-22,P-01331,43339391,26.25,RENEWAL,2026-08-15
Harborline,2026-07,211,HL-192401,Hailey Powers,1952-05-22,P-01334,77125617,52.50,NEW,2026-08-15
Harborline,2026-07,212,HL-417801,Jeffrey Wiggins,1959-08-30,P-01335,94702683,38.00,NEW,2026-08-15
Harborline,2026-07,213,HL-526536,Jeffrey Wiggins,1959-08-30,P-01336,94702683,4.20,NEW,2026-08-15
Harborline,2026-07,214,HL-627094,Joseph Johnson,1955-06-30,P-01342,78490893,19.00,RENEWAL,2026-08-15
Harborline,2026-07,215,HL-821221,Joseph Johnson,1955-06-30,P-01343,78490893,4.20,RENEWAL,2026-08-15
Harborline,2026-07,216,HL-120562,Shaun Klein,1938-05-01,P-01355,44524491,26.25,RENEWAL,2026-08-15
Harborline,2026-07,217,HL-479715,Samuel Martin,1949-11-03,P-01362,6831819,52.50,NEW,2026-08-15
Harborline,2026-07,218,HL-936021,Marcus Baxter,1949-11-19,P-01371,33857966,2.10,RENEWAL,2026-08-15
Harborline,2026-07,219,HL-248441,Michaela Edwards,1937-07-23,P-01380,6831819,38.00,NEW,2026-08-15
Harborline,2026-07,220,HL-671721,Michaela Edwards,1937-07-23,P-01381,6831819,8.40,NEW,2026-08-15
Harborline,2026-07,221,HL-222104,Amy Martin,1950-07-22,P-01396,78490893,26.25,RENEWAL,2026-08-15
Harborline,2026-07,222,HL-779089,Tina Reyes,2001-12-05,P-01418,61855700,16.00,RENEWAL,2026-08-15
Harborline,2026-07,223,HL-205881,Julia Murray,1943-06-19,P-01426,37231783,26.25,RENEWAL,2026-08-15
Harborline,2026-07,224,HL-718506,Alyssa Miller,1956-12-02,P-01429,7150444,26.25,RENEWAL,2026-08-15
Harborline,2026-07,225,HL-293412,Steven Simpson,1955-07-19,P-01432,1884412,26.25,RENEWAL,2026-08-15
Harborline,2026-07,226,HL-453175,Margaret Simpson,1999-10-30,P-01434,1884412,22.00,NEW,2026-08-15
Harborline,2026-07,227,HL-733693,Judith Villanueva,1998-12-29,P-01454,94702683,16.00,RENEWAL,2026-08-15
Harborline,2026-07,228,HL-821520,Ryan Jones,1965-01-29,P-01463,7150444,19.00,RENEWAL,2026-08-15
Harborline,2026-07,229,HL-590693,Ryan Jones,1965-01-29,P-01464,7150444,4.20,RENEWAL,2026-08-15
Harborline,2026-07,230,HL-209128,Emily Pennington,1934-07-19,P-01467,5265799,26.25,RENEWAL,2026-08-15
Harborline,2026-07,231,HL-281317,Debbie Brown,1936-06-16,P-01470,90949389,26.25,RENEWAL,2026-08-15
Harborline,2026-07,232,HL-959071,Ann Nguyen,1977-07-25,P-01472,77125617,22.00,NEW,2026-08-15
Harborline,2026-07,233,HL-585497,Donna Payne,1938-04-28,P-01476,44524491,52.50,NEW,2026-08-15
Harborline,2026-07,234,HL-440932,Erica Cook,1937-03-29,P-01479,97102525,26.25,RENEWAL,2026-08-15
Harborline,2026-07,235,HL-343541,Sandra Mathis,1939-10-30,P-01485,1884412,19.00,RENEWAL,2026-08-15
Harborline,2026-07,236,HL-822856,Sandra Mathis,1939-10-30,P-01486,1884412,4.20,RENEWAL,2026-08-15
Harborline,2026-07,237,HL-610969,Sarah Harrell,1998-05-09,P-01492,94702683,22.00,NEW,2026-08-15
Harborline,2026-07,238,HL-806572,Fernando Norton,1935-03-30,P-01511,6831819,26.25,RENEWAL,2026-08-15
Harborline,2026-07,239,HL-642157,Anthony Simmons,1938-01-02,P-01514,43339391,26.25,RENEWAL,2026-08-15
Harborline,2026-07,240,HL-466448,Megan Montgomery,1938-02-11,P-01517,1884412,26.25,RENEWAL,2026-08-15
Harborline,2026-07,241,HL-456156,Jenna Simmons,1953-05-18,P-01525,54100814,19.00,RENEWAL,2026-08-15
Harborline,2026-07,242,HL-231939,Jenna Simmons,1953-05-18,P-01526,54100814,4.20,RENEWAL,2026-08-15
Harborline,2026-07,243,HL-459245,Melissa Daniel,1987-04-04,P-01533,37231783,22.00,NEW,2026-08-15
Harborline,2026-07,244,HL-164100,Vincent Norman,1951-07-05,P-01538,44524491,26.25,RENEWAL,2026-08-15
Harborline,2026-07,245,HL-303552,April Garcia,1956-05-15,P-01570,54100814,52.50,NEW,2026-08-15
Harborline,2026-07,246,HL-105335,Hannah Nelson,1946-06-19,P-01580,99847493,26.25,RENEWAL,2026-08-15
Harborline,2026-07,247,HL-803484,Rachel Wilson,1937-09-20,P-01581,33857966,26.25,RENEWAL,2026-08-15
Harborline,2026-07,248,HL-665771,Tracy Wilson,1947-05-05,P-01582,33857966,26.25,RENEWAL,2026-08-15
Harborline,2026-07,250,HL-891186,Adam Sutton,1939-04-10,P-01597,61855700,26.25,RENEWAL,2026-08-15
Harborline,2026-07,251,HL-675030,Stacy Carroll,1960-07-25,P-01601,5265799,52.50,NEW,2026-08-15
Harborline,2026-07,252,HL-979951,Jessica Carroll,1962-03-04,P-01602,5265799,16.00,RENEWAL,2026-08-15
Harborline,2026-07,253,HL-189335,Leslie Hernandez,1937-06-07,P-01604,97102525,26.25,RENEWAL,2026-08-15
Harborline,2026-07,254,HL-958824,Seth Armstrong,1957-10-16,P-01611,32244663,26.25,RENEWAL,2026-08-15
Harborline,2026-07,255,HL-958456,Savannah Rodriguez,1934-11-30,P-01612,4356886,38.00,NEW,2026-08-15
Harborline,2026-07,256,HL-982901,Savannah Rodriguez,1934-11-30,P-01613,4356886,8.40,NEW,2026-08-15
Harborline,2026-07,257,HL-558337,Gary Butler,1940-08-27,P-01615,61855700,19.00,RENEWAL,2026-08-15
Harborline,2026-07,258,HL-614897,Gary Butler,1940-08-27,P-01616,61855700,4.20,RENEWAL,2026-08-15
Harborline,2026-07,259,HL-312215,Matthew Baker,1941-06-18,P-01621,13981052,26.25,RENEWAL,2026-08-15
Harborline,2026-07,260,HL-742878,Jill Jones,1960-08-18,P-01627,1884412,52.50,NEW,2026-08-15
Harborline,2026-07,261,HL-650478,Frances Zamora,1940-09-29,P-01633,77125617,26.25,RENEWAL,2026-08-15
Harborline,2026-07,262,HL-592130,Alexis Ross,1951-08-27,P-01638,29898923,26.25,RENEWAL,2026-08-15
Harborline,2026-07,263,HL-266674,Matthew Moreno,1944-05-18,P-01646,29898923,52.50,NEW,2026-08-15
Harborline,2026-07,265,HL-709187,Wendy Patrick,1980-05-01,P-01689,61855700,52.50,NEW,2026-08-15
Harborline,2026-07,266,HL-819162,Katrina Watson,1980-04-28,P-01694,77125617,22.00,NEW,2026-08-15
Harborline,2026-07,267,HL-667636,Debbie Middleton,1952-12-14,P-01695,33857966,52.50,NEW,2026-08-15
Harborline,2026-07,268,HL-244121,Dawn Perez,1955-11-30,P-01698,11576383,52.50,NEW,2026-08-15
Harborline,2026-07,269,HL-771863,Jason Turner,1960-05-29,P-01699,94702683,52.50,NEW,2026-08-15
Harborline,2026-07,270,HL-301059,Brandon Valdez,1958-07-03,P-01709,5265799,52.50,NEW,2026-08-15
Harborline,2026-07,271,HL-211194,Peter Brooks,1964-11-11,P-01738,43339391,22.00,NEW,2026-08-15
Harborline,2026-07,272,HL-279720,Leon Clark,1943-08-08,P-01750,10583482,52.50,NEW,2026-08-15
Harborline,2026-07,273,HL-575915,Karen Rice,1949-09-05,P-01765,74197857,52.50,NEW,2026-08-15
Harborline,2026-07,274,HL-171588,Nicole Richards,1934-08-06,P-01772,61291817,26.25,RENEWAL,2026-08-15
Harborline,2026-07,275,HL-404579,Elizabeth Rose,1948-06-01,P-01780,13981052,26.25,RENEWAL,2026-08-15
Harborline,2026-07,276,HL-848428,Mary Rose,1952-07-06,P-01781,13981052,52.50,NEW,2026-08-15
Harborline,2026-07,277,HL-833826,Timothy Miller,1958-01-23,P-01785,43339391,13.12,RENEWAL,2026-08-15
Harborline,2026-07,278,HL-498357,Tommy Parker,1975-10-20,P-01786,11576383,22.00,NEW,2026-08-15
Harborline,2026-07,279,HL-202051,Christopher Allen,1945-01-31,P-01798,1884412,26.25,RENEWAL,2026-08-15
Harborline,2026-07,280,HL-513006,Nicole Hernandez,1962-04-18,P-01801,7150444,22.00,NEW,2026-08-15
Harborline,2026-07,281,HL-618109,Lindsay Sparks,1937-04-05,P-01825,44524491,26.25,RENEWAL,2026-08-15
Harborline,2026-07,282,HL-509394,John Vasquez,1937-03-14,P-01838,13981052,26.25,RENEWAL,2026-08-15
Harborline,2026-07,283,HL-245535,Haley Cole,1946-04-26,P-01845,78490893,26.25,RENEWAL,2026-08-15
Harborline,2026-07,284,HL-908995,James Oconnor,1986-04-15,P-01861,6831819,22.00,NEW,2026-08-15
Harborline,2026-07,285,HL-587074,Jason Oconnor,1947-11-17,P-01862,6831819,26.25,RENEWAL,2026-08-15
Harborline,2026-07,287,HL-361355,Kevin Beard,1947-09-24,P-01864,1884412,4.20,RENEWAL,2026-08-15
Harborline,2026-07,288,HL-189416,William Odonnell,1949-03-13,P-01872,7150444,26.25,RENEWAL,2026-08-15
Harborline,2026-07,289,HL-841378,Jennifer Davis,1936-05-03,P-01881,43339391,4.20,RENEWAL,2026-08-15
Harborline,2026-07,290,HL-771716,Kyle Williams,1950-11-11,P-01885,10583482,52.50,NEW,2026-08-15
Harborline,2026-07,291,HL-950264,Christopher Johnson,1948-05-10,P-01894,78490893,38.00,NEW,2026-08-15
Harborline,2026-07,292,HL-246272,Christopher Johnson,1948-05-10,P-01895,78490893,8.40,NEW,2026-08-15
Harborline,2026-07,293,HL-965464,Joseph Kennedy,1996-01-12,P-01905,7150444,16.00,RENEWAL,2026-08-15
Harborline,2026-07,294,HL-563977,Elizabeth Brown,1936-06-05,P-01918,37231783,52.50,NEW,2026-08-15
Harborline,2026-07,295,HL-998899,Robert Ramos,1953-05-12,P-01940,6831819,52.50,NEW,2026-08-15
Harborline,2026-07,296,HL-777274,Kelly Romero,1965-09-06,P-01960,90949389,22.00,NEW,2026-08-15
Harborline,2026-07,297,HL-234373,Sydney Romero,1980-05-28,P-01961,99847493,26.25,RENEWAL,2026-08-15
Harborline,2026-07,298,HL-725109,Nicole Wood,1939-02-06,P-01968,61291817,52.50,NEW,2026-08-15
Harborline,2026-07,299,HL-772252,Sarah King,1951-12-08,P-01969,78490893,26.25,RENEWAL,2026-08-15
Harborline,2026-07,300,HL-797948,Erin Miller,1952-06-18,P-01972,33857966,52.50,NEW,2026-08-15
Harborline,2026-07,301,HL-923603,Ronnie Ponce,1947-05-30,P-01994,33857966,26.25,RENEWAL,2026-08-15
Harborline,2026-07,302,HL-694831,Adam Jones,1953-07-29,P-01995,74197857,26.25,RENEWAL,2026-08-15
Harborline,2026-07,303,HL-870717,Misty Brown,1947-02-17,P-02004,43339391,19.00,RENEWAL,2026-08-15
Harborline,2026-07,304,HL-950273,Misty Brown,1947-02-17,P-02005,43339391,4.20,RENEWAL,2026-08-15
Harborline,2026-07,305,HL-162146,Diana Frost,1972-09-21,P-02008,90949389,16.00,RENEWAL,2026-08-15
Harborline,2026-07,306,HL-732228,Deanna Nielsen,1938-10-29,P-02019,29898923,26.25,RENEWAL,2026-08-15
Harborline,2026-07,307,HL-983389,Brandon Thomas,2000-06-17,P-02021,78490893,22.00,NEW,2026-08-15
Harborline,2026-07,308,HL-740234,Sara Stanley,1943-07-12,P-02024,61291817,52.50,NEW,2026-08-15
Harborline,2026-07,309,HL-708893,Aaron Murray,1960-01-20,P-02038,44524491,26.25,RENEWAL,2026-08-15
Harborline,2026-07,310,HL-773039,Shelly Richards,1951-05-12,P-02054,61291817,52.50,NEW,2026-08-15
Harborline,2026-07,311,HL-804020,Scott Duncan,1944-02-11,P-02065,97102525,26.25,RENEWAL,2026-08-15
Harborline,2026-07,312,HL-560976,Rachel Williams,1988-12-11,P-02071,10583482,16.00,RENEWAL,2026-08-15
Harborline,2026-07,313,HL-703490,Traci Graham,1956-08-13,P-02076,33857966,8.40,NEW,2026-08-15
Harborline,2026-07,314,HL-864773,John Kemp,1945-10-10,P-02078,4356886,26.25,RENEWAL,2026-08-15
Harborline,2026-07,315,HL-346024,Christine Foster,1933-10-03,P-02087,29898923,26.25,RENEWAL,2026-08-15
Harborline,2026-07,316,HL-222448,Kimberly White,1954-03-29,P-02091,7150444,26.25,RENEWAL,2026-08-15
Harborline,2026-07,317,HL-141341,Anthony Medina,1982-11-23,P-02100,5265799,22.00,NEW,2026-08-15
Harborline,2026-07,318,HL-694310,David Frey,1948-04-24,P-02106,32244663,26.25,RENEWAL,2026-08-15
Harborline,2026-07,319,HL-166165,Nancy Frey,1952-05-27,P-02107,32244663,52.50,NEW,2026-08-15
Harborline,2026-07,320,HL-548679,Cynthia Murphy,1996-08-21,P-02116,5265799,26.25,RENEWAL,2026-08-15
Harborline,2026-07,321,HL-502457,Olivia Robertson,1947-03-16,P-02123,90949389,52.50,NEW,2026-08-15
Harborline,2026-07,322,HL-264627,Shannon Perez,1944-07-09,P-02127,10583482,26.25,RENEWAL,2026-08-15
Harborline,2026-07,323,HL-890781,Joshua Hartman,1942-06-10,P-02132,13981052,52.50,NEW,2026-08-15
Harborline,2026-07,324,HL-649074,Christina Williams,1965-06-24,P-02135,37231783,26.25,RENEWAL,2026-08-15
Harborline,2026-07,325,HL-242079,Angela Levine,1937-05-22,P-02139,61291817,52.50,NEW,2026-08-15
Harborline,2026-07,326,HL-732391,Audrey Wiley,1949-12-17,P-02156,10583482,26.25,RENEWAL,2026-08-15
Harborline,2026-07,327,HL-467781,Eric Johnson,1941-02-03,P-02160,1884412,26.25,RENEWAL,2026-08-15
Harborline,2026-07,328,HL-511263,Joshua Wilson,1952-03-24,P-02173,44524491,52.50,NEW,2026-08-15
Harborline,2026-07,329,HL-930758,Veronica Moses,1940-03-13,P-02174,6831819,19.00,RENEWAL,2026-08-15
Harborline,2026-07,330,HL-157163,Veronica Moses,1940-03-13,P-02175,6831819,4.20,RENEWAL,2026-08-15
Harborline,2026-07,331,HL-116730,Isaiah Medina,1944-03-15,P-02182,90949389,26.25,RENEWAL,2026-08-15
Harborline,2026-07,332,HL-681300,Christopher Valencia,1947-03-16,P-02188,90949389,19.00,RENEWAL,2026-08-15
Harborline,2026-07,333,HL-608063,Christopher Valencia,1947-03-16,P-02189,90949389,4.20,RENEWAL,2026-08-15
Harborline,2026-07,334,HL-540734,Timothy Stark,1957-06-19,P-02195,1884412,19.00,RENEWAL,2026-08-15
Harborline,2026-07,335,HL-855427,Timothy Stark,1957-06-19,P-02196,1884412,4.20,RENEWAL,2026-08-15
Harborline,2026-07,336,HL-716653,Terri Adkins,1945-03-16,P-02200,78490893,52.50,NEW,2026-08-15
Harborline,2026-07,337,HL-412941,Lori Collins,1947-04-12,P-02215,61855700,26.25,RENEWAL,2026-08-15
Harborline,2026-07,338,HL-288802,Stephen Barrett,1951-05-28,P-02230,13981052,26.25,RENEWAL,2026-08-15
Harborline,2026-07,339,HL-103444,Anthony Wilson,1995-12-05,P-02238,77125617,16.00,RENEWAL,2026-08-15
Harborline,2026-07,340,HL-614690,Veronica Reed,1988-05-17,P-02252,33857966,52.50,NEW,2026-08-15
Harborline,2026-07,341,HL-115917,Michele Reed,1995-02-20,P-02253,33857966,16.00,RENEWAL,2026-08-15
Harborline,2026-07,342,HL-313256,Charles Hernandez,1941-03-19,P-02262,43339391,26.25,RENEWAL,2026-08-15
Harborline,2026-07,343,HL-768220,Ronald Zamora,1940-07-10,P-02272,29898923,26.25,RENEWAL,2026-08-15
Harborline,2026-07,344,HL-188053,Paul Chapman,1957-11-02,P-02273,6831819,8.40,NEW,2026-08-15
Harborline,2026-07,345,HL-496974,Sheri Baxter,1996-04-16,P-02279,37231783,16.00,RENEWAL,2026-08-15
Harborline,2026-07,346,HL-764816,Shirley Bass,1951-10-23,P-02280,94702683,26.25,RENEWAL,2026-08-15
Harborline,2026-07,347,HL-265009,Timothy Wilson,1981-11-12,P-02284,4356886,22.00,NEW,2026-08-15
Harborline,2026-07,348,HL-614573,Mathew Harris,1942-09-08,P-02289,74197857,26.25,RENEWAL,2026-08-15
Harborline,2026-07,349,HL-223604,Michael Green,1945-08-03,P-02290,61291817,19.00,RENEWAL,2026-08-15
Harborline,2026-07,350,HL-628254,Michael Green,1945-08-03,P-02291,61291817,4.20,RENEWAL,2026-08-15
Harborline,2026-07,351,HL-905731,Tiffany Miller,1943-02-12,P-02315,94702683,26.25,RENEWAL,2026-08-15
Harborline,2026-07,352,HL-267075,Luis Chavez,1940-11-05,P-02324,74197857,52.50,NEW,2026-08-15
Harborline,2026-07,353,HL-539175,Bryan Mccarthy,1953-09-08,P-02341,1884412,26.25,RENEWAL,2026-08-15
Harborline,2026-07,354,HL-488256,Jennifer Moreno,1997-03-08,P-02344,43339391,16.00,RENEWAL,2026-08-15
Harborline,2026-07,355,HL-964177,Edward Ewing,1951-09-10,P-02354,54100814,52.50,NEW,2026-08-15
Harborline,2026-07,356,HL-527793,April Combs,1980-09-06,P-02360,7150444,19.00,RENEWAL,2026-08-15
Harborline,2026-07,357,HL-161506,April Combs,1980-09-06,P-02361,7150444,4.20,RENEWAL,2026-08-15
Harborline,2026-07,358,HL-747527,Crystal Johnson,1938-02-22,P-02376,1884412,26.25,RENEWAL,2026-08-15
Harborline,2026-07,359,HL-308129,John Cobb,1939-07-12,P-02394,97102525,52.50,NEW,2026-08-15
Harborline,2026-07,360,HL-396872,Samuel Aguilar,1935-06-20,P-02401,54100814,26.25,RENEWAL,2026-08-15
Harborline,2026-07,361,HL-517039,Tammy Evans,1995-07-01,P-02404,11576383,16.00,RENEWAL,2026-08-15
Harborline,2026-07,362,HL-321907,Gary Mccoy,1951-10-31,P-02408,77125617,26.25,RENEWAL,2026-08-15
Harborline,2026-07,363,HL-618033,Amanda Garner,1938-10-28,P-02410,78490893,26.25,RENEWAL,2026-08-15
Harborline,2026-07,364,HL-815148,Mariah Rodriguez,1952-09-24,P-02431,37231783,52.50,NEW,2026-08-15
Harborline,2026-07,365,HL-824559,Laura Wilkinson,1950-12-17,P-02442,1884412,26.25,RENEWAL,2026-08-15
Harborline,2026-07,366,HL-929570,Jon Brock,1950-12-04,P-02449,54100814,26.25,RENEWAL,2026-08-15
Harborline,2026-07,367,HL-189624,Melanie Lopez,1938-01-17,P-02473,1884412,26.25,RENEWAL,2026-08-15
Harborline,2026-07,368,HL-828823,James Walsh,1944-08-19,P-02479,44524491,26.25,RENEWAL,2026-08-15
Harborline,2026-07,369,HL-247578,Tammy Reyes,1958-03-21,P-02484,94702683,26.25,RENEWAL,2026-08-15
Harborline,2026-07,370,HL-303897,Corey Reed,1956-05-04,P-02501,74197857,26.25,RENEWAL,2026-08-15
Harborline,2026-07,371,HL-918180,Brooke Harris,1942-12-20,P-02503,5265799,26.25,RENEWAL,2026-08-15
Harborline,2026-07,372,HL-730725,Andrea Harris,1952-12-02,P-02504,5265799,26.25,RENEWAL,2026-08-15
Harborline,2026-07,373,HL-517082,Christina Rodriguez,1934-01-02,P-02510,61291817,52.50,NEW,2026-08-15
Harborline,2026-07,374,HL-105500,Kelly Caldwell,1960-04-20,P-02512,7150444,19.00,RENEWAL,2026-08-15
Harborline,2026-07,375,HL-532883,Kelly Caldwell,1960-04-20,P-02513,7150444,4.20,RENEWAL,2026-08-15
Harborline,2026-07,376,HL-900090,Elizabeth Green,1941-04-02,P-02514,32244663,26.25,RENEWAL,2026-08-15
Harborline,2026-07,377,HL-871123,Micheal Hernandez,1936-04-20,P-02519,33857966,38.00,NEW,2026-08-15
Harborline,2026-07,378,HL-270823,Micheal Hernandez,1936-04-20,P-02520,33857966,8.40,NEW,2026-08-15
Harborline,2026-07,379,HL-789985,Matthew Flores,1971-11-06,P-02528,10583482,22.00,NEW,2026-08-15
Harborline,2026-07,380,HL-181904,Richard Clark,1934-02-08,P-02549,61291817,52.50,NEW,2026-08-15
Harborline,2026-07,381,HL-279388,Shaun Higgins,1944-08-08,P-02565,90949389,52.50,NEW,2026-08-15
Harborline,2026-07,382,HL-176871,Scott Holmes,1950-10-08,P-02585,13981052,26.25,RENEWAL,2026-08-15
Harborline,2026-07,383,HL-882870,Jason Gonzalez,1994-03-20,P-02591,44524491,22.00,NEW,2026-08-15
Harborline,2026-07,384,HL-153594,Susan Wade,1950-08-07,P-02593,32244663,26.25,RENEWAL,2026-08-15
Harborline,2026-07,385,HL-782862,William Smith,1950-07-25,P-02594,10583482,26.25,RENEWAL,2026-08-15
Cardinal Mutual,2026-07,1,CM-158132,Vincent Mckay,1984-02-25,P-00010,61855700,22.00,NEW,2026-08-15
Cardinal Mutual,2026-07,2,CM-529954,Frederick Arroyo,1946-05-10,P-00013,5265799,26.25,RENEWAL,2026-08-15
Cardinal Mutual,2026-07,3,CM-574751,David Lewis,1963-07-27,P-00015,90949389,16.00,RENEWAL,2026-08-15
Cardinal Mutual,2026-07,4,CM-677438,Julie Daniels,1983-06-14,P-00022,61855700,22.00,NEW,2026-08-15
Cardinal Mutual,2026-07,5,CM-904092,Brian Daniels,1950-03-19,P-00024,61855700,52.50,NEW,2026-08-15
Cardinal Mutual,2026-07,6,CM-240913,Megan Frazier,1947-03-05,P-00039,33857966,26.25,RENEWAL,2026-08-15
Cardinal Mutual,2026-07,7,CM-107704,Jason Torres,1996-02-02,P-00043,43339391,26.25,RENEWAL,2026-08-15
Cardinal Mutual,2026-07,8,CM-240384,Ricky Moore,1970-12-29,P-00081,33857966,16.00,RENEWAL,2026-08-15
Cardinal Mutual,2026-07,9,CM-366881,Aaron Hancock,1944-10-29,P-00090,78490893,8.40,NEW,2026-08-15
Cardinal Mutual,2026-07,10,CM-464354,Carol Lee,1980-04-04,P-00098,44524491,22.00,NEW,2026-08-15
Cardinal Mutual,2026-07,11,CM-414608,Heather Wallace,1941-10-15,P-00105,61291817,26.25,RENEWAL,2026-08-15
Cardinal Mutual,2026-07,12,CM-665484,Briana Moore,1957-10-31,P-00110,43339391,26.25,RENEWAL,2026-08-15
Cardinal Mutual,2026-07,13,CM-849666,Katrina Campos,1970-03-24,P-00112,13981052,16.00,RENEWAL,2026-08-15
Cardinal Mutual,2026-07,14,CM-956949,Matthew Francis,1953-08-16,P-00114,4356886,26.25,RENEWAL,2026-08-15
Cardinal Mutual,2026-07,15,CM-274912,Jason Holloway,1937-06-05,P-00123,74197857,8.40,NEW,2026-08-15
Cardinal Mutual,2026-07,16,CM-533672,Renee Henry,1936-07-24,P-00130,10583482,52.50,NEW,2026-08-15
Cardinal Mutual,2026-07,17,CM-458388,Michael Bruce,1990-01-18,P-00137,4356886,22.00,NEW,2026-08-15
Cardinal Mutual,2026-07,18,CM-514828,Jerry Patel,1953-02-25,P-00144,74197857,26.25,RENEWAL,2026-08-15
Cardinal Mutual,2026-07,19,CM-194560,George Burch,1944-03-12,P-00146,10583482,26.25,RENEWAL,2026-08-15
Cardinal Mutual,2026-07,20,CM-753205,Eileen Douglas,1950-02-04,P-00160,78490893,26.25,RENEWAL,2026-08-15
Cardinal Mutual,2026-07,21,CM-956721,John Young,1957-10-02,P-00166,7150444,52.50,NEW,2026-08-15
Cardinal Mutual,2026-07,22,CM-382329,Devin Moody,1937-11-26,P-00170,1884412,19.00,RENEWAL,2026-08-15
Cardinal Mutual,2026-07,23,CM-695748,Devin Moody,1937-11-26,P-00171,1884412,4.20,RENEWAL,2026-08-15
Cardinal Mutual,2026-07,24,CM-882395,Christopher Beck,1952-10-28,P-00177,37231783,19.00,RENEWAL,2026-08-15
Cardinal Mutual,2026-07,25,CM-597643,Christopher Beck,1952-10-28,P-00178,37231783,4.20,RENEWAL,2026-08-15
Cardinal Mutual,2026-07,26,CM-850151,Benjamin Acevedo,1950-09-01,P-00183,77125617,26.25,RENEWAL,2026-08-15
Cardinal Mutual,2026-07,27,CM-103468,James Acevedo,1942-05-26,P-00184,77125617,52.50,NEW,2026-08-15
Cardinal Mutual,2026-07,28,CM-246740,Michelle Norman,1949-03-10,P-00186,77125617,26.25,RENEWAL,2026-08-15
Cardinal Mutual,2026-07,29,CM-802695,Alyssa Berry,2002-06-24,P-00192,90949389,16.00,RENEWAL,2026-08-15
Cardinal Mutual,2026-07,30,CM-546376,Dana Joseph,1968-07-17,P-00196,99847493,16.00,RENEWAL,2026-08-15
Cardinal Mutual,2026-07,31,CM-757258,Nicole Anderson,1936-09-25,P-00197,78490893,26.25,RENEWAL,2026-08-15
Cardinal Mutual,2026-07,32,CM-405831,John Bryant,1955-11-30,P-00212,61855700,26.25,RENEWAL,2026-08-15
Cardinal Mutual,2026-07,33,CM-933729,Brandy Bryant,1956-01-12,P-00214,61855700,52.50,NEW,2026-08-15
Cardinal Mutual,2026-07,34,CM-800015,James Hudson,1954-07-27,P-00216,54100814,26.25,RENEWAL,2026-08-15
Cardinal Mutual,2026-07,35,CM-212537,Billy Morrison,1943-12-15,P-00218,5265799,52.50,NEW,2026-08-15
Cardinal Mutual,2026-07,36,CM-480631,Suzanne Zuniga,1947-06-12,P-00237,5265799,26.25,RENEWAL,2026-08-15
Cardinal Mutual,2026-07,37,CM-951706,Jessica Rivera,2002-10-27,P-00239,77125617,22.00,NEW,2026-08-15
Cardinal Mutual,2026-07,38,CM-852233,Donald Lopez,1964-03-07,P-00241,13981052,16.00,RENEWAL,2026-08-15
Cardinal Mutual,2026-07,39,CM-685661,Katherine Durham,1953-01-10,P-00243,4356886,26.25,RENEWAL,2026-08-15
Cardinal Mutual,2026-07,40,CM-950389,Carlos Allen,1956-08-01,P-00254,61291817,26.25,RENEWAL,2026-08-15
Cardinal Mutual,2026-07,41,CM-752944,Christopher Nielsen,1984-12-22,P-00263,61855700,16.00,RENEWAL,2026-08-15
Cardinal Mutual,2026-07,42,CM-279581,Angela Smith,1954-03-30,P-00268,5265799,26.25,RENEWAL,2026-08-15
Cardinal Mutual,2026-07,43,CM-794447,Robert Shields,1984-10-17,P-00284,90949389,22.00,NEW,2026-08-15
Cardinal Mutual,2026-07,44,CM-667430,Cheyenne Jackson,1983-12-13,P-00295,32244663,26.25,RENEWAL,2026-08-15
Cardinal Mutual,2026-07,45,CM-297487,Heather Torres,1939-03-09,P-00308,78490893,26.25,RENEWAL,2026-08-15
Cardinal Mutual,2026-07,46,CM-496065,Kevin Khan,1965-08-27,P-00323,37231783,52.50,NEW,2026-08-15
Cardinal Mutual,2026-07,47,CM-765824,April Wheeler,1948-03-03,P-00325,61291817,8.40,NEW,2026-08-15
Cardinal Mutual,2026-07,48,CM-718722,Cynthia Herrera,1947-06-04,P-00335,43339391,4.20,RENEWAL,2026-08-15
Cardinal Mutual,2026-07,50,CM-763874,Miguel Bryant,1953-12-03,P-00345,94702683,52.50,NEW,2026-08-15
Cardinal Mutual,2026-07,51,CM-841870,Douglas Kaufman,2004-10-15,P-00350,10583482,22.00,NEW,2026-08-15
Cardinal Mutual,2026-07,52,CM-162471,Samantha Smith,1943-06-06,P-00378,78490893,19.00,RENEWAL,2026-08-15
Cardinal Mutual,2026-07,53,CM-409012,Samantha Smith,1943-06-06,P-00379,78490893,4.20,RENEWAL,2026-08-15
Cardinal Mutual,2026-07,54,CM-249550,Arthur Lloyd,1965-11-25,P-00388,11576383,22.00,NEW,2026-08-15
Cardinal Mutual,2026-07,55,CM-766566,Thomas Rowland,1957-05-12,P-00392,6831819,26.25,RENEWAL,2026-08-15
Cardinal Mutual,2026-07,56,CM-661519,Sean Wood,1938-02-12,P-00393,74197857,19.00,RENEWAL,2026-08-15
Cardinal Mutual,2026-07,57,CM-471921,Sean Wood,1938-02-12,P-00394,74197857,4.20,RENEWAL,2026-08-15
Cardinal Mutual,2026-07,58,CM-546535,Stacy Cole,1941-03-22,P-00396,5265799,26.25,RENEWAL,2026-08-15
Cardinal Mutual,2026-07,59,CM-610150,William Collins,1940-09-20,P-00404,54100814,26.25,RENEWAL,2026-08-15
Cardinal Mutual,2026-07,60,CM-388016,Megan Hunt,1960-05-09,P-00412,61291817,26.25,RENEWAL,2026-08-15
Cardinal Mutual,2026-07,61,CM-632599,Kurt Kelly,1989-08-02,P-00422,29898923,16.00,RENEWAL,2026-08-15
Cardinal Mutual,2026-07,62,CM-816514,Brandon Wise,1978-03-11,P-00433,90949389,22.00,NEW,2026-08-15
Cardinal Mutual,2026-07,63,CM-310965,Tony Webb,1964-12-12,P-00445,97102525,16.00,RENEWAL,2026-08-15
Cardinal Mutual,2026-07,64,CM-401380,Michael Clark,1939-04-28,P-00455,90949389,26.25,RENEWAL,2026-08-15
Cardinal Mutual,2026-07,65,CM-247852,Tonya Lee,1945-05-08,P-00470,11576383,52.50,NEW,2026-08-15
Cardinal Mutual,2026-07,66,CM-608042,Steven Singleton,1943-10-23,P-00474,32244663,26.25,RENEWAL,2026-08-15
Cardinal Mutual,2026-07,67,CM-377395,April Barnett,1988-07-22,P-00502,13981052,22.00,NEW,2026-08-15
Cardinal Mutual,2026-07,68,CM-908829,Zachary Nielsen,1934-08-08,P-00510,99847493,19.00,RENEWAL,2026-08-15
Cardinal Mutual,2026-07,69,CM-732958,Zachary Nielsen,1934-08-08,P-00511,99847493,4.20,RENEWAL,2026-08-15
Cardinal Mutual,2026-07,70,CM-227455,Hunter Hoover,1949-08-05,P-00512,90949389,19.00,RENEWAL,2026-08-15
Cardinal Mutual,2026-07,71,CM-728441,Hunter Hoover,1949-08-05,P-00513,90949389,4.20,RENEWAL,2026-08-15
Cardinal Mutual,2026-07,72,CM-696711,Rachel Thompson,1941-05-18,P-00515,29898923,26.25,RENEWAL,2026-08-15
Cardinal Mutual,2026-07,73,CM-598705,Kristine Fletcher,1969-10-30,P-00518,37231783,52.50,NEW,2026-08-15
Cardinal Mutual,2026-07,74,CM-696960,Adam Martin,1966-06-09,P-00525,43339391,22.00,NEW,2026-08-15
Cardinal Mutual,2026-07,75,CM-968543,John Johnson,1958-09-28,P-00528,44524491,26.25,RENEWAL,2026-08-15
Cardinal Mutual,2026-07,76,CM-559406,Thomas Young,1944-02-19,P-00542,7150444,4.20,RENEWAL,2026-08-15
Cardinal Mutual,2026-07,77,CM-525362,Gwendolyn Nichols,1942-09-14,P-00558,77125617,26.25,RENEWAL,2026-08-15
Cardinal Mutual,2026-07,78,CM-570253,Mario Stephens,1933-11-26,P-00574,10583482,26.25,RENEWAL,2026-08-15
Cardinal Mutual,2026-07,79,CM-622401,Brittany Hanson,1937-11-11,P-00579,74197857,52.50,NEW,2026-08-15
Cardinal Mutual,2026-07,80,CM-813981,Jonathan Howe,1936-01-26,P-00587,7150444,52.50,NEW,2026-08-15
Cardinal Mutual,2026-07,82,CM-218867,Ann Duncan,1949-12-07,P-00600,61291817,4.20,RENEWAL,2026-08-15
Cardinal Mutual,2026-07,83,CM-290666,Brittney Flores,1975-07-06,P-00601,32244663,16.00,RENEWAL,2026-08-15
Cardinal Mutual,2026-07,84,CM-536569,James Carpenter,1952-06-07,P-00611,32244663,52.50,NEW,2026-08-15
Cardinal Mutual,2026-07,85,CM-344777,Devin Carpenter,1986-04-11,P-00612,32244663,26.25,RENEWAL,2026-08-15
Cardinal Mutual,2026-07,86,CM-585164,Kathy Acosta,1954-07-28,P-00613,44524491,4.20,RENEWAL,2026-08-15
Cardinal Mutual,2026-07,87,CM-722691,Michael Mcdaniel,1954-01-06,P-00616,61291817,26.25,RENEWAL,2026-08-15
Cardinal Mutual,2026-07,88,CM-468191,Melissa Johnson,1942-09-29,P-00633,74197857,19.00,RENEWAL,2026-08-15
Cardinal Mutual,2026-07,89,CM-263264,Melissa Johnson,1942-09-29,P-00634,74197857,4.20,RENEWAL,2026-08-15
Cardinal Mutual,2026-07,90,CM-111081,Nicholas Richardson,1951-05-31,P-00635,77125617,26.25,RENEWAL,2026-08-15
Cardinal Mutual,2026-07,91,CM-785456,Michael Carney,1950-12-23,P-00638,32244663,26.25,RENEWAL,2026-08-15
Cardinal Mutual,2026-07,92,CM-203858,Steven Huang,1936-10-07,P-00645,33857966,26.25,RENEWAL,2026-08-15
Cardinal Mutual,2026-07,93,CM-253448,Kevin Watson,1942-12-22,P-00651,29898923,26.25,RENEWAL,2026-08-15
Cardinal Mutual,2026-07,94,CM-125035,Megan Rodriguez,1982-05-02,P-00664,97102525,16.00,RENEWAL,2026-08-15
Cardinal Mutual,2026-07,95,CM-117173,John Garza,1996-02-14,P-00665,61855700,16.00,RENEWAL,2026-08-15
Cardinal Mutual,2026-07,96,CM-250944,Jamie West,1959-01-10,P-00668,78490893,8.40,NEW,2026-08-15
Cardinal Mutual,2026-07,97,CM-633552,Tiffany Smith,1951-12-11,P-00671,61291817,19.00,RENEWAL,2026-08-15
Cardinal Mutual,2026-07,98,CM-940615,Tiffany Smith,1951-12-11,P-00672,61291817,4.20,RENEWAL,2026-08-15
Cardinal Mutual,2026-07,99,CM-424526,Lauren Washington,1959-10-17,P-00684,5265799,26.25,RENEWAL,2026-08-15
Cardinal Mutual,2026-07,100,CM-856277,Aaron Fernandez,1940-06-09,P-00698,7150444,26.25,RENEWAL,2026-08-15
Cardinal Mutual,2026-07,101,CM-391158,Brittany Cortez,1958-04-10,P-00702,4356886,26.25,RENEWAL,2026-08-15
Cardinal Mutual,2026-07,102,CM-305803,Deborah Sanchez,1939-01-03,P-00705,7150444,26.25,RENEWAL,2026-08-15
Cardinal Mutual,2026-07,103,CM-905292,Robert Thomas,1987-05-21,P-00711,78490893,22.00,NEW,2026-08-15
Cardinal Mutual,2026-07,104,CM-924729,Christopher Hobbs,1948-10-28,P-00713,33857966,26.25,RENEWAL,2026-08-15
Cardinal Mutual,2026-07,105,CM-833665,Corey Pacheco,1957-05-04,P-00731,77125617,26.25,RENEWAL,2026-08-15
Cardinal Mutual,2026-07,106,CM-670950,Tiffany Hudson,1984-09-16,P-00734,10583482,16.00,RENEWAL,2026-08-15
Cardinal Mutual,2026-07,107,CM-900028,Erin Adams,1956-05-04,P-00740,99847493,26.25,RENEWAL,2026-08-15
Cardinal Mutual,2026-07,108,CM-619829,Nancy Crawford,1957-02-04,P-00743,1884412,26.25,RENEWAL,2026-08-15
Cardinal Mutual,2026-07,109,CM-668087,Sean Ryan,1960-03-11,P-00753,33857966,52.50,NEW,2026-08-15
Cardinal Mutual,2026-07,110,CM-305633,Emily Ryan,1984-03-24,P-00754,33857966,22.00,NEW,2026-08-15
Cardinal Mutual,2026-07,111,CM-560110,Helen Nelson,1937-01-22,P-00770,13981052,19.00,RENEWAL,2026-08-15
Cardinal Mutual,2026-07,113,CM-577462,Kim Jones,1941-09-15,P-00779,5265799,26.25,RENEWAL,2026-08-15
Cardinal Mutual,2026-07,114,CM-800431,Laura Saunders,1959-09-18,P-00796,33857966,38.00,NEW,2026-08-15
Cardinal Mutual,2026-07,115,CM-929909,Laura Saunders,1959-09-18,P-00797,33857966,8.40,NEW,2026-08-15
Cardinal Mutual,2026-07,116,CM-613832,Wendy Mitchell,1943-12-09,P-00813,6831819,26.25,RENEWAL,2026-08-15
Cardinal Mutual,2026-07,117,CM-639484,Nicholas Henry,1957-01-02,P-00827,29898923,52.50,NEW,2026-08-15
Cardinal Mutual,2026-07,118,CM-610297,Ashley Jackson,1940-01-08,P-00837,4356886,52.50,NEW,2026-08-15
Cardinal Mutual,2026-07,119,CM-270623,Alexis Jackson,1957-10-23,P-00838,4356886,19.00,RENEWAL,2026-08-15
Cardinal Mutual,2026-07,120,CM-571103,Alexis Jackson,1957-10-23,P-00839,4356886,4.20,RENEWAL,2026-08-15
Cardinal Mutual,2026-07,121,CM-151922,Jessica Nguyen,1937-06-30,P-00853,43339391,52.50,NEW,2026-08-15
Cardinal Mutual,2026-07,122,CM-162206,Melissa Glenn,1957-06-10,P-00855,77125617,19.00,RENEWAL,2026-08-15
Cardinal Mutual,2026-07,123,CM-775414,Melissa Glenn,1957-06-10,P-00856,77125617,4.20,RENEWAL,2026-08-15
Cardinal Mutual,2026-07,124,CM-936071,Gabrielle Joyce,1946-04-13,P-00860,94702683,26.25,RENEWAL,2026-08-15
Cardinal Mutual,2026-07,125,CM-163380,Matthew Gallegos,1949-03-08,P-00873,61291817,38.00,NEW,2026-08-15
Cardinal Mutual,2026-07,126,CM-415100,Matthew Gallegos,1949-03-08,P-00874,61291817,8.40,NEW,2026-08-15
Cardinal Mutual,2026-07,127,CM-435322,Kelly Moore,1992-11-05,P-00886,78490893,26.25,RENEWAL,2026-08-15
Cardinal Mutual,2026-07,128,CM-499646,Christopher Peterson,1953-02-27,P-00889,97102525,26.25,RENEWAL,2026-08-15
Cardinal Mutual,2026-07,129,CM-325995,Lauren Cline,1995-11-17,P-00914,99847493,16.00,RENEWAL,2026-08-15
Cardinal Mutual,2026-07,130,CM-152477,Danny Scott,1986-07-10,P-00917,13981052,4.20,RENEWAL,2026-08-15
Cardinal Mutual,2026-07,131,CM-576476,Brian Nguyen,1941-07-16,P-00921,94702683,26.25,RENEWAL,2026-08-15
Cardinal Mutual,2026-07,132,CM-708290,Stacy Gordon,1939-04-20,P-00922,97102525,13.12,RENEWAL,2026-08-15
Cardinal Mutual,2026-07,133,CM-835189,Angela Ali,1971-04-06,P-00924,6831819,26.25,RENEWAL,2026-08-15
Cardinal Mutual,2026-07,134,CM-661811,Jessica Rivas,1957-11-07,P-00926,99847493,19.00,RENEWAL,2026-08-15
Cardinal Mutual,2026-07,135,CM-209032,Jessica Rivas,1957-11-07,P-00927,99847493,4.20,RENEWAL,2026-08-15
Cardinal Mutual,2026-07,136,CM-858489,Andrea Snyder,1938-12-29,P-00935,43339391,26.25,RENEWAL,2026-08-15
Cardinal Mutual,2026-07,137,CM-683010,Wayne Crosby,1943-04-05,P-00991,29898923,26.25,RENEWAL,2026-08-15
Cardinal Mutual,2026-07,138,CM-415386,Christopher Williams,1960-01-19,P-00992,90949389,2.10,RENEWAL,2026-08-15
Cardinal Mutual,2026-07,139,CM-840651,Maria Robles,1980-02-23,P-01001,33857966,22.00,NEW,2026-08-15
Cardinal Mutual,2026-07,140,CM-535685,Tammy Turner,1958-06-18,P-01018,5265799,26.25,RENEWAL,2026-08-15
Cardinal Mutual,2026-07,141,CM-265270,Nicholas Carter,1958-10-05,P-01035,97102525,26.25,RENEWAL,2026-08-15
Cardinal Mutual,2026-07,142,CM-407861,Carol White,2002-12-08,P-01068,94702683,22.00,NEW,2026-08-15
Cardinal Mutual,2026-07,143,CM-423030,Austin York,1946-08-20,P-01070,32244663,52.50,NEW,2026-08-15
Cardinal Mutual,2026-07,144,CM-307183,Trevor Paul,1934-02-26,P-01086,94702683,52.50,NEW,2026-08-15
Cardinal Mutual,2026-07,146,CM-176833,Justin Rodriguez,1939-11-08,P-01096,90949389,4.20,RENEWAL,2026-08-15
Cardinal Mutual,2026-07,147,CM-760471,Gabrielle Smith,1935-06-29,P-01099,90949389,26.25,RENEWAL,2026-08-15
Cardinal Mutual,2026-07,148,CM-866439,Debra Rice,1960-07-27,P-01108,10583482,52.50,NEW,2026-08-15
Cardinal Mutual,2026-07,149,CM-525831,Bradley Mayo,1949-10-08,P-01114,11576383,19.00,RENEWAL,2026-08-15
Cardinal Mutual,2026-07,150,CM-483749,Bradley Mayo,1949-10-08,P-01115,11576383,4.20,RENEWAL,2026-08-15
Cardinal Mutual,2026-07,151,CM-129650,James Nguyen,2001-03-03,P-01126,1884412,16.00,RENEWAL,2026-08-15
Cardinal Mutual,2026-07,152,CM-314989,Sheena Adams,1946-10-09,P-01133,6831819,52.50,NEW,2026-08-15
Cardinal Mutual,2026-07,153,CM-622469,Jennifer Flores,1955-12-22,P-01142,94702683,52.50,NEW,2026-08-15
Cardinal Mutual,2026-07,154,CM-301819,Alison Espinoza,1939-04-21,P-01148,61291817,52.50,NEW,2026-08-15
Cardinal Mutual,2026-07,155,CM-903148,Karen Johnson,1936-01-14,P-01156,33857966,52.50,NEW,2026-08-15
Cardinal Mutual,2026-07,156,CM-943366,Dawn Edwards,1940-04-19,P-01159,13981052,26.25,RENEWAL,2026-08-15
Cardinal Mutual,2026-07,157,CM-175672,Alexis Davis,1953-05-17,P-01168,99847493,19.00,RENEWAL,2026-08-15
Cardinal Mutual,2026-07,158,CM-226141,Alexis Davis,1953-05-17,P-01169,99847493,4.20,RENEWAL,2026-08-15
Cardinal Mutual,2026-07,159,CM-948302,Kelsey White,2001-02-09,P-01170,13981052,16.00,RENEWAL,2026-08-15
Cardinal Mutual,2026-07,160,CM-939057,Caleb Morales,1959-09-01,P-01174,7150444,4.20,RENEWAL,2026-08-15
Cardinal Mutual,2026-07,161,CM-994310,Alicia Savage,1935-07-15,P-01178,43339391,26.25,RENEWAL,2026-08-15
Cardinal Mutual,2026-07,162,CM-488944,Tara Wilson,1949-05-28,P-01182,7150444,26.25,RENEWAL,2026-08-15
Cardinal Mutual,2026-07,163,CM-903075,Javier Burke,1947-05-28,P-01184,33857966,26.25,RENEWAL,2026-08-15
Cardinal Mutual,2026-07,164,CM-327027,David Mckinney,1954-01-31,P-01191,99847493,19.00,RENEWAL,2026-08-15
Cardinal Mutual,2026-07,165,CM-110928,David Mckinney,1954-01-31,P-01192,99847493,4.20,RENEWAL,2026-08-15
Cardinal Mutual,2026-07,166,CM-424468,Jacob Strickland,1944-12-16,P-01194,29898923,52.50,NEW,2026-08-15
Cardinal Mutual,2026-07,167,CM-283800,Johnny Rubio,1950-10-02,P-01203,4356886,52.50,NEW,2026-08-15
Cardinal Mutual,2026-07,168,CM-809901,Juan Woods,1953-06-15,P-01213,33857966,26.25,RENEWAL,2026-08-15
Cardinal Mutual,2026-07,169,CM-680642,Joseph Romero,1938-07-17,P-01220,94702683,26.25,RENEWAL,2026-08-15
Cardinal Mutual,2026-07,170,CM-306706,Wesley Gross,1958-05-05,P-01226,74197857,26.25,RENEWAL,2026-08-15
Cardinal Mutual,2026-07,171,CM-687753,Eric Ortega,1965-10-23,P-01242,99847493,26.25,RENEWAL,2026-08-15
Cardinal Mutual,2026-07,172,CM-196069,John Fitzpatrick,1941-06-19,P-01244,77125617,52.50,NEW,2026-08-15
Cardinal Mutual,2026-07,173,CM-636708,Steven Ali,1958-04-13,P-01248,10583482,4.20,RENEWAL,2026-08-15
Cardinal Mutual,2026-07,174,CM-555267,Anna Rios,1982-10-31,P-01261,90949389,16.00,RENEWAL,2026-08-15
Cardinal Mutual,2026-07,175,CM-242304,Samantha Morris,1936-02-24,P-01267,10583482,38.00,NEW,2026-08-15
Cardinal Mutual,2026-07,176,CM-309501,Samantha Morris,1936-02-24,P-01268,10583482,8.40,NEW,2026-08-15
Cardinal Mutual,2026-07,177,CM-293782,Susan Miller,1959-07-19,P-01272,33857966,26.25,RENEWAL,2026-08-15
Cardinal Mutual,2026-07,178,CM-527819,Thomas Hudson,1940-05-22,P-01273,37231783,26.25,RENEWAL,2026-08-15
Cardinal Mutual,2026-07,179,CM-963150,Heather Cannon,1947-05-31,P-01283,54100814,26.25,RENEWAL,2026-08-15
Cardinal Mutual,2026-07,180,CM-803534,Brianna Hall,1948-08-27,P-01284,97102525,52.50,NEW,2026-08-15
Cardinal Mutual,2026-07,181,CM-374655,Jeremy Hall,1982-06-28,P-01286,97102525,22.00,NEW,2026-08-15
Cardinal Mutual,2026-07,182,CM-211626,John Melton,1947-11-03,P-01289,4356886,26.25,RENEWAL,2026-08-15
Cardinal Mutual,2026-07,183,CM-826045,Victoria Mcdonald,1954-10-07,P-01297,1884412,26.25,RENEWAL,2026-08-15
Cardinal Mutual,2026-07,184,CM-755477,Jeffery Castillo,1955-09-13,P-01303,37231783,26.25,RENEWAL,2026-08-15
Cardinal Mutual,2026-07,185,CM-648440,Stephanie Tran,1941-05-15,P-01306,37231783,26.25,RENEWAL,2026-08-15
Cardinal Mutual,2026-07,186,CM-770185,Mary Galloway,1955-01-05,P-01349,33857966,26.25,RENEWAL,2026-08-15
Cardinal Mutual,2026-07,187,CM-472865,Andrew Williams,1946-05-13,P-01351,90949389,26.25,RENEWAL,2026-08-15
Cardinal Mutual,2026-07,188,CM-604793,Larry King,1939-10-21,P-01358,5265799,52.50,NEW,2026-08-15
Cardinal Mutual,2026-07,189,CM-208907,Joe Chung,1944-02-06,P-01361,78490893,52.50,NEW,2026-08-15
Cardinal Mutual,2026-07,190,CM-810729,Sara Mayer,1943-10-03,P-01364,5265799,19.00,RENEWAL,2026-08-15
Cardinal Mutual,2026-07,191,CM-501832,Sara Mayer,1943-10-03,P-01365,5265799,4.20,RENEWAL,2026-08-15
Cardinal Mutual,2026-07,192,CM-553208,Mark Benson,1937-04-02,P-01368,33857966,26.25,RENEWAL,2026-08-15
Cardinal Mutual,2026-07,193,CM-178119,Jasmin Schroeder,1959-10-16,P-01372,43339391,26.25,RENEWAL,2026-08-15
Cardinal Mutual,2026-07,194,CM-707730,Benjamin Aguirre,1936-01-26,P-01378,78490893,19.00,RENEWAL,2026-08-15
Cardinal Mutual,2026-07,195,CM-283659,Benjamin Aguirre,1936-01-26,P-01379,78490893,4.20,RENEWAL,2026-08-15
Cardinal Mutual,2026-07,196,CM-587365,Kristina Sheppard,1977-03-18,P-01386,32244663,22.00,NEW,2026-08-15
Cardinal Mutual,2026-07,197,CM-583744,Michael Kelly,1947-03-17,P-01390,13981052,52.50,NEW,2026-08-15
Cardinal Mutual,2026-07,198,CM-726077,Rachel Barrett,1940-06-18,P-01393,37231783,26.25,RENEWAL,2026-08-15
Cardinal Mutual,2026-07,199,CM-171461,James Sanford,1949-10-16,P-01400,97102525,26.25,RENEWAL,2026-08-15
Cardinal Mutual,2026-07,200,CM-349282,Jacob Taylor,1960-02-06,P-01405,74197857,26.25,RENEWAL,2026-08-15
Cardinal Mutual,2026-07,201,CM-803962,John Dickerson,1938-01-20,P-01420,37231783,52.50,NEW,2026-08-15
Cardinal Mutual,2026-07,202,CM-326253,Raymond Williams,1960-02-10,P-01421,43339391,52.50,NEW,2026-08-15
Cardinal Mutual,2026-07,203,CM-862473,Jessica Walker,1987-01-25,P-01424,43339391,19.00,RENEWAL,2026-08-15
Cardinal Mutual,2026-07,204,CM-152131,Jessica Walker,1987-01-25,P-01425,43339391,4.20,RENEWAL,2026-08-15
Cardinal Mutual,2026-07,205,CM-679035,Jamie Kline,1935-08-15,P-01439,7150444,38.00,NEW,2026-08-15
Cardinal Mutual,2026-07,206,CM-147465,Jamie Kline,1935-08-15,P-01440,7150444,8.40,NEW,2026-08-15
Cardinal Mutual,2026-07,207,CM-881021,Kaitlyn Jones,1942-11-11,P-01441,29898923,26.25,RENEWAL,2026-08-15
Cardinal Mutual,2026-07,208,CM-370677,Alec Evans,1940-06-07,P-01461,4356886,52.50,NEW,2026-08-15
Cardinal Mutual,2026-07,209,CM-935353,Jason Pennington,1954-07-19,P-01465,5265799,19.00,RENEWAL,2026-08-15
Cardinal Mutual,2026-07,210,CM-900735,Jason Pennington,1954-07-19,P-01466,5265799,4.20,RENEWAL,2026-08-15
Cardinal Mutual,2026-07,211,CM-851273,Riley Brown,1949-05-06,P-01469,90949389,26.25,RENEWAL,2026-08-15
Cardinal Mutual,2026-07,212,CM-213008,Anthony Gould,1949-04-08,P-01493,13981052,4.20,RENEWAL,2026-08-15
Cardinal Mutual,2026-07,213,CM-103778,Donna Cline,1941-12-09,P-01501,10583482,52.50,NEW,2026-08-15
Cardinal Mutual,2026-07,215,CM-623277,Christopher Joyce,1939-05-24,P-01515,10583482,52.50,NEW,2026-08-15
Cardinal Mutual,2026-07,216,CM-221159,Alyssa Hart,1946-02-24,P-01516,10583482,26.25,RENEWAL,2026-08-15
Cardinal Mutual,2026-07,217,CM-798181,Gary Simmons,1936-04-11,P-01524,54100814,26.25,RENEWAL,2026-08-15
Cardinal Mutual,2026-07,218,CM-585731,George Norman,1957-08-28,P-01535,44524491,38.00,NEW,2026-08-15
Cardinal Mutual,2026-07,219,CM-297711,George Norman,1957-08-28,P-01536,44524491,8.40,NEW,2026-08-15
Cardinal Mutual,2026-07,220,CM-698120,Harry Wright,1949-09-15,P-01556,6831819,52.50,NEW,2026-08-15
Cardinal Mutual,2026-07,221,CM-566570,Matthew Horton,1935-05-09,P-01558,77125617,26.25,RENEWAL,2026-08-15
Cardinal Mutual,2026-07,222,CM-159250,Adam Stuart,1963-01-27,P-01563,54100814,22.00,NEW,2026-08-15
Cardinal Mutual,2026-07,223,CM-478101,Audrey Greene,1955-08-18,P-01564,10583482,4.20,RENEWAL,2026-08-15
Cardinal Mutual,2026-07,224,CM-327751,Rebecca Roberts,1947-06-07,P-01579,11576383,26.25,RENEWAL,2026-08-15
Cardinal Mutual,2026-07,225,CM-295732,Wendy Martinez,1942-09-11,P-01585,11576383,52.50,NEW,2026-08-15
Cardinal Mutual,2026-07,226,CM-855829,Tamara Hawkins,1944-10-20,P-01594,7150444,26.25,RENEWAL,2026-08-15
Cardinal Mutual,2026-07,227,CM-649911,Richard Clark,1946-02-23,P-01600,1884412,4.20,RENEWAL,2026-08-15
Cardinal Mutual,2026-07,228,CM-315980,Susan Wolfe,1996-03-07,P-01636,11576383,22.00,NEW,2026-08-15
Cardinal Mutual,2026-07,229,CM-749415,Robert Vazquez,1980-02-23,P-01637,13981052,16.00,RENEWAL,2026-08-15
Cardinal Mutual,2026-07,230,CM-653758,Lacey Ross,1972-06-23,P-01640,29898923,22.00,NEW,2026-08-15
Cardinal Mutual,2026-07,231,CM-356752,Troy Thomas,1994-01-11,P-01645,29898923,16.00,RENEWAL,2026-08-15
Cardinal Mutual,2026-07,232,CM-724594,Michael Joseph,1950-09-24,P-01651,6831819,26.25,RENEWAL,2026-08-15
Cardinal Mutual,2026-07,233,CM-702327,Kimberly Joseph,1938-06-16,P-01652,6831819,26.25,RENEWAL,2026-08-15
Cardinal Mutual,2026-07,234,CM-155819,Kathy Smith,1956-05-30,P-01669,74197857,19.00,RENEWAL,2026-08-15
Cardinal Mutual,2026-07,235,CM-533768,Kathy Smith,1956-05-30,P-01670,74197857,4.20,RENEWAL,2026-08-15
Cardinal Mutual,2026-07,236,CM-676464,Andrew Bridges,1957-08-05,P-01676,61291817,26.25,RENEWAL,2026-08-15
Cardinal Mutual,2026-07,237,CM-362100,Amy Wells,1939-07-11,P-01705,11576383,52.50,NEW,2026-08-15
Cardinal Mutual,2026-07,238,CM-940368,Christopher Wells,1974-08-20,P-01706,11576383,16.00,RENEWAL,2026-08-15
Cardinal Mutual,2026-07,239,CM-693304,Eric Rodriguez,1956-01-10,P-01710,43339391,38.00,NEW,2026-08-15
Cardinal Mutual,2026-07,241,CM-983779,William Wells,1986-09-05,P-01719,10583482,22.00,NEW,2026-08-15
Cardinal Mutual,2026-07,242,CM-608974,Kristy Jones,1958-09-22,P-01720,4356886,4.20,RENEWAL,2026-08-15
Cardinal Mutual,2026-07,243,CM-867561,Jessica Lee,1942-02-27,P-01729,54100814,26.25,RENEWAL,2026-08-15
Cardinal Mutual,2026-07,244,CM-239626,Samantha Jacobs,1949-08-29,P-01732,54100814,38.00,NEW,2026-08-15
Cardinal Mutual,2026-07,245,CM-811999,Samantha Jacobs,1949-08-29,P-01733,54100814,8.40,NEW,2026-08-15
Cardinal Mutual,2026-07,246,CM-905021,Jonathan Burnett,1952-04-28,P-01739,44524491,26.25,RENEWAL,2026-08-15
Cardinal Mutual,2026-07,247,CM-588847,Daniel Brown,1944-03-01,P-01743,29898923,4.20,RENEWAL,2026-08-15
Cardinal Mutual,2026-07,248,CM-506284,Krista Armstrong,1950-10-18,P-01758,97102525,19.00,RENEWAL,2026-08-15
Cardinal Mutual,2026-07,249,CM-903676,Krista Armstrong,1950-10-18,P-01759,97102525,4.20,RENEWAL,2026-08-15
Cardinal Mutual,2026-07,250,CM-562445,Spencer Ford,1994-08-22,P-01762,77125617,16.00,RENEWAL,2026-08-15
Cardinal Mutual,2026-07,251,CM-444504,Eric Allen,1941-11-08,P-01797,1884412,26.25,RENEWAL,2026-08-15
Cardinal Mutual,2026-07,252,CM-691348,Marvin Williams,1937-12-16,P-01807,90949389,26.25,RENEWAL,2026-08-15
Cardinal Mutual,2026-07,253,CM-628700,Katie Meyer,1944-05-11,P-01827,61291817,26.25,RENEWAL,2026-08-15
Cardinal Mutual,2026-07,254,CM-400083,Jean Robinson,1954-11-18,P-01837,61855700,26.25,RENEWAL,2026-08-15
Cardinal Mutual,2026-07,255,CM-133716,Robert Martinez,1951-10-14,P-01839,99847493,26.25,RENEWAL,2026-08-15
Cardinal Mutual,2026-07,256,CM-905595,Gabriella Simon,1951-06-19,P-01840,29898923,26.25,RENEWAL,2026-08-15
Cardinal Mutual,2026-07,257,CM-769905,Daniel Villa,1975-07-09,P-01846,74197857,22.00,NEW,2026-08-15
Cardinal Mutual,2026-07,258,CM-715126,Susan Sanchez,1944-10-07,P-01849,29898923,26.25,RENEWAL,2026-08-15
Cardinal Mutual,2026-07,259,CM-308893,Shawna Francis,1935-03-19,P-01857,99847493,26.25,RENEWAL,2026-08-15
Cardinal Mutual,2026-07,260,CM-842847,Kristina Mason,1951-12-12,P-01880,77125617,52.50,NEW,2026-08-15
Cardinal Mutual,2026-07,261,CM-338728,Tina Carter,1943-08-22,P-01892,78490893,26.25,RENEWAL,2026-08-15
Cardinal Mutual,2026-07,262,CM-857561,Alicia Lee,1936-09-01,P-01898,54100814,52.50,NEW,2026-08-15
Cardinal Mutual,2026-07,263,CM-994680,Justin Kennedy,1963-01-19,P-01906,7150444,16.00,RENEWAL,2026-08-15
Cardinal Mutual,2026-07,264,CM-680361,Alexa Davis,1945-02-18,P-01921,11576383,26.25,RENEWAL,2026-08-15
Cardinal Mutual,2026-07,265,CM-224481,Michael Morrison,1935-08-09,P-01925,44524491,26.25,RENEWAL,2026-08-15
Cardinal Mutual,2026-07,266,CM-462637,Caitlyn Powers,1938-12-05,P-01942,78490893,26.25,RENEWAL,2026-08-15
Cardinal Mutual,2026-07,267,CM-198592,Jacqueline Vasquez,1950-11-03,P-01951,33857966,26.25,RENEWAL,2026-08-15
Cardinal Mutual,2026-07,268,CM-704618,Christopher Fernandez,1982-01-24,P-01953,7150444,22.00,NEW,2026-08-15
Cardinal Mutual,2026-07,269,CM-470011,Mary Fernandez,1986-09-13,P-01955,7150444,22.00,NEW,2026-08-15
Cardinal Mutual,2026-07,270,CM-733599,Mark Miller,1967-11-30,P-01973,33857966,19.00,RENEWAL,2026-08-15
Cardinal Mutual,2026-07,271,CM-932207,Mark Miller,1967-11-30,P-01974,33857966,4.20,RENEWAL,2026-08-15
Cardinal Mutual,2026-07,272,CM-980044,Patricia Rich,2002-04-01,P-01978,99847493,22.00,NEW,2026-08-15
Cardinal Mutual,2026-07,273,CM-576948,Michael Johnson,1941-01-20,P-01984,37231783,52.50,NEW,2026-08-15
Cardinal Mutual,2026-07,274,CM-658506,William Taylor,1988-04-03,P-01992,6831819,16.00,RENEWAL,2026-08-15
Cardinal Mutual,2026-07,275,CM-674105,Andrew Ford,1947-01-07,P-02002,4356886,4.20,RENEWAL,2026-08-15
Cardinal Mutual,2026-07,276,CM-466142,Jessica Daniel,1952-11-15,P-02015,33857966,26.25,RENEWAL,2026-08-15
Cardinal Mutual,2026-07,277,CM-449142,Jennifer Steele,1994-03-20,P-02018,74197857,16.00,RENEWAL,2026-08-15
Cardinal Mutual,2026-07,278,CM-498517,David Carlson,1952-12-17,P-02028,77125617,52.50,NEW,2026-08-15
Cardinal Mutual,2026-07,279,CM-652519,Monica Williams,1951-08-21,P-02043,13981052,19.00,RENEWAL,2026-08-15
Cardinal Mutual,2026-07,280,CM-203424,Monica Williams,1951-08-21,P-02044,13981052,4.20,RENEWAL,2026-08-15
Cardinal Mutual,2026-07,281,CM-701216,Erica Villarreal,1937-05-20,P-02045,5265799,38.00,NEW,2026-08-15
Cardinal Mutual,2026-07,282,CM-521828,Erica Villarreal,1937-05-20,P-02046,5265799,8.40,NEW,2026-08-15
Cardinal Mutual,2026-07,283,CM-637709,Rhonda Dawson,1967-04-07,P-02060,61291817,22.00,NEW,2026-08-15
Cardinal Mutual,2026-07,284,CM-738794,Andrew Miller,1984-11-02,P-02064,5265799,22.00,NEW,2026-08-15
Cardinal Mutual,2026-07,285,CM-516596,Scott Foster,1986-12-19,P-02088,29898923,22.00,NEW,2026-08-15
Cardinal Mutual,2026-07,286,CM-553541,Megan White,1950-05-27,P-02089,7150444,19.00,RENEWAL,2026-08-15
Cardinal Mutual,2026-07,287,CM-825690,Megan White,1950-05-27,P-02090,7150444,4.20,RENEWAL,2026-08-15
Cardinal Mutual,2026-07,288,CM-825584,Theresa Wright,1934-12-03,P-02093,44524491,26.25,RENEWAL,2026-08-15
Cardinal Mutual,2026-07,289,CM-736889,Joy Floyd,1956-05-12,P-02097,94702683,38.00,NEW,2026-08-15
Cardinal Mutual,2026-07,290,CM-465620,Joy Floyd,1956-05-12,P-02098,94702683,8.40,NEW,2026-08-15
Cardinal Mutual,2026-07,291,CM-753805,Angela Floyd,1944-11-16,P-02099,94702683,26.25,RENEWAL,2026-08-15
Cardinal Mutual,2026-07,292,CM-684711,Matthew Townsend,1952-02-22,P-02101,74197857,52.50,NEW,2026-08-15
Cardinal Mutual,2026-07,293,CM-967526,Emma Williams,1959-03-17,P-02112,11576383,52.50,NEW,2026-08-15
Cardinal Mutual,2026-07,294,CM-355296,Alexis Tran,1949-04-12,P-02121,77125617,26.25,RENEWAL,2026-08-15
Cardinal Mutual,2026-07,295,CM-605620,Benjamin Bennett,1965-09-06,P-02126,11576383,16.00,RENEWAL,2026-08-15
Cardinal Mutual,2026-07,296,CM-982758,Stephen Murray,1938-09-16,P-02140,99847493,19.00,RENEWAL,2026-08-15
Cardinal Mutual,2026-07,298,CM-532632,Stephanie Ortiz,1958-12-19,P-02149,74197857,52.50,NEW,2026-08-15
Cardinal Mutual,2026-07,299,CM-942291,Valerie Davis,1942-08-07,P-02164,77125617,26.25,RENEWAL,2026-08-15
Cardinal Mutual,2026-07,300,CM-885844,Andrew Davis,1938-12-10,P-02166,77125617,52.50,NEW,2026-08-15
Cardinal Mutual,2026-07,301,CM-300793,Michael Williams,1946-07-03,P-02172,78490893,26.25,NEW,2026-08-15
Cardinal Mutual,2026-07,302,CM-849840,Denise Tate,1970-01-13,P-02205,97102525,26.25,RENEWAL,2026-08-15
Cardinal Mutual,2026-07,303,CM-608597,Brandy Curtis,1952-12-18,P-02229,7150444,26.25,RENEWAL,2026-08-15
Cardinal Mutual,2026-07,304,CM-533730,Kelli Bowman,1984-03-12,P-02241,97102525,26.25,RENEWAL,2026-08-15
Cardinal Mutual,2026-07,305,CM-957313,Jeremiah Casey,1936-02-29,P-02244,5265799,4.20,RENEWAL,2026-08-15
Cardinal Mutual,2026-07,306,CM-524323,Sydney Walker,1939-10-16,P-02248,32244663,52.50,NEW,2026-08-15
Cardinal Mutual,2026-07,307,CM-478820,Aaron Woods,1947-11-08,P-02261,6831819,26.25,RENEWAL,2026-08-15
Cardinal Mutual,2026-07,308,CM-289660,Kevin Reynolds,1943-05-26,P-02286,99847493,26.25,RENEWAL,2026-08-15
Cardinal Mutual,2026-07,309,CM-788967,David Sampson,1946-02-26,P-02308,4356886,26.25,RENEWAL,2026-08-15
Cardinal Mutual,2026-07,310,CM-437316,Michael Frost,1938-10-18,P-02312,61855700,26.25,RENEWAL,2026-08-15
Cardinal Mutual,2026-07,311,CM-718992,Patricia Caldwell,1966-12-30,P-02316,90949389,26.25,RENEWAL,2026-08-15
Cardinal Mutual,2026-07,312,CM-647959,Gerald Herring,1939-11-16,P-02329,94702683,26.25,RENEWAL,2026-08-15
Cardinal Mutual,2026-07,313,CM-495762,Alan Evans,1948-10-31,P-02330,33857966,26.25,RENEWAL,2026-08-15
Cardinal Mutual,2026-07,314,CM-879731,Daniel Robinson,1957-07-01,P-02338,6831819,26.25,RENEWAL,2026-08-15
Cardinal Mutual,2026-07,315,CM-102074,Cynthia Wagner,1935-10-24,P-02347,54100814,19.00,RENEWAL,2026-08-15
Cardinal Mutual,2026-07,316,CM-445909,Cynthia Wagner,1935-10-24,P-02348,54100814,4.20,RENEWAL,2026-08-15
Cardinal Mutual,2026-07,317,CM-586059,Crystal Combs,1947-07-17,P-02363,7150444,26.25,RENEWAL,2026-08-15
Cardinal Mutual,2026-07,318,CM-784627,Danielle Sparks,1959-08-27,P-02365,7150444,38.00,NEW,2026-08-15
Cardinal Mutual,2026-07,319,CM-966780,Danielle Sparks,1959-08-27,P-02366,7150444,8.40,NEW,2026-08-15
Cardinal Mutual,2026-07,320,CM-938845,Kyle Green,1994-03-31,P-02381,99847493,22.00,NEW,2026-08-15
Cardinal Mutual,2026-07,321,CM-978271,Tara Rivas,1959-03-25,P-02382,33857966,26.25,RENEWAL,2026-08-15
Cardinal Mutual,2026-07,322,CM-489388,Karl Rivas,1987-12-18,P-02383,33857966,16.00,RENEWAL,2026-08-15
Cardinal Mutual,2026-07,323,CM-478796,Jessica Silva,1940-11-04,P-02403,5265799,52.50,NEW,2026-08-15
Cardinal Mutual,2026-07,324,CM-810052,Amanda Walters,1965-09-17,P-02425,4356886,16.00,RENEWAL,2026-08-15
Cardinal Mutual,2026-07,325,CM-477771,Brady Andrews,1939-05-06,P-02427,97102525,52.50,NEW,2026-08-15
Cardinal Mutual,2026-07,326,CM-227042,Lori Combs,1955-04-22,P-02432,43339391,26.25,RENEWAL,2026-08-15
Cardinal Mutual,2026-07,327,CM-836828,Jeffrey Nixon,1951-01-11,P-02433,1884412,8.40,NEW,2026-08-15
Cardinal Mutual,2026-07,328,CM-422328,Patrick Fox,1938-03-26,P-02444,13981052,26.25,RENEWAL,2026-08-15
Cardinal Mutual,2026-07,329,CM-520112,Kimberly Wheeler,1937-12-09,P-02445,33857966,26.25,RENEWAL,2026-08-15
Cardinal Mutual,2026-07,330,CM-651637,Kimberly Lopez,1934-05-21,P-02448,90949389,26.25,RENEWAL,2026-08-15
Cardinal Mutual,2026-07,331,CM-135179,Michael Wilcox,1962-08-08,P-02454,97102525,22.00,NEW,2026-08-15
Cardinal Mutual,2026-07,332,CM-900042,Richard Williams,1944-02-10,P-02459,61855700,26.25,RENEWAL,2026-08-15
Cardinal Mutual,2026-07,333,CM-805993,James Jennings,1946-06-28,P-02465,6831819,26.25,RENEWAL,2026-08-15
Cardinal Mutual,2026-07,335,CM-761504,Jordan Lopez,1939-09-23,P-02472,1884412,8.40,NEW,2026-08-15
Cardinal Mutual,2026-07,336,CM-525693,Shawna Parks,1982-04-03,P-02480,6831819,22.00,NEW,2026-08-15
Cardinal Mutual,2026-07,337,CM-945979,Cassandra Bridges,1945-10-06,P-02493,32244663,52.50,NEW,2026-08-15
Cardinal Mutual,2026-07,338,CM-638311,Jennifer Miranda,1951-09-06,P-02498,74197857,52.50,NEW,2026-08-15
Cardinal Mutual,2026-07,339,CM-239025,Kevin Phillips,1940-04-12,P-02536,90949389,26.25,RENEWAL,2026-08-15
Cardinal Mutual,2026-07,340,CM-507856,Denise Huff,1949-08-08,P-02552,1884412,26.25,RENEWAL,2026-08-15
Cardinal Mutual,2026-07,341,CM-164729,Michelle White,1995-01-30,P-02564,97102525,22.00,NEW,2026-08-15
Cardinal Mutual,2026-07,342,CM-262079,David Bean,1960-07-06,P-02576,44524491,52.50,NEW,2026-08-15
Cardinal Mutual,2026-07,343,CM-941460,Emma Fuller,2001-03-23,P-02587,11576383,22.00,NEW,2026-08-15
Summit Health Plans,2026-07,1,SH-542828,Brian Tate,1958-03-25,P-00001,61291817,26.25,RENEWAL,2026-08-15
Summit Health Plans,2026-07,2,SH-361989,James Wright,2001-10-20,P-00018,1884412,22.00,NEW,2026-08-15
Summit Health Plans,2026-07,3,SH-573209,Meghan Whitehead,1952-08-07,P-00030,32244663,19.00,RENEWAL,2026-08-15
Summit Health Plans,2026-07,4,SH-373812,Meghan Whitehead,1952-08-07,P-00031,32244663,4.20,RENEWAL,2026-08-15
Summit Health Plans,2026-07,5,SH-102871,Jamie Perry,1936-07-23,P-00055,13981052,26.25,NEW,2026-08-15
Summit Health Plans,2026-07,6,SH-616342,Anthony Rodriguez,1959-06-09,P-00063,90949389,52.50,NEW,2026-08-15
Summit Health Plans,2026-07,7,SH-789461,Mitchell Reed,1945-10-29,P-00065,77125617,52.50,NEW,2026-08-15
Summit Health Plans,2026-07,8,SH-286450,Melissa Adams,1952-03-12,P-00066,37231783,26.25,RENEWAL,2026-08-15
Summit Health Plans,2026-07,9,SH-292800,Jeffrey Davis,1956-07-11,P-00070,97102525,26.25,RENEWAL,2026-08-15
Summit Health Plans,2026-07,10,SH-690982,Kathryn Johnston,1954-11-04,P-00086,54100814,19.00,RENEWAL,2026-08-15
Summit Health Plans,2026-07,11,SH-571023,Kathryn Johnston,1954-11-04,P-00087,54100814,4.20,RENEWAL,2026-08-15
Summit Health Plans,2026-07,12,SH-907369,Julie Lee,1946-03-09,P-00099,44524491,4.20,RENEWAL,2026-08-15
Summit Health Plans,2026-07,13,SH-856027,Benjamin Banks,1943-07-11,P-00119,5265799,19.00,RENEWAL,2026-08-15
Summit Health Plans,2026-07,14,SH-902930,Benjamin Banks,1943-07-11,P-00120,5265799,4.20,RENEWAL,2026-08-15
Summit Health Plans,2026-07,15,SH-100205,Mark Kane,1949-04-23,P-00124,10583482,52.50,NEW,2026-08-15
Summit Health Plans,2026-07,16,SH-198867,Dylan Kane,1941-09-23,P-00125,10583482,19.00,RENEWAL,2026-08-15
Summit Health Plans,2026-07,17,SH-484914,Dylan Kane,1941-09-23,P-00126,10583482,4.20,RENEWAL,2026-08-15
Summit Health Plans,2026-07,18,SH-859246,Courtney Jones,1966-09-02,P-00153,97102525,22.00,NEW,2026-08-15
Summit Health Plans,2026-07,19,SH-565198,Wendy Valentine,1995-10-07,P-00161,90949389,16.00,RENEWAL,2026-08-15
Summit Health Plans,2026-07,20,SH-188501,John Young,1968-07-16,P-00176,4356886,22.00,NEW,2026-08-15
Summit Health Plans,2026-07,21,SH-580255,Matthew Winters,1991-01-08,P-00203,54100814,22.00,NEW,2026-08-15
Summit Health Plans,2026-07,22,SH-890795,Sue Roberts,1974-07-18,P-00205,29898923,4.20,RENEWAL,2026-08-15
Summit Health Plans,2026-07,23,SH-268356,Richard Morrison,2004-08-16,P-00217,5265799,16.00,RENEWAL,2026-08-15
Summit Health Plans,2026-07,24,SH-575244,Mark Garcia,1942-08-14,P-00232,13981052,26.25,RENEWAL,2026-08-15
Summit Health Plans,2026-07,25,SH-193520,Katelyn Davenport,1951-12-02,P-00253,6831819,26.25,RENEWAL,2026-08-15
Summit Health Plans,2026-07,26,SH-811634,Melanie Nielsen,1942-03-15,P-00261,61855700,9.50,RENEWAL,2026-08-15
Summit Health Plans,2026-07,27,SH-653971,Melanie Nielsen,1942-03-15,P-00262,61855700,4.20,RENEWAL,2026-08-15
Summit Health Plans,2026-07,28,SH-559094,Kyle Owens,1983-09-08,P-00267,4356886,22.00,NEW,2026-08-15
Summit Health Plans,2026-07,29,SH-647098,Harry Barrett,1939-02-17,P-00277,74197857,19.00,RENEWAL,2026-08-15
Summit Health Plans,2026-07,30,SH-119895,Harry Barrett,1939-02-17,P-00278,74197857,4.20,RENEWAL,2026-08-15
Summit Health Plans,2026-07,31,SH-185090,Bryan Snyder,1996-11-05,P-00286,6831819,22.00,NEW,2026-08-15
Summit Health Plans,2026-07,32,SH-351815,Kevin Flores,1949-02-18,P-00299,11576383,52.50,NEW,2026-08-15
Summit Health Plans,2026-07,34,SH-626883,Joshua Carter,1956-02-12,P-00311,74197857,26.25,RENEWAL,2026-08-15
Summit Health Plans,2026-07,35,SH-868862,Karen Greer,1953-01-05,P-00312,29898923,26.25,RENEWAL,2026-08-15
Summit Health Plans,2026-07,36,SH-259038,Patricia Kramer,1968-03-20,P-00320,97102525,52.50,NEW,2026-08-15
Summit Health Plans,2026-07,37,SH-869584,Michael Garcia,1960-08-03,P-00327,32244663,52.50,NEW,2026-08-15
Summit Health Plans,2026-07,38,SH-915509,Garrett Brown,1945-07-02,P-00340,78490893,8.40,NEW,2026-08-15
Summit Health Plans,2026-07,39,SH-681667,Sarah Reyes,1933-10-08,P-00342,44524491,19.00,RENEWAL,2026-08-15
Summit Health Plans,2026-07,40,SH-235073,Sarah Reyes,1933-10-08,P-00343,44524491,4.20,RENEWAL,2026-08-15
Summit Health Plans,2026-07,42,SH-215063,Heidi Mckenzie,1962-07-28,P-00358,61855700,16.00,RENEWAL,2026-08-15
Summit Health Plans,2026-07,43,SH-835005,Richard Johnson,1939-04-09,P-00359,4356886,8.40,NEW,2026-08-15
Summit Health Plans,2026-07,44,SH-478083,Maria Stein,1958-10-28,P-00362,77125617,38.00,NEW,2026-08-15
Summit Health Plans,2026-07,45,SH-349825,Maria Stein,1958-10-28,P-00363,77125617,8.40,NEW,2026-08-15
Summit Health Plans,2026-07,46,SH-234041,Joshua Lopez,1957-09-10,P-00364,61291817,19.00,RENEWAL,2026-08-15
Summit Health Plans,2026-07,47,SH-483791,Joshua Lopez,1957-09-10,P-00365,61291817,4.20,RENEWAL,2026-08-15
Summit Health Plans,2026-07,48,SH-614345,Paul Shaw,1940-08-08,P-00371,97102525,52.50,NEW,2026-08-15
Summit Health Plans,2026-07,49,SH-482986,James Smith,1947-05-30,P-00380,78490893,4.20,RENEWAL,2026-08-15
Summit Health Plans,2026-07,50,SH-648706,Brandon Le,1948-01-31,P-00386,7150444,19.00,RENEWAL,2026-08-15
Summit Health Plans,2026-07,51,SH-455488,Brandon Le,1948-01-31,P-00387,7150444,4.20,RENEWAL,2026-08-15
Summit Health Plans,2026-07,52,SH-512423,Thomas Armstrong,1946-10-22,P-00401,90949389,26.25,RENEWAL,2026-08-15
Summit Health Plans,2026-07,53,SH-932673,Haley Curry,1940-05-04,P-00407,29898923,38.00,NEW,2026-08-15
Summit Health Plans,2026-07,54,SH-544320,Haley Curry,1940-05-04,P-00408,29898923,8.40,NEW,2026-08-15
Summit Health Plans,2026-07,55,SH-143096,Richard Hull,1947-03-31,P-00429,43339391,4.20,RENEWAL,2026-08-15
Summit Health Plans,2026-07,56,SH-652150,Gina Harris,1986-08-19,P-00435,29898923,22.00,NEW,2026-08-15
Summit Health Plans,2026-07,57,SH-130955,Tina Barber,1948-08-28,P-00443,44524491,26.25,RENEWAL,2026-08-15
Summit Health Plans,2026-07,58,SH-434347,Tyler West,1953-05-05,P-00452,10583482,26.25,RENEWAL,2026-08-15
Summit Health Plans,2026-07,59,SH-547191,Stephanie Barrett,1952-09-23,P-00459,6831819,26.25,RENEWAL,2026-08-15
Summit Health Plans,2026-07,60,SH-734960,Brandi Hart,1991-02-14,P-00464,11576383,22.00,NEW,2026-08-15
Summit Health Plans,2026-07,61,SH-364266,Melissa Robles,1942-08-07,P-00484,32244663,26.25,RENEWAL,2026-08-15
Summit Health Plans,2026-07,62,SH-849181,Andrea Murray,1985-11-15,P-00487,54100814,26.25,RENEWAL,2026-08-15
Summit Health Plans,2026-07,63,SH-186847,Kimberly Kennedy,1951-11-16,P-00496,99847493,13.12,RENEWAL,2026-08-15
Summit Health Plans,2026-07,64,SH-405998,Melissa King,1937-01-19,P-00519,4356886,38.00,NEW,2026-08-15
Summit Health Plans,2026-07,65,SH-131000,Melissa King,1937-01-19,P-00520,4356886,8.40,NEW,2026-08-15
Summit Health Plans,2026-07,66,SH-998541,Austin Rose,2000-03-01,P-00556,61291817,16.00,RENEWAL,2026-08-15
Summit Health Plans,2026-07,67,SH-415734,Michael Collins,1948-11-21,P-00557,44524491,26.25,RENEWAL,2026-08-15
Summit Health Plans,2026-07,68,SH-194825,Jeff Boyer,1936-07-11,P-00569,94702683,26.25,RENEWAL,2026-08-15
Summit Health Plans,2026-07,69,SH-194940,Eric Barker,1945-04-05,P-00570,6831819,26.25,RENEWAL,2026-08-15
Summit Health Plans,2026-07,70,SH-586032,Christian Cross,1971-06-07,P-00594,13981052,22.00,NEW,2026-08-15
Summit Health Plans,2026-07,71,SH-973346,Alice Brown,1953-06-12,P-00595,6831819,19.00,RENEWAL,2026-08-15
Summit Health Plans,2026-07,72,SH-327727,Alice Brown,1953-06-12,P-00596,6831819,4.20,RENEWAL,2026-08-15
Summit Health Plans,2026-07,73,SH-440124,Derrick Long,1948-10-09,P-00609,74197857,26.25,RENEWAL,2026-08-15
Summit Health Plans,2026-07,74,SH-866964,George Williams,1967-10-12,P-00628,4356886,22.00,NEW,2026-08-15
Summit Health Plans,2026-07,75,SH-964745,Donna Robinson,1952-07-23,P-00632,1884412,26.25,RENEWAL,2026-08-15
Summit Health Plans,2026-07,76,SH-170064,Susan Foster,1963-06-23,P-00644,54100814,16.00,RENEWAL,2026-08-15
Summit Health Plans,2026-07,77,SH-470725,Brooke Mcdaniel,1956-10-15,P-00653,99847493,26.25,RENEWAL,2026-08-15
Summit Health Plans,2026-07,78,SH-816469,Emily Mejia,1936-03-21,P-00658,74197857,26.25,RENEWAL,2026-08-15
Summit Health Plans,2026-07,79,SH-859356,Joseph Mejia,1954-04-24,P-00659,74197857,26.25,RENEWAL,2026-08-15
Summit Health Plans,2026-07,80,SH-407393,George Andrews,1952-01-30,P-00660,7150444,26.25,RENEWAL,2026-08-15
Summit Health Plans,2026-07,81,SH-215213,Lance Davis,1955-05-15,P-00662,54100814,26.25,RENEWAL,2026-08-15
Summit Health Plans,2026-07,82,SH-490192,Ann Smith,1957-04-29,P-00670,61291817,26.25,RENEWAL,2026-08-15
Summit Health Plans,2026-07,83,SH-247158,William Harrison,1946-06-25,P-00679,54100814,52.50,NEW,2026-08-15
Summit Health Plans,2026-07,84,SH-975353,Veronica Williams,1936-12-03,P-00681,37231783,19.00,RENEWAL,2026-08-15
Summit Health Plans,2026-07,85,SH-783728,Veronica Williams,1936-12-03,P-00682,37231783,4.20,RENEWAL,2026-08-15
Summit Health Plans,2026-07,86,SH-678399,Emma Murray,1946-06-27,P-00687,10583482,26.25,RENEWAL,2026-08-15
Summit Health Plans,2026-07,87,SH-443279,Stephanie Fernandez,1951-10-30,P-00699,7150444,26.25,RENEWAL,2026-08-15
Summit Health Plans,2026-07,88,SH-174357,Corey Nguyen,1944-09-25,P-00723,33857966,26.25,RENEWAL,2026-08-15
Summit Health Plans,2026-07,89,SH-221455,George Ellis,1955-06-12,P-00727,78490893,52.50,NEW,2026-08-15
Summit Health Plans,2026-07,90,SH-968235,Brandy Hudson,1947-09-16,P-00732,10583482,19.00,RENEWAL,2026-08-15
Summit Health Plans,2026-07,91,SH-249376,Brandy Hudson,1947-09-16,P-00733,10583482,4.20,RENEWAL,2026-08-15
Summit Health Plans,2026-07,92,SH-903724,Jamie Johnston,1981-04-08,P-00736,7150444,22.00,NEW,2026-08-15
Summit Health Plans,2026-07,93,SH-207309,Stacey Wiggins,1948-02-04,P-00745,33857966,19.00,RENEWAL,2026-08-15
Summit Health Plans,2026-07,94,SH-279956,Stacey Wiggins,1948-02-04,P-00746,33857966,4.20,RENEWAL,2026-08-15
Summit Health Plans,2026-07,95,SH-435666,Christopher Griffin,1946-05-14,P-00752,78490893,26.25,RENEWAL,2026-08-15
Summit Health Plans,2026-07,96,SH-507976,Ronald Baldwin,1936-12-11,P-00755,11576383,26.25,RENEWAL,2026-08-15
Summit Health Plans,2026-07,97,SH-467093,Thomas Burton,1959-03-22,P-00765,1884412,26.25,RENEWAL,2026-08-15
Summit Health Plans,2026-07,98,SH-435757,Michael Howard,1990-07-08,P-00769,74197857,16.00,RENEWAL,2026-08-15
Summit Health Plans,2026-07,99,SH-498978,James Matthews,1934-12-20,P-00780,90949389,52.50,NEW,2026-08-15
Summit Health Plans,2026-07,100,SH-322311,Ellen Matthews,1960-06-14,P-00781,90949389,52.50,NEW,2026-08-15
Summit Health Plans,2026-07,101,SH-961627,Cristian Garza,1950-09-12,P-00791,99847493,52.50,NEW,2026-08-15
Summit Health Plans,2026-07,102,SH-558116,Katie Hubbard,1939-08-01,P-00792,78490893,4.20,RENEWAL,2026-08-15
Summit Health Plans,2026-07,103,SH-388586,Peter Hunter,1999-03-18,P-00800,13981052,16.00,RENEWAL,2026-08-15
Summit Health Plans,2026-07,104,SH-386890,Steven Nguyen,1952-02-01,P-00804,44524491,26.25,RENEWAL,2026-08-15
Summit Health Plans,2026-07,105,SH-723427,Michelle Nguyen,1969-03-02,P-00806,44524491,22.00,NEW,2026-08-15
Summit Health Plans,2026-07,106,SH-865929,Meghan Walters,1957-12-31,P-00820,29898923,52.50,NEW,2026-08-15
Summit Health Plans,2026-07,107,SH-462115,David Young,1934-07-19,P-00825,77125617,13.12,RENEWAL,2026-08-15
Summit Health Plans,2026-07,108,SH-348247,Stacy Walker,1943-11-11,P-00836,97102525,26.25,RENEWAL,2026-08-15
Summit Health Plans,2026-07,110,SH-533276,Jorge Page,1984-10-09,P-00846,1884412,16.00,RENEWAL,2026-08-15
Summit Health Plans,2026-07,111,SH-448431,Lawrence Page,1947-04-08,P-00847,1884412,52.50,NEW,2026-08-15
Summit Health Plans,2026-07,112,SH-716862,Leslie Stafford,1958-02-04,P-00848,1884412,4.20,RENEWAL,2026-08-15
Summit Health Plans,2026-07,113,SH-129349,Jessica West,1990-08-23,P-00878,77125617,22.00,NEW,2026-08-15
Summit Health Plans,2026-07,114,SH-392930,Sydney Lloyd,1953-08-09,P-00884,13981052,26.25,RENEWAL,2026-08-15
Summit Health Plans,2026-07,115,SH-824765,William Peterson,1935-05-28,P-00888,97102525,26.25,RENEWAL,2026-08-15
Summit Health Plans,2026-07,116,SH-788758,Nicole Rowe,1960-01-27,P-00894,10583482,4.20,RENEWAL,2026-08-15
Summit Health Plans,2026-07,117,SH-719639,Pamela Johnson,1942-08-25,P-00895,78490893,26.25,RENEWAL,2026-08-15
Summit Health Plans,2026-07,118,SH-513351,Cory Scott,1943-06-07,P-00918,13981052,19.00,RENEWAL,2026-08-15
Summit Health Plans,2026-07,119,SH-631767,Cory Scott,1943-06-07,P-00919,13981052,4.20,RENEWAL,2026-08-15
Summit Health Plans,2026-07,120,SH-622199,Richard Torres,1948-01-16,P-00923,4356886,26.25,RENEWAL,2026-08-15
Summit Health Plans,2026-07,121,SH-893023,Gregory Carey,1960-04-20,P-00932,1884412,52.50,NEW,2026-08-15
Summit Health Plans,2026-07,122,SH-381141,Amanda Braun,1946-06-19,P-00938,32244663,19.00,RENEWAL,2026-08-15
Summit Health Plans,2026-07,123,SH-543601,Amanda Braun,1946-06-19,P-00939,32244663,4.20,RENEWAL,2026-08-15
Summit Health Plans,2026-07,124,SH-660612,Veronica Beard,1980-05-06,P-00942,13981052,16.00,RENEWAL,2026-08-15
Summit Health Plans,2026-07,125,SH-506221,Christopher Riley,1953-09-24,P-00945,54100814,52.50,NEW,2026-08-15
Summit Health Plans,2026-07,126,SH-279274,Timothy Kelly,1987-10-30,P-00952,61291817,52.50,NEW,2026-08-15
Summit Health Plans,2026-07,127,SH-217614,Nancy Murphy,1947-12-05,P-00959,99847493,26.25,RENEWAL,2026-08-15
Summit Health Plans,2026-07,128,SH-404621,Nicholas Aguirre,1990-10-16,P-00960,10583482,22.00,NEW,2026-08-15
Summit Health Plans,2026-07,129,SH-788590,Matthew Dyer,1954-01-04,P-00963,90949389,26.25,RENEWAL,2026-08-15
Summit Health Plans,2026-07,130,SH-331746,Jason Dyer,1965-07-08,P-00965,90949389,22.00,NEW,2026-08-15
Summit Health Plans,2026-07,131,SH-928221,Alicia White,1941-09-01,P-00971,78490893,4.20,RENEWAL,2026-08-15
Summit Health Plans,2026-07,132,SH-383480,Briana Crosby,1968-02-02,P-00990,29898923,26.25,RENEWAL,2026-08-15
Summit Health Plans,2026-07,133,SH-437276,Nicholas Mcfarland,1988-10-26,P-00999,1884412,22.00,NEW,2026-08-15
Summit Health Plans,2026-07,134,SH-635441,Janet Gordon,1939-06-30,P-01009,97102525,4.20,RENEWAL,2026-08-15
Summit Health Plans,2026-07,135,SH-907852,Micheal Reid,1950-09-23,P-01026,94702683,26.25,RENEWAL,2026-08-15
Summit Health Plans,2026-07,136,SH-328472,Raymond Conrad,1954-02-13,P-01032,6831819,52.50,NEW,2026-08-15
Summit Health Plans,2026-07,137,SH-379069,Abigail Bennett,1943-06-04,P-01036,10583482,19.00,RENEWAL,2026-08-15
Summit Health Plans,2026-07,138,SH-163491,Abigail Bennett,1943-06-04,P-01037,10583482,4.20,RENEWAL,2026-08-15
Summit Health Plans,2026-07,140,SH-724214,Sheryl Sanchez,1941-03-14,P-01047,54100814,26.25,RENEWAL,2026-08-15
Summit Health Plans,2026-07,141,SH-160114,Rodney Lee,1945-09-10,P-01051,5265799,26.25,RENEWAL,2026-08-15
Summit Health Plans,2026-07,142,SH-419966,Justin Hernandez,1943-07-06,P-01052,6831819,19.00,RENEWAL,2026-08-15
Summit Health Plans,2026-07,143,SH-184046,Justin Hernandez,1943-07-06,P-01053,6831819,4.20,RENEWAL,2026-08-15
Summit Health Plans,2026-07,144,SH-381719,David Wilson,2003-07-07,P-01063,33857966,22.00,NEW,2026-08-15
Summit Health Plans,2026-07,145,SH-561406,Tina York,1933-12-18,P-01071,32244663,26.25,RENEWAL,2026-08-15
Summit Health Plans,2026-07,146,SH-537206,Jacqueline Klein,1944-03-07,P-01087,94702683,26.25,RENEWAL,2026-08-15
Summit Health Plans,2026-07,147,SH-572844,Tyler Williams,1949-03-22,P-01088,74197857,19.00,RENEWAL,2026-08-15
Summit Health Plans,2026-07,148,SH-112957,Tyler Williams,1949-03-22,P-01089,74197857,4.20,RENEWAL,2026-08-15
Summit Health Plans,2026-07,149,SH-502385,Michael Rodriguez,1950-12-17,P-01091,54100814,26.25,RENEWAL,2026-08-15
Summit Health Plans,2026-07,150,SH-643781,Jennifer Rodriguez,1962-10-09,P-01092,54100814,16.00,RENEWAL,2026-08-15
Summit Health Plans,2026-07,151,SH-537805,Alicia James,1935-09-11,P-01103,4356886,52.50,NEW,2026-08-15
Summit Health Plans,2026-07,152,SH-861695,Kevin Cox,1947-12-19,P-01106,78490893,26.25,RENEWAL,2026-08-15
Summit Health Plans,2026-07,153,SH-244564,Nathan Rice,1937-08-25,P-01107,10583482,52.50,NEW,2026-08-15
Summit Health Plans,2026-07,154,SH-434519,James Mayo,1934-06-28,P-01111,11576383,19.00,RENEWAL,2026-08-15
Summit Health Plans,2026-07,155,SH-445377,James Mayo,1934-06-28,P-01112,11576383,4.20,RENEWAL,2026-08-15
Summit Health Plans,2026-07,156,SH-125691,Eric Rivera,1951-08-28,P-01134,90949389,19.00,RENEWAL,2026-08-15
Summit Health Plans,2026-07,157,SH-820055,Eric Rivera,1951-08-28,P-01135,90949389,4.20,RENEWAL,2026-08-15
Summit Health Plans,2026-07,158,SH-160282,Vicki Vasquez,1936-04-01,P-01138,7150444,26.25,RENEWAL,2026-08-15
Summit Health Plans,2026-07,159,SH-856688,Devon Guzman,1971-02-20,P-01146,33857966,22.00,NEW,2026-08-15
Summit Health Plans,2026-07,160,SH-871693,Laura Johnson,1944-09-30,P-01165,44524491,26.25,RENEWAL,2026-08-15
Summit Health Plans,2026-07,161,SH-773515,Lindsey Brown,1965-10-23,P-01176,61855700,22.00,NEW,2026-08-15
Summit Health Plans,2026-07,162,SH-642138,Alejandro Price,1959-03-25,P-01179,29898923,26.25,RENEWAL,2026-08-15
Summit Health Plans,2026-07,163,SH-296631,Daniel Camacho,1942-10-31,P-01195,1884412,4.20,RENEWAL,2026-08-15
Summit Health Plans,2026-07,164,SH-476321,Robert Pope,1949-04-12,P-01197,43339391,26.25,RENEWAL,2026-08-15
Summit Health Plans,2026-07,165,SH-887804,Lisa Owens,1956-07-01,P-01201,61291817,26.25,RENEWAL,2026-08-15
Summit Health Plans,2026-07,166,SH-352065,Rhonda Travis,1974-07-01,P-01208,97102525,16.00,RENEWAL,2026-08-15
Summit Health Plans,2026-07,167,SH-541157,Shaun Cruz,1997-11-21,P-01216,32244663,22.00,NEW,2026-08-15
Summit Health Plans,2026-07,168,SH-314431,John Mcgee,1934-03-01,P-01218,6831819,26.25,RENEWAL,2026-08-15
Summit Health Plans,2026-07,169,SH-665306,Brianna Bailey,1934-03-18,P-01233,5265799,26.25,RENEWAL,2026-08-15
Summit Health Plans,2026-07,170,SH-159626,Kevin Gonzalez,1950-05-11,P-01246,74197857,26.25,RENEWAL,2026-08-15
Summit Health Plans,2026-07,171,SH-948866,Kenneth Gonzalez,1971-12-02,P-01247,74197857,16.00,RENEWAL,2026-08-15
Summit Health Plans,2026-07,172,SH-708992,Brenda Lin,1947-02-22,P-01252,44524491,26.25,RENEWAL,2026-08-15
Summit Health Plans,2026-07,173,SH-410783,Sharon Ball,1966-01-30,P-01253,94702683,16.00,RENEWAL,2026-08-15
Summit Health Plans,2026-07,174,SH-515741,Linda Ball,1943-03-26,P-01254,94702683,26.25,RENEWAL,2026-08-15
Summit Health Plans,2026-07,175,SH-382874,Brian Wallace,2003-09-03,P-01255,74197857,22.00,NEW,2026-08-15
Summit Health Plans,2026-07,176,SH-162086,Manuel Mclean,1949-02-27,P-01269,32244663,26.25,RENEWAL,2026-08-15
Summit Health Plans,2026-07,177,SH-722543,Michael Hudson,1939-02-04,P-01274,37231783,52.50,NEW,2026-08-15
Summit Health Plans,2026-07,178,SH-610996,Carolyn Hall,1976-02-22,P-01275,94702683,16.00,RENEWAL,2026-08-15
Summit Health Plans,2026-07,179,SH-729389,Cheyenne George,1949-06-03,P-01280,13981052,26.25,RENEWAL,2026-08-15
Summit Health Plans,2026-07,180,SH-991930,Donna Keller,1959-05-30,P-01293,11576383,8.40,NEW,2026-08-15
Summit Health Plans,2026-07,182,SH-207614,Rhonda Conrad,1937-11-07,P-01309,33857966,19.00,NEW,2026-08-15
Summit Health Plans,2026-07,183,SH-539176,Rhonda Conrad,1937-11-07,P-01310,33857966,8.40,NEW,2026-08-15
Summit Health Plans,2026-07,184,SH-377837,Christopher Mitchell,1957-02-15,P-01320,78490893,26.25,RENEWAL,2026-08-15
Summit Health Plans,2026-07,185,SH-234370,Jennifer Smith,1937-05-23,P-01347,74197857,26.25,RENEWAL,2026-08-15
Summit Health Plans,2026-07,186,SH-395634,Wendy Fitzpatrick,2005-01-27,P-01375,32244663,22.00,NEW,2026-08-15
Summit Health Plans,2026-07,187,SH-455335,Steven Wilson,1937-08-21,P-01383,78490893,26.25,RENEWAL,2026-08-15
Summit Health Plans,2026-07,188,SH-719285,Katie Sheppard,1981-09-29,P-01385,32244663,16.00,RENEWAL,2026-08-15
Summit Health Plans,2026-07,189,SH-599497,Maria Gordon,1952-05-03,P-01392,90949389,26.25,RENEWAL,2026-08-15
Summit Health Plans,2026-07,190,SH-813085,Marcus Barrett,1937-09-15,P-01395,37231783,52.50,NEW,2026-08-15
Summit Health Plans,2026-07,191,SH-914466,Richard Burke,1955-07-31,P-01398,44524491,26.25,RENEWAL,2026-08-15
Summit Health Plans,2026-07,192,SH-835663,Sherri Sanford,1942-03-30,P-01399,97102525,26.25,RENEWAL,2026-08-15
Summit Health Plans,2026-07,193,SH-467418,Holly Mcdaniel,1951-10-28,P-01403,29898923,26.25,RENEWAL,2026-08-15
Summit Health Plans,2026-07,194,SH-949927,Tracy Jones,1956-06-02,P-01404,33857966,26.25,RENEWAL,2026-08-15
Summit Health Plans,2026-07,195,SH-732921,Susan Johnson,1935-11-06,P-01406,97102525,19.00,RENEWAL,2026-08-15
Summit Health Plans,2026-07,196,SH-215676,Susan Johnson,1935-11-06,P-01407,97102525,4.20,RENEWAL,2026-08-15
Summit Health Plans,2026-07,197,SH-938072,Howard Williams,1993-12-02,P-01422,43339391,26.25,RENEWAL,2026-08-15
Summit Health Plans,2026-07,198,SH-649459,Cheryl Walker,1944-10-04,P-01423,43339391,26.25,RENEWAL,2026-08-15
Summit Health Plans,2026-07,199,SH-204251,Julie Miller,1947-03-10,P-01428,7150444,52.50,NEW,2026-08-15
Summit Health Plans,2026-07,200,SH-424907,Veronica Manning,1991-12-16,P-01430,90949389,22.00,NEW,2026-08-15
Summit Health Plans,2026-07,201,SH-561707,Dawn Compton,1936-12-19,P-01451,29898923,4.20,RENEWAL,2026-08-15
Summit Health Plans,2026-07,202,SH-580778,Susan Forbes,1942-02-06,P-01480,74197857,19.00,RENEWAL,2026-08-15
Summit Health Plans,2026-07,203,SH-766495,Susan Forbes,1942-02-06,P-01481,74197857,4.20,RENEWAL,2026-08-15
Summit Health Plans,2026-07,204,SH-427819,Christopher Mathis,1956-12-26,P-01484,1884412,26.25,RENEWAL,2026-08-15
Summit Health Plans,2026-07,205,SH-431667,Kelly Preston,1992-04-28,P-01489,4356886,22.00,NEW,2026-08-15
Summit Health Plans,2026-07,206,SH-519861,Daniel Scott,1959-09-17,P-01496,7150444,26.25,RENEWAL,2026-08-15
Summit Health Plans,2026-07,207,SH-220067,Stephen Scott,1946-11-06,P-01497,7150444,26.25,RENEWAL,2026-08-15
Summit Health Plans,2026-07,208,SH-935346,Colleen Torres,1959-02-21,P-01502,29898923,38.00,NEW,2026-08-15
Summit Health Plans,2026-07,209,SH-841808,Colleen Torres,1959-02-21,P-01503,29898923,8.40,NEW,2026-08-15
Summit Health Plans,2026-07,210,SH-102897,Craig Jackson,1955-05-20,P-01505,44524491,26.25,RENEWAL,2026-08-15
Summit Health Plans,2026-07,211,SH-747782,Michael Anderson,1937-09-04,P-01508,61855700,26.25,RENEWAL,2026-08-15
Summit Health Plans,2026-07,212,SH-648731,Robert Brown,1951-04-07,P-01521,10583482,26.25,RENEWAL,2026-08-15
Summit Health Plans,2026-07,213,SH-232934,Alexandria Meyer,1995-09-23,P-01523,32244663,16.00,RENEWAL,2026-08-15
Summit Health Plans,2026-07,214,SH-582591,Mark Conway,1940-10-08,P-01528,94702683,52.50,NEW,2026-08-15
Summit Health Plans,2026-07,215,SH-791258,Daniel Williams,1979-01-11,P-01529,90949389,26.25,RENEWAL,2026-08-15
Summit Health Plans,2026-07,216,SH-919701,Katherine Fowler,1964-06-02,P-01539,13981052,16.00,RENEWAL,2026-08-15
Summit Health Plans,2026-07,217,SH-243576,Barbara Stone,1955-11-03,P-01546,33857966,52.50,NEW,2026-08-15
Summit Health Plans,2026-07,218,SH-325203,Steve Copeland,1959-12-11,P-01548,77125617,26.25,RENEWAL,2026-08-15
Summit Health Plans,2026-07,219,SH-873905,Stacey Hudson,1938-01-24,P-01549,90949389,26.25,RENEWAL,2026-08-15
Summit Health Plans,2026-07,220,SH-130803,Katherine Wright,1981-10-30,P-01555,6831819,22.00,NEW,2026-08-15
Summit Health Plans,2026-07,221,SH-964605,Elizabeth Garcia,1952-07-27,P-01571,54100814,26.25,RENEWAL,2026-08-15
Summit Health Plans,2026-07,222,SH-804779,Holly Townsend,1938-07-19,P-01575,94702683,26.25,RENEWAL,2026-08-15
Summit Health Plans,2026-07,223,SH-693535,Renee Banks,1937-12-20,P-01598,61291817,52.50,NEW,2026-08-15
Summit Health Plans,2026-07,224,SH-165555,Pamela Morgan,1945-07-26,P-01603,54100814,4.20,RENEWAL,2026-08-15
Summit Health Plans,2026-07,225,SH-830120,Sean Thomas,1937-01-05,P-01610,97102525,26.25,RENEWAL,2026-08-15
Summit Health Plans,2026-07,226,SH-844825,Barry James,1943-08-16,P-01622,44524491,26.25,RENEWAL,2026-08-15
Summit Health Plans,2026-07,227,SH-750588,Jacob House,1939-03-14,P-01628,78490893,26.25,RENEWAL,2026-08-15
Summit Health Plans,2026-07,228,SH-821273,Tyler Erickson,1945-02-04,P-01629,5265799,26.25,RENEWAL,2026-08-15
Summit Health Plans,2026-07,229,SH-429489,Catherine Wolfe,1945-12-08,P-01635,11576383,26.25,RENEWAL,2026-08-15
Summit Health Plans,2026-07,230,SH-837453,Jay Bridges,1958-01-23,P-01675,61291817,52.50,NEW,2026-08-15
Summit Health Plans,2026-07,231,SH-782056,Bradley Ray,1946-03-22,P-01687,54100814,52.50,NEW,2026-08-15
Summit Health Plans,2026-07,232,SH-414119,Michelle Haynes,1939-11-22,P-01704,33857966,52.50,NEW,2026-08-15
Summit Health Plans,2026-07,233,SH-669528,Trevor Glenn,1950-06-26,P-01715,1884412,26.25,RENEWAL,2026-08-15
Summit Health Plans,2026-07,234,SH-349225,Laurie Valencia,1965-11-22,P-01724,54100814,22.00,NEW,2026-08-15
Summit Health Plans,2026-07,235,SH-869628,Veronica Woods,1949-08-06,P-01726,11576383,38.00,NEW,2026-08-15
Summit Health Plans,2026-07,236,SH-249277,Veronica Woods,1949-08-06,P-01727,11576383,8.40,NEW,2026-08-15
Summit Health Plans,2026-07,237,SH-807521,Charles Woods,1938-01-25,P-01728,11576383,52.50,NEW,2026-08-15
Summit Health Plans,2026-07,238,SH-622852,Leah Buchanan,1973-08-19,P-01737,5265799,16.00,RENEWAL,2026-08-15
Summit Health Plans,2026-07,239,SH-627785,Troy Burnett,1952-06-28,P-01740,44524491,52.50,NEW,2026-08-15
Summit Health Plans,2026-07,240,SH-359481,Mandy Shaffer,1943-12-04,P-01745,29898923,26.25,RENEWAL,2026-08-15
Summit Health Plans,2026-07,241,SH-720264,John Tran,1959-06-12,P-01756,11576383,52.50,NEW,2026-08-15
Summit Health Plans,2026-07,242,SH-418411,Dustin Sanchez,1974-04-18,P-01768,32244663,16.00,RENEWAL,2026-08-15
Summit Health Plans,2026-07,243,SH-179037,William Kelly,1954-05-03,P-01770,99847493,26.25,RENEWAL,2026-08-15
Summit Health Plans,2026-07,244,SH-740837,Adriana Robinson,1978-05-06,P-01771,99847493,22.00,NEW,2026-08-15
Summit Health Plans,2026-07,245,SH-425951,Francisco Miller,1933-10-25,P-01784,43339391,26.25,RENEWAL,2026-08-15
Summit Health Plans,2026-07,246,SH-788966,Megan Carter,1944-06-15,P-01790,61291817,19.00,RENEWAL,2026-08-15
Summit Health Plans,2026-07,247,SH-796563,Megan Carter,1944-06-15,P-01791,61291817,4.20,RENEWAL,2026-08-15
Summit Health Plans,2026-07,248,SH-129160,Dylan Harris,1939-06-12,P-01805,99847493,52.50,NEW,2026-08-15
Summit Health Plans,2026-07,249,SH-320580,Lisa Snow,1938-11-16,P-01811,99847493,8.40,NEW,2026-08-15
Summit Health Plans,2026-07,250,SH-692139,Brittany Meyer,1939-01-23,P-01829,61291817,26.25,RENEWAL,2026-08-15
Summit Health Plans,2026-07,251,SH-176541,Kevin Brown,2000-07-13,P-01831,5265799,22.00,NEW,2026-08-15
Summit Health Plans,2026-07,252,SH-271471,Kevin Parker,1957-10-21,P-01832,37231783,4.20,RENEWAL,2026-08-15
Summit Health Plans,2026-07,253,SH-571702,Ian Beasley,1948-12-27,P-01834,99847493,52.50,NEW,2026-08-15
Summit Health Plans,2026-07,254,SH-691426,Michael Harrison,2001-11-19,P-01836,32244663,16.00,RENEWAL,2026-08-15
Summit Health Plans,2026-07,255,SH-792718,Dylan West,1998-07-31,P-01841,78490893,22.00,NEW,2026-08-15
Summit Health Plans,2026-07,256,SH-115810,Sarah Sanchez,1943-08-10,P-01850,29898923,52.50,NEW,2026-08-15
Summit Health Plans,2026-07,257,SH-278743,Michael Hodge,1940-05-29,P-01852,11576383,26.25,RENEWAL,2026-08-15
Summit Health Plans,2026-07,258,SH-351834,Brandi Davis,1994-10-16,P-01859,94702683,22.00,NEW,2026-08-15
Summit Health Plans,2026-07,259,SH-440893,James Houston,1955-01-17,P-01869,78490893,26.25,RENEWAL,2026-08-15
Summit Health Plans,2026-07,260,SH-715527,Kenneth Houston,1937-03-02,P-01871,78490893,52.50,NEW,2026-08-15
Summit Health Plans,2026-07,261,SH-853592,Christina Guzman,1953-12-04,P-01886,33857966,26.25,RENEWAL,2026-08-15
Summit Health Plans,2026-07,262,SH-389715,Deborah Lopez,1959-02-13,P-01888,37231783,52.50,NEW,2026-08-15
Summit Health Plans,2026-07,263,SH-850000,Brenda Lee,1940-07-25,P-01899,54100814,4.20,RENEWAL,2026-08-15
Summit Health Plans,2026-07,264,SH-226036,Andrew Deleon,1942-10-11,P-01912,33857966,26.25,RENEWAL,2026-08-15
Summit Health Plans,2026-07,265,SH-702893,Holly Russell,1950-05-15,P-01923,74197857,26.25,RENEWAL,2026-08-15
Summit Health Plans,2026-07,266,SH-990761,John Morrison,1950-02-18,P-01926,44524491,38.00,NEW,2026-08-15
Summit Health Plans,2026-07,267,SH-370799,John Morrison,1950-02-18,P-01927,44524491,8.40,NEW,2026-08-15
Summit Health Plans,2026-07,268,SH-692954,Matthew Bishop,1951-08-11,P-01928,43339391,19.00,RENEWAL,2026-08-15
Summit Health Plans,2026-07,269,SH-961489,Matthew Bishop,1951-08-11,P-01929,43339391,4.20,RENEWAL,2026-08-15
Summit Health Plans,2026-07,270,SH-627750,Charles Russell,1960-09-01,P-01930,7150444,52.50,NEW,2026-08-15
Summit Health Plans,2026-07,271,SH-559086,Joseph King,1952-03-10,P-01934,43339391,26.25,RENEWAL,2026-08-15
Summit Health Plans,2026-07,272,SH-267251,Shawn Gonzalez,1957-12-06,P-01943,11576383,26.25,RENEWAL,2026-08-15
Summit Health Plans,2026-07,273,SH-143831,Charles Robinson,1938-11-04,P-01945,29898923,4.20,RENEWAL,2026-08-15
Summit Health Plans,2026-07,274,SH-455575,Elizabeth Robinson,1998-05-17,P-01947,29898923,22.00,NEW,2026-08-15
Summit Health Plans,2026-07,275,SH-881280,Lori Vasquez,1954-03-12,P-01949,1884412,26.25,RENEWAL,2026-08-15
Summit Health Plans,2026-07,276,SH-295770,Kayla Gonzalez,1982-02-15,P-01962,61855700,22.00,NEW,2026-08-15
Summit Health Plans,2026-07,277,SH-158696,Amber Vasquez,1944-06-06,P-01963,5265799,8.40,NEW,2026-08-15
Summit Health Plans,2026-07,278,SH-562072,Madison Rich,1953-11-01,P-01979,99847493,19.00,RENEWAL,2026-08-15
Summit Health Plans,2026-07,279,SH-412684,Madison Rich,1953-11-01,P-01980,99847493,4.20,RENEWAL,2026-08-15
Summit Health Plans,2026-07,280,SH-167463,Christopher Leon,1940-11-28,P-01981,33857966,26.25,RENEWAL,2026-08-15
Summit Health Plans,2026-07,281,SH-923977,David Nelson,1989-01-19,P-01988,10583482,22.00,NEW,2026-08-15
Summit Health Plans,2026-07,282,SH-254891,Keith Calhoun,1960-09-03,P-01999,33857966,52.50,NEW,2026-08-15
Summit Health Plans,2026-07,283,SH-118519,Shelly Lewis,1956-02-26,P-02030,99847493,19.00,RENEWAL,2026-08-15
Summit Health Plans,2026-07,284,SH-773780,Shelly Lewis,1956-02-26,P-02031,99847493,4.20,RENEWAL,2026-08-15
Summit Health Plans,2026-07,286,SH-817157,Danielle Rocha,1957-04-15,P-02035,77125617,19.00,RENEWAL,2026-08-15
Summit Health Plans,2026-07,287,SH-405807,Danielle Rocha,1957-04-15,P-02036,77125617,4.20,RENEWAL,2026-08-15
Summit Health Plans,2026-07,288,SH-781120,Miguel Rocha,1948-04-25,P-02037,77125617,26.25,RENEWAL,2026-08-15
Summit Health Plans,2026-07,289,SH-202566,Steven Bush,1935-03-02,P-02041,6831819,38.00,NEW,2026-08-15
Summit Health Plans,2026-07,290,SH-122756,Steven Bush,1935-03-02,P-02042,6831819,8.40,NEW,2026-08-15
Summit Health Plans,2026-07,291,SH-835778,Amy Richards,1936-08-27,P-02052,61291817,52.50,NEW,2026-08-15
Summit Health Plans,2026-07,292,SH-391167,Virginia Kemp,1934-02-13,P-02077,4356886,26.25,RENEWAL,2026-08-15
Summit Health Plans,2026-07,293,SH-709182,Louis Davis,1950-05-15,P-02081,54100814,52.50,NEW,2026-08-15
Summit Health Plans,2026-07,294,SH-423250,David Barton,1954-01-03,P-02082,1884412,26.25,RENEWAL,2026-08-15
Summit Health Plans,2026-07,295,SH-756244,Robert Ramos,1974-05-23,P-02084,5265799,22.00,NEW,2026-08-15
Summit Health Plans,2026-07,296,SH-860866,Amanda Rollins,1943-12-31,P-02114,78490893,26.25,RENEWAL,2026-08-15
Summit Health Plans,2026-07,297,SH-231297,Michael Le,1943-03-06,P-02145,32244663,52.50,NEW,2026-08-15
Summit Health Plans,2026-07,298,SH-444783,Brooke Summers,1936-06-20,P-02163,43339391,26.25,RENEWAL,2026-08-15
Summit Health Plans,2026-07,299,SH-620032,Elizabeth Orozco,1958-09-21,P-02168,32244663,26.25,RENEWAL,2026-08-15
Summit Health Plans,2026-07,300,SH-665348,Eric Bennett,1952-08-09,P-02181,7150444,52.50,NEW,2026-08-15
Summit Health Plans,2026-07,301,SH-888884,Bruce Medina,1954-06-13,P-02183,90949389,19.00,RENEWAL,2026-08-15
Summit Health Plans,2026-07,302,SH-771835,Bruce Medina,1954-06-13,P-02184,90949389,4.20,RENEWAL,2026-08-15
Summit Health Plans,2026-07,303,SH-738437,Steven Jones,2003-06-05,P-02191,77125617,22.00,NEW,2026-08-15
Summit Health Plans,2026-07,304,SH-339492,John Johnson,1942-02-03,P-02206,74197857,52.50,NEW,2026-08-15
Summit Health Plans,2026-07,306,SH-110651,Stacy Sanchez,1955-03-16,P-02219,78490893,52.50,NEW,2026-08-15
Summit Health Plans,2026-07,307,SH-743369,Alan Wolfe,1942-04-07,P-02223,29898923,52.50,NEW,2026-08-15
Summit Health Plans,2026-07,308,SH-304222,Sandra Rodriguez,1953-06-28,P-02228,29898923,26.25,RENEWAL,2026-08-15
Summit Health Plans,2026-07,309,SH-868591,David Ford,1945-08-01,P-02233,29898923,19.00,RENEWAL,2026-08-15
Summit Health Plans,2026-07,311,SH-941990,Lindsay Duran,1955-09-12,P-02247,10583482,4.20,RENEWAL,2026-08-15
Summit Health Plans,2026-07,312,SH-290432,John Mccullough,1973-06-18,P-02255,7150444,22.00,NEW,2026-08-15
Summit Health Plans,2026-07,313,SH-318405,Grant Jones,1957-05-06,P-02259,10583482,26.25,RENEWAL,2026-08-15
Summit Health Plans,2026-07,314,SH-598558,Sarah Smith,1993-05-14,P-02260,37231783,16.00,RENEWAL,2026-08-15
Summit Health Plans,2026-07,315,SH-733691,Thomas Friedman,1998-06-03,P-02263,54100814,22.00,NEW,2026-08-15
Summit Health Plans,2026-07,316,SH-534010,Mary Gomez,1943-01-31,P-02266,7150444,26.25,RENEWAL,2026-08-15
Summit Health Plans,2026-07,317,SH-949252,Sharon Gomez,1938-10-14,P-02268,7150444,26.25,RENEWAL,2026-08-15
Summit Health Plans,2026-07,318,SH-745653,Robert Smith,1953-03-14,P-02270,78490893,26.25,RENEWAL,2026-08-15
Summit Health Plans,2026-07,319,SH-987948,Jennifer Neal,1949-11-08,P-02276,11576383,52.50,NEW,2026-08-15
Summit Health Plans,2026-07,320,SH-909262,Judith Klein,1944-07-10,P-02296,29898923,52.50,NEW,2026-08-15
Summit Health Plans,2026-07,321,SH-113101,Teresa Lucas,1947-10-19,P-02298,90949389,52.50,NEW,2026-08-15
Summit Health Plans,2026-07,322,SH-556872,Brett Anderson,1976-09-28,P-02309,44524491,4.20,RENEWAL,2026-08-15
Summit Health Plans,2026-07,323,SH-828272,Brenda Lang,1944-05-10,P-02314,44524491,26.25,RENEWAL,2026-08-15
Summit Health Plans,2026-07,324,SH-318058,Drew Ward,1946-07-17,P-02319,61291817,19.00,RENEWAL,2026-08-15
Summit Health Plans,2026-07,325,SH-190484,Drew Ward,1946-07-17,P-02320,61291817,4.20,RENEWAL,2026-08-15
Summit Health Plans,2026-07,326,SH-941131,Katie Jones,1959-09-09,P-02322,29898923,4.20,RENEWAL,2026-08-15
Summit Health Plans,2026-07,327,SH-511158,Cody Snyder,1945-03-23,P-02351,7150444,26.25,RENEWAL,2026-08-15
Summit Health Plans,2026-07,328,SH-304978,Stuart Howell,1950-02-27,P-02352,94702683,26.25,RENEWAL,2026-08-15
Summit Health Plans,2026-07,329,SH-202733,Cathy Riley,1943-03-30,P-02357,94702683,52.50,NEW,2026-08-15
Summit Health Plans,2026-07,330,SH-811748,Ronald Stewart,1947-06-06,P-02379,97102525,26.25,RENEWAL,2026-08-15
Summit Health Plans,2026-07,331,SH-563579,Steven Schultz,1957-04-14,P-02384,77125617,26.25,RENEWAL,2026-08-15
Summit Health Plans,2026-07,332,SH-704821,Meagan Jackson,1965-07-20,P-02387,61855700,22.00,NEW,2026-08-15
Summit Health Plans,2026-07,333,SH-801157,Danielle Duran,1937-07-01,P-02389,5265799,26.25,RENEWAL,2026-08-15
Summit Health Plans,2026-07,334,SH-915059,Nicholas Ramos,1941-01-08,P-02398,11576383,52.50,NEW,2026-08-15
Summit Health Plans,2026-07,335,SH-772414,Nicholas Scott,1948-02-13,P-02399,61291817,4.20,RENEWAL,2026-08-15
Summit Health Plans,2026-07,336,SH-333522,Kristin Johnston,1957-11-09,P-02411,44524491,26.25,RENEWAL,2026-08-15
Summit Health Plans,2026-07,337,SH-343765,Jennifer Suarez,1937-07-04,P-02415,74197857,26.25,RENEWAL,2026-08-15
Summit Health Plans,2026-07,338,SH-313893,Kenneth Sloan,1956-11-30,P-02423,6831819,52.50,NEW,2026-08-15
Summit Health Plans,2026-07,339,SH-721309,Jasmine Rodriguez,1958-07-15,P-02430,37231783,52.50,NEW,2026-08-15
Summit Health Plans,2026-07,340,SH-395227,Michael Mcmahon,1957-03-01,P-02434,4356886,4.20,RENEWAL,2026-08-15
Summit Health Plans,2026-07,341,SH-985247,David Gordon,1952-10-15,P-02461,99847493,26.25,RENEWAL,2026-08-15
Summit Health Plans,2026-07,342,SH-686810,Christopher Benton,1943-02-17,P-02468,1884412,26.25,RENEWAL,2026-08-15
Summit Health Plans,2026-07,343,SH-363703,Craig Miranda,1956-04-02,P-02496,74197857,13.12,RENEWAL,2026-08-15
Summit Health Plans,2026-07,344,SH-621886,Seth Perez,1977-05-02,P-02511,74197857,4.20,RENEWAL,2026-08-15
Summit Health Plans,2026-07,345,SH-314936,Mark Davis,1945-12-09,P-02523,32244663,38.00,NEW,2026-08-15
Summit Health Plans,2026-07,346,SH-716528,Mark Davis,1945-12-09,P-02524,32244663,8.40,NEW,2026-08-15
Summit Health Plans,2026-07,347,SH-556090,John Flores,1978-12-07,P-02526,10583482,22.00,NEW,2026-08-15
Summit Health Plans,2026-07,348,SH-837466,Timothy Fischer,1998-09-14,P-02532,37231783,22.00,NEW,2026-08-15
Summit Health Plans,2026-07,349,SH-541077,Zachary Lopez,1936-12-07,P-02538,74197857,26.25,RENEWAL,2026-08-15
Summit Health Plans,2026-07,350,SH-653069,Jordan Waters,1945-02-10,P-02544,7150444,52.50,NEW,2026-08-15
Summit Health Plans,2026-07,351,SH-198305,Kelsey Larson,1997-03-26,P-02570,61855700,16.00,RENEWAL,2026-08-15
Summit Health Plans,2026-07,352,SH-643332,Michael Smith,1941-09-10,P-02572,90949389,52.50,NEW,2026-08-15
Summit Health Plans,2026-07,353,SH-584250,Nathan Garcia,1940-04-25,P-02579,97102525,26.25,RENEWAL,2026-08-15
Summit Health Plans,2026-07,354,SH-803431,Martin Gomez,1992-04-06,P-02583,13981052,22.00,NEW,2026-08-15
Summit Health Plans,2026-07,355,SH-503006,Molly Thompson,1941-03-11,P-02595,1884412,38.00,NEW,2026-08-15
Summit Health Plans,2026-07,356,SH-990856,Molly Thompson,1941-03-11,P-02596,1884412,8.40,NEW,2026-08-15
Meridian Care,2026-07,1,MC-190898,Donald Thomas,1949-05-01,P-00002,61855700,26.25,RENEWAL,2026-08-15
Meridian Care,2026-07,2,MC-160718,Nancy Mckay,1957-09-01,P-00007,61855700,26.25,RENEWAL,2026-08-15
Meridian Care,2026-07,3,MC-437433,Samantha Nielsen,1941-10-21,P-00011,33857966,38.00,NEW,2026-08-15
Meridian Care,2026-07,4,MC-699298,Samantha Nielsen,1941-10-21,P-00012,33857966,8.40,NEW,2026-08-15
Meridian Care,2026-07,5,MC-977340,Robert Harvey,1937-09-03,P-00025,94702683,52.50,NEW,2026-08-15
Meridian Care,2026-07,6,MC-797860,Jason Ferrell,1985-07-24,P-00028,10583482,22.00,NEW,2026-08-15
Meridian Care,2026-07,7,MC-256911,Lori Bailey,1933-11-14,P-00037,61291817,26.25,RENEWAL,2026-08-15
Meridian Care,2026-07,8,MC-333049,John Snyder,1975-07-28,P-00046,90949389,16.00,RENEWAL,2026-08-15
Meridian Care,2026-07,9,MC-893612,Caitlin Contreras,1943-04-14,P-00049,94702683,52.50,NEW,2026-08-15
Meridian Care,2026-07,10,MC-613989,John Washington,1949-04-25,P-00050,61291817,19.00,RENEWAL,2026-08-15
Meridian Care,2026-07,11,MC-120053,John Washington,1949-04-25,P-00051,61291817,4.20,RENEWAL,2026-08-15
Meridian Care,2026-07,12,MC-565897,Scott Washington,1956-06-15,P-00052,61291817,19.00,RENEWAL,2026-08-15
Meridian Care,2026-07,13,MC-315477,Scott Washington,1956-06-15,P-00053,61291817,4.20,RENEWAL,2026-08-15
Meridian Care,2026-07,14,MC-410401,Anthony Graham,2000-01-14,P-00056,43339391,16.00,RENEWAL,2026-08-15
Meridian Care,2026-07,15,MC-990079,Mark Gray,1952-10-24,P-00060,32244663,19.00,RENEWAL,2026-08-15
Meridian Care,2026-07,16,MC-178501,Mark Gray,1952-10-24,P-00061,32244663,4.20,RENEWAL,2026-08-15
Meridian Care,2026-07,17,MC-349136,Jonathan Kelly,1977-08-10,P-00068,77125617,16.00,RENEWAL,2026-08-15
Meridian Care,2026-07,18,MC-286044,Joshua Kelly,1950-10-12,P-00069,77125617,4.20,RENEWAL,2026-08-15
Meridian Care,2026-07,19,MC-743512,Heather Davis,1946-12-27,P-00071,97102525,13.12,RENEWAL,2026-08-15
Meridian Care,2026-07,20,MC-680412,Alexis White,1971-05-03,P-00076,61855700,22.00,NEW,2026-08-15
Meridian Care,2026-07,21,MC-762308,Veronica Dalton,1946-02-15,P-00080,77125617,8.40,NEW,2026-08-15
Meridian Care,2026-07,22,MC-576728,Margaret Kerr,1986-01-11,P-00082,90949389,26.25,RENEWAL,2026-08-15
Meridian Care,2026-07,23,MC-534753,Christopher Mason,1991-08-23,P-00085,99847493,22.00,NEW,2026-08-15
Meridian Care,2026-07,24,MC-346269,Michael Ryan,1950-08-28,P-00101,6831819,26.25,RENEWAL,2026-08-15
Meridian Care,2026-07,25,MC-472358,Christian Jackson,1944-11-13,P-00106,10583482,26.25,RENEWAL,2026-08-15
Meridian Care,2026-07,26,MC-152042,Robert Murphy,1940-10-11,P-00113,78490893,26.25,RENEWAL,2026-08-15
Meridian Care,2026-07,27,MC-929912,Darryl Banks,1948-05-30,P-00116,5265799,52.50,NEW,2026-08-15
Meridian Care,2026-07,28,MC-181721,Christopher Holloway,1979-03-27,P-00122,74197857,16.00,RENEWAL,2026-08-15
Meridian Care,2026-07,29,MC-724145,Alfred Chapman,1992-08-23,P-00127,94702683,22.00,NEW,2026-08-15
Meridian Care,2026-07,30,MC-432918,Joseph Craig,1985-10-14,P-00139,61291817,16.00,RENEWAL,2026-08-15
Meridian Care,2026-07,31,MC-255457,William Cook,1953-08-02,P-00149,6831819,52.50,NEW,2026-08-15
Meridian Care,2026-07,32,MC-938403,Brittany Hogan,1941-04-03,P-00154,77125617,19.00,RENEWAL,2026-08-15
Meridian Care,2026-07,33,MC-450006,Brittany Hogan,1941-04-03,P-00155,77125617,4.20,RENEWAL,2026-08-15
Meridian Care,2026-07,34,MC-460234,Justin Moody,1944-10-13,P-00172,1884412,52.50,NEW,2026-08-15
Meridian Care,2026-07,35,MC-330074,Allen King,1962-09-27,P-00181,61291817,16.00,RENEWAL,2026-08-15
Meridian Care,2026-07,36,MC-389809,Kristina King,1941-08-15,P-00182,61291817,26.25,RENEWAL,2026-08-15
Meridian Care,2026-07,37,MC-555342,Sara Joseph,1953-05-03,P-00195,99847493,26.25,RENEWAL,2026-08-15
Meridian Care,2026-07,38,MC-811257,Maria Anderson,1952-11-04,P-00200,5265799,26.25,RENEWAL,2026-08-15
Meridian Care,2026-07,39,MC-540538,Shelley Reed,1958-06-27,P-00201,13981052,52.50,NEW,2026-08-15
Meridian Care,2026-07,40,MC-598940,Alexandria Castillo,1937-07-07,P-00221,5265799,19.00,RENEWAL,2026-08-15
Meridian Care,2026-07,41,MC-392438,Alexandria Castillo,1937-07-07,P-00222,5265799,4.20,RENEWAL,2026-08-15
Meridian Care,2026-07,42,MC-821411,Stephanie Cardenas,1979-04-05,P-00227,4356886,16.00,RENEWAL,2026-08-15
Meridian Care,2026-07,43,MC-378035,Joseph Nelson,1994-11-21,P-00231,13981052,22.00,NEW,2026-08-15
Meridian Care,2026-07,44,MC-349641,Christopher Velez,1959-01-26,P-00236,29898923,52.50,NEW,2026-08-15
Meridian Care,2026-07,45,MC-929443,Gina Moore,1970-04-17,P-00242,5265799,16.00,RENEWAL,2026-08-15
Meridian Care,2026-07,46,MC-428486,Randy Cummings,1939-03-26,P-00249,77125617,4.20,RENEWAL,2026-08-15
Meridian Care,2026-07,47,MC-137604,Lisa Cummings,1934-05-11,P-00250,77125617,26.25,RENEWAL,2026-08-15
Meridian Care,2026-07,48,MC-466586,Robert Johnson,1982-10-03,P-00251,29898923,16.00,RENEWAL,2026-08-15
Meridian Care,2026-07,49,MC-951266,Edward Jones,1944-05-03,P-00270,43339391,26.25,RENEWAL,2026-08-15
Meridian Care,2026-07,50,MC-398357,Stephen Jones,1959-03-25,P-00272,43339391,52.50,NEW,2026-08-15
Meridian Care,2026-07,51,MC-712686,Amanda Bowen,1942-06-25,P-00273,43339391,26.25,RENEWAL,2026-08-15
Meridian Care,2026-07,52,MC-863220,Deanna Miller,1967-07-26,P-00276,13981052,16.00,RENEWAL,2026-08-15
Meridian Care,2026-07,53,MC-552945,Alexander Shields,1986-08-17,P-00283,90949389,16.00,RENEWAL,2026-08-15
Meridian Care,2026-07,54,MC-303182,Christine Cook,1938-04-01,P-00289,61291817,26.25,RENEWAL,2026-08-15
Meridian Care,2026-07,55,MC-387347,Cynthia Navarro,1956-05-22,P-00290,43339391,26.25,RENEWAL,2026-08-15
Meridian Care,2026-07,56,MC-575436,Charles Mccormick,1940-11-15,P-00293,77125617,38.00,NEW,2026-08-15
Meridian Care,2026-07,57,MC-456113,Charles Mccormick,1940-11-15,P-00294,77125617,8.40,NEW,2026-08-15
Meridian Care,2026-07,58,MC-293194,Whitney Vaughn,1951-03-01,P-00297,1884412,26.25,RENEWAL,2026-08-15
Meridian Care,2026-07,59,MC-637700,Danielle Rose,1943-11-18,P-00304,1884412,26.25,RENEWAL,2026-08-15
Meridian Care,2026-07,60,MC-563531,Rachel Farley,1996-02-19,P-00316,61291817,16.00,RENEWAL,2026-08-15
Meridian Care,2026-07,61,MC-295454,Kevin Garcia,1958-08-07,P-00328,32244663,52.50,NEW,2026-08-15
Meridian Care,2026-07,62,MC-764563,Tiffany Rice,1938-03-10,P-00331,99847493,19.00,RENEWAL,2026-08-15
Meridian Care,2026-07,64,MC-221297,Stacy Livingston,1944-10-29,P-00333,94702683,26.25,RENEWAL,2026-08-15
Meridian Care,2026-07,65,MC-982544,Michele Brown,1938-04-29,P-00339,78490893,26.25,RENEWAL,2026-08-15
Meridian Care,2026-07,66,MC-615947,Ryan Jones,1940-01-12,P-00355,43339391,26.25,RENEWAL,2026-08-15
Meridian Care,2026-07,67,MC-619072,Nicole Lopez,1957-02-20,P-00366,61291817,38.00,NEW,2026-08-15
Meridian Care,2026-07,68,MC-887195,Nicole Lopez,1957-02-20,P-00367,61291817,8.40,NEW,2026-08-15
Meridian Care,2026-07,69,MC-215485,Jillian Ferguson,1951-08-10,P-00374,1884412,4.20,RENEWAL,2026-08-15
Meridian Care,2026-07,70,MC-194840,Ashley Warner,1981-02-15,P-00376,5265799,16.00,RENEWAL,2026-08-15
Meridian Care,2026-07,71,MC-244935,Douglas Warner,1994-03-18,P-00377,5265799,16.00,RENEWAL,2026-08-15
Meridian Care,2026-07,72,MC-309160,Mary Armstrong,1978-03-23,P-00391,44524491,26.25,RENEWAL,2026-08-15
Meridian Care,2026-07,73,MC-220219,Justin Curry,1941-08-07,P-00409,29898923,8.40,NEW,2026-08-15
Meridian Care,2026-07,74,MC-178794,Amanda Walker,2000-04-04,P-00418,29898923,22.00,NEW,2026-08-15
Meridian Care,2026-07,75,MC-814544,Valerie Cook,1952-01-22,P-00425,37231783,26.25,RENEWAL,2026-08-15
Meridian Care,2026-07,76,MC-997859,Curtis Collins,1948-12-26,P-00428,97102525,26.25,RENEWAL,2026-08-15
Meridian Care,2026-07,77,MC-258757,Matthew Watson,1941-02-16,P-00442,33857966,26.25,RENEWAL,2026-08-15
Meridian Care,2026-07,78,MC-625179,Paige Webb,1935-06-25,P-00446,97102525,26.25,RENEWAL,2026-08-15
Meridian Care,2026-07,79,MC-176453,Darlene Olson,1942-10-09,P-00448,11576383,26.25,RENEWAL,2026-08-15
Meridian Care,2026-07,80,MC-971080,David Cross,1949-02-03,P-00460,1884412,52.50,NEW,2026-08-15
Meridian Care,2026-07,81,MC-868654,Carrie Taylor,1990-12-16,P-00461,99847493,22.00,NEW,2026-08-15
Meridian Care,2026-07,82,MC-232307,Charles Lee,1934-01-14,P-00471,11576383,19.00,RENEWAL,2026-08-15
Meridian Care,2026-07,83,MC-851043,Charles Lee,1934-01-14,P-00472,11576383,4.20,RENEWAL,2026-08-15
Meridian Care,2026-07,84,MC-787106,Jacqueline Medina,1937-05-27,P-00481,10583482,26.25,RENEWAL,2026-08-15
Meridian Care,2026-07,85,MC-546380,Kaitlin Torres,1941-03-07,P-00485,13981052,19.00,RENEWAL,2026-08-15
Meridian Care,2026-07,86,MC-269966,Kaitlin Torres,1941-03-07,P-00486,13981052,4.20,RENEWAL,2026-08-15
Meridian Care,2026-07,87,MC-102800,Mary Graham,1956-08-10,P-00491,37231783,26.25,RENEWAL,2026-08-15
Meridian Care,2026-07,88,MC-965125,Michael Kennedy,1945-11-09,P-00497,99847493,26.25,RENEWAL,2026-08-15
Meridian Care,2026-07,89,MC-910978,Lacey Barnett,1948-11-07,P-00503,13981052,26.25,RENEWAL,2026-08-15
Meridian Care,2026-07,90,MC-236200,Adam Eaton,1939-10-12,P-00506,32244663,52.50,NEW,2026-08-15
Meridian Care,2026-07,91,MC-698626,Carol Thompson,1959-07-18,P-00516,29898923,26.25,RENEWAL,2026-08-15
Meridian Care,2026-07,92,MC-889056,Jessica Dunn,1956-05-20,P-00529,11576383,4.20,RENEWAL,2026-08-15
Meridian Care,2026-07,93,MC-112652,William Morgan,1938-05-05,P-00531,29898923,26.25,RENEWAL,2026-08-15
Meridian Care,2026-07,95,MC-124829,Hannah Wolfe,1937-04-03,P-00541,97102525,52.50,NEW,2026-08-15
Meridian Care,2026-07,96,MC-945220,Joe Nelson,1937-04-24,P-00544,77125617,26.25,RENEWAL,2026-08-15
Meridian Care,2026-07,97,MC-478222,Kayla Martinez,1944-10-25,P-00567,29898923,52.50,NEW,2026-08-15
Meridian Care,2026-07,98,MC-697538,Taylor Stephens,1944-10-05,P-00575,10583482,26.25,RENEWAL,2026-08-15
Meridian Care,2026-07,99,MC-563495,William Ellison,1934-06-20,P-00588,13981052,52.50,NEW,2026-08-15
Meridian Care,2026-07,100,MC-643211,Ashley Evans,1995-07-20,P-00590,4356886,16.00,RENEWAL,2026-08-15
Meridian Care,2026-07,101,MC-582273,Barbara Cross,1952-04-08,P-00592,13981052,26.25,RENEWAL,2026-08-15
Meridian Care,2026-07,102,MC-890806,Zachary Grant,1936-10-10,P-00623,44524491,52.50,NEW,2026-08-15
Meridian Care,2026-07,103,MC-157008,Debbie Ford,1960-02-16,P-00624,29898923,52.50,NEW,2026-08-15
Meridian Care,2026-07,104,MC-464314,Susan Roach,1953-09-07,P-00631,44524491,26.25,RENEWAL,2026-08-15
Meridian Care,2026-07,105,MC-409345,Maria Watson,1950-06-01,P-00650,29898923,26.25,RENEWAL,2026-08-15
Meridian Care,2026-07,106,MC-195606,Christopher Mcdaniel,1996-09-20,P-00655,99847493,22.00,NEW,2026-08-15
Meridian Care,2026-07,107,MC-707794,Steven Mcdaniel,1952-01-27,P-00656,99847493,19.00,RENEWAL,2026-08-15
Meridian Care,2026-07,108,MC-343459,Steven Mcdaniel,1952-01-27,P-00657,99847493,4.20,RENEWAL,2026-08-15
Meridian Care,2026-07,109,MC-800731,Christopher Carpenter,1946-07-17,P-00677,37231783,26.25,RENEWAL,2026-08-15
Meridian Care,2026-07,110,MC-679190,Jonathan Hill,1982-02-13,P-00683,94702683,52.50,NEW,2026-08-15
Meridian Care,2026-07,111,MC-975048,Sara Smith,1943-10-14,P-00686,54100814,26.25,RENEWAL,2026-08-15
Meridian Care,2026-07,112,MC-873704,Jean Sampson,1947-12-29,P-00692,61291817,38.00,NEW,2026-08-15
Meridian Care,2026-07,113,MC-814511,Jean Sampson,1947-12-29,P-00693,61291817,8.40,NEW,2026-08-15
Meridian Care,2026-07,114,MC-300450,Sandra Fowler,1953-11-22,P-00694,29898923,26.25,RENEWAL,2026-08-15
Meridian Care,2026-07,115,MC-138394,Benjamin Holland,1943-09-23,P-00701,7150444,26.25,RENEWAL,2026-08-15
Meridian Care,2026-07,116,MC-353993,Greg Allen,1948-05-25,P-00714,37231783,26.25,RENEWAL,2026-08-15
Meridian Care,2026-07,117,MC-573213,Joan Nguyen,1942-05-08,P-00724,33857966,4.20,RENEWAL,2026-08-15
Meridian Care,2026-07,118,MC-192672,Paul Gibson,1936-05-04,P-00726,6831819,52.50,NEW,2026-08-15
Meridian Care,2026-07,119,MC-824679,John Fitzgerald,1951-06-02,P-00728,13981052,19.00,RENEWAL,2026-08-15
Meridian Care,2026-07,120,MC-691881,John Fitzgerald,1951-06-02,P-00729,13981052,4.20,RENEWAL,2026-08-15
Meridian Care,2026-07,121,MC-503149,Joshua Adams,1967-07-23,P-00741,99847493,16.00,RENEWAL,2026-08-15
Meridian Care,2026-07,122,MC-820106,Elizabeth Schwartz,1935-09-24,P-00749,77125617,52.50,NEW,2026-08-15
Meridian Care,2026-07,123,MC-789173,Brian Howard,1941-10-31,P-00767,74197857,19.00,RENEWAL,2026-08-15
Meridian Care,2026-07,124,MC-347749,Brian Howard,1941-10-31,P-00768,74197857,4.20,RENEWAL,2026-08-15
Meridian Care,2026-07,125,MC-320254,Angelica Decker,1941-12-14,P-00775,6831819,26.25,RENEWAL,2026-08-15
Meridian Care,2026-07,126,MC-704555,Carla Preston,1968-04-06,P-00777,74197857,22.00,NEW,2026-08-15
Meridian Care,2026-07,127,MC-735266,Kathryn Preston,1938-12-02,P-00778,74197857,52.50,NEW,2026-08-15
Meridian Care,2026-07,128,MC-488904,Alexis Garcia,1954-10-16,P-00783,29898923,52.50,NEW,2026-08-15
Meridian Care,2026-07,129,MC-822142,Lisa Crawford,1943-12-24,P-00808,33857966,52.50,NEW,2026-08-15
Meridian Care,2026-07,130,MC-752036,Laura Bradford,1970-06-20,P-00835,74197857,22.00,NEW,2026-08-15
Meridian Care,2026-07,131,MC-985964,Wanda Greene,1970-04-07,P-00841,77125617,22.00,NEW,2026-08-15
Meridian Care,2026-07,132,MC-155826,William Smith,1939-10-10,P-00844,78490893,4.20,RENEWAL,2026-08-15
Meridian Care,2026-07,133,MC-701885,Ryan Page,1968-04-24,P-00845,1884412,22.00,NEW,2026-08-15
Meridian Care,2026-07,134,MC-469559,Michael Williams,1955-04-22,P-00849,94702683,26.25,RENEWAL,2026-08-15
Meridian Care,2026-07,135,MC-832569,Brittany Long,1957-02-07,P-00851,54100814,26.25,RENEWAL,2026-08-15
Meridian Care,2026-07,136,MC-614616,Cody Howard,1945-05-20,P-00857,78490893,26.25,RENEWAL,2026-08-15
Meridian Care,2026-07,137,MC-422662,William Davis,1960-08-25,P-00858,78490893,52.50,NEW,2026-08-15
Meridian Care,2026-07,139,MC-254684,Ryan West,1972-11-10,P-00876,77125617,22.00,NEW,2026-08-15
Meridian Care,2026-07,140,MC-354010,Brian Orr,1942-07-15,P-00892,13981052,19.00,RENEWAL,2026-08-15
Meridian Care,2026-07,141,MC-169907,Brian Orr,1942-07-15,P-00893,13981052,4.20,RENEWAL,2026-08-15
Meridian Care,2026-07,143,MC-535877,Monica Bailey,1934-03-07,P-00911,94702683,26.25,RENEWAL,2026-08-15
Meridian Care,2026-07,144,MC-233227,Maria Harris,1989-01-25,P-00916,61291817,16.00,RENEWAL,2026-08-15
Meridian Care,2026-07,145,MC-405500,Anthony Nguyen,1935-06-28,P-00920,94702683,26.25,RENEWAL,2026-08-15
Meridian Care,2026-07,146,MC-913630,Yolanda Rivas,1942-12-30,P-00928,99847493,13.12,RENEWAL,2026-08-15
Meridian Care,2026-07,147,MC-748915,Lindsey Castillo,1970-12-12,P-00944,11576383,22.00,NEW,2026-08-15
Meridian Care,2026-07,148,MC-576414,Shannon Hunt,1949-11-11,P-00976,74197857,52.50,NEW,2026-08-15
Meridian Care,2026-07,149,MC-751568,Angela Matthews,1960-05-17,P-00980,37231783,38.00,NEW,2026-08-15
Meridian Care,2026-07,150,MC-251202,Angela Matthews,1960-05-17,P-00981,37231783,8.40,NEW,2026-08-15
Meridian Care,2026-07,151,MC-539579,Lisa Smith,1996-06-29,P-00983,61291817,22.00,NEW,2026-08-15
Meridian Care,2026-07,153,MC-545914,Diane Miller,1934-06-03,P-00996,4356886,26.25,RENEWAL,2026-08-15
Meridian Care,2026-07,154,MC-445742,Jennifer Thompson,1942-01-11,P-00997,29898923,4.20,RENEWAL,2026-08-15
Meridian Care,2026-07,155,MC-691880,David Weaver,1946-09-23,P-01003,74197857,38.00,NEW,2026-08-15
Meridian Care,2026-07,156,MC-163787,David Weaver,1946-09-23,P-01004,74197857,8.40,NEW,2026-08-15
Meridian Care,2026-07,157,MC-653894,Keith Wong,1937-11-22,P-01014,43339391,26.25,RENEWAL,2026-08-15
Meridian Care,2026-07,158,MC-153433,Cathy Ball,1936-09-22,P-01015,29898923,52.50,NEW,2026-08-15
Meridian Care,2026-07,159,MC-444621,Barbara Turner,1945-11-02,P-01017,5265799,26.25,RENEWAL,2026-08-15
Meridian Care,2026-07,160,MC-523918,Nicole Jones,2003-07-18,P-01025,37231783,22.00,NEW,2026-08-15
Meridian Care,2026-07,161,MC-689952,Ronald Martin,1944-10-26,P-01030,78490893,26.25,RENEWAL,2026-08-15
Meridian Care,2026-07,162,MC-707951,George Sanchez,1957-06-08,P-01046,54100814,52.50,NEW,2026-08-15
Meridian Care,2026-07,163,MC-871703,Paul Lee,1942-02-07,P-01050,5265799,26.25,RENEWAL,2026-08-15
Meridian Care,2026-07,164,MC-465917,Meagan Simmons,1934-02-26,P-01059,94702683,19.00,RENEWAL,2026-08-15
Meridian Care,2026-07,165,MC-582100,Meagan Simmons,1934-02-26,P-01060,94702683,4.20,RENEWAL,2026-08-15
Meridian Care,2026-07,166,MC-307471,David Evans,1945-12-14,P-01064,7150444,19.00,RENEWAL,2026-08-15
Meridian Care,2026-07,167,MC-103368,David Evans,1945-12-14,P-01065,7150444,4.20,RENEWAL,2026-08-15
Meridian Care,2026-07,168,MC-984832,Michael Robinson,1966-01-17,P-01073,33857966,8.00,RENEWAL,2026-08-15
Meridian Care,2026-07,169,MC-980075,Erica Duffy,1943-02-27,P-01074,33857966,26.25,RENEWAL,2026-08-15
Meridian Care,2026-07,170,MC-871526,Wayne Lindsey,1955-02-28,P-01082,1884412,26.25,RENEWAL,2026-08-15
Meridian Care,2026-07,171,MC-719484,Lauren Pierce,1963-07-02,P-01097,11576383,22.00,NEW,2026-08-15
Meridian Care,2026-07,172,MC-517186,Krystal Mills,1975-12-08,P-01119,11576383,22.00,NEW,2026-08-15
Meridian Care,2026-07,173,MC-402321,Karen Taylor,1947-05-03,P-01132,4356886,52.50,NEW,2026-08-15
Meridian Care,2026-07,174,MC-897359,Matthew Wilson,1956-12-03,P-01198,78490893,26.25,RENEWAL,2026-08-15
Meridian Care,2026-07,175,MC-679390,Dustin Watson,1942-11-07,P-01204,44524491,52.50,NEW,2026-08-15
Meridian Care,2026-07,176,MC-358579,Angela Ross,1988-08-22,P-01209,29898923,16.00,RENEWAL,2026-08-15
Meridian Care,2026-07,177,MC-495150,Paul Mcdonald,1960-02-14,P-01214,77125617,52.50,NEW,2026-08-15
Meridian Care,2026-07,178,MC-526556,Susan Maldonado,1948-04-08,P-01223,43339391,52.50,NEW,2026-08-15
Meridian Care,2026-07,179,MC-151157,Jonathan Fritz,1984-05-05,P-01230,33857966,22.00,NEW,2026-08-15
Meridian Care,2026-07,180,MC-104632,Steven Porter,1952-09-29,P-01236,33857966,26.25,RENEWAL,2026-08-15
Meridian Care,2026-07,181,MC-526476,Brittany Williams,1954-08-25,P-01240,32244663,52.50,NEW,2026-08-15
Meridian Care,2026-07,182,MC-521003,Daisy Reynolds,1958-11-15,P-01256,77125617,26.25,RENEWAL,2026-08-15
Meridian Care,2026-07,183,MC-499315,Debra Johnson,1946-10-19,P-01259,44524491,19.00,RENEWAL,2026-08-15
Meridian Care,2026-07,184,MC-308275,Debra Johnson,1946-10-19,P-01260,44524491,4.20,RENEWAL,2026-08-15
Meridian Care,2026-07,185,MC-364054,Stephen Rios,1953-07-15,P-01262,90949389,52.50,NEW,2026-08-15
Meridian Care,2026-07,186,MC-460874,Andrew Miller,1980-11-19,P-01271,33857966,52.50,NEW,2026-08-15
Meridian Care,2026-07,187,MC-664531,Michelle Swanson,1950-04-01,P-01296,54100814,26.25,RENEWAL,2026-08-15
Meridian Care,2026-07,188,MC-746450,Megan Castillo,1938-08-29,P-01302,37231783,26.25,RENEWAL,2026-08-15
Meridian Care,2026-07,189,MC-892272,Logan Meyer,1951-01-26,P-01314,44524491,26.25,RENEWAL,2026-08-15
Meridian Care,2026-07,190,MC-151141,Denise Melendez,1936-08-22,P-01317,61291817,26.25,RENEWAL,2026-08-15
Meridian Care,2026-07,191,MC-965942,Terry Dawson,1984-07-23,P-01321,11576383,16.00,RENEWAL,2026-08-15
Meridian Care,2026-07,192,MC-550717,Renee Dodson,1937-01-15,P-01323,33857966,19.00,RENEWAL,2026-08-15
Meridian Care,2026-07,193,MC-372869,Renee Dodson,1937-01-15,P-01324,33857966,4.20,RENEWAL,2026-08-15
Meridian Care,2026-07,194,MC-486777,Christina Andrews,1943-11-07,P-01326,74197857,19.00,RENEWAL,2026-08-15
Meridian Care,2026-07,195,MC-389644,Christina Andrews,1943-11-07,P-01327,74197857,4.20,RENEWAL,2026-08-15
Meridian Care,2026-07,196,MC-958914,Charles Powers,1957-03-23,P-01332,77125617,26.25,RENEWAL,2026-08-15
Meridian Care,2026-07,197,MC-362205,Carlos Smith,1935-06-29,P-01338,94702683,52.50,NEW,2026-08-15
Meridian Care,2026-07,198,MC-792929,Leah Smith,1958-03-06,P-01348,74197857,52.50,NEW,2026-08-15
Meridian Care,2026-07,199,MC-834024,Justin Williams,1937-05-11,P-01350,90949389,52.50,NEW,2026-08-15
Meridian Care,2026-07,200,MC-280933,Julia Smith,1947-06-02,P-01352,74197857,8.40,NEW,2026-08-15
Meridian Care,2026-07,201,MC-357485,Wendy Wilson,1940-08-02,P-01363,5265799,26.25,RENEWAL,2026-08-15
Meridian Care,2026-07,202,MC-610454,Amanda Benson,1944-04-24,P-01366,33857966,26.25,RENEWAL,2026-08-15
Meridian Care,2026-07,203,MC-186621,Curtis Baker,1935-08-28,P-01370,97102525,26.25,RENEWAL,2026-08-15
Meridian Care,2026-07,204,MC-669862,Angela Jennings,1957-08-06,P-01373,43339391,26.25,RENEWAL,2026-08-15
Meridian Care,2026-07,205,MC-144085,Timothy Burke,1944-09-28,P-01397,44524491,4.20,RENEWAL,2026-08-15
Meridian Care,2026-07,206,MC-888678,Teresa Richard,1934-07-23,P-01409,1884412,26.25,RENEWAL,2026-08-15
Meridian Care,2026-07,207,MC-940042,Steven Graham,1950-02-28,P-01410,97102525,19.00,RENEWAL,2026-08-15
Meridian Care,2026-07,208,MC-974579,Steven Graham,1950-02-28,P-01411,97102525,4.20,RENEWAL,2026-08-15
Meridian Care,2026-07,209,MC-533389,Jessica Waters,1935-10-24,P-01431,5265799,8.40,NEW,2026-08-15
Meridian Care,2026-07,210,MC-802059,Christopher Kennedy,1949-12-31,P-01438,1884412,26.25,RENEWAL,2026-08-15
Meridian Care,2026-07,211,MC-381850,Raymond Carter,1946-01-05,P-01442,99847493,19.00,RENEWAL,2026-08-15
Meridian Care,2026-07,212,MC-128648,Raymond Carter,1946-01-05,P-01443,99847493,4.20,RENEWAL,2026-08-15
Meridian Care,2026-07,213,MC-886552,Brenda Compton,1942-11-07,P-01452,29898923,26.25,RENEWAL,2026-08-15
Meridian Care,2026-07,214,MC-609605,Joshua Walker,1977-09-24,P-01453,78490893,22.00,NEW,2026-08-15
Meridian Care,2026-07,215,MC-555653,John Clark,1954-09-21,P-01459,37231783,26.25,RENEWAL,2026-08-15
Meridian Care,2026-07,216,MC-391974,Teresa Harrison,1955-12-20,P-01473,61291817,52.50,NEW,2026-08-15
Meridian Care,2026-07,217,MC-966980,Angela Payne,1955-03-10,P-01477,44524491,26.25,RENEWAL,2026-08-15
Meridian Care,2026-07,218,MC-410420,Mikayla Gould,1941-08-15,P-01494,13981052,4.20,RENEWAL,2026-08-15
Meridian Care,2026-07,219,MC-243548,Jenny Gentry,1949-12-08,P-01495,7150444,52.50,NEW,2026-08-15
Meridian Care,2026-07,220,MC-978825,Regina Torres,1960-04-10,P-01504,29898923,26.25,RENEWAL,2026-08-15
Meridian Care,2026-07,221,MC-779599,Diana Anderson,1957-03-28,P-01506,61855700,26.25,RENEWAL,2026-08-15
Meridian Care,2026-07,222,MC-544901,Wyatt Rios,1954-06-30,P-01512,32244663,52.50,NEW,2026-08-15
Meridian Care,2026-07,223,MC-670981,Taylor Stanton,2001-08-09,P-01520,5265799,22.00,NEW,2026-08-15
Meridian Care,2026-07,224,MC-773699,Reginald Stone,1936-03-15,P-01544,33857966,52.50,NEW,2026-08-15
Meridian Care,2026-07,225,MC-343011,Carolyn Wright,1991-08-15,P-01553,6831819,52.50,NEW,2026-08-15
Meridian Care,2026-07,226,MC-352890,Allison Stuart,1952-03-20,P-01562,54100814,8.40,NEW,2026-08-15
Meridian Care,2026-07,227,MC-568732,Patricia Greene,1953-12-13,P-01565,10583482,38.00,NEW,2026-08-15
Meridian Care,2026-07,228,MC-653364,Patricia Greene,1953-12-13,P-01566,10583482,8.40,NEW,2026-08-15
Meridian Care,2026-07,229,MC-284551,Felicia Rodriguez,1953-07-09,P-01567,54100814,26.25,RENEWAL,2026-08-15
Meridian Care,2026-07,230,MC-756342,Ronald Raymond,1937-02-15,P-01572,4356886,26.25,RENEWAL,2026-08-15
Meridian Care,2026-07,231,MC-417143,Ryan Raymond,1953-02-18,P-01573,4356886,19.00,RENEWAL,2026-08-15
Meridian Care,2026-07,232,MC-613243,Ryan Raymond,1953-02-18,P-01574,4356886,4.20,RENEWAL,2026-08-15
Meridian Care,2026-07,233,MC-768882,Michael Cruz,2004-07-28,P-01577,43339391,16.00,RENEWAL,2026-08-15
Meridian Care,2026-07,234,MC-769488,Elizabeth Ramos,1979-10-10,P-01588,43339391,16.00,RENEWAL,2026-08-15
Meridian Care,2026-07,235,MC-185442,Norman Valenzuela,1959-03-18,P-01591,44524491,52.50,NEW,2026-08-15
Meridian Care,2026-07,236,MC-881755,Brian Hawkins,1957-03-17,P-01596,7150444,26.25,RENEWAL,2026-08-15
Meridian Care,2026-07,237,MC-181971,Greg Walsh,1944-09-14,P-01599,4356886,26.25,RENEWAL,2026-08-15
Meridian Care,2026-07,238,MC-258471,John Hernandez,1952-06-08,P-01605,97102525,52.50,NEW,2026-08-15
Meridian Care,2026-07,239,MC-626645,Christopher Rivera,2000-06-12,P-01606,99847493,22.00,NEW,2026-08-15
Meridian Care,2026-07,240,MC-240156,Wendy Baker,1995-06-10,P-01620,13981052,52.50,NEW,2026-08-15
Meridian Care,2026-07,241,MC-779240,Jacob Gill,1952-04-13,P-01632,43339391,26.25,RENEWAL,2026-08-15
Meridian Care,2026-07,242,MC-375062,April Thomas,1940-04-30,P-01644,29898923,26.25,RENEWAL,2026-08-15
Meridian Care,2026-07,243,MC-658152,Sara Crawford,1989-12-27,P-01663,94702683,16.00,RENEWAL,2026-08-15
Meridian Care,2026-07,244,MC-391602,Amy Vasquez,1946-02-22,P-01664,61291817,4.20,RENEWAL,2026-08-15
Meridian Care,2026-07,245,MC-235116,Linda Williams,1950-09-06,P-01674,7150444,26.25,RENEWAL,2026-08-15
Meridian Care,2026-07,247,MC-414407,Richard Henderson,1935-01-08,P-01702,61291817,38.00,NEW,2026-08-15
Meridian Care,2026-07,248,MC-465751,Richard Henderson,1935-01-08,P-01703,61291817,8.40,NEW,2026-08-15
Meridian Care,2026-07,249,MC-427335,Brandy Glenn,1944-01-13,P-01714,1884412,26.25,RENEWAL,2026-08-15
Meridian Care,2026-07,250,MC-910835,Brian Smith,1956-12-23,P-01721,54100814,26.25,RENEWAL,2026-08-15
Meridian Care,2026-07,251,MC-990233,Brooke Baxter,1996-10-30,P-01735,37231783,22.00,NEW,2026-08-15
Meridian Care,2026-07,252,MC-388264,Jeremy Baxter,1946-03-26,P-01736,37231783,26.25,RENEWAL,2026-08-15
Meridian Care,2026-07,253,MC-770131,Tiffany Brown,1946-09-07,P-01744,29898923,4.20,RENEWAL,2026-08-15
Meridian Care,2026-07,254,MC-244779,Megan Davis,1948-12-01,P-01746,29898923,26.25,RENEWAL,2026-08-15
Meridian Care,2026-07,255,MC-388580,Nancy Kim,1939-07-24,P-01748,32244663,38.00,NEW,2026-08-15
Meridian Care,2026-07,256,MC-559893,Nancy Kim,1939-07-24,P-01749,32244663,8.40,NEW,2026-08-15
Meridian Care,2026-07,257,MC-631705,Alicia Tran,1989-04-12,P-01757,11576383,16.00,RENEWAL,2026-08-15
Meridian Care,2026-07,258,MC-902614,Danielle Sanchez,1946-07-03,P-01769,32244663,8.40,NEW,2026-08-15
Meridian Care,2026-07,259,MC-107409,Earl Rodriguez,1989-06-15,P-01782,33857966,9.50,RENEWAL,2026-08-15
Meridian Care,2026-07,260,MC-203526,Earl Rodriguez,1989-06-15,P-01783,33857966,4.20,RENEWAL,2026-08-15
Meridian Care,2026-07,261,MC-608817,Penny Clarke,1956-11-28,P-01792,74197857,26.25,RENEWAL,2026-08-15
Meridian Care,2026-07,262,MC-296998,Madison Clarke,1947-01-28,P-01793,74197857,19.00,RENEWAL,2026-08-15
Meridian Care,2026-07,263,MC-234853,Madison Clarke,1947-01-28,P-01794,74197857,4.20,RENEWAL,2026-08-15
Meridian Care,2026-07,264,MC-237863,Catherine Davis,1948-07-06,P-01795,11576383,26.25,RENEWAL,2026-08-15
Meridian Care,2026-07,265,MC-188369,Tammy Ford,1933-12-16,P-01800,37231783,26.25,RENEWAL,2026-08-15
Meridian Care,2026-07,267,MC-584248,John Hernandez,1948-05-18,P-01803,7150444,4.20,RENEWAL,2026-08-15
Meridian Care,2026-07,268,MC-791253,Melissa Snow,1954-07-31,P-01810,99847493,52.50,NEW,2026-08-15
Meridian Care,2026-07,269,MC-698594,Joshua Lang,2004-01-04,P-01812,7150444,16.00,RENEWAL,2026-08-15
Meridian Care,2026-07,270,MC-812965,Ruben Smith,1956-04-17,P-01813,97102525,52.50,NEW,2026-08-15
Meridian Care,2026-07,271,MC-439748,Frank Harris,1943-12-25,P-01816,54100814,52.50,NEW,2026-08-15
Meridian Care,2026-07,273,MC-776752,Connor Harris,1952-10-25,P-01818,54100814,4.20,RENEWAL,2026-08-15
Meridian Care,2026-07,274,MC-848050,Christine Swanson,1937-10-13,P-01823,77125617,26.25,RENEWAL,2026-08-15
Meridian Care,2026-07,275,MC-164649,Jennifer Villa,1943-03-15,P-01847,74197857,26.25,RENEWAL,2026-08-15
Meridian Care,2026-07,276,MC-374966,Michelle Hall,1937-01-23,P-01854,6831819,52.50,NEW,2026-08-15
Meridian Care,2026-07,277,MC-796910,Joshua Martin,1958-08-03,P-01876,61291817,26.25,RENEWAL,2026-08-15
Meridian Care,2026-07,278,MC-301845,Brian Holland,1934-11-27,P-01877,77125617,26.25,RENEWAL,2026-08-15
Meridian Care,2026-07,279,MC-277469,Amy Moore,1943-08-31,P-01879,33857966,26.25,RENEWAL,2026-08-15
Meridian Care,2026-07,280,MC-656849,Joshua Davis,1936-03-27,P-01883,43339391,26.25,RENEWAL,2026-08-15
Meridian Care,2026-07,281,MC-730365,Ricardo Lopez,1949-12-11,P-01889,37231783,26.25,RENEWAL,2026-08-15
Meridian Care,2026-07,282,MC-289121,Katherine Smith,1965-12-24,P-01891,54100814,26.25,RENEWAL,2026-08-15
Meridian Care,2026-07,283,MC-312099,Teresa Rivera,1957-08-05,P-01896,44524491,26.25,RENEWAL,2026-08-15
Meridian Care,2026-07,284,MC-880371,Jacqueline Kennedy,1946-09-06,P-01904,7150444,52.50,NEW,2026-08-15
Meridian Care,2026-07,285,MC-498180,Katherine Willis,1937-03-03,P-01909,74197857,26.25,RENEWAL,2026-08-15
Meridian Care,2026-07,286,MC-939125,Meredith Dominguez,1951-04-21,P-01910,13981052,26.25,RENEWAL,2026-08-15
Meridian Care,2026-07,287,MC-550168,Veronica Russell,1948-08-14,P-01924,74197857,26.25,RENEWAL,2026-08-15
Meridian Care,2026-07,288,MC-836358,Maria Russell,1946-06-18,P-01931,7150444,26.25,RENEWAL,2026-08-15
Meridian Care,2026-07,289,MC-242075,Melissa Smith,1954-04-18,P-01935,1884412,26.25,RENEWAL,2026-08-15
Meridian Care,2026-07,290,MC-556578,Kelly Salazar,1990-04-21,P-01938,6831819,26.25,RENEWAL,2026-08-15
Meridian Care,2026-07,291,MC-685493,Christian Gregory,1950-07-17,P-01944,61291817,26.25,RENEWAL,2026-08-15
Meridian Care,2026-07,292,MC-913463,Jamie Young,1934-12-03,P-01948,77125617,26.25,RENEWAL,2026-08-15
Meridian Care,2026-07,293,MC-123802,Jesse Delacruz,1980-04-03,P-01950,11576383,22.00,NEW,2026-08-15
Meridian Care,2026-07,294,MC-574224,Melody Vasquez,1937-05-29,P-01964,5265799,19.00,RENEWAL,2026-08-15
Meridian Care,2026-07,295,MC-925644,Melody Vasquez,1937-05-29,P-01965,5265799,4.20,RENEWAL,2026-08-15
Meridian Care,2026-07,296,MC-597600,Mitchell Harrington,1943-10-31,P-01975,32244663,52.50,NEW,2026-08-15
Meridian Care,2026-07,297,MC-216511,Stephen Johnson,1953-08-10,P-01985,37231783,38.00,NEW,2026-08-15
Meridian Care,2026-07,298,MC-214160,Stephen Johnson,1953-08-10,P-01986,37231783,8.40,NEW,2026-08-15
Meridian Care,2026-07,299,MC-531924,Hannah Thomas,1940-04-18,P-01998,33857966,26.25,RENEWAL,2026-08-15
Meridian Care,2026-07,300,MC-824233,Deanna Johns,1976-10-23,P-02001,90949389,52.50,NEW,2026-08-15
Meridian Care,2026-07,301,MC-144136,Brenda Sandoval,1943-10-24,P-02009,54100814,19.00,RENEWAL,2026-08-15
Meridian Care,2026-07,302,MC-135564,Brenda Sandoval,1943-10-24,P-02010,54100814,4.20,RENEWAL,2026-08-15
Meridian Care,2026-07,303,MC-328101,Danielle Sandoval,1945-09-20,P-02011,54100814,26.25,RENEWAL,2026-08-15
Meridian Care,2026-07,304,MC-273766,Stephanie Lane,1933-10-03,P-02013,44524491,52.50,NEW,2026-08-15
Meridian Care,2026-07,305,MC-112178,Rodney Burns,1954-08-09,P-02040,94702683,26.25,RENEWAL,2026-08-15
Meridian Care,2026-07,306,MC-208557,Mary Weeks,1937-09-29,P-02047,6831819,19.00,RENEWAL,2026-08-15
Meridian Care,2026-07,307,MC-998719,Mary Weeks,1937-09-29,P-02048,6831819,4.20,RENEWAL,2026-08-15
Meridian Care,2026-07,308,MC-151151,Brittany Gonzalez,1948-10-31,P-02056,61855700,19.00,RENEWAL,2026-08-15
Meridian Care,2026-07,309,MC-186619,Brittany Gonzalez,1948-10-31,P-02057,61855700,4.20,RENEWAL,2026-08-15
Meridian Care,2026-07,310,MC-250967,Sean Miller,1989-08-15,P-02062,5265799,16.00,RENEWAL,2026-08-15
Meridian Care,2026-07,311,MC-437653,Linda Yates,1944-01-10,P-02072,4356886,19.00,RENEWAL,2026-08-15
Meridian Care,2026-07,312,MC-720294,Linda Yates,1944-01-10,P-02073,4356886,4.20,RENEWAL,2026-08-15
Meridian Care,2026-07,313,MC-927082,Scott Hernandez,1949-02-25,P-02074,97102525,26.25,RENEWAL,2026-08-15
Meridian Care,2026-07,314,MC-134885,Angela Scott,1990-09-13,P-02079,44524491,16.00,RENEWAL,2026-08-15
Meridian Care,2026-07,315,MC-823358,Deborah Wright,1935-04-19,P-02094,44524491,8.40,NEW,2026-08-15
Meridian Care,2026-07,316,MC-871102,Denise Wheeler,1936-09-26,P-02095,97102525,26.25,RENEWAL,2026-08-15
Meridian Care,2026-07,317,MC-798360,Ronnie Richmond,1950-04-04,P-02103,54100814,52.50,NEW,2026-08-15
Meridian Care,2026-07,318,MC-408872,Renee Davis,1978-02-17,P-02105,33857966,22.00,NEW,2026-08-15
Meridian Care,2026-07,319,MC-428087,Angela Dillon,1943-08-22,P-02115,43339391,26.25,RENEWAL,2026-08-15
Meridian Care,2026-07,320,MC-969010,Michaela Smith,1955-07-03,P-02117,61855700,26.25,RENEWAL,2026-08-15
Meridian Care,2026-07,321,MC-130677,Michelle Smith,1951-10-15,P-02118,61855700,19.00,RENEWAL,2026-08-15
Meridian Care,2026-07,322,MC-936341,Michelle Smith,1951-10-15,P-02119,61855700,4.20,RENEWAL,2026-08-15
Meridian Care,2026-07,323,MC-765953,Michelle Jackson,1983-09-25,P-02128,32244663,22.00,NEW,2026-08-15
Meridian Care,2026-07,324,MC-913949,Amber Glover,1960-03-22,P-02137,1884412,52.50,NEW,2026-08-15
Meridian Care,2026-07,325,MC-745809,Sabrina Le,1939-05-01,P-02146,32244663,19.00,RENEWAL,2026-08-15
Meridian Care,2026-07,326,MC-911090,Sabrina Le,1939-05-01,P-02147,32244663,4.20,RENEWAL,2026-08-15
Meridian Care,2026-07,327,MC-532306,Megan Martinez,1946-10-23,P-02148,5265799,26.25,RENEWAL,2026-08-15
Meridian Care,2026-07,328,MC-623317,Megan Bishop,1997-04-10,P-02152,44524491,16.00,RENEWAL,2026-08-15
Meridian Care,2026-07,329,MC-750490,Robert Miranda,2002-05-03,P-02158,90949389,22.00,NEW,2026-08-15
Meridian Care,2026-07,330,MC-319436,Julie Graham,1959-02-04,P-02161,11576383,52.50,NEW,2026-08-15
Meridian Care,2026-07,331,MC-722555,Michael Knox,1958-04-06,P-02170,97102525,26.25,RENEWAL,2026-08-15
Meridian Care,2026-07,332,MC-499013,Diane Cline,1938-12-28,P-02197,99847493,26.25,RENEWAL,2026-08-15
Meridian Care,2026-07,333,MC-456378,David Robinson,2002-02-14,P-02202,43339391,22.00,NEW,2026-08-15
Meridian Care,2026-07,334,MC-782980,James King,1958-03-20,P-02203,99847493,4.20,RENEWAL,2026-08-15
Meridian Care,2026-07,335,MC-316855,Paul Bradford,1948-09-13,P-02212,74197857,8.40,NEW,2026-08-15
Meridian Care,2026-07,336,MC-720423,Daisy Horn,1958-09-13,P-02213,4356886,19.00,RENEWAL,2026-08-15
Meridian Care,2026-07,337,MC-407669,Daisy Horn,1958-09-13,P-02214,4356886,4.20,RENEWAL,2026-08-15
Meridian Care,2026-07,338,MC-808333,Christopher Collins,1945-03-31,P-02216,61855700,26.25,RENEWAL,2026-08-15
Meridian Care,2026-07,339,MC-267233,Anne Kim,1936-12-07,P-02221,10583482,26.25,RENEWAL,2026-08-15
Meridian Care,2026-07,340,MC-682044,Martin Wolfe,1939-03-08,P-02225,29898923,52.50,NEW,2026-08-15
Meridian Care,2026-07,341,MC-178900,Tyler Williams,1959-04-03,P-02232,1884412,52.50,NEW,2026-08-15
Meridian Care,2026-07,342,MC-691370,Mark Johnson,1945-09-26,P-02237,13981052,52.50,NEW,2026-08-15
Meridian Care,2026-07,343,MC-777640,Scott Bowman,1956-09-30,P-02243,97102525,52.50,NEW,2026-08-15
Meridian Care,2026-07,344,MC-429825,Penny Mccullough,1948-03-24,P-02256,7150444,26.25,RENEWAL,2026-08-15
Meridian Care,2026-07,345,MC-495487,Brian Morales,1949-05-20,P-02258,94702683,26.25,RENEWAL,2026-08-15
Meridian Care,2026-07,346,MC-739675,Michael Willis,1947-02-18,P-02269,94702683,26.25,RENEWAL,2026-08-15
Meridian Care,2026-07,347,MC-237510,Melissa Archer,1941-08-17,P-02277,94702683,19.00,RENEWAL,2026-08-15
Meridian Care,2026-07,348,MC-213927,Melissa Archer,1941-08-17,P-02278,94702683,4.20,RENEWAL,2026-08-15
Meridian Care,2026-07,349,MC-731622,Robert Murphy,1948-10-05,P-02281,97102525,26.25,RENEWAL,2026-08-15
Meridian Care,2026-07,350,MC-231413,Sarah Reynolds,1980-01-25,P-02287,99847493,16.00,RENEWAL,2026-08-15
Meridian Care,2026-07,351,MC-331951,Michelle Harris,1944-10-11,P-02288,74197857,26.25,RENEWAL,2026-08-15
Meridian Care,2026-07,352,MC-758958,Emily Moore,1949-03-15,P-02292,61855700,38.00,NEW,2026-08-15
Meridian Care,2026-07,353,MC-905528,Emily Moore,1949-03-15,P-02293,61855700,8.40,NEW,2026-08-15
Meridian Care,2026-07,354,MC-950648,Angie Martin,1945-04-27,P-02300,4356886,26.25,RENEWAL,2026-08-15
Meridian Care,2026-07,355,MC-911929,Victoria Morales,1956-04-12,P-02303,1884412,38.00,NEW,2026-08-15
Meridian Care,2026-07,356,MC-516919,Victoria Morales,1956-04-12,P-02304,1884412,8.40,NEW,2026-08-15
Meridian Care,2026-07,357,MC-747991,Miguel Johnson,2001-10-15,P-02325,10583482,16.00,RENEWAL,2026-08-15
Meridian Care,2026-07,358,MC-806629,Laura Smith,1971-10-27,P-02333,61291817,16.00,RENEWAL,2026-08-15
Meridian Care,2026-07,359,MC-544029,Gregory Smith,1952-08-21,P-02335,61291817,26.25,RENEWAL,2026-08-15
Meridian Care,2026-07,360,MC-950297,Donna Robinson,1959-01-21,P-02336,6831819,52.50,NEW,2026-08-15
Meridian Care,2026-07,361,MC-122682,Patricia Watkins,1985-10-11,P-02355,94702683,26.25,RENEWAL,2026-08-15
Meridian Care,2026-07,362,MC-472335,Kimberly Smith,1958-12-21,P-02358,10583482,38.00,NEW,2026-08-15
Meridian Care,2026-07,363,MC-175190,Kimberly Smith,1958-12-21,P-02359,10583482,8.40,NEW,2026-08-15
Meridian Care,2026-07,364,MC-433028,Michael Smith,1994-05-01,P-02373,29898923,16.00,RENEWAL,2026-08-15
Meridian Care,2026-07,365,MC-238657,Brian West,1942-09-22,P-02388,11576383,26.25,RENEWAL,2026-08-15
Meridian Care,2026-07,366,MC-777331,Michael Duran,1953-11-25,P-02390,5265799,26.25,RENEWAL,2026-08-15
Meridian Care,2026-07,367,MC-384603,Wesley Clark,1996-01-10,P-02406,97102525,16.00,RENEWAL,2026-08-15
Meridian Care,2026-07,368,MC-758334,Karen Clark,1941-11-18,P-02407,97102525,26.25,RENEWAL,2026-08-15
Meridian Care,2026-07,369,MC-763440,William Vaughn,1943-06-23,P-02416,77125617,26.25,RENEWAL,2026-08-15
Meridian Care,2026-07,370,MC-867787,Dennis Clark,1987-12-24,P-02426,10583482,16.00,RENEWAL,2026-08-15
Meridian Care,2026-07,372,MC-929179,Tyler Andrews,1944-04-14,P-02429,97102525,8.40,NEW,2026-08-15
Meridian Care,2026-07,373,MC-650196,William Mcmahon,1955-01-16,P-02435,4356886,19.00,RENEWAL,2026-08-15
Meridian Care,2026-07,374,MC-516549,William Mcmahon,1955-01-16,P-02436,4356886,4.20,RENEWAL,2026-08-15
Meridian Care,2026-07,375,MC-452129,Amy Christensen,1958-06-11,P-02441,1884412,52.50,NEW,2026-08-15
Meridian Care,2026-07,376,MC-326520,Joseph Pruitt,1952-09-05,P-02451,44524491,26.25,RENEWAL,2026-08-15
Meridian Care,2026-07,377,MC-883012,Victoria Gilmore,1937-04-13,P-02456,7150444,52.50,NEW,2026-08-15
Meridian Care,2026-07,378,MC-725847,Michelle Bender,1984-08-04,P-02467,61855700,22.00,NEW,2026-08-15
Meridian Care,2026-07,379,MC-151864,Cody Benton,1937-05-10,P-02470,1884412,52.50,NEW,2026-08-15
Meridian Care,2026-07,380,MC-343872,Natasha Davis,1998-12-03,P-02482,1884412,22.00,NEW,2026-08-15
Meridian Care,2026-07,381,MC-182027,Philip Smith,1957-06-09,P-02486,54100814,4.20,RENEWAL,2026-08-15
Meridian Care,2026-07,382,MC-413737,Karen Bridges,1941-04-12,P-02494,32244663,26.25,RENEWAL,2026-08-15
Meridian Care,2026-07,383,MC-604976,Michelle Mason,1938-06-16,P-02499,33857966,26.25,RENEWAL,2026-08-15
Meridian Care,2026-07,384,MC-857674,Justin Perkins,1950-12-20,P-02507,33857966,52.50,NEW,2026-08-15
Meridian Care,2026-07,385,MC-702061,Tiffany Perkins,1965-11-22,P-02508,33857966,16.00,RENEWAL,2026-08-15
Meridian Care,2026-07,386,MC-496396,Andrew Green,1939-11-09,P-02515,32244663,52.50,NEW,2026-08-15
Meridian Care,2026-07,387,MC-624521,Madeline Kline,1944-11-13,P-02516,6831819,19.00,RENEWAL,2026-08-15
Meridian Care,2026-07,388,MC-554303,Madeline Kline,1944-11-13,P-02517,6831819,4.20,RENEWAL,2026-08-15
Meridian Care,2026-07,389,MC-666872,Matthew Hunter,1936-02-04,P-02529,4356886,52.50,NEW,2026-08-15
Meridian Care,2026-07,390,MC-627668,Taylor Mejia,1937-10-06,P-02530,77125617,26.25,RENEWAL,2026-08-15
Meridian Care,2026-07,391,MC-298914,Brian Jenkins,1941-10-05,P-02545,29898923,52.50,NEW,2026-08-15
Meridian Care,2026-07,392,MC-172451,Katherine Stephenson,1948-11-30,P-02559,6831819,52.50,NEW,2026-08-15
Meridian Care,2026-07,393,MC-466415,Raymond Johnson,1956-10-06,P-02563,4356886,52.50,NEW,2026-08-15
Meridian Care,2026-07,394,MC-195832,Amy Wagner,1937-12-17,P-02567,74197857,52.50,NEW,2026-08-15
Meridian Care,2026-07,395,MC-974334,Anne Johnson,1958-01-26,P-02575,33857966,26.25,RENEWAL,2026-08-15
Meridian Care,2026-07,396,MC-419940,Ashley Johnson,1943-12-09,P-02580,94702683,4.20,RENEWAL,2026-08-15
Meridian Care,2026-07,397,MC-916573,Scott Foster,1941-06-13,P-02599,5265799,26.25,RENEWAL,2026-08-15
Northwind Health,2026-08,1,NW-642899,Candace Becker,1978-04-23,P-00004,1884412,22.00,NEW,2026-09-15
Northwind Health,2026-08,2,NW-325465,Selena Lewis,1955-12-07,P-00016,90949389,4.20,RENEWAL,2026-09-15
Northwind Health,2026-08,3,NW-452909,Charles Ferrell,1960-01-06,P-00026,10583482,52.50,NEW,2026-09-15
Northwind Health,2026-08,4,NW-193035,Dennis Mcmillan,1937-12-12,P-00029,97102525,52.50,NEW,2026-09-15
Northwind Health,2026-08,5,NW-626491,Lisa Cherry,1957-10-24,P-00035,29898923,19.00,RENEWAL,2026-09-15
Northwind Health,2026-08,6,NW-281276,Lisa Cherry,1957-10-24,P-00036,29898923,4.20,RENEWAL,2026-09-15
Northwind Health,2026-08,7,NW-650311,Jason Gray,1953-08-05,P-00059,32244663,26.25,RENEWAL,2026-09-15
Northwind Health,2026-08,8,NW-749137,John Howell,1948-06-03,P-00062,6831819,26.25,RENEWAL,2026-09-15
Northwind Health,2026-08,9,NW-253541,Mariah Adams,1938-08-03,P-00067,37231783,26.25,RENEWAL,2026-09-15
Northwind Health,2026-08,10,NW-633036,Teresa Wolfe,1954-03-04,P-00092,94702683,26.25,RENEWAL,2026-09-15
Northwind Health,2026-08,11,NW-649435,Michael Moore,1936-12-05,P-00109,43339391,26.25,RENEWAL,2026-09-15
Northwind Health,2026-08,12,NW-787603,Joshua Crosby,1958-09-09,P-00121,1884412,26.25,RENEWAL,2026-09-15
Northwind Health,2026-08,13,NW-818651,William Phillips,1986-07-07,P-00131,11576383,16.00,RENEWAL,2026-09-15
Northwind Health,2026-08,14,NW-477717,Elizabeth Gomez,1955-10-12,P-00134,61291817,26.25,RENEWAL,2026-09-15
Northwind Health,2026-08,15,NW-512509,Karen Gomez,1972-06-05,P-00135,61291817,52.50,NEW,2026-09-15
Northwind Health,2026-08,16,NW-531228,Ebony Craig,1998-06-29,P-00140,61291817,22.00,NEW,2026-09-15
Northwind Health,2026-08,17,NW-312686,Carol Williams,1945-07-25,P-00143,32244663,26.25,RENEWAL,2026-09-15
Northwind Health,2026-08,18,NW-537211,Daniel Cook,1964-04-06,P-00151,6831819,22.00,NEW,2026-09-15
Northwind Health,2026-08,19,NW-650131,Stephanie Jones,1955-02-10,P-00152,97102525,4.20,RENEWAL,2026-09-15
Northwind Health,2026-08,20,NW-138328,Crystal Shelton,1935-09-12,P-00159,37231783,52.50,NEW,2026-09-15
Northwind Health,2026-08,21,NW-334665,Jeremy Tucker,1948-07-02,P-00162,1884412,26.25,RENEWAL,2026-09-15
Northwind Health,2026-08,22,NW-583646,Marie Martin,1984-04-18,P-00163,37231783,16.00,RENEWAL,2026-09-15
Northwind Health,2026-08,23,NW-346668,Christopher Guerra,2002-03-26,P-00168,74197857,16.00,RENEWAL,2026-09-15
Northwind Health,2026-08,24,NW-901351,Bobby Bell,1957-02-10,P-00189,77125617,26.25,RENEWAL,2026-09-15
Northwind Health,2026-08,25,NW-898100,Austin Harrington,1952-01-08,P-00191,77125617,26.25,RENEWAL,2026-09-15
Northwind Health,2026-08,26,NW-332934,Timothy Roberts,1937-02-17,P-00206,29898923,26.25,RENEWAL,2026-09-15
Northwind Health,2026-08,27,NW-769836,Theresa Gross,1947-02-17,P-00208,61291817,26.25,RENEWAL,2026-09-15
Northwind Health,2026-08,28,NW-414750,Sonia Williams,1956-06-21,P-00209,7150444,38.00,NEW,2026-09-15
Northwind Health,2026-08,29,NW-537420,Sonia Williams,1956-06-21,P-00210,7150444,8.40,NEW,2026-09-15
Northwind Health,2026-08,30,NW-790537,Amanda Clayton,1945-08-03,P-00220,1884412,26.25,RENEWAL,2026-09-15
Northwind Health,2026-08,31,NW-465823,Kenneth Ramirez,1938-12-29,P-00226,77125617,26.25,RENEWAL,2026-09-15
Northwind Health,2026-08,32,NW-824423,Anna Nelson,1945-10-30,P-00228,13981052,19.00,RENEWAL,2026-09-15
Northwind Health,2026-08,33,NW-950874,Anna Nelson,1945-10-30,P-00229,13981052,4.20,RENEWAL,2026-09-15
Northwind Health,2026-08,34,NW-729557,Laurie Durham,2000-02-08,P-00244,4356886,16.00,RENEWAL,2026-09-15
Northwind Health,2026-08,35,NW-161606,Franklin Harris,1953-03-26,P-00247,1884412,19.00,RENEWAL,2026-09-15
Northwind Health,2026-08,36,NW-735829,Franklin Harris,1953-03-26,P-00248,1884412,2.10,RENEWAL,2026-09-15
Northwind Health,2026-08,37,NW-719014,Kayla Johnson,1934-07-07,P-00252,29898923,26.25,RENEWAL,2026-09-15
Northwind Health,2026-08,38,NW-789666,Lisa Brown,1935-05-19,P-00257,37231783,26.25,RENEWAL,2026-09-15
Northwind Health,2026-08,39,NW-128117,Ronald Garrett,1962-03-13,P-00258,54100814,8.00,RENEWAL,2026-09-15
Northwind Health,2026-08,40,NW-874668,Steven Thomas,1971-06-26,P-00260,61855700,22.00,NEW,2026-09-15
Northwind Health,2026-08,41,NW-609990,Deborah Owens,1973-09-15,P-00266,4356886,16.00,RENEWAL,2026-09-15
Northwind Health,2026-08,42,NW-861800,Jeffery Jones,1958-09-13,P-00271,43339391,26.25,RENEWAL,2026-09-15
Northwind Health,2026-08,43,NW-454233,Megan Miller,1951-01-26,P-00275,13981052,26.25,RENEWAL,2026-09-15
Northwind Health,2026-08,44,NW-495727,Jessica Johnson,1950-05-26,P-00292,74197857,52.50,NEW,2026-09-15
Northwind Health,2026-08,45,NW-882193,Lisa Glover,1936-09-09,P-00314,32244663,26.25,RENEWAL,2026-09-15
Northwind Health,2026-08,46,NW-239388,Stephen Simon,1982-08-29,P-00319,6831819,26.25,RENEWAL,2026-09-15
Northwind Health,2026-08,47,NW-495323,Peter Herrera,1958-08-08,P-00334,43339391,52.50,NEW,2026-09-15
Northwind Health,2026-08,48,NW-835165,Morgan Brady,1952-01-22,P-00338,77125617,26.25,RENEWAL,2026-09-15
Northwind Health,2026-08,49,NW-169163,Kelly Bryant,1941-10-30,P-00346,94702683,19.00,RENEWAL,2026-09-15
Northwind Health,2026-08,50,NW-915866,Kelly Bryant,1941-10-30,P-00347,94702683,4.20,RENEWAL,2026-09-15
Northwind Health,2026-08,51,NW-927061,Mary Reed,1957-07-30,P-00348,1884412,52.50,NEW,2026-09-15
Northwind Health,2026-08,53,NW-268099,Daniel Rodriguez,1937-05-26,P-00357,74197857,26.25,RENEWAL,2026-09-15
Northwind Health,2026-08,54,NW-342669,Gina Morales,1955-06-27,P-00360,43339391,26.25,RENEWAL,2026-09-15
Northwind Health,2026-08,55,NW-394184,Sharon Morales,1975-08-31,P-00361,43339391,16.00,RENEWAL,2026-09-15
Northwind Health,2026-08,56,NW-769952,Bruce Perez,1956-04-19,P-00395,78490893,8.40,NEW,2026-09-15
Northwind Health,2026-08,57,NW-532993,Robert Mills,1940-12-27,P-00399,74197857,19.00,RENEWAL,2026-09-15
Northwind Health,2026-08,58,NW-920192,Robert Mills,1940-12-27,P-00400,74197857,4.20,RENEWAL,2026-09-15
Northwind Health,2026-08,59,NW-841947,Penny Mccall,1944-07-12,P-00402,33857966,26.25,RENEWAL,2026-09-15
Northwind Health,2026-08,60,NW-851622,Charlene Walker,1963-03-25,P-00410,6831819,16.00,RENEWAL,2026-09-15
Northwind Health,2026-08,61,NW-730645,Eileen Hunt,1944-06-12,P-00411,61291817,26.25,RENEWAL,2026-09-15
Northwind Health,2026-08,62,NW-955792,John Lopez,1997-08-09,P-00415,11576383,16.00,RENEWAL,2026-09-15
Northwind Health,2026-08,63,NW-694822,Tammy Powell,1947-04-13,P-00426,97102525,19.00,RENEWAL,2026-09-15
Northwind Health,2026-08,64,NW-650784,Tammy Powell,1947-04-13,P-00427,97102525,4.20,RENEWAL,2026-09-15
Northwind Health,2026-08,65,NW-229431,Cindy Wise,1935-04-07,P-00430,90949389,26.25,RENEWAL,2026-09-15
Northwind Health,2026-08,66,NW-981516,Megan Barber,1944-10-19,P-00444,44524491,26.25,RENEWAL,2026-09-15
Northwind Health,2026-08,67,NW-162621,Emily Clark,1958-06-19,P-00453,90949389,52.50,NEW,2026-09-15
Northwind Health,2026-08,68,NW-497753,Stephanie Clark,1981-01-21,P-00454,90949389,16.00,RENEWAL,2026-09-15
Northwind Health,2026-08,69,NW-561697,Jason Phelps,1994-04-01,P-00458,29898923,26.25,RENEWAL,2026-09-15
Northwind Health,2026-08,70,NW-506967,Justin Martin,1942-01-21,P-00465,13981052,26.25,RENEWAL,2026-09-15
Northwind Health,2026-08,71,NW-650705,Shane Lee,1968-05-11,P-00468,11576383,16.00,RENEWAL,2026-09-15
Northwind Health,2026-08,72,NW-631691,Adam Singleton,1963-08-03,P-00473,32244663,22.00,NEW,2026-09-15
Northwind Health,2026-08,73,NW-849290,Daniel Reilly,1957-05-19,P-00483,13981052,26.25,RENEWAL,2026-09-15
Northwind Health,2026-08,74,NW-294677,Donald Todd,1944-03-06,P-00498,1884412,26.25,RENEWAL,2026-09-15
Northwind Health,2026-08,75,NW-286814,Evan Clark,1954-02-02,P-00508,4356886,26.25,RENEWAL,2026-09-15
Northwind Health,2026-08,76,NW-298049,Tamara Martin,1953-03-09,P-00523,43339391,26.25,RENEWAL,2026-09-15
Northwind Health,2026-08,77,NW-203641,Kaitlyn Ross,1954-06-09,P-00533,61855700,19.00,RENEWAL,2026-09-15
Northwind Health,2026-08,78,NW-936677,Kaitlyn Ross,1954-06-09,P-00534,61855700,4.20,RENEWAL,2026-09-15
Northwind Health,2026-08,79,NW-744259,Mary Baker,1954-01-30,P-00536,32244663,26.25,RENEWAL,2026-09-15
Northwind Health,2026-08,80,NW-262107,Tracey Melton,1957-02-17,P-00538,4356886,26.25,RENEWAL,2026-09-15
Northwind Health,2026-08,81,NW-987409,Ryan Nelson,1959-01-12,P-00545,77125617,26.25,RENEWAL,2026-09-15
Northwind Health,2026-08,82,NW-188553,Sheila Norman,1934-11-26,P-00552,54100814,26.25,RENEWAL,2026-09-15
Northwind Health,2026-08,83,NW-115664,George Rose,1953-01-09,P-00555,61291817,26.25,RENEWAL,2026-09-15
Northwind Health,2026-08,84,NW-274853,Maria Espinoza,1936-05-03,P-00561,61291817,26.25,RENEWAL,2026-09-15
Northwind Health,2026-08,85,NW-460762,Sharon Ali,1935-02-18,P-00568,43339391,13.12,RENEWAL,2026-09-15
Northwind Health,2026-08,86,NW-655506,Michael Harvey,2004-11-23,P-00576,7150444,22.00,NEW,2026-09-15
Northwind Health,2026-08,87,NW-776111,Ashley Evans,1976-03-26,P-00591,4356886,26.25,RENEWAL,2026-09-15
Northwind Health,2026-08,88,NW-428512,Matthew Hernandez,1944-09-19,P-00598,10583482,52.50,NEW,2026-09-15
Northwind Health,2026-08,89,NW-882304,Diana Brown,1965-02-08,P-00606,54100814,16.00,RENEWAL,2026-09-15
Northwind Health,2026-08,90,NW-970978,Heather Warren,1940-01-31,P-00637,13981052,52.50,NEW,2026-09-15
Northwind Health,2026-08,91,NW-245967,Ann Gutierrez,1961-12-07,P-00641,6831819,22.00,NEW,2026-09-15
Northwind Health,2026-08,92,NW-688971,Edward Jones,1941-06-08,P-00647,78490893,19.00,RENEWAL,2026-09-15
Northwind Health,2026-08,93,NW-512370,Edward Jones,1941-06-08,P-00648,78490893,4.20,RENEWAL,2026-09-15
Northwind Health,2026-08,94,NW-680322,Hannah Soto,1957-11-18,P-00661,7150444,26.25,RENEWAL,2026-09-15
Northwind Health,2026-08,95,NW-549359,Theresa Barrett,1947-12-05,P-00674,6831819,26.25,RENEWAL,2026-09-15
Northwind Health,2026-08,96,NW-671793,Gary Barber,1936-05-16,P-00685,77125617,4.20,RENEWAL,2026-09-15
Northwind Health,2026-08,97,NW-291489,Sean Garcia,1958-01-03,P-00689,43339391,52.50,NEW,2026-09-15
Northwind Health,2026-08,98,NW-583287,James Brown,1952-05-21,P-00707,10583482,26.25,RENEWAL,2026-09-15
Northwind Health,2026-08,99,NW-779002,Matthew Brown,1950-09-16,P-00708,10583482,19.00,RENEWAL,2026-09-15
Northwind Health,2026-08,100,NW-470500,Matthew Brown,1950-09-16,P-00709,10583482,4.20,RENEWAL,2026-09-15
Northwind Health,2026-08,101,NW-486265,Edward Rodriguez,1955-05-04,P-00717,78490893,19.00,RENEWAL,2026-09-15
Northwind Health,2026-08,102,NW-447656,Edward Rodriguez,1955-05-04,P-00718,78490893,4.20,RENEWAL,2026-09-15
Northwind Health,2026-08,103,NW-508253,Kristen Thompson,1943-09-07,P-00721,74197857,52.50,NEW,2026-09-15
Northwind Health,2026-08,104,NW-671052,Megan Roberts,1936-02-26,P-00747,10583482,38.00,NEW,2026-09-15
Northwind Health,2026-08,105,NW-575606,Megan Roberts,1936-02-26,P-00748,10583482,8.40,NEW,2026-09-15
Northwind Health,2026-08,106,NW-521164,Mark Cantrell,1944-05-05,P-00751,99847493,52.50,NEW,2026-09-15
Northwind Health,2026-08,107,NW-591543,Heather Burton,1948-12-18,P-00766,1884412,26.25,RENEWAL,2026-09-15
Northwind Health,2026-08,108,NW-656843,Belinda Garcia,1948-11-21,P-00782,29898923,4.20,RENEWAL,2026-09-15
Northwind Health,2026-08,109,NW-162283,Helen Wells,1989-01-29,P-00784,33857966,16.00,RENEWAL,2026-09-15
Northwind Health,2026-08,110,NW-163755,Daniel Martinez,1957-02-13,P-00785,90949389,26.25,RENEWAL,2026-09-15
Northwind Health,2026-08,111,NW-933726,Traci Perez,1948-02-21,P-00789,10583482,26.25,RENEWAL,2026-09-15
Northwind Health,2026-08,112,NW-217395,Dennis Fuller,1958-08-28,P-00794,61291817,52.50,NEW,2026-09-15
Northwind Health,2026-08,113,NW-873267,Cory Fuller,1936-12-30,P-00795,61291817,26.25,RENEWAL,2026-09-15
Northwind Health,2026-08,114,NW-773528,James Saunders,1944-07-16,P-00798,33857966,26.25,RENEWAL,2026-09-15
Northwind Health,2026-08,115,NW-182424,Elizabeth Crawford,1942-05-21,P-00809,33857966,19.00,RENEWAL,2026-09-15
Northwind Health,2026-08,116,NW-317203,Elizabeth Crawford,1942-05-21,P-00810,33857966,4.20,RENEWAL,2026-09-15
Northwind Health,2026-08,117,NW-722977,Brandon Mitchell,1999-01-11,P-00812,6831819,22.00,NEW,2026-09-15
Northwind Health,2026-08,118,NW-997135,Dana Adams,1979-04-12,P-00817,78490893,22.00,NEW,2026-09-15
Northwind Health,2026-08,119,NW-502355,Joshua Mccormick,1960-09-23,P-00830,97102525,52.50,NEW,2026-09-15
Northwind Health,2026-08,120,NW-897136,Gina Bradford,1937-03-16,P-00834,74197857,52.50,NEW,2026-09-15
Northwind Health,2026-08,121,NW-759495,Whitney Lewis,2004-12-01,P-00850,11576383,16.00,RENEWAL,2026-09-15
Northwind Health,2026-08,122,NW-669126,Christopher Glenn,1948-05-07,P-00854,77125617,26.25,RENEWAL,2026-09-15
Northwind Health,2026-08,123,NW-511652,Teresa Davis,1937-09-15,P-00859,78490893,26.25,RENEWAL,2026-09-15
Northwind Health,2026-08,124,NW-610944,Thomas Jackson,1956-07-07,P-00867,29898923,19.00,RENEWAL,2026-09-15
Northwind Health,2026-08,125,NW-885704,Thomas Jackson,1956-07-07,P-00868,29898923,4.20,RENEWAL,2026-09-15
Northwind Health,2026-08,126,NW-515102,Heather Cabrera,1951-10-09,P-00870,54100814,52.50,NEW,2026-09-15
Northwind Health,2026-08,128,NW-783707,Tonya Chavez,1934-10-28,P-00899,97102525,52.50,NEW,2026-09-15
Northwind Health,2026-08,129,NW-424205,Michael Carson,1942-08-27,P-00901,90949389,52.50,NEW,2026-09-15
Northwind Health,2026-08,130,NW-139463,Corey Carson,1948-05-02,P-00902,90949389,26.25,RENEWAL,2026-09-15
Northwind Health,2026-08,131,NW-897214,Megan Kidd,1947-07-05,P-00925,78490893,26.25,RENEWAL,2026-09-15
Northwind Health,2026-08,132,NW-744871,Aaron Lucas,1954-11-30,P-00930,44524491,26.25,RENEWAL,2026-09-15
Northwind Health,2026-08,133,NW-302785,Michael Carey,1956-11-02,P-00931,1884412,52.50,NEW,2026-09-15
Northwind Health,2026-08,134,NW-449193,Krista Morgan,1999-06-05,P-00951,94702683,16.00,RENEWAL,2026-09-15
Northwind Health,2026-08,135,NW-878365,Daniel Murphy,1975-06-27,P-00958,99847493,16.00,RENEWAL,2026-09-15
Northwind Health,2026-08,136,NW-585239,Justin Gonzalez,1935-10-24,P-00961,97102525,52.50,NEW,2026-09-15
Northwind Health,2026-08,137,NW-897493,Jeffery Gonzalez,1940-08-25,P-00962,97102525,52.50,NEW,2026-09-15
Northwind Health,2026-08,138,NW-925506,Carol Brooks,1976-09-25,P-00967,74197857,22.00,NEW,2026-09-15
Northwind Health,2026-08,139,NW-786134,Bryce Fry,1942-12-07,P-00985,78490893,26.25,RENEWAL,2026-09-15
Northwind Health,2026-08,140,NW-224896,William King,1954-06-12,P-00995,54100814,4.20,RENEWAL,2026-09-15
Northwind Health,2026-08,141,NW-412280,Marie Watkins,1944-03-18,P-01016,37231783,26.25,RENEWAL,2026-09-15
Northwind Health,2026-08,142,NW-749826,Tracy Allen,1936-09-15,P-01061,32244663,26.25,RENEWAL,2026-09-15
Northwind Health,2026-08,143,NW-857819,Michael Davis,1957-03-03,P-01078,77125617,52.50,NEW,2026-09-15
Northwind Health,2026-08,144,NW-168776,Ashley Davis,1958-04-16,P-01079,77125617,26.25,RENEWAL,2026-09-15
Northwind Health,2026-08,145,NW-790887,Randall Perez,1947-02-24,P-01093,94702683,19.00,RENEWAL,2026-09-15
Northwind Health,2026-08,146,NW-528909,Randall Perez,1947-02-24,P-01094,94702683,4.20,RENEWAL,2026-09-15
Northwind Health,2026-08,147,NW-241825,Jason Rice,1957-11-04,P-01109,10583482,38.00,NEW,2026-09-15
Northwind Health,2026-08,148,NW-904669,Jason Rice,1957-11-04,P-01110,10583482,8.40,NEW,2026-09-15
Northwind Health,2026-08,149,NW-477362,Amanda Simpson,1954-12-22,P-01121,54100814,26.25,RENEWAL,2026-09-15
Northwind Health,2026-08,150,NW-840363,Frank Holland,1946-05-18,P-01130,7150444,19.00,RENEWAL,2026-09-15
Northwind Health,2026-08,151,NW-953402,Frank Holland,1946-05-18,P-01131,7150444,4.20,RENEWAL,2026-09-15
Northwind Health,2026-08,152,NW-438324,Rhonda Thomas,1943-05-31,P-01136,37231783,19.00,RENEWAL,2026-09-15
Northwind Health,2026-08,153,NW-817628,Rhonda Thomas,1943-05-31,P-01137,37231783,4.20,RENEWAL,2026-09-15
Northwind Health,2026-08,154,NW-594052,Dana Guzman,1933-12-25,P-01144,33857966,52.50,NEW,2026-09-15
Northwind Health,2026-08,155,NW-160899,Michael Mccall,1940-02-17,P-01152,7150444,26.25,RENEWAL,2026-09-15
Northwind Health,2026-08,156,NW-917192,Mariah Smith,1934-12-29,P-01154,4356886,26.25,RENEWAL,2026-09-15
Northwind Health,2026-08,157,NW-781890,Justin Smith,1943-05-28,P-01163,61855700,8.40,NEW,2026-09-15
Northwind Health,2026-08,158,NW-391383,Denise Chandler,1951-06-20,P-01167,33857966,52.50,NEW,2026-09-15
Northwind Health,2026-08,159,NW-439084,Stephanie Kirk,1957-12-15,P-01171,99847493,26.25,RENEWAL,2026-09-15
Northwind Health,2026-08,160,NW-619618,Morgan Nash,1942-06-22,P-01173,97102525,52.50,NEW,2026-09-15
Northwind Health,2026-08,161,NW-530927,Sara Camacho,1958-09-12,P-01196,1884412,26.25,RENEWAL,2026-09-15
Northwind Health,2026-08,162,NW-649653,Tony Mckay,1957-05-28,P-01202,29898923,26.25,RENEWAL,2026-09-15
Northwind Health,2026-08,163,NW-476630,Latasha Watts,1955-11-27,P-01211,6831819,26.25,RENEWAL,2026-09-15
Northwind Health,2026-08,164,NW-382371,Philip Sullivan,1950-08-06,P-01224,6831819,52.50,NEW,2026-09-15
Northwind Health,2026-08,165,NW-313502,Clinton Gross,1960-06-28,P-01225,74197857,52.50,NEW,2026-09-15
Northwind Health,2026-08,166,NW-542913,Mark Bailey,1934-02-13,P-01232,5265799,52.50,NEW,2026-09-15
Northwind Health,2026-08,167,NW-548535,Gina Porter,1949-06-01,P-01234,33857966,26.25,RENEWAL,2026-09-15
Northwind Health,2026-08,168,NW-510122,Erika Fitzpatrick,1947-02-27,P-01245,77125617,26.25,RENEWAL,2026-09-15
Northwind Health,2026-08,169,NW-869074,Karina Cunningham,1982-10-21,P-01250,1884412,26.25,RENEWAL,2026-09-15
Northwind Health,2026-08,170,NW-582229,David Lin,1938-08-12,P-01251,44524491,4.20,RENEWAL,2026-09-15
Northwind Health,2026-08,171,NW-327217,Kimberly Woods,1949-07-27,P-01281,32244663,8.40,NEW,2026-09-15
Northwind Health,2026-08,172,NW-560524,Nancy Woods,1988-12-06,P-01282,32244663,26.25,RENEWAL,2026-09-15
Northwind Health,2026-08,173,NW-570424,Judy Hall,1937-08-14,P-01290,5265799,26.25,RENEWAL,2026-09-15
Northwind Health,2026-08,174,NW-546712,Patrick Ramirez,1943-01-15,P-01291,54100814,52.50,NEW,2026-09-15
Northwind Health,2026-08,175,NW-764379,Jeremy Tran,1951-07-04,P-01305,37231783,26.25,RENEWAL,2026-09-15
Northwind Health,2026-08,176,NW-896360,Stephanie Farmer,1992-03-27,P-01312,54100814,16.00,RENEWAL,2026-09-15
Northwind Health,2026-08,177,NW-521310,Samuel Gray,1935-10-27,P-01325,4356886,26.25,RENEWAL,2026-09-15
Northwind Health,2026-08,178,NW-577319,William Arnold,1959-04-03,P-01329,43339391,52.50,NEW,2026-09-15
Northwind Health,2026-08,179,NW-762440,Roger Wright,1949-11-20,P-01341,1884412,52.50,NEW,2026-09-15
Northwind Health,2026-08,180,NW-791013,Joseph Gaines,1947-07-25,P-01344,61291817,19.00,RENEWAL,2026-09-15
Northwind Health,2026-08,181,NW-244758,Joseph Gaines,1947-07-25,P-01345,61291817,4.20,RENEWAL,2026-09-15
Northwind Health,2026-08,182,NW-884060,Barbara Garcia,1944-03-11,P-01354,1884412,26.25,RENEWAL,2026-09-15
Northwind Health,2026-08,183,NW-830823,Ann Miller,1947-05-21,P-01356,32244663,52.50,NEW,2026-09-15
Northwind Health,2026-08,184,NW-187361,Arthur Lawson,1944-03-16,P-01376,90949389,19.00,RENEWAL,2026-09-15
Northwind Health,2026-08,185,NW-738819,Arthur Lawson,1944-03-16,P-01377,90949389,4.20,RENEWAL,2026-09-15
Northwind Health,2026-08,186,NW-454494,Joseph Hernandez,1979-03-30,P-01382,90949389,16.00,RENEWAL,2026-09-15
Northwind Health,2026-08,187,NW-145287,Brian Anderson,1937-12-05,P-01388,99847493,52.50,NEW,2026-09-15
Northwind Health,2026-08,188,NW-601095,Shawn Cruz,1942-09-07,P-01408,78490893,26.25,RENEWAL,2026-09-15
Northwind Health,2026-08,189,NW-837328,Bill Graham,1938-01-28,P-01412,97102525,26.25,RENEWAL,2026-09-15
Northwind Health,2026-08,190,NW-120650,Joshua Jordan,1991-04-13,P-01415,61291817,22.00,NEW,2026-09-15
Northwind Health,2026-08,191,NW-958630,Teresa Jordan,1948-05-27,P-01417,61291817,52.50,NEW,2026-09-15
Northwind Health,2026-08,192,NW-547351,Daniel Molina,1944-02-14,P-01444,61291817,26.25,RENEWAL,2026-09-15
Northwind Health,2026-08,193,NW-947379,Keith Hernandez,1980-11-10,P-01447,90949389,22.00,NEW,2026-09-15
Northwind Health,2026-08,194,NW-701604,Jeffrey Hernandez,1967-02-04,P-01448,90949389,26.25,RENEWAL,2026-09-15
Northwind Health,2026-08,195,NW-828205,Jeremy Villarreal,1960-09-03,P-01450,99847493,52.50,NEW,2026-09-15
Northwind Health,2026-08,196,NW-805257,Hannah Stevenson,1988-10-25,P-01455,6831819,26.25,RENEWAL,2026-09-15
Northwind Health,2026-08,197,NW-331511,Amanda Baker,1971-02-21,P-01462,43339391,16.00,RENEWAL,2026-09-15
Northwind Health,2026-08,198,NW-686390,Adrian Scott,1940-06-24,P-01498,7150444,26.25,RENEWAL,2026-09-15
Northwind Health,2026-08,199,NW-666644,Stacy Perez,1937-11-25,P-01522,78490893,26.25,RENEWAL,2026-09-15
Northwind Health,2026-08,200,NW-458804,Danielle Conway,1977-09-20,P-01527,94702683,16.00,RENEWAL,2026-09-15
Northwind Health,2026-08,201,NW-676427,Kristin Reed,1937-05-12,P-01531,97102525,26.25,RENEWAL,2026-09-15
Northwind Health,2026-08,202,NW-173508,Stephanie Garcia,1950-12-19,P-01541,77125617,26.25,RENEWAL,2026-09-15
Northwind Health,2026-08,203,NW-385664,Jeremiah Sanchez,1944-07-16,P-01543,61291817,52.50,NEW,2026-09-15
Northwind Health,2026-08,204,NW-829646,John Andersen,1934-09-27,P-01547,61291817,26.25,RENEWAL,2026-09-15
Northwind Health,2026-08,205,NW-208463,Jessica Hudson,1948-06-05,P-01550,90949389,26.25,RENEWAL,2026-09-15
Northwind Health,2026-08,206,NW-920714,Brenda Baird,1950-10-02,P-01551,54100814,26.25,RENEWAL,2026-09-15
Northwind Health,2026-08,207,NW-430050,Michelle Baird,1952-03-21,P-01552,54100814,52.50,NEW,2026-09-15
Northwind Health,2026-08,209,NW-102127,Matthew Duke,1945-10-29,P-01561,32244663,26.25,RENEWAL,2026-09-15
Northwind Health,2026-08,210,NW-705442,Brittany Rodriguez,1945-05-08,P-01568,54100814,4.20,RENEWAL,2026-09-15
Northwind Health,2026-08,211,NW-862340,Kayla Ramos,1958-01-08,P-01587,43339391,52.50,NEW,2026-09-15
Northwind Health,2026-08,212,NW-199275,Brian Valenzuela,1951-06-13,P-01590,44524491,26.25,RENEWAL,2026-09-15
Northwind Health,2026-08,213,NW-704490,Douglas Hawkins,1976-11-23,P-01592,7150444,19.00,RENEWAL,2026-09-15
Northwind Health,2026-08,214,NW-143357,Douglas Hawkins,1976-11-23,P-01593,7150444,4.20,RENEWAL,2026-09-15
Northwind Health,2026-08,215,NW-651956,Frank Moore,1987-06-28,P-01609,44524491,16.00,RENEWAL,2026-09-15
Northwind Health,2026-08,216,NW-980444,Jasmin Erickson,1936-12-24,P-01631,5265799,26.25,RENEWAL,2026-09-15
Northwind Health,2026-08,217,NW-518514,Kevin Myers,1947-09-15,P-01641,61291817,26.25,RENEWAL,2026-09-15
Northwind Health,2026-08,218,NW-127007,Rachel Schultz,1953-09-21,P-01647,44524491,4.20,RENEWAL,2026-09-15
Northwind Health,2026-08,219,NW-244790,Lawrence Zamora,1944-04-01,P-01649,94702683,26.25,RENEWAL,2026-09-15
Northwind Health,2026-08,220,NW-863290,Nicole Zamora,1942-04-03,P-01650,94702683,26.25,RENEWAL,2026-09-15
Northwind Health,2026-08,221,NW-457479,Sandra Lopez,1948-12-05,P-01654,11576383,52.50,NEW,2026-09-15
Northwind Health,2026-08,222,NW-842562,Marie Thomas,1959-03-27,P-01661,90949389,19.00,RENEWAL,2026-09-15
Northwind Health,2026-08,223,NW-698384,Marie Thomas,1959-03-27,P-01662,90949389,4.20,RENEWAL,2026-09-15
Northwind Health,2026-08,224,NW-327778,Brian Grant,1941-06-24,P-01666,54100814,52.50,NEW,2026-09-15
Northwind Health,2026-08,225,NW-944317,Megan Grant,1950-05-27,P-01667,54100814,38.00,NEW,2026-09-15
Northwind Health,2026-08,226,NW-800104,Megan Grant,1950-05-27,P-01668,54100814,8.40,NEW,2026-09-15
Northwind Health,2026-08,227,NW-472382,Mark Cook,1979-06-09,P-01672,44524491,16.00,RENEWAL,2026-09-15
Northwind Health,2026-08,228,NW-122756,Jorge Cook,1955-09-10,P-01673,44524491,26.25,RENEWAL,2026-09-15
Northwind Health,2026-08,229,NW-884677,Colton Ali,1950-04-11,P-01678,90949389,19.00,RENEWAL,2026-09-15
Northwind Health,2026-08,230,NW-143693,Colton Ali,1950-04-11,P-01679,90949389,4.20,RENEWAL,2026-09-15
Northwind Health,2026-08,231,NW-997784,Paige Conrad,1945-04-15,P-01683,13981052,26.25,RENEWAL,2026-09-15
Northwind Health,2026-08,232,NW-785433,Thomas Bryant,1934-08-29,P-01690,7150444,19.00,RENEWAL,2026-09-15
Northwind Health,2026-08,233,NW-242537,Thomas Bryant,1934-08-29,P-01691,7150444,4.20,RENEWAL,2026-09-15
Northwind Health,2026-08,234,NW-910453,Tonya Watson,1938-10-13,P-01692,77125617,26.25,RENEWAL,2026-09-15
Northwind Health,2026-08,235,NW-741344,Veronica Gilmore,1951-01-19,P-01696,10583482,4.20,RENEWAL,2026-09-15
Northwind Health,2026-08,236,NW-920958,Matthew Mckinney,1945-08-05,P-01697,99847493,26.25,RENEWAL,2026-09-15
Northwind Health,2026-08,237,NW-706171,Gabriela Davis,1963-09-06,P-01708,6831819,22.00,NEW,2026-09-15
Northwind Health,2026-08,238,NW-416639,Mary Rodriguez,1940-08-03,P-01713,43339391,26.25,RENEWAL,2026-09-15
Northwind Health,2026-08,239,NW-493170,Kristin Smith,1948-12-09,P-01722,54100814,52.50,NEW,2026-09-15
Northwind Health,2026-08,240,NW-742078,Jacob Valencia,1942-04-01,P-01725,54100814,4.20,RENEWAL,2026-09-15
Northwind Health,2026-08,241,NW-642948,Anthony Reynolds,1944-09-22,P-01730,33857966,26.25,RENEWAL,2026-09-15
Northwind Health,2026-08,243,NW-125185,Kara Gibbs,1954-07-08,P-01767,6831819,4.20,RENEWAL,2026-09-15
Northwind Health,2026-08,244,NW-592435,Katherine Richards,1977-03-24,P-01774,61291817,22.00,NEW,2026-09-15
Northwind Health,2026-08,245,NW-922587,Cynthia Simon,1986-07-01,P-01777,32244663,16.00,RENEWAL,2026-09-15
Northwind Health,2026-08,246,NW-611915,Emily Martin,1946-02-18,P-01779,1884412,26.25,RENEWAL,2026-09-15
Northwind Health,2026-08,247,NW-694197,Christopher Garcia,2003-05-29,P-01788,1884412,22.00,NEW,2026-09-15
Northwind Health,2026-08,248,NW-893035,Erin Harris,1940-06-13,P-01806,99847493,4.20,RENEWAL,2026-09-15
Northwind Health,2026-08,249,NW-412750,Mark Smith,1988-11-09,P-01815,97102525,22.00,NEW,2026-09-15
Northwind Health,2026-08,250,NW-518227,Mary Morgan,1955-01-26,P-01821,61855700,26.25,RENEWAL,2026-09-15
Northwind Health,2026-08,251,NW-220868,Rhonda Swanson,1936-08-22,P-01822,77125617,26.25,RENEWAL,2026-09-15
Northwind Health,2026-08,252,NW-330939,Elizabeth Lopez,1954-04-19,P-01842,13981052,52.50,NEW,2026-09-15
Northwind Health,2026-08,253,NW-872151,Kaitlin Bass,1941-07-06,P-01844,61855700,52.50,NEW,2026-09-15
Northwind Health,2026-08,254,NW-163842,Jacob Castillo,1945-04-17,P-01851,7150444,26.25,RENEWAL,2026-09-15
Northwind Health,2026-08,255,NW-162443,Alexander Johnson,1950-06-10,P-01855,6831819,26.25,RENEWAL,2026-09-15
Northwind Health,2026-08,256,NW-656502,Gloria Beard,1946-12-15,P-01865,1884412,26.25,RENEWAL,2026-09-15
Northwind Health,2026-08,257,NW-872703,Melissa Patterson,1957-12-13,P-01874,77125617,26.25,RENEWAL,2026-09-15
Northwind Health,2026-08,258,NW-972397,Rose Zamora,1955-12-05,P-01887,11576383,4.20,RENEWAL,2026-09-15
Northwind Health,2026-08,259,NW-311825,Natasha Smith,1955-04-24,P-01890,54100814,26.25,RENEWAL,2026-09-15
Northwind Health,2026-08,261,NW-284235,Catherine Stephens,1955-06-13,P-01900,44524491,26.25,RENEWAL,2026-09-15
Northwind Health,2026-08,262,NW-129349,Jennifer Bond,1937-08-14,P-01901,1884412,26.25,RENEWAL,2026-09-15
Northwind Health,2026-08,263,NW-447383,Cassandra Jones,1957-03-17,P-01907,43339391,38.00,NEW,2026-09-15
Northwind Health,2026-08,264,NW-702865,Cassandra Jones,1957-03-17,P-01908,43339391,8.40,NEW,2026-09-15
Northwind Health,2026-08,265,NW-127578,Melanie Washington,1988-07-14,P-01915,61855700,22.00,NEW,2026-09-15
Northwind Health,2026-08,266,NW-209862,Matthew Deleon,1941-11-03,P-01916,7150444,26.25,RENEWAL,2026-09-15
Northwind Health,2026-08,267,NW-581915,James King,1967-10-11,P-01932,43339391,22.00,NEW,2026-09-15
Northwind Health,2026-08,268,NW-702463,Ryan Smith,1977-09-14,P-01936,1884412,16.00,RENEWAL,2026-09-15
Northwind Health,2026-08,269,NW-137872,Douglas Ramos,1943-03-18,P-01941,6831819,4.20,RENEWAL,2026-09-15
Northwind Health,2026-08,270,NW-349910,Cindy Young,1998-11-07,P-01959,13981052,16.00,RENEWAL,2026-09-15
Northwind Health,2026-08,271,NW-578819,Phillip King,1968-03-14,P-01971,78490893,22.00,NEW,2026-09-15
Northwind Health,2026-08,272,NW-328287,Angelica Herring,1939-05-02,P-01977,74197857,26.25,RENEWAL,2026-09-15
Northwind Health,2026-08,273,NW-651866,Michael Leon,1970-12-31,P-01982,33857966,16.00,RENEWAL,2026-09-15
Northwind Health,2026-08,275,NW-547812,Janice Taylor,1965-09-30,P-01991,6831819,16.00,RENEWAL,2026-09-15
Northwind Health,2026-08,276,NW-931149,Lisa Ponce,1937-06-05,P-01993,33857966,26.25,RENEWAL,2026-09-15
Northwind Health,2026-08,277,NW-686434,Michael Francis,1941-12-20,P-02003,10583482,26.25,RENEWAL,2026-09-15
Northwind Health,2026-08,278,NW-945072,Jennifer Brown,1936-11-08,P-02006,43339391,19.00,RENEWAL,2026-09-15
Northwind Health,2026-08,279,NW-459254,Jennifer Brown,1936-11-08,P-02007,43339391,4.20,RENEWAL,2026-09-15
Northwind Health,2026-08,280,NW-761515,Brian Daniel,1956-02-19,P-02016,33857966,19.00,RENEWAL,2026-09-15
Northwind Health,2026-08,281,NW-342787,Brian Daniel,1956-02-19,P-02017,33857966,4.20,RENEWAL,2026-09-15
Northwind Health,2026-08,282,NW-470379,Jessica Valdez,1951-07-05,P-02020,10583482,52.50,NEW,2026-09-15
Northwind Health,2026-08,283,NW-607157,Dale Frank,1934-03-09,P-02025,74197857,26.25,RENEWAL,2026-09-15
Northwind Health,2026-08,284,NW-543940,Andre Bennett,1942-10-18,P-02026,37231783,38.00,NEW,2026-09-15
Northwind Health,2026-08,285,NW-625056,Andre Bennett,1942-10-18,P-02027,37231783,8.40,NEW,2026-09-15
Northwind Health,2026-08,286,NW-959732,Tammy Garcia,1953-04-22,P-02049,43339391,38.00,NEW,2026-09-15
Northwind Health,2026-08,287,NW-541603,Tammy Garcia,1953-04-22,P-02050,43339391,8.40,NEW,2026-09-15
Northwind Health,2026-08,288,NW-568621,Todd Cisneros,1951-11-07,P-02058,90949389,19.00,RENEWAL,2026-09-15
Northwind Health,2026-08,289,NW-152037,Todd Cisneros,1951-11-07,P-02059,90949389,4.20,RENEWAL,2026-09-15
Northwind Health,2026-08,290,NW-247386,William Castro,1951-06-17,P-02069,90949389,4.20,RENEWAL,2026-09-15
Northwind Health,2026-08,291,NW-422216,Melanie Ramos,1991-07-13,P-02085,5265799,16.00,RENEWAL,2026-09-15
Northwind Health,2026-08,293,NW-323424,Melissa Sparks,1953-08-16,P-02108,4356886,26.25,RENEWAL,2026-09-15
Northwind Health,2026-08,294,NW-699968,Amanda Delacruz,1950-08-19,P-02110,6831819,26.25,RENEWAL,2026-09-15
Northwind Health,2026-08,295,NW-432214,Steven Delacruz,1933-11-14,P-02111,6831819,26.25,RENEWAL,2026-09-15
Northwind Health,2026-08,296,NW-780454,Jonathan Ramirez,1971-09-12,P-02120,99847493,22.00,NEW,2026-09-15
Northwind Health,2026-08,297,NW-891328,Eric Robertson,1952-03-31,P-02122,90949389,26.25,RENEWAL,2026-09-15
Northwind Health,2026-08,298,NW-786663,Hannah Robertson,1939-05-29,P-02124,90949389,19.00,RENEWAL,2026-09-15
Northwind Health,2026-08,299,NW-546119,Hannah Robertson,1939-05-29,P-02125,90949389,4.20,RENEWAL,2026-09-15
Northwind Health,2026-08,300,NW-255935,Christopher Reyes,1954-09-10,P-02130,33857966,19.00,RENEWAL,2026-09-15
Northwind Health,2026-08,301,NW-315150,Christopher Reyes,1954-09-10,P-02131,33857966,4.20,RENEWAL,2026-09-15
Northwind Health,2026-08,302,NW-165314,Ashley Anthony,1962-11-23,P-02138,43339391,16.00,RENEWAL,2026-09-15
Northwind Health,2026-08,303,NW-397486,Janice Murray,1946-08-08,P-02142,99847493,4.20,RENEWAL,2026-09-15
Northwind Health,2026-08,304,NW-644134,Haley White,1958-12-15,P-02150,78490893,19.00,RENEWAL,2026-09-15
Northwind Health,2026-08,305,NW-862502,Haley White,1958-12-15,P-02151,78490893,4.20,RENEWAL,2026-09-15
Northwind Health,2026-08,306,NW-979216,James Brown,1940-04-28,P-02155,97102525,26.25,RENEWAL,2026-09-15
Northwind Health,2026-08,307,NW-236467,Matthew Williams,1956-08-14,P-02162,1884412,26.25,RENEWAL,2026-09-15
Northwind Health,2026-08,308,NW-983140,Paula Osborne,1965-03-02,P-02178,97102525,22.00,NEW,2026-09-15
Northwind Health,2026-08,309,NW-564587,Melanie Bennett,1976-09-02,P-02179,7150444,16.00,RENEWAL,2026-09-15
Northwind Health,2026-08,310,NW-869297,Dawn Duncan,1938-07-08,P-02186,32244663,52.50,NEW,2026-09-15
Northwind Health,2026-08,311,NW-771604,Philip Davis,1950-08-12,P-02187,13981052,26.25,RENEWAL,2026-09-15
Northwind Health,2026-08,312,NW-731264,Daniel Rodriguez,1947-01-15,P-02193,77125617,4.20,RENEWAL,2026-09-15
Northwind Health,2026-08,313,NW-314263,Gabriela Tate,1956-06-14,P-02204,97102525,26.25,RENEWAL,2026-09-15
Northwind Health,2026-08,314,NW-218831,Robert Novak,1977-04-26,P-02208,5265799,22.00,NEW,2026-09-15
Northwind Health,2026-08,316,NW-460233,Stacy Sanchez,1935-11-06,P-02218,78490893,8.40,NEW,2026-09-15
Northwind Health,2026-08,317,NW-871542,Sharon Johnson,1949-12-02,P-02235,13981052,26.25,RENEWAL,2026-09-15
Northwind Health,2026-08,318,NW-989990,Jeremy Casey,1973-12-23,P-02246,5265799,22.00,NEW,2026-09-15
Northwind Health,2026-08,319,NW-322333,Derek Moore,1934-09-21,P-02294,61855700,26.25,RENEWAL,2026-09-15
Northwind Health,2026-08,320,NW-761829,Sheryl Martin,1940-03-24,P-02302,4356886,52.50,NEW,2026-09-15
Northwind Health,2026-08,321,NW-333770,Gilbert David,1943-04-25,P-02307,33857966,4.20,RENEWAL,2026-09-15
Northwind Health,2026-08,322,NW-407129,Brendan Frost,1938-07-28,P-02311,61855700,52.50,NEW,2026-09-15
Northwind Health,2026-08,323,NW-269593,Martha Wiley,1939-10-30,P-02321,54100814,26.25,RENEWAL,2026-09-15
Northwind Health,2026-08,324,NW-498647,Tyler Chavez,1949-10-15,P-02323,74197857,52.50,NEW,2026-09-15
Northwind Health,2026-08,325,NW-377892,Elizabeth Johnson,1947-07-22,P-02328,90949389,52.50,NEW,2026-09-15
Northwind Health,2026-08,326,NW-786961,Brooke Chapman,1953-04-05,P-02340,5265799,26.25,RENEWAL,2026-09-15
Northwind Health,2026-08,327,NW-851378,Jimmy Moreno,1944-03-26,P-02342,43339391,19.00,RENEWAL,2026-09-15
Northwind Health,2026-08,328,NW-650109,Jimmy Moreno,1944-03-26,P-02343,43339391,4.20,RENEWAL,2026-09-15
Northwind Health,2026-08,329,NW-592130,Sarah Avila,1946-04-07,P-02346,5265799,26.25,RENEWAL,2026-09-15
Northwind Health,2026-08,331,NW-316996,Martha Nelson,1958-05-04,P-02367,43339391,38.00,NEW,2026-09-15
Northwind Health,2026-08,332,NW-327569,Martha Nelson,1958-05-04,P-02368,43339391,8.40,NEW,2026-09-15
Northwind Health,2026-08,333,NW-126990,Tiffany Petersen,1967-11-01,P-02374,94702683,22.00,NEW,2026-09-15
Northwind Health,2026-08,334,NW-289048,James Johnson,1946-01-15,P-02377,1884412,52.50,NEW,2026-09-15
Northwind Health,2026-08,335,NW-878341,Angelica Blevins,1934-07-16,P-02378,7150444,26.25,RENEWAL,2026-09-15
Northwind Health,2026-08,336,NW-785689,Jordan Stevens,1975-11-28,P-02391,37231783,16.00,RENEWAL,2026-09-15
Northwind Health,2026-08,337,NW-528760,Haley Cobb,1944-12-30,P-02392,97102525,38.00,NEW,2026-09-15
Northwind Health,2026-08,338,NW-432757,Haley Cobb,1944-12-30,P-02393,97102525,8.40,NEW,2026-09-15
Northwind Health,2026-08,339,NW-934591,James Daniels,1941-01-03,P-02395,78490893,26.25,RENEWAL,2026-09-15
Northwind Health,2026-08,340,NW-421466,Rebecca Smith,1950-08-24,P-02400,90949389,26.25,RENEWAL,2026-09-15
Northwind Health,2026-08,341,NW-503796,Sara Evans,1992-11-23,P-02405,11576383,16.00,RENEWAL,2026-09-15
Northwind Health,2026-08,342,NW-696813,Daniel Mccoy,2000-06-03,P-02409,77125617,16.00,RENEWAL,2026-09-15
Northwind Health,2026-08,343,NW-188337,Bobby Cummings,1975-08-13,P-02413,94702683,22.00,NEW,2026-09-15
Northwind Health,2026-08,344,NW-375402,John Cole,1948-06-24,P-02417,43339391,26.25,RENEWAL,2026-09-15
Northwind Health,2026-08,345,NW-918212,Debra Cole,1938-04-10,P-02419,43339391,26.25,RENEWAL,2026-09-15
Northwind Health,2026-08,346,NW-106429,Donna Austin,1977-12-19,P-02421,37231783,22.00,NEW,2026-09-15
Northwind Health,2026-08,347,NW-275601,Michael Ramsey,1946-05-08,P-02437,6831819,26.25,RENEWAL,2026-09-15
Northwind Health,2026-08,348,NW-262441,Steven Ramsey,1952-11-15,P-02438,6831819,19.00,RENEWAL,2026-09-15
Northwind Health,2026-08,349,NW-429629,Steven Ramsey,1952-11-15,P-02439,6831819,4.20,RENEWAL,2026-09-15
Northwind Health,2026-08,350,NW-899058,Nathan Moore,1984-01-24,P-02440,44524491,16.00,RENEWAL,2026-09-15
Northwind Health,2026-08,351,NW-124181,Anthony Jacobs,1937-04-30,P-02446,97102525,19.00,RENEWAL,2026-09-15
Northwind Health,2026-08,352,NW-170777,Anthony Jacobs,1937-04-30,P-02447,97102525,4.20,RENEWAL,2026-09-15
Northwind Health,2026-08,353,NW-283930,Tiffany Brown,1940-09-16,P-02450,29898923,26.25,RENEWAL,2026-09-15
Northwind Health,2026-08,354,NW-288214,Joseph Porter,1938-02-05,P-02457,13981052,13.12,RENEWAL,2026-09-15
Northwind Health,2026-08,355,NW-613048,Adam Rodriguez,1941-09-14,P-02463,1884412,38.00,NEW,2026-09-15
Northwind Health,2026-08,356,NW-580669,Adam Rodriguez,1941-09-14,P-02464,1884412,8.40,NEW,2026-09-15
Northwind Health,2026-08,357,NW-673199,William Delgado,1936-01-28,P-02476,1884412,52.50,NEW,2026-09-15
Northwind Health,2026-08,358,NW-439431,Candace Delgado,1994-05-03,P-02478,1884412,22.00,NEW,2026-09-15
Northwind Health,2026-08,359,NW-255099,Carolyn Brown,1942-04-07,P-02481,54100814,26.25,RENEWAL,2026-09-15
Northwind Health,2026-08,360,NW-804724,Jill Smith,1972-12-29,P-02483,32244663,26.25,RENEWAL,2026-09-15
Northwind Health,2026-08,361,NW-681552,Kelly Tyler,1949-06-01,P-02487,61855700,19.00,RENEWAL,2026-09-15
Northwind Health,2026-08,362,NW-776187,Kelly Tyler,1949-06-01,P-02488,61855700,4.20,RENEWAL,2026-09-15
Northwind Health,2026-08,363,NW-511374,Kevin Drake,1952-09-06,P-02490,5265799,26.25,RENEWAL,2026-09-15
Northwind Health,2026-08,364,NW-544208,Keith Lane,1955-12-25,P-02518,11576383,26.25,RENEWAL,2026-09-15
Northwind Health,2026-08,365,NW-225232,Charles Hernandez,1951-08-17,P-02521,33857966,19.00,RENEWAL,2026-09-15
Northwind Health,2026-08,366,NW-701636,Charles Hernandez,1951-08-17,P-02522,33857966,4.20,RENEWAL,2026-09-15
Northwind Health,2026-08,369,NW-172183,William Reynolds,1955-04-22,P-02542,54100814,19.00,RENEWAL,2026-09-15
Northwind Health,2026-08,370,NW-151691,William Reynolds,1955-04-22,P-02543,54100814,4.20,RENEWAL,2026-09-15
Northwind Health,2026-08,371,NW-968902,Thomas Jenkins,1941-10-31,P-02546,29898923,19.00,RENEWAL,2026-09-15
Northwind Health,2026-08,372,NW-255521,Thomas Jenkins,1941-10-31,P-02547,29898923,4.20,RENEWAL,2026-09-15
Northwind Health,2026-08,373,NW-955761,Maria Huff,1939-07-02,P-02550,1884412,19.00,RENEWAL,2026-09-15
Northwind Health,2026-08,374,NW-911832,Maria Huff,1939-07-02,P-02551,1884412,4.20,RENEWAL,2026-09-15
Northwind Health,2026-08,375,NW-891271,Angela Hood,1943-11-09,P-02555,6831819,52.50,NEW,2026-09-15
Northwind Health,2026-08,376,NW-390974,Susan White,1937-05-10,P-02558,99847493,26.25,RENEWAL,2026-09-15
Northwind Health,2026-08,377,NW-369789,Richard Perez,2000-08-21,P-02574,74197857,22.00,NEW,2026-09-15
Bluepeak,2026-08,1,BP-816116,Paul Becker,1950-11-05,P-00005,1884412,26.25,RENEWAL,2026-09-15
Bluepeak,2026-08,2,BP-228479,Timothy Russell,1936-06-10,P-00019,32244663,38.00,NEW,2026-09-15
Bluepeak,2026-08,3,BP-961599,Timothy Russell,1936-06-10,P-00020,32244663,8.40,NEW,2026-09-15
Bluepeak,2026-08,4,BP-411847,Ronald Arnold,1958-04-11,P-00032,74197857,26.25,RENEWAL,2026-09-15
Bluepeak,2026-08,5,BP-778827,Kevin Cortez,1953-03-25,P-00042,29898923,26.25,RENEWAL,2026-09-15
Bluepeak,2026-08,6,BP-804505,James Chambers,2002-12-07,P-00045,43339391,22.00,NEW,2026-09-15
Bluepeak,2026-08,7,BP-850432,Vanessa Contreras,1957-02-03,P-00047,94702683,26.25,RENEWAL,2026-09-15
Bluepeak,2026-08,8,BP-659106,Kevin Davis,1950-03-20,P-00072,97102525,26.25,RENEWAL,2026-09-15
Bluepeak,2026-08,9,BP-992744,Taylor Andrews,1943-08-19,P-00077,1884412,19.00,RENEWAL,2026-09-15
Bluepeak,2026-08,10,BP-404771,Taylor Andrews,1943-08-19,P-00078,1884412,4.20,RENEWAL,2026-09-15
Bluepeak,2026-08,11,BP-921945,Mallory Hancock,1972-10-16,P-00089,78490893,16.00,RENEWAL,2026-09-15
Bluepeak,2026-08,12,BP-477214,David Murray,1992-10-30,P-00096,99847493,22.00,NEW,2026-09-15
Bluepeak,2026-08,13,BP-892170,Maria Johnson,1943-04-26,P-00111,33857966,52.50,NEW,2026-09-15
Bluepeak,2026-08,14,BP-875959,Elijah Brooks,1966-07-18,P-00133,1884412,22.00,NEW,2026-09-15
Bluepeak,2026-08,15,BP-820767,Randall Williams,1997-06-29,P-00142,32244663,22.00,NEW,2026-09-15
Bluepeak,2026-08,16,BP-424553,Gary Cook,1949-08-19,P-00147,6831819,26.25,RENEWAL,2026-09-15
Bluepeak,2026-08,17,BP-674566,Kellie Martin,1948-11-26,P-00164,37231783,19.00,RENEWAL,2026-09-15
Bluepeak,2026-08,18,BP-318353,Kellie Martin,1948-11-26,P-00165,37231783,4.20,RENEWAL,2026-09-15
Bluepeak,2026-08,19,BP-148026,Christopher Adams,1940-11-06,P-00188,61291817,52.50,NEW,2026-09-15
Bluepeak,2026-08,20,BP-288128,Molly Bell,1957-05-14,P-00190,77125617,4.20,RENEWAL,2026-09-15
Bluepeak,2026-08,21,BP-883377,Raymond Berry,1954-02-21,P-00193,90949389,26.25,RENEWAL,2026-09-15
Bluepeak,2026-08,22,BP-133653,Derek Gonzalez,1948-06-11,P-00194,94702683,52.50,NEW,2026-09-15
Bluepeak,2026-08,23,BP-232617,Sandra Winters,1951-07-06,P-00204,54100814,26.25,RENEWAL,2026-09-15
Bluepeak,2026-08,24,BP-917241,April Thornton,1943-04-09,P-00224,32244663,19.00,RENEWAL,2026-09-15
Bluepeak,2026-08,25,BP-241021,April Thornton,1943-04-09,P-00225,32244663,4.20,RENEWAL,2026-09-15
Bluepeak,2026-08,26,BP-150046,William Brown,1945-10-20,P-00255,37231783,26.25,RENEWAL,2026-09-15
Bluepeak,2026-08,27,BP-859268,Keith Brown,1957-01-13,P-00256,37231783,52.50,NEW,2026-09-15
Bluepeak,2026-08,28,BP-235367,Kevin Meadows,1953-01-15,P-00264,32244663,52.50,NEW,2026-09-15
Bluepeak,2026-08,29,BP-419409,Brenda Bennett,2004-05-17,P-00281,99847493,16.00,RENEWAL,2026-09-15
Bluepeak,2026-08,30,BP-585168,Ryan Snyder,1971-09-16,P-00288,6831819,22.00,NEW,2026-09-15
Bluepeak,2026-08,31,BP-445217,Tammy Navarro,1949-01-10,P-00291,43339391,52.50,NEW,2026-09-15
Bluepeak,2026-08,32,BP-155846,Crystal Salinas,1956-07-27,P-00300,11576383,19.00,RENEWAL,2026-09-15
Bluepeak,2026-08,33,BP-992865,Crystal Salinas,1956-07-27,P-00301,11576383,4.20,RENEWAL,2026-09-15
Bluepeak,2026-08,34,BP-677295,Lindsey Harris,1980-06-12,P-00303,33857966,22.00,NEW,2026-09-15
Bluepeak,2026-08,35,BP-804005,Wyatt Farley,1939-02-06,P-00315,61291817,4.20,RENEWAL,2026-09-15
Bluepeak,2026-08,36,BP-116817,Douglas Long,2005-09-07,P-00317,44524491,16.00,RENEWAL,2026-09-15
Bluepeak,2026-08,37,BP-830100,Kathryn Kramer,1936-11-29,P-00321,97102525,26.25,RENEWAL,2026-09-15
Bluepeak,2026-08,38,BP-404154,Ashley Jones,1936-01-07,P-00353,43339391,19.00,RENEWAL,2026-09-15
Bluepeak,2026-08,39,BP-873876,Ashley Jones,1936-01-07,P-00354,43339391,4.20,RENEWAL,2026-09-15
Bluepeak,2026-08,40,BP-147828,Austin Lopez,1947-11-26,P-00368,61291817,26.25,RENEWAL,2026-09-15
Bluepeak,2026-08,41,BP-229054,Kylie Ferguson,1935-09-27,P-00373,1884412,26.25,RENEWAL,2026-09-15
Bluepeak,2026-08,42,BP-681074,Nathaniel Yu,1937-07-22,P-00381,74197857,26.25,RENEWAL,2026-09-15
Bluepeak,2026-08,43,BP-329540,Nicholas Olsen,2000-01-08,P-00382,33857966,22.00,NEW,2026-09-15
Bluepeak,2026-08,44,BP-168492,Toni Young,1940-03-08,P-00383,97102525,19.00,RENEWAL,2026-09-15
Bluepeak,2026-08,45,BP-769399,Toni Young,1940-03-08,P-00384,97102525,4.20,RENEWAL,2026-09-15
Bluepeak,2026-08,46,BP-704516,Andrew Lloyd,2000-01-20,P-00389,11576383,16.00,RENEWAL,2026-09-15
Bluepeak,2026-08,47,BP-599374,Julie Kelly,1996-02-08,P-00421,29898923,16.00,RENEWAL,2026-09-15
Bluepeak,2026-08,48,BP-137421,Brian Evans,1937-02-27,P-00423,99847493,19.00,RENEWAL,2026-09-15
Bluepeak,2026-08,49,BP-388840,Brian Evans,1937-02-27,P-00424,99847493,4.20,RENEWAL,2026-09-15
Bluepeak,2026-08,50,BP-753959,Marie Strickland,1944-09-04,P-00438,1884412,52.50,NEW,2026-09-15
Bluepeak,2026-08,51,BP-579285,Morgan Li,1980-03-18,P-00441,13981052,16.00,RENEWAL,2026-09-15
Bluepeak,2026-08,52,BP-740939,Elizabeth Olson,1958-07-28,P-00447,11576383,26.25,RENEWAL,2026-09-15
Bluepeak,2026-08,53,BP-873768,Malik Walton,1943-01-29,P-00449,37231783,26.25,RENEWAL,2026-09-15
Bluepeak,2026-08,54,BP-145843,David West,1944-10-07,P-00451,10583482,26.25,RENEWAL,2026-09-15
Bluepeak,2026-08,55,BP-959943,Paul House,1957-04-12,P-00466,11576383,38.00,NEW,2026-09-15
Bluepeak,2026-08,56,BP-722385,Paul House,1957-04-12,P-00467,11576383,8.40,NEW,2026-09-15
Bluepeak,2026-08,57,BP-308079,Kaylee Johnson,1999-10-07,P-00480,29898923,22.00,NEW,2026-09-15
Bluepeak,2026-08,58,BP-303721,Rhonda Underwood,1979-09-21,P-00482,1884412,22.00,NEW,2026-09-15
Bluepeak,2026-08,59,BP-170304,Shannon Stewart,1984-07-24,P-00489,90949389,22.00,NEW,2026-09-15
Bluepeak,2026-08,60,BP-818660,Jessica Sims,1943-03-14,P-00493,32244663,52.50,NEW,2026-09-15
Bluepeak,2026-08,61,BP-986747,Nicole Eaton,1958-04-26,P-00507,32244663,26.25,RENEWAL,2026-09-15
Bluepeak,2026-08,62,BP-808074,Martha Clark,1934-10-01,P-00509,4356886,4.20,RENEWAL,2026-09-15
Bluepeak,2026-08,64,BP-581498,Abigail Mendez,1940-03-16,P-00526,43339391,19.00,RENEWAL,2026-09-15
Bluepeak,2026-08,65,BP-583819,Abigail Mendez,1940-03-16,P-00527,43339391,4.20,RENEWAL,2026-09-15
Bluepeak,2026-08,66,BP-127200,Daryl Morgan,1988-12-15,P-00530,29898923,16.00,RENEWAL,2026-09-15
Bluepeak,2026-08,68,BP-287480,Travis Melton,1945-01-11,P-00537,4356886,52.50,NEW,2026-09-15
Bluepeak,2026-08,69,BP-205797,Debra Ray,1969-04-03,P-00548,29898923,16.00,RENEWAL,2026-09-15
Bluepeak,2026-08,70,BP-631316,Danielle Oneill,1948-06-06,P-00550,10583482,52.50,NEW,2026-09-15
Bluepeak,2026-08,71,BP-164153,Anthony Kelley,1990-07-03,P-00553,61855700,16.00,RENEWAL,2026-09-15
Bluepeak,2026-08,72,BP-722838,Keith White,1936-07-16,P-00562,97102525,26.25,RENEWAL,2026-09-15
Bluepeak,2026-08,73,BP-111292,Samuel Martinez,1953-03-15,P-00563,99847493,26.25,RENEWAL,2026-09-15
Bluepeak,2026-08,74,BP-769054,Megan Rivera,1959-03-20,P-00565,32244663,26.25,RENEWAL,2026-09-15
Bluepeak,2026-08,75,BP-437287,Levi Rodriguez,1949-05-30,P-00573,43339391,52.50,NEW,2026-09-15
Bluepeak,2026-08,76,BP-364255,Alexandra Rodriguez,1934-07-01,P-00577,54100814,26.25,RENEWAL,2026-09-15
Bluepeak,2026-08,77,BP-732819,Julia Ward,1945-10-05,P-00580,10583482,26.25,RENEWAL,2026-09-15
Bluepeak,2026-08,78,BP-297488,James Cruz,1997-10-24,P-00581,37231783,16.00,RENEWAL,2026-09-15
Bluepeak,2026-08,79,BP-316037,William Sparks,1947-01-14,P-00585,78490893,26.25,RENEWAL,2026-09-15
Bluepeak,2026-08,80,BP-645712,Jessica Moore,1958-07-03,P-00602,4356886,52.50,NEW,2026-09-15
Bluepeak,2026-08,81,BP-179074,Jason Rivera,1943-06-25,P-00605,61855700,26.25,RENEWAL,2026-09-15
Bluepeak,2026-08,82,BP-668326,Jenna Romero,1959-08-22,P-00607,97102525,52.50,NEW,2026-09-15
Bluepeak,2026-08,83,BP-749954,Andrew Garner,1947-11-11,P-00608,61291817,52.50,NEW,2026-09-15
Bluepeak,2026-08,84,BP-266006,Gabriella Carpenter,1960-07-22,P-00610,32244663,52.50,NEW,2026-09-15
Bluepeak,2026-08,85,BP-171192,Stephanie Schaefer,2002-11-06,P-00619,44524491,22.00,NEW,2026-09-15
Bluepeak,2026-08,86,BP-438637,Madison Franklin,1943-08-17,P-00621,61855700,26.25,RENEWAL,2026-09-15
Bluepeak,2026-08,87,BP-749358,Christopher Ford,1950-06-12,P-00626,29898923,52.50,NEW,2026-09-15
Bluepeak,2026-08,88,BP-416960,Matthew Gutierrez,1974-05-27,P-00640,6831819,22.00,NEW,2026-09-15
Bluepeak,2026-08,89,BP-316943,Timothy Rodriguez,1944-10-20,P-00663,97102525,26.25,RENEWAL,2026-09-15
Bluepeak,2026-08,90,BP-125312,Daniel Jones,1995-10-03,P-00667,6831819,22.00,NEW,2026-09-15
Bluepeak,2026-08,91,BP-722193,Cassandra Lopez,1972-10-19,P-00675,74197857,26.25,RENEWAL,2026-09-15
Bluepeak,2026-08,92,BP-654418,Taylor Harrison,1952-06-20,P-00680,54100814,26.25,RENEWAL,2026-09-15
Bluepeak,2026-08,93,BP-658352,Gregory Holland,1936-02-27,P-00700,7150444,26.25,RENEWAL,2026-09-15
Bluepeak,2026-08,94,BP-535214,Morgan Ellis,1948-11-14,P-00704,7150444,26.25,RENEWAL,2026-09-15
Bluepeak,2026-08,95,BP-633112,Alexis Sanchez,1946-08-16,P-00706,7150444,26.25,RENEWAL,2026-09-15
Bluepeak,2026-08,96,BP-144374,James Grant,1935-07-06,P-00716,43339391,26.25,RENEWAL,2026-09-15
Bluepeak,2026-08,97,BP-950067,Todd Thompson,1973-03-07,P-00722,74197857,16.00,RENEWAL,2026-09-15
Bluepeak,2026-08,98,BP-963565,Ann Bush,1960-07-09,P-00738,1884412,8.40,NEW,2026-09-15
Bluepeak,2026-08,99,BP-343388,Sierra Marsh,1971-10-22,P-00742,97102525,16.00,RENEWAL,2026-09-15
Bluepeak,2026-08,100,BP-440215,Gregory Fowler,1944-07-31,P-00759,13981052,26.25,RENEWAL,2026-09-15
Bluepeak,2026-08,101,BP-548903,Kylie Walker,1955-07-23,P-00760,90949389,26.25,RENEWAL,2026-09-15
Bluepeak,2026-08,102,BP-299673,Kevin Walker,1949-01-08,P-00764,90949389,26.25,RENEWAL,2026-09-15
Bluepeak,2026-08,103,BP-264190,Richard Perez,1974-09-16,P-00788,10583482,16.00,RENEWAL,2026-09-15
Bluepeak,2026-08,105,BP-892189,Ronnie James,1941-03-11,P-00802,10583482,26.25,RENEWAL,2026-09-15
Bluepeak,2026-08,106,BP-937738,Ryan Brock,1985-06-10,P-00815,6831819,22.00,NEW,2026-09-15
Bluepeak,2026-08,107,BP-365518,Rebecca Henderson,1950-06-07,P-00821,97102525,26.25,RENEWAL,2026-09-15
Bluepeak,2026-08,108,BP-744640,James Henderson,1952-09-07,P-00822,97102525,26.25,RENEWAL,2026-09-15
Bluepeak,2026-08,109,BP-684104,Joel Nichols,1942-11-03,P-00829,54100814,52.50,NEW,2026-09-15
Bluepeak,2026-08,110,BP-497608,Jessica Fisher,1938-08-19,P-00832,13981052,26.25,RENEWAL,2026-09-15
Bluepeak,2026-08,111,BP-540071,Christopher Aguilar,1972-06-30,P-00843,1884412,16.00,RENEWAL,2026-09-15
Bluepeak,2026-08,112,BP-182774,Jessica Nguyen,1984-12-16,P-00852,43339391,16.00,RENEWAL,2026-09-15
Bluepeak,2026-08,113,BP-683021,Lisa Marshall,1968-04-24,P-00865,90949389,16.00,RENEWAL,2026-09-15
Bluepeak,2026-08,114,BP-280751,Jennifer Edwards,1967-06-13,P-00866,99847493,22.00,NEW,2026-09-15
Bluepeak,2026-08,115,BP-610497,Peter Gallegos,1988-08-28,P-00872,61291817,16.00,RENEWAL,2026-09-15
Bluepeak,2026-08,116,BP-415618,Jeremy Wilson,1949-02-15,P-00883,97102525,26.25,RENEWAL,2026-09-15
Bluepeak,2026-08,117,BP-705347,Katelyn Lloyd,1935-02-08,P-00885,13981052,52.50,NEW,2026-09-15
Bluepeak,2026-08,118,BP-643264,Scott Moore,1957-02-26,P-00887,78490893,26.25,RENEWAL,2026-09-15
Bluepeak,2026-08,119,BP-891026,Zachary Crane,1937-12-22,P-00891,5265799,52.50,NEW,2026-09-15
Bluepeak,2026-08,120,BP-473543,Todd Ritter,1942-12-06,P-00908,1884412,26.25,RENEWAL,2026-09-15
Bluepeak,2026-08,121,BP-419504,Lisa Lee,1947-10-23,P-00933,94702683,19.00,RENEWAL,2026-09-15
Bluepeak,2026-08,122,BP-299095,Lisa Lee,1947-10-23,P-00934,94702683,4.20,RENEWAL,2026-09-15
Bluepeak,2026-08,123,BP-584487,Michael Owens,1942-12-01,P-00940,13981052,4.20,RENEWAL,2026-09-15
Bluepeak,2026-08,124,BP-246319,Lindsey Beard,1935-01-01,P-00941,13981052,26.25,RENEWAL,2026-09-15
Bluepeak,2026-08,125,BP-384566,Kenneth Hansen,1951-02-22,P-00946,5265799,26.25,RENEWAL,2026-09-15
Bluepeak,2026-08,126,BP-108298,Patrick Hansen,1950-07-26,P-00948,5265799,26.25,RENEWAL,2026-09-15
Bluepeak,2026-08,127,BP-598302,James Davidson,1935-08-27,P-00955,94702683,19.00,RENEWAL,2026-09-15
Bluepeak,2026-08,128,BP-817510,James Davidson,1935-08-27,P-00956,94702683,4.20,RENEWAL,2026-09-15
Bluepeak,2026-08,129,BP-816133,Ronald Robinson,1934-01-14,P-00972,5265799,26.25,RENEWAL,2026-09-15
Bluepeak,2026-08,130,BP-108674,Matthew Hunt,1949-11-11,P-00973,74197857,19.00,RENEWAL,2026-09-15
Bluepeak,2026-08,131,BP-240845,Matthew Hunt,1949-11-11,P-00974,74197857,4.20,RENEWAL,2026-09-15
Bluepeak,2026-08,132,BP-702235,Taylor Matthews,1976-09-17,P-00982,37231783,16.00,RENEWAL,2026-09-15
Bluepeak,2026-08,133,BP-274587,Monica Allen,1934-06-20,P-00994,99847493,26.25,RENEWAL,2026-09-15
Bluepeak,2026-08,134,BP-267530,Sheila Weaver,1951-10-01,P-01002,74197857,26.25,RENEWAL,2026-09-15
Bluepeak,2026-08,135,BP-809724,James Turner,1969-10-13,P-01019,5265799,16.00,RENEWAL,2026-09-15
Bluepeak,2026-08,136,BP-509681,Sandra Blake,1952-01-27,P-01021,33857966,52.50,NEW,2026-09-15
Bluepeak,2026-08,137,BP-228453,Jose Terry,1976-07-21,P-01029,32244663,22.00,NEW,2026-09-15
Bluepeak,2026-08,138,BP-725141,Hunter Gonzalez,1944-01-08,P-01033,7150444,52.50,NEW,2026-09-15
Bluepeak,2026-08,139,BP-372285,Stacy Gonzalez,1960-04-24,P-01034,7150444,52.50,NEW,2026-09-15
Bluepeak,2026-08,140,BP-495035,Suzanne Bennett,1946-02-06,P-01038,10583482,26.25,RENEWAL,2026-09-15
Bluepeak,2026-08,141,BP-223598,Linda Marks,1944-02-23,P-01040,94702683,26.25,RENEWAL,2026-09-15
Bluepeak,2026-08,142,BP-723925,Danielle Smith,1945-05-19,P-01043,97102525,26.25,RENEWAL,2026-09-15
Bluepeak,2026-08,143,BP-219036,Molly Joseph,1942-12-12,P-01044,97102525,26.25,RENEWAL,2026-09-15
Bluepeak,2026-08,144,BP-207883,Sandra Wade,1942-07-26,P-01048,44524491,26.25,RENEWAL,2026-09-15
Bluepeak,2026-08,145,BP-100258,Katherine Mooney,1979-03-14,P-01055,33857966,16.00,RENEWAL,2026-09-15
Bluepeak,2026-08,146,BP-976980,Duane Carter,1945-05-09,P-01056,6831819,19.00,RENEWAL,2026-09-15
Bluepeak,2026-08,147,BP-500893,Duane Carter,1945-05-09,P-01057,6831819,4.20,RENEWAL,2026-09-15
Bluepeak,2026-08,148,BP-861384,Mark Evans,1973-04-12,P-01066,7150444,16.00,RENEWAL,2026-09-15
Bluepeak,2026-08,149,BP-820333,Kristin Stewart,1950-06-19,P-01075,74197857,19.00,RENEWAL,2026-09-15
Bluepeak,2026-08,150,BP-807339,Kristin Stewart,1950-06-19,P-01076,74197857,4.20,RENEWAL,2026-09-15
Bluepeak,2026-08,151,BP-134701,Jennifer Green,1981-08-06,P-01081,97102525,16.00,RENEWAL,2026-09-15
Bluepeak,2026-08,152,BP-524745,Joshua Lindsey,1956-05-02,P-01083,1884412,4.20,RENEWAL,2026-09-15
Bluepeak,2026-08,153,BP-943340,Melissa Lopez,1940-01-24,P-01101,77125617,52.50,NEW,2026-09-15
Bluepeak,2026-08,154,BP-617287,Jennifer Mayo,1959-11-14,P-01113,11576383,26.25,RENEWAL,2026-09-15
Bluepeak,2026-08,155,BP-813041,Stephanie Mills,1968-06-06,P-01117,11576383,26.25,RENEWAL,2026-09-15
Bluepeak,2026-08,156,BP-916927,Dennis Baker,1959-02-17,P-01125,6831819,52.50,NEW,2026-09-15
Bluepeak,2026-08,157,BP-630935,Crystal Nguyen,1993-06-02,P-01127,1884412,52.50,NEW,2026-09-15
Bluepeak,2026-08,158,BP-574622,Carol Moreno,1952-04-30,P-01139,74197857,26.25,RENEWAL,2026-09-15
Bluepeak,2026-08,159,BP-610634,Peter Flores,1950-07-15,P-01141,94702683,52.50,NEW,2026-09-15
Bluepeak,2026-08,160,BP-762277,Anthony Bennett,1947-12-25,P-01153,33857966,26.25,RENEWAL,2026-09-15
Bluepeak,2026-08,161,BP-172322,Michael Smith,1939-02-19,P-01162,61855700,26.25,RENEWAL,2026-09-15
Bluepeak,2026-08,162,BP-874831,Jeffrey Nash,1935-05-16,P-01172,97102525,26.25,RENEWAL,2026-09-15
Bluepeak,2026-08,163,BP-200053,Jacqueline Walters,1948-12-16,P-01187,4356886,52.50,NEW,2026-09-15
Bluepeak,2026-08,164,BP-417051,Brittney Fuller,1959-07-16,P-01193,33857966,26.25,RENEWAL,2026-09-15
Bluepeak,2026-08,165,BP-765864,David Fisher,1949-02-16,P-01206,6831819,19.00,RENEWAL,2026-09-15
Bluepeak,2026-08,166,BP-745886,David Fisher,1949-02-16,P-01207,6831819,4.20,RENEWAL,2026-09-15
Bluepeak,2026-08,167,BP-333036,Victoria Taylor,1942-09-17,P-01210,37231783,26.25,RENEWAL,2026-09-15
Bluepeak,2026-08,168,BP-611549,Debbie Maldonado,1954-01-06,P-01221,43339391,4.20,RENEWAL,2026-09-15
Bluepeak,2026-08,170,BP-628434,Justin Williams,1937-09-27,P-01237,32244663,19.00,RENEWAL,2026-09-15
Bluepeak,2026-08,171,BP-109038,Justin Williams,1937-09-27,P-01238,32244663,4.20,RENEWAL,2026-09-15
Bluepeak,2026-08,172,BP-520589,Jesse Morris,1945-11-30,P-01265,10583482,26.25,RENEWAL,2026-09-15
Bluepeak,2026-08,173,BP-458845,Kelsey Morris,1952-07-17,P-01266,10583482,26.25,RENEWAL,2026-09-15
Bluepeak,2026-08,174,BP-205434,Kathy Cook,1952-05-15,P-01279,44524491,26.25,RENEWAL,2026-09-15
Bluepeak,2026-08,175,BP-823617,Julie Hall,1976-03-22,P-01287,97102525,4.20,RENEWAL,2026-09-15
Bluepeak,2026-08,176,BP-643785,David Bolton,1945-09-02,P-01288,11576383,26.25,RENEWAL,2026-09-15
Bluepeak,2026-08,177,BP-514360,Christy Swanson,1950-08-08,P-01294,54100814,52.50,NEW,2026-09-15
Bluepeak,2026-08,178,BP-870677,John Mcdonald,1963-06-08,P-01298,1884412,16.00,RENEWAL,2026-09-15
Bluepeak,2026-08,179,BP-387272,Lisa Hopkins,1977-03-05,P-01301,5265799,22.00,NEW,2026-09-15
Bluepeak,2026-08,180,BP-499768,Misty Hill,1956-05-04,P-01304,61291817,26.25,RENEWAL,2026-09-15
Bluepeak,2026-08,181,BP-488794,Lee Mitchell,1954-05-25,P-01318,78490893,19.00,RENEWAL,2026-09-15
Bluepeak,2026-08,182,BP-848750,Lee Mitchell,1954-05-25,P-01319,78490893,4.20,RENEWAL,2026-09-15
Bluepeak,2026-08,183,BP-763559,Angela Smith,1998-03-08,P-01339,94702683,22.00,NEW,2026-09-15
Bluepeak,2026-08,184,BP-311012,Stephanie Moreno,1956-09-16,P-01340,11576383,26.25,RENEWAL,2026-09-15
Bluepeak,2026-08,185,BP-329820,Tanya Garcia,1935-10-28,P-01353,1884412,26.25,RENEWAL,2026-09-15
Bluepeak,2026-08,186,BP-156380,Matthew King,1941-05-20,P-01359,5265799,26.25,RENEWAL,2026-09-15
Bluepeak,2026-08,187,BP-991080,Joshua Reilly,1936-08-30,P-01369,43339391,8.40,NEW,2026-09-15
Bluepeak,2026-08,188,BP-530760,Mary Wilson,1974-01-22,P-01384,78490893,16.00,RENEWAL,2026-09-15
Bluepeak,2026-08,189,BP-934269,George Gonzalez,1958-08-12,P-01402,29898923,52.50,NEW,2026-09-15
Bluepeak,2026-08,190,BP-390640,Mark Smith,1954-02-12,P-01414,7150444,52.50,NEW,2026-09-15
Bluepeak,2026-08,191,BP-864648,Christian Reyes,1958-08-22,P-01419,61855700,26.25,RENEWAL,2026-09-15
Bluepeak,2026-08,192,BP-442239,Anthony Lopez,1955-06-12,P-01435,7150444,38.00,NEW,2026-09-15
Bluepeak,2026-08,193,BP-417452,Anthony Lopez,1955-06-12,P-01436,7150444,8.40,NEW,2026-09-15
Bluepeak,2026-08,194,BP-562225,Jenna Ellis,1948-05-31,P-01445,11576383,26.25,RENEWAL,2026-09-15
Bluepeak,2026-08,195,BP-958305,Jonathan Villarreal,1951-08-18,P-01449,99847493,4.20,RENEWAL,2026-09-15
Bluepeak,2026-08,196,BP-539343,Debra Stevenson,1938-06-25,P-01457,6831819,26.25,RENEWAL,2026-09-15
Bluepeak,2026-08,197,BP-816126,Kevin Chase,1959-12-28,P-01468,97102525,52.50,NEW,2026-09-15
Bluepeak,2026-08,198,BP-302486,Nicole Ruiz,1959-11-02,P-01475,90949389,26.25,RENEWAL,2026-09-15
Bluepeak,2026-08,199,BP-644262,Morgan Forbes,1939-11-20,P-01483,74197857,52.50,NEW,2026-09-15
Bluepeak,2026-08,200,BP-651810,Richard Preston,1941-01-10,P-01487,4356886,52.50,NEW,2026-09-15
Bluepeak,2026-08,201,BP-266327,Kendra Hernandez,1954-06-22,P-01490,44524491,52.50,NEW,2026-09-15
Bluepeak,2026-08,202,BP-541857,Phyllis Blair,1959-04-23,P-01499,1884412,26.25,RENEWAL,2026-09-15
Bluepeak,2026-08,203,BP-273815,Jennifer Paul,1940-11-27,P-01509,99847493,26.25,RENEWAL,2026-09-15
Bluepeak,2026-08,204,BP-223505,Matthew Rios,1963-04-20,P-01513,32244663,16.00,RENEWAL,2026-09-15
Bluepeak,2026-08,205,BP-578746,Patricia Stanton,1953-10-07,P-01519,5265799,26.25,RENEWAL,2026-09-15
Bluepeak,2026-08,206,BP-499477,Melissa Reed,1943-08-24,P-01532,97102525,26.25,RENEWAL,2026-09-15
Bluepeak,2026-08,207,BP-575142,Jon Daniel,1940-03-17,P-01534,37231783,26.25,RENEWAL,2026-09-15
Bluepeak,2026-08,208,BP-749326,Regina Perkins,1945-08-27,P-01540,61291817,26.25,RENEWAL,2026-09-15
Bluepeak,2026-08,209,BP-660857,Cynthia Duke,1946-03-08,P-01559,32244663,52.50,NEW,2026-09-15
Bluepeak,2026-08,210,BP-913233,Cameron Barnett,1955-02-20,P-01569,4356886,26.25,RENEWAL,2026-09-15
Bluepeak,2026-08,211,BP-492304,Allison Townsend,1962-06-15,P-01576,94702683,16.00,RENEWAL,2026-09-15
Bluepeak,2026-08,212,BP-208174,Jennifer Stafford,1933-12-15,P-01578,78490893,26.25,RENEWAL,2026-09-15
Bluepeak,2026-08,213,BP-648068,Nicole Moore,1951-07-10,P-01607,44524491,19.00,RENEWAL,2026-09-15
Bluepeak,2026-08,214,BP-963989,Nicole Moore,1951-07-10,P-01608,44524491,4.20,RENEWAL,2026-09-15
Bluepeak,2026-08,215,BP-728889,Susan Rodriguez,2000-09-19,P-01614,4356886,16.00,RENEWAL,2026-09-15
Bluepeak,2026-08,216,BP-867385,Melissa Butler,1959-06-16,P-01617,61855700,38.00,NEW,2026-09-15
Bluepeak,2026-08,217,BP-682563,Melissa Butler,1959-06-16,P-01618,61855700,8.40,NEW,2026-09-15
Bluepeak,2026-08,218,BP-822833,Shannon Miller,1937-04-11,P-01623,78490893,19.00,RENEWAL,2026-09-15
Bluepeak,2026-08,219,BP-519167,Shannon Miller,1937-04-11,P-01624,78490893,4.20,RENEWAL,2026-09-15
Bluepeak,2026-08,220,BP-924833,Emily Miller,1945-03-28,P-01625,78490893,26.25,RENEWAL,2026-09-15
Bluepeak,2026-08,221,BP-263875,Jennifer Jones,1948-08-04,P-01626,1884412,26.25,RENEWAL,2026-09-15
Bluepeak,2026-08,222,BP-958437,Stephanie Myers,1940-08-06,P-01643,61291817,52.50,NEW,2026-09-15
Bluepeak,2026-08,223,BP-134112,Thomas Schultz,1941-04-02,P-01648,44524491,26.25,RENEWAL,2026-09-15
Bluepeak,2026-08,224,BP-956724,James Evans,1950-09-16,P-01655,43339391,19.00,RENEWAL,2026-09-15
Bluepeak,2026-08,225,BP-389726,James Evans,1950-09-16,P-01656,43339391,4.20,RENEWAL,2026-09-15
Bluepeak,2026-08,226,BP-932917,Kenneth Evans,1934-09-06,P-01657,43339391,52.50,NEW,2026-09-15
Bluepeak,2026-08,227,BP-183317,Sean Moore,1966-04-02,P-01659,77125617,22.00,NEW,2026-09-15
Bluepeak,2026-08,228,BP-703721,Lee Moore,1939-02-02,P-01660,77125617,26.25,RENEWAL,2026-09-15
Bluepeak,2026-08,229,BP-473086,Laura Carlson,1934-07-14,P-01677,32244663,4.20,RENEWAL,2026-09-15
Bluepeak,2026-08,230,BP-897170,Micheal Ali,1950-02-07,P-01680,90949389,38.00,NEW,2026-09-15
Bluepeak,2026-08,231,BP-385887,Micheal Ali,1950-02-07,P-01681,90949389,8.40,NEW,2026-09-15
Bluepeak,2026-08,232,BP-605407,Lauren Conrad,1950-12-27,P-01684,13981052,19.00,RENEWAL,2026-09-15
Bluepeak,2026-08,233,BP-302907,Lauren Conrad,1950-12-27,P-01685,13981052,4.20,RENEWAL,2026-09-15
Bluepeak,2026-08,234,BP-966945,Michael Henderson,1948-01-22,P-01701,61291817,52.50,NEW,2026-09-15
Bluepeak,2026-08,235,BP-793229,Micheal Hurst,1950-03-13,P-01717,77125617,52.50,NEW,2026-09-15
Bluepeak,2026-08,236,BP-368239,Carl Reynolds,1939-12-25,P-01731,33857966,26.25,RENEWAL,2026-09-15
Bluepeak,2026-08,237,BP-210782,David Taylor,1935-08-08,P-01741,10583482,38.00,NEW,2026-09-15
Bluepeak,2026-08,238,BP-663520,David Taylor,1935-08-08,P-01742,10583482,8.40,NEW,2026-09-15
Bluepeak,2026-08,239,BP-778144,Jesse Griffin,1956-12-02,P-01747,74197857,26.25,RENEWAL,2026-09-15
Bluepeak,2026-08,240,BP-596355,Richard Clark,1950-09-17,P-01751,10583482,19.00,RENEWAL,2026-09-15
Bluepeak,2026-08,241,BP-916426,Richard Clark,1950-09-17,P-01752,10583482,4.20,RENEWAL,2026-09-15
Bluepeak,2026-08,242,BP-468717,Lauren Chavez,1959-09-07,P-01753,33857966,26.25,NEW,2026-09-15
Bluepeak,2026-08,243,BP-879273,Wendy Richardson,1952-09-19,P-01754,44524491,19.00,RENEWAL,2026-09-15
Bluepeak,2026-08,244,BP-516430,Wendy Richardson,1952-09-19,P-01755,44524491,4.20,RENEWAL,2026-09-15
Bluepeak,2026-08,245,BP-925792,Andrew Palmer,1977-10-19,P-01761,77125617,26.25,RENEWAL,2026-09-15
Bluepeak,2026-08,246,BP-695375,Tracy Rice,1938-01-07,P-01763,74197857,19.00,RENEWAL,2026-09-15
Bluepeak,2026-08,247,BP-332764,Tracy Rice,1938-01-07,P-01764,74197857,4.20,RENEWAL,2026-09-15
Bluepeak,2026-08,248,BP-679408,Ryan Richards,1984-01-21,P-01776,61291817,22.00,NEW,2026-09-15
Bluepeak,2026-08,249,BP-786016,Ashley Lee,1992-09-16,P-01778,6831819,16.00,RENEWAL,2026-09-15
Bluepeak,2026-08,250,BP-748785,David Graham,1935-12-11,P-01799,78490893,4.20,RENEWAL,2026-09-15
Bluepeak,2026-08,251,BP-987361,Richard Williams,1950-08-15,P-01808,90949389,26.25,RENEWAL,2026-09-15
Bluepeak,2026-08,252,BP-304312,Vincent Morgan,1957-10-22,P-01819,61855700,19.00,RENEWAL,2026-09-15
Bluepeak,2026-08,253,BP-405228,Vincent Morgan,1957-10-22,P-01820,61855700,4.20,RENEWAL,2026-09-15
Bluepeak,2026-08,254,BP-831794,Ryan Sparks,1962-09-25,P-01824,44524491,22.00,NEW,2026-09-15
Bluepeak,2026-08,255,BP-819081,Bobby Gonzalez,1945-12-31,P-01826,5265799,26.25,RENEWAL,2026-09-15
Bluepeak,2026-08,256,BP-629322,Amy Berg,1997-07-15,P-01835,13981052,16.00,RENEWAL,2026-09-15
Bluepeak,2026-08,257,BP-843112,Alexa Villa,1952-07-24,P-01848,74197857,26.25,RENEWAL,2026-09-15
Bluepeak,2026-08,258,BP-417885,Kathy Rodriguez,1941-04-01,P-01866,37231783,26.25,RENEWAL,2026-09-15
Bluepeak,2026-08,259,BP-878991,Brooke Poole,1935-08-27,P-01867,54100814,26.25,RENEWAL,2026-09-15
Bluepeak,2026-08,260,BP-881981,Donna Poole,1958-10-13,P-01868,54100814,26.25,RENEWAL,2026-09-15
Bluepeak,2026-08,261,BP-525057,Catherine Odonnell,1949-07-11,P-01873,7150444,26.25,RENEWAL,2026-09-15
Bluepeak,2026-08,262,BP-419402,Jamie Patterson,1941-05-06,P-01875,77125617,26.25,RENEWAL,2026-09-15
Bluepeak,2026-08,263,BP-970808,Crystal Holland,1959-07-05,P-01878,77125617,26.25,RENEWAL,2026-09-15
Bluepeak,2026-08,264,BP-281004,Alex Snow,1960-04-27,P-01902,97102525,4.20,RENEWAL,2026-09-15
Bluepeak,2026-08,265,BP-980580,Shelby Jones,1943-06-07,P-01914,7150444,26.25,RENEWAL,2026-09-15
Bluepeak,2026-08,266,BP-714077,Jonathan Chavez,1935-02-03,P-01919,94702683,19.00,RENEWAL,2026-09-15
Bluepeak,2026-08,267,BP-709080,Jonathan Chavez,1935-02-03,P-01920,94702683,4.20,RENEWAL,2026-09-15
Bluepeak,2026-08,268,BP-404380,Ashley Clay,1944-06-06,P-01922,94702683,26.25,RENEWAL,2026-09-15
Bluepeak,2026-08,269,BP-557008,Joshua Salazar,2002-05-10,P-01937,6831819,22.00,NEW,2026-09-15
Bluepeak,2026-08,270,BP-592842,Henry Fernandez,1942-07-05,P-01956,7150444,52.50,NEW,2026-09-15
Bluepeak,2026-08,271,BP-480480,Sharon Curtis,1938-04-08,P-01957,94702683,19.00,RENEWAL,2026-09-15
Bluepeak,2026-08,272,BP-792626,Sharon Curtis,1938-04-08,P-01958,94702683,4.20,RENEWAL,2026-09-15
Bluepeak,2026-08,273,BP-406246,Heather Wood,1948-11-09,P-01967,61291817,26.25,RENEWAL,2026-09-15
Bluepeak,2026-08,274,BP-428437,Megan Nelson,1948-05-30,P-01990,10583482,26.25,RENEWAL,2026-09-15
Bluepeak,2026-08,275,BP-100097,Sylvia Thomas,1937-02-03,P-01997,33857966,52.50,NEW,2026-09-15
Bluepeak,2026-08,276,BP-920351,James Kline,1973-08-13,P-02012,13981052,16.00,RENEWAL,2026-09-15
Bluepeak,2026-08,277,BP-964692,Renee Wolf,1977-09-05,P-02014,5265799,16.00,RENEWAL,2026-09-15
Bluepeak,2026-08,278,BP-293284,Catherine Brown,1950-09-28,P-02022,33857966,26.25,RENEWAL,2026-09-15
Bluepeak,2026-08,279,BP-209854,Anthony Lewis,1964-07-04,P-02029,99847493,22.00,NEW,2026-09-15
Bluepeak,2026-08,280,BP-732052,Carol Brown,1943-08-15,P-02032,97102525,4.20,RENEWAL,2026-09-15
Bluepeak,2026-08,281,BP-517970,Bradley Murray,1958-04-25,P-02039,44524491,52.50,NEW,2026-09-15
Bluepeak,2026-08,282,BP-893424,Eric Brown,1939-08-02,P-02061,4356886,26.25,RENEWAL,2026-09-15
Bluepeak,2026-08,283,BP-189199,Christopher James,1971-11-16,P-02066,61855700,16.00,RENEWAL,2026-09-15
Bluepeak,2026-08,284,BP-923501,Caitlin James,1954-10-29,P-02068,61855700,52.50,NEW,2026-09-15
Bluepeak,2026-08,285,BP-876396,Steven Castro,1940-11-30,P-02070,90949389,13.12,RENEWAL,2026-09-15
Bluepeak,2026-08,286,BP-202259,Amy Hill,1941-05-29,P-02075,77125617,52.50,NEW,2026-09-15
Bluepeak,2026-08,287,BP-520511,Lauren Richmond,1951-03-18,P-02102,54100814,52.50,NEW,2026-09-15
Bluepeak,2026-08,288,BP-649682,Danielle Sparks,1939-10-30,P-02109,4356886,26.25,RENEWAL,2026-09-15
Bluepeak,2026-08,289,BP-885089,Justin Rollins,1950-04-03,P-02113,78490893,52.50,NEW,2026-09-15
Bluepeak,2026-08,290,BP-697685,Adam Moon,1957-01-01,P-02133,33857966,26.25,RENEWAL,2026-09-15
Bluepeak,2026-08,291,BP-869331,Deborah Smith,1960-05-22,P-02134,4356886,52.50,NEW,2026-09-15
Bluepeak,2026-08,292,BP-544195,Allison Glover,1964-03-04,P-02136,1884412,22.00,NEW,2026-09-15
Bluepeak,2026-08,293,BP-671072,Richard Marquez,1966-11-27,P-02143,5265799,16.00,RENEWAL,2026-09-15
Bluepeak,2026-08,294,BP-123537,Ashley Brown,1942-08-08,P-02153,97102525,19.00,RENEWAL,2026-09-15
Bluepeak,2026-08,295,BP-540954,Ashley Brown,1942-08-08,P-02154,97102525,4.20,RENEWAL,2026-09-15
Bluepeak,2026-08,296,BP-461812,Larry Wiley,1988-05-04,P-02157,10583482,22.00,NEW,2026-09-15
Bluepeak,2026-08,297,BP-808337,Ian Orozco,1992-07-06,P-02169,32244663,22.00,NEW,2026-09-15
Bluepeak,2026-08,298,BP-313741,Brian Jones,2004-03-01,P-02176,13981052,16.00,RENEWAL,2026-09-15
Bluepeak,2026-08,299,BP-888439,Corey Bernard,1940-08-11,P-02192,97102525,26.25,RENEWAL,2026-09-15
Bluepeak,2026-08,300,BP-274939,Samuel Rodriguez,1949-08-10,P-02194,77125617,52.50,NEW,2026-09-15
Bluepeak,2026-08,301,BP-599960,Derek Krause,1956-06-20,P-02198,90949389,52.50,NEW,2026-09-15
Bluepeak,2026-08,302,BP-884076,Carl Adkins,1941-12-05,P-02199,78490893,26.25,RENEWAL,2026-09-15
Bluepeak,2026-08,303,BP-426878,Barry Turner,1945-11-27,P-02211,33857966,26.25,RENEWAL,2026-09-15
Bluepeak,2026-08,304,BP-472381,Joseph Baird,1939-04-11,P-02220,4356886,4.20,RENEWAL,2026-09-15
Bluepeak,2026-08,305,BP-184160,Vickie Kim,1957-05-19,P-02222,10583482,26.25,RENEWAL,2026-09-15
Bluepeak,2026-08,306,BP-225625,Mary Wolfe,1958-10-18,P-02226,29898923,19.00,RENEWAL,2026-09-15
Bluepeak,2026-08,307,BP-901856,Mary Wolfe,1958-10-18,P-02227,29898923,4.20,RENEWAL,2026-09-15
Bluepeak,2026-08,308,BP-997502,Christopher Frederick,1945-09-10,P-02231,94702683,26.25,RENEWAL,2026-09-15
Bluepeak,2026-08,309,BP-918884,April Fletcher,1951-01-24,P-02239,54100814,38.00,NEW,2026-09-15
Bluepeak,2026-08,310,BP-317624,April Fletcher,1951-01-24,P-02240,54100814,8.40,NEW,2026-09-15
Bluepeak,2026-08,311,BP-661746,Jose Ramos,1944-05-15,P-02249,43339391,19.00,RENEWAL,2026-09-15
Bluepeak,2026-08,312,BP-427213,Jose Ramos,1944-05-15,P-02250,43339391,4.20,RENEWAL,2026-09-15
Bluepeak,2026-08,313,BP-603759,Charles Friedman,1958-01-09,P-02265,54100814,52.50,NEW,2026-09-15
Bluepeak,2026-08,314,BP-765360,Joseph Chapman,1954-12-11,P-02274,6831819,26.25,RENEWAL,2026-09-15
Bluepeak,2026-08,315,BP-812662,Brittney Neal,1959-06-11,P-02275,11576383,52.50,NEW,2026-09-15
Bluepeak,2026-08,316,BP-643615,Catherine Murphy,1959-12-10,P-02282,97102525,8.40,NEW,2026-09-15
Bluepeak,2026-08,317,BP-519838,Bradley Wilson,1946-09-30,P-02285,4356886,26.25,RENEWAL,2026-09-15
Bluepeak,2026-08,318,BP-373247,Michael Logan,1944-06-13,P-02305,43339391,26.25,RENEWAL,2026-09-15
Bluepeak,2026-08,319,BP-769403,Lisa Logan,1956-08-14,P-02306,43339391,26.25,RENEWAL,2026-09-15
Bluepeak,2026-08,320,BP-275630,Gregory Benson,1938-08-28,P-02317,78490893,26.25,RENEWAL,2026-09-15
Bluepeak,2026-08,321,BP-990430,Keith Ward,2001-11-23,P-02318,61291817,16.00,RENEWAL,2026-09-15
Bluepeak,2026-08,322,BP-887382,Ryan Morales,1950-11-14,P-02326,43339391,26.25,RENEWAL,2026-09-15
Bluepeak,2026-08,323,BP-659114,Kathryn Evans,1944-05-04,P-02332,33857966,26.25,RENEWAL,2026-09-15
Bluepeak,2026-08,324,BP-446841,Cheryl Mitchell,1952-06-17,P-02339,99847493,26.25,RENEWAL,2026-09-15
Bluepeak,2026-08,325,BP-767122,Edwin Love,1951-09-20,P-02350,1884412,26.25,RENEWAL,2026-09-15
Bluepeak,2026-08,326,BP-608921,Lynn Ewing,1954-12-01,P-02353,54100814,52.50,NEW,2026-09-15
Bluepeak,2026-08,327,BP-448264,Martha Wells,1979-09-24,P-02370,11576383,22.00,NEW,2026-09-15
Bluepeak,2026-08,328,BP-746276,Julia Wells,1979-07-26,P-02371,11576383,26.25,RENEWAL,2026-09-15
Bluepeak,2026-08,329,BP-672250,Brandon Smith,1959-11-13,P-02372,29898923,26.25,RENEWAL,2026-09-15
Bluepeak,2026-08,330,BP-960700,Elizabeth Petersen,1954-11-16,P-02375,94702683,26.25,RENEWAL,2026-09-15
Bluepeak,2026-08,331,BP-127021,Eric Schultz,1949-06-19,P-02385,77125617,26.25,RENEWAL,2026-09-15
Bluepeak,2026-08,332,BP-732184,Linda Webb,1965-06-08,P-02396,77125617,16.00,RENEWAL,2026-09-15
Bluepeak,2026-08,333,BP-478267,Kevin Suarez,1938-11-25,P-02414,74197857,26.25,RENEWAL,2026-09-15
Bluepeak,2026-08,334,BP-378988,Mary Austin,1947-01-08,P-02422,37231783,26.25,RENEWAL,2026-09-15
Bluepeak,2026-08,335,BP-489665,Jamie Walters,1933-10-28,P-02424,4356886,26.25,RENEWAL,2026-09-15
Bluepeak,2026-08,336,BP-954127,Cory Fox,1954-06-12,P-02443,13981052,26.25,RENEWAL,2026-09-15
Bluepeak,2026-08,337,BP-492674,Amber Wilcox,1995-08-02,P-02455,97102525,22.00,NEW,2026-09-15
Bluepeak,2026-08,338,BP-591602,Kathleen Johns,1984-11-12,P-02462,77125617,16.00,RENEWAL,2026-09-15
Bluepeak,2026-08,339,BP-437896,Jordan Bruce,1949-12-23,P-02485,99847493,52.50,NEW,2026-09-15
Bluepeak,2026-08,340,BP-373150,Stuart Tyler,1940-02-13,P-02489,61855700,26.25,RENEWAL,2026-09-15
Bluepeak,2026-08,341,BP-213320,Ariel Drake,1954-01-14,P-02491,5265799,26.25,RENEWAL,2026-09-15
Bluepeak,2026-08,342,BP-534506,Linda Mason,1951-11-23,P-02500,33857966,52.50,NEW,2026-09-15
Bluepeak,2026-08,343,BP-798146,David Roy,1935-10-07,P-02502,13981052,26.25,RENEWAL,2026-09-15
Bluepeak,2026-08,344,BP-825880,Brittany Adkins,1947-11-21,P-02505,44524491,26.25,RENEWAL,2026-09-15
Bluepeak,2026-08,345,BP-547058,Garrett Kennedy,1940-01-26,P-02509,4356886,26.25,RENEWAL,2026-09-15
Bluepeak,2026-08,346,BP-343943,Wanda Fischer,1953-07-25,P-02534,37231783,26.25,RENEWAL,2026-09-15
Bluepeak,2026-08,347,BP-660087,Kevin Lopez,1974-04-26,P-02540,74197857,22.00,NEW,2026-09-15
Bluepeak,2026-08,348,BP-731148,Robert White,1994-03-19,P-02556,99847493,19.00,RENEWAL,2026-09-15
Bluepeak,2026-08,349,BP-316323,Robert White,1994-03-19,P-02557,99847493,4.20,RENEWAL,2026-09-15
Bluepeak,2026-08,350,BP-197924,Isaiah Conley,1989-12-16,P-02561,7150444,22.00,NEW,2026-09-15
Bluepeak,2026-08,351,BP-332007,Debbie Higgins,1960-07-18,P-02566,90949389,52.50,NEW,2026-09-15
Bluepeak,2026-08,352,BP-739230,Kevin Wagner,1959-05-27,P-02568,74197857,52.50,NEW,2026-09-15
Bluepeak,2026-08,353,BP-894446,Caitlin Cruz,1951-08-08,P-02578,78490893,26.25,RENEWAL,2026-09-15
Bluepeak,2026-08,354,BP-858376,Jerry Gomez,1937-09-16,P-02581,13981052,26.25,RENEWAL,2026-09-15
Bluepeak,2026-08,355,BP-493289,Isabella Fuller,1939-11-27,P-02588,11576383,19.00,RENEWAL,2026-09-15
Bluepeak,2026-08,356,BP-774488,Isabella Fuller,1939-11-27,P-02589,11576383,4.20,RENEWAL,2026-09-15
Bluepeak,2026-08,357,BP-228988,Debbie Gilmore,1987-11-01,P-02597,94702683,26.25,RENEWAL,2026-09-15
Bluepeak,2026-08,358,BP-171763,Marie Foster,1948-12-20,P-02598,5265799,26.25,RENEWAL,2026-09-15
Bluepeak,2026-08,359,BP-137884,Justin Woods,1943-02-28,P-02600,5265799,8.40,NEW,2026-09-15
Harborline,2026-08,1,HL-908903,Jose Mckay,1945-11-22,P-00008,61855700,26.25,RENEWAL,2026-09-15
Harborline,2026-08,2,HL-376195,Jason Nolan,1947-09-30,P-00034,5265799,52.50,NEW,2026-09-15
Harborline,2026-08,3,HL-838862,Jeanne Scott,1938-08-17,P-00041,54100814,52.50,NEW,2026-09-15
Harborline,2026-08,4,HL-538897,Jeffrey Chambers,1945-08-30,P-00044,43339391,26.25,RENEWAL,2026-09-15
Harborline,2026-08,5,HL-520245,Matthew Graham,1955-09-11,P-00057,43339391,26.25,RENEWAL,2026-09-15
Harborline,2026-08,6,HL-148759,Ross Reed,1980-06-13,P-00064,77125617,22.00,NEW,2026-09-15
Harborline,2026-08,7,HL-702891,Stephanie Newton,1939-02-26,P-00073,44524491,19.00,RENEWAL,2026-09-15
Harborline,2026-08,8,HL-573039,Stephanie Newton,1939-02-26,P-00074,44524491,4.20,RENEWAL,2026-09-15
Harborline,2026-08,9,HL-358133,Christopher Avery,1938-10-31,P-00079,29898923,26.25,RENEWAL,2026-09-15
Harborline,2026-08,10,HL-561267,Troy Mason,1951-12-10,P-00083,99847493,52.50,NEW,2026-09-15
Harborline,2026-08,11,HL-340977,Daniel Morris,1968-06-30,P-00088,61855700,22.00,NEW,2026-09-15
Harborline,2026-08,12,HL-139589,Chelsea Wolfe,1934-12-24,P-00093,94702683,19.00,RENEWAL,2026-09-15
Harborline,2026-08,13,HL-846172,Chelsea Wolfe,1934-12-24,P-00094,94702683,4.20,RENEWAL,2026-09-15
Harborline,2026-08,14,HL-901387,Benjamin Simpson,1936-08-08,P-00102,29898923,19.00,RENEWAL,2026-09-15
Harborline,2026-08,15,HL-886609,Benjamin Simpson,1936-08-08,P-00103,29898923,4.20,RENEWAL,2026-09-15
Harborline,2026-08,16,HL-622998,Melissa Santos,1985-02-09,P-00104,1884412,26.25,RENEWAL,2026-09-15
Harborline,2026-08,17,HL-432270,Scott Moore,1947-11-22,P-00107,43339391,19.00,RENEWAL,2026-09-15
Harborline,2026-08,18,HL-384424,Scott Moore,1947-11-22,P-00108,43339391,4.20,RENEWAL,2026-09-15
Harborline,2026-08,19,HL-799080,Kaitlyn Richardson,1959-06-22,P-00115,4356886,26.25,RENEWAL,2026-09-15
Harborline,2026-08,20,HL-613898,Brandon Banks,1953-04-22,P-00117,5265799,19.00,RENEWAL,2026-09-15
Harborline,2026-08,21,HL-388698,Brandon Banks,1953-04-22,P-00118,5265799,4.20,RENEWAL,2026-09-15
Harborline,2026-08,22,HL-226395,Joseph Chapman,1969-03-20,P-00128,94702683,16.00,RENEWAL,2026-09-15
Harborline,2026-08,23,HL-881519,Jeffrey Hayes,1949-12-29,P-00129,54100814,26.25,RENEWAL,2026-09-15
Harborline,2026-08,24,HL-668573,Molly Smith,1965-11-15,P-00138,43339391,16.00,RENEWAL,2026-09-15
Harborline,2026-08,25,HL-604884,Joanne Best,1951-05-01,P-00156,10583482,26.25,RENEWAL,2026-09-15
Harborline,2026-08,26,HL-508489,Christopher Haas,1937-09-03,P-00157,44524491,26.25,RENEWAL,2026-09-15
Harborline,2026-08,27,HL-326639,Brian Shelton,2003-05-15,P-00158,37231783,16.00,RENEWAL,2026-09-15
Harborline,2026-08,28,HL-555844,Angela Sawyer,1987-03-16,P-00167,33857966,16.00,RENEWAL,2026-09-15
Harborline,2026-08,29,HL-610343,Renee Guerra,1949-10-02,P-00169,74197857,26.25,RENEWAL,2026-09-15
Harborline,2026-08,30,HL-733152,David Young,1945-04-04,P-00174,4356886,26.25,RENEWAL,2026-09-15
Harborline,2026-08,31,HL-367747,Theresa Beck,1947-09-25,P-00179,37231783,19.00,RENEWAL,2026-09-15
Harborline,2026-08,32,HL-869983,Theresa Beck,1947-09-25,P-00180,37231783,4.20,RENEWAL,2026-09-15
Harborline,2026-08,33,HL-191853,Michelle Gross,1944-03-14,P-00207,61291817,26.25,RENEWAL,2026-09-15
Harborline,2026-08,34,HL-419484,Brandon Bryant,1944-01-03,P-00215,61855700,52.50,NEW,2026-09-15
Harborline,2026-08,35,HL-215674,Benjamin Morrison,1981-02-26,P-00219,5265799,16.00,RENEWAL,2026-09-15
Harborline,2026-08,36,HL-904857,Jennifer Castillo,1952-01-25,P-00223,5265799,26.25,RENEWAL,2026-09-15
Harborline,2026-08,37,HL-687019,Erin Garcia,1957-11-11,P-00234,13981052,19.00,RENEWAL,2026-09-15
Harborline,2026-08,38,HL-311802,Erin Garcia,1957-11-11,P-00235,13981052,4.20,RENEWAL,2026-09-15
Harborline,2026-08,39,HL-962671,Deborah Rivera,1990-02-17,P-00240,77125617,16.00,RENEWAL,2026-09-15
Harborline,2026-08,40,HL-289131,Amanda Harris,1963-02-21,P-00245,1884412,19.00,RENEWAL,2026-09-15
Harborline,2026-08,41,HL-374516,Amanda Harris,1963-02-21,P-00246,1884412,4.20,RENEWAL,2026-09-15
Harborline,2026-08,42,HL-683879,Regina Meadows,1967-01-23,P-00265,32244663,16.00,RENEWAL,2026-09-15
Harborline,2026-08,43,HL-512369,Jessica Murray,1944-02-29,P-00269,29898923,26.25,RENEWAL,2026-09-15
Harborline,2026-08,44,HL-487538,Veronica Cunningham,1956-01-17,P-00274,44524491,26.25,RENEWAL,2026-09-15
Harborline,2026-08,45,HL-811572,Vincent Ramsey,1959-01-23,P-00279,61291817,26.25,RENEWAL,2026-09-15
Harborline,2026-08,46,HL-130310,Jacob Bennett,1956-03-04,P-00280,99847493,26.25,RENEWAL,2026-09-15
Harborline,2026-08,47,HL-323088,Kathleen Wallace,1943-07-07,P-00282,7150444,26.25,RENEWAL,2026-09-15
Harborline,2026-08,48,HL-312861,Karen Harris,1955-01-14,P-00302,33857966,26.25,RENEWAL,2026-09-15
Harborline,2026-08,49,HL-637549,Candice Rose,1950-06-07,P-00306,1884412,52.50,NEW,2026-09-15
Harborline,2026-08,50,HL-624078,Isaac Torres,1934-12-23,P-00307,78490893,26.25,RENEWAL,2026-09-15
Harborline,2026-08,51,HL-243294,Nancy Khan,1941-02-22,P-00324,37231783,26.25,RENEWAL,2026-09-15
Harborline,2026-08,52,HL-374025,Sean Wheeler,1964-03-18,P-00326,61291817,16.00,RENEWAL,2026-09-15
Harborline,2026-08,53,HL-805486,Donald Mosley,1954-09-01,P-00329,61291817,26.25,RENEWAL,2026-09-15
Harborline,2026-08,54,HL-496818,Carol Tran,1957-06-15,P-00330,4356886,52.50,NEW,2026-09-15
Harborline,2026-08,55,HL-423896,Judith Parker,1938-11-27,P-00336,61291817,4.20,RENEWAL,2026-09-15
Harborline,2026-08,56,HL-198181,Joshua Kaufman,1946-06-30,P-00351,10583482,52.50,NEW,2026-09-15
Harborline,2026-08,57,HL-329931,Laura Day,1935-09-05,P-00369,94702683,26.25,RENEWAL,2026-09-15
Harborline,2026-08,59,HL-202110,Gary Young,1941-12-16,P-00385,97102525,26.25,RENEWAL,2026-09-15
Harborline,2026-08,60,HL-144748,Ryan Lawson,1952-02-18,P-00390,11576383,26.25,RENEWAL,2026-09-15
Harborline,2026-08,61,HL-945089,Jessica Flores,1993-12-22,P-00398,6831819,22.00,NEW,2026-09-15
Harborline,2026-08,62,HL-981282,Margaret Ramos,1964-11-12,P-00403,74197857,16.00,RENEWAL,2026-09-15
Harborline,2026-08,63,HL-825196,Janet Hull,1953-05-02,P-00406,61291817,26.25,RENEWAL,2026-09-15
Harborline,2026-08,64,HL-334896,Zachary Lopez,1966-09-07,P-00414,11576383,22.00,NEW,2026-09-15
Harborline,2026-08,65,HL-100417,Diane Cruz,1944-10-29,P-00417,1884412,52.50,NEW,2026-09-15
Harborline,2026-08,66,HL-297083,Kristen Walker,1957-10-23,P-00420,29898923,52.50,NEW,2026-09-15
Harborline,2026-08,67,HL-156136,Albert Harris,1938-10-02,P-00436,29898923,4.20,RENEWAL,2026-09-15
Harborline,2026-08,68,HL-696053,Michael Smith,1948-02-05,P-00456,32244663,26.25,RENEWAL,2026-09-15
Harborline,2026-08,69,HL-479459,Olivia Taylor,1958-11-25,P-00462,99847493,26.25,RENEWAL,2026-09-15
Harborline,2026-08,70,HL-981529,Susan Fox,1937-06-14,P-00475,54100814,4.20,RENEWAL,2026-09-15
Harborline,2026-08,71,HL-409767,Abigail Fox,1963-01-26,P-00476,54100814,22.00,NEW,2026-09-15
Harborline,2026-08,72,HL-909289,Karen Robinson,1939-02-26,P-00477,94702683,26.25,RENEWAL,2026-09-15
Harborline,2026-08,73,HL-941390,Zachary Johnson,1959-05-17,P-00478,29898923,52.50,NEW,2026-09-15
Harborline,2026-08,74,HL-420602,Christina Stewart,1938-08-14,P-00490,90949389,26.25,RENEWAL,2026-09-15
Harborline,2026-08,75,HL-243628,Dennis Graham,1999-11-22,P-00492,37231783,16.00,RENEWAL,2026-09-15
Harborline,2026-08,76,HL-736249,Patricia Sims,1944-11-02,P-00495,32244663,52.50,NEW,2026-09-15
Harborline,2026-08,77,HL-883714,Erik Todd,1967-11-16,P-00500,1884412,22.00,NEW,2026-09-15
Harborline,2026-08,78,HL-421153,Denise Diaz,1945-07-22,P-00504,29898923,26.25,RENEWAL,2026-09-15
Harborline,2026-08,79,HL-625927,Timothy Mays,1981-12-12,P-00517,13981052,16.00,RENEWAL,2026-09-15
Harborline,2026-08,80,HL-594908,Steve Wolfe,1963-07-13,P-00540,97102525,22.00,NEW,2026-09-15
Harborline,2026-08,81,HL-957011,Christie Young,1937-08-25,P-00543,7150444,26.25,RENEWAL,2026-09-15
Harborline,2026-08,82,HL-968454,Lisa Brown,1939-02-23,P-00546,33857966,19.00,RENEWAL,2026-09-15
Harborline,2026-08,83,HL-547898,Lisa Brown,1939-02-23,P-00547,33857966,4.20,RENEWAL,2026-09-15
Harborline,2026-08,84,HL-579653,Debbie Espinoza,1944-04-12,P-00559,61291817,52.50,NEW,2026-09-15
Harborline,2026-08,85,HL-878999,Alan Martinez,1972-08-10,P-00564,99847493,16.00,RENEWAL,2026-09-15
Harborline,2026-08,86,HL-561746,Tony Rodriguez,1956-03-18,P-00571,43339391,26.25,RENEWAL,2026-09-15
Harborline,2026-08,87,HL-523874,Diane Cruz,1944-10-29,P-00582,37231783,4.20,RENEWAL,2026-09-15
Harborline,2026-08,88,HL-129321,Andrea Sparks,1944-11-23,P-00583,78490893,19.00,RENEWAL,2026-09-15
Harborline,2026-08,89,HL-663886,Andrea Sparks,1944-11-23,P-00584,78490893,4.20,RENEWAL,2026-09-15
Harborline,2026-08,90,HL-856213,Ashley Ellison,1944-06-27,P-00589,13981052,26.25,RENEWAL,2026-09-15
Harborline,2026-08,91,HL-458747,Jody Rivera,1950-02-14,P-00604,61855700,26.25,RENEWAL,2026-09-15
Harborline,2026-08,92,HL-689171,Nicole Acosta,1937-05-18,P-00614,44524491,19.00,RENEWAL,2026-09-15
Harborline,2026-08,93,HL-734148,Nicole Acosta,1937-05-18,P-00615,44524491,4.20,RENEWAL,2026-09-15
Harborline,2026-08,94,HL-759439,Hailey Mcdaniel,1952-02-11,P-00617,61291817,26.25,RENEWAL,2026-09-15
Harborline,2026-08,95,HL-460262,Jeffrey Schaefer,1972-07-10,P-00620,44524491,16.00,RENEWAL,2026-09-15
Harborline,2026-08,96,HL-599651,Christopher Khan,1957-09-04,P-00627,4356886,4.20,RENEWAL,2026-09-15
Harborline,2026-08,97,HL-385173,Matthew Williams,1947-10-20,P-00629,4356886,19.00,RENEWAL,2026-09-15
Harborline,2026-08,98,HL-949717,Matthew Williams,1947-10-20,P-00630,4356886,4.20,RENEWAL,2026-09-15
Harborline,2026-08,99,HL-404387,David Carney,1997-10-09,P-00639,32244663,16.00,RENEWAL,2026-09-15
Harborline,2026-08,100,HL-631747,Ashley Foster,1938-01-06,P-00642,54100814,19.00,RENEWAL,2026-09-15
Harborline,2026-08,101,HL-269864,Ashley Foster,1938-01-06,P-00643,54100814,4.20,RENEWAL,2026-09-15
Harborline,2026-08,102,HL-144993,Lisa Huang,1943-08-26,P-00646,33857966,26.25,RENEWAL,2026-09-15
Harborline,2026-08,103,HL-746307,Mary Jones,1950-04-29,P-00649,78490893,26.25,RENEWAL,2026-09-15
Harborline,2026-08,104,HL-171046,Matthew Bradley,1946-07-27,P-00666,32244663,26.25,RENEWAL,2026-09-15
Harborline,2026-08,105,HL-596159,Elaine Gardner,1937-12-28,P-00673,5265799,52.50,NEW,2026-09-15
Harborline,2026-08,106,HL-932839,Suzanne Carpenter,1952-07-13,P-00676,37231783,4.20,RENEWAL,2026-09-15
Harborline,2026-08,107,HL-157580,John Murray,2002-11-09,P-00688,10583482,16.00,RENEWAL,2026-09-15
Harborline,2026-08,108,HL-243541,Danielle Sampson,1942-12-28,P-00690,61291817,19.00,RENEWAL,2026-09-15
Harborline,2026-08,109,HL-144590,Danielle Sampson,1942-12-28,P-00691,61291817,4.20,RENEWAL,2026-09-15
Harborline,2026-08,110,HL-791557,Sarah Vasquez,1937-05-27,P-00696,77125617,52.50,NEW,2026-09-15
Harborline,2026-08,111,HL-392896,Andrew Waters,1953-10-26,P-00697,43339391,26.25,RENEWAL,2026-09-15
Harborline,2026-08,112,HL-524865,Heather Thomas,1951-01-18,P-00712,78490893,26.25,RENEWAL,2026-09-15
Harborline,2026-08,113,HL-843312,Megan Rodriguez,1933-10-10,P-00719,78490893,19.00,RENEWAL,2026-09-15
Harborline,2026-08,114,HL-945097,Megan Rodriguez,1933-10-10,P-00720,78490893,4.20,RENEWAL,2026-09-15
Harborline,2026-08,115,HL-518036,Gail Johnston,1984-12-13,P-00737,7150444,16.00,RENEWAL,2026-09-15
Harborline,2026-08,116,HL-815179,Jesse Wiggins,1943-05-03,P-00744,33857966,26.25,RENEWAL,2026-09-15
Harborline,2026-08,117,HL-992204,Logan Johnson,1942-07-22,P-00750,78490893,26.25,RENEWAL,2026-09-15
Harborline,2026-08,118,HL-401260,Robert Chandler,1934-10-15,P-00756,33857966,26.25,RENEWAL,2026-09-15
Harborline,2026-08,120,HL-136901,Joshua Fowler,1957-06-13,P-00758,13981052,52.50,NEW,2026-09-15
Harborline,2026-08,121,HL-135430,Eric Walker,1996-09-11,P-00761,90949389,19.00,RENEWAL,2026-09-15
Harborline,2026-08,122,HL-815123,Eric Walker,1996-09-11,P-00762,90949389,4.20,RENEWAL,2026-09-15
Harborline,2026-08,123,HL-674598,Laura Decker,1945-08-05,P-00772,6831819,38.00,NEW,2026-09-15
Harborline,2026-08,124,HL-736045,Laura Decker,1945-08-05,P-00773,6831819,8.40,NEW,2026-09-15
Harborline,2026-08,125,HL-283480,Derek Martinez,1944-09-10,P-00786,90949389,19.00,RENEWAL,2026-09-15
Harborline,2026-08,126,HL-290553,Derek Martinez,1944-09-10,P-00787,90949389,4.20,RENEWAL,2026-09-15
Harborline,2026-08,127,HL-993163,Lisa Adams,1955-02-12,P-00818,78490893,4.20,RENEWAL,2026-09-15
Harborline,2026-08,128,HL-669273,Emily Mosley,1948-06-18,P-00823,43339391,19.00,RENEWAL,2026-09-15
Harborline,2026-08,129,HL-367313,Emily Mosley,1948-06-18,P-00824,43339391,4.20,RENEWAL,2026-09-15
Harborline,2026-08,130,HL-138198,Andrew Underwood,1975-08-09,P-00828,77125617,16.00,RENEWAL,2026-09-15
Harborline,2026-08,131,HL-649907,Kevin Joyce,1954-02-09,P-00862,94702683,26.25,RENEWAL,2026-09-15
Harborline,2026-08,132,HL-710313,Gabriel Johnson,1946-04-02,P-00871,4356886,26.25,RENEWAL,2026-09-15
Harborline,2026-08,134,HL-863503,Lauren Flynn,1941-10-21,P-00879,54100814,19.00,RENEWAL,2026-09-15
Harborline,2026-08,135,HL-551839,Lauren Flynn,1941-10-21,P-00880,54100814,4.20,RENEWAL,2026-09-15
Harborline,2026-08,136,HL-954344,Sherry Leon,1970-10-09,P-00881,29898923,22.00,NEW,2026-09-15
Harborline,2026-08,137,HL-276923,Amber Johnson,1976-12-25,P-00897,78490893,22.00,NEW,2026-09-15
Harborline,2026-08,138,HL-316394,Rodney Porter,1958-08-06,P-00903,54100814,26.25,RENEWAL,2026-09-15
Harborline,2026-08,139,HL-514734,Eric Johnson,1942-12-14,P-00904,13981052,52.50,NEW,2026-09-15
Harborline,2026-08,140,HL-760914,Kevin Ritter,1943-12-08,P-00906,1884412,26.25,RENEWAL,2026-09-15
Harborline,2026-08,141,HL-298340,Kylie Ritter,1948-06-26,P-00909,1884412,38.00,NEW,2026-09-15
Harborline,2026-08,142,HL-188753,Kylie Ritter,1948-06-26,P-00910,1884412,8.40,NEW,2026-09-15
Harborline,2026-08,143,HL-317935,Robert Bailey,1939-03-13,P-00912,94702683,26.25,RENEWAL,2026-09-15
Harborline,2026-08,144,HL-310807,Mark Cline,1969-11-23,P-00913,99847493,16.00,RENEWAL,2026-09-15
Harborline,2026-08,145,HL-772928,Christopher Schneider,1936-10-12,P-00915,4356886,26.25,RENEWAL,2026-09-15
Harborline,2026-08,146,HL-751343,Donna Snyder,1995-09-28,P-00936,43339391,22.00,NEW,2026-09-15
Harborline,2026-08,147,HL-702665,Heather Braun,1942-03-01,P-00937,32244663,26.25,RENEWAL,2026-09-15
Harborline,2026-08,148,HL-729965,Sharon Morgan,1977-09-16,P-00950,94702683,22.00,NEW,2026-09-15
Harborline,2026-08,149,HL-728397,Christine Kelly,1939-04-07,P-00953,61291817,26.25,RENEWAL,2026-09-15
Harborline,2026-08,150,HL-660270,Dylan Rowe,1954-04-02,P-00954,29898923,26.25,RENEWAL,2026-09-15
Harborline,2026-08,151,HL-951619,Casey Davidson,1998-02-16,P-00957,94702683,16.00,RENEWAL,2026-09-15
Harborline,2026-08,152,HL-583433,Norma Schmitt,1940-04-23,P-00968,74197857,26.25,RENEWAL,2026-09-15
Harborline,2026-08,153,HL-695958,Jennifer White,1974-06-18,P-00970,78490893,22.00,NEW,2026-09-15
Harborline,2026-08,154,HL-315531,Christian Payne,1946-07-24,P-00977,6831819,26.25,RENEWAL,2026-09-15
Harborline,2026-08,155,HL-343944,Melissa Taylor,1946-05-09,P-00979,61855700,52.50,NEW,2026-09-15
Harborline,2026-08,156,HL-943332,Jesse Campbell,1980-12-16,P-00987,97102525,22.00,NEW,2026-09-15
Harborline,2026-08,157,HL-779420,Robert Anderson,1954-12-25,P-00988,6831819,19.00,RENEWAL,2026-09-15
Harborline,2026-08,158,HL-325101,Robert Anderson,1954-12-25,P-00989,6831819,4.20,RENEWAL,2026-09-15
Harborline,2026-08,159,HL-130791,Miguel Santos,1959-08-19,P-01005,37231783,19.00,RENEWAL,2026-09-15
Harborline,2026-08,160,HL-112088,Miguel Santos,1959-08-19,P-01006,37231783,4.20,RENEWAL,2026-09-15
Harborline,2026-08,161,HL-860643,Carlos Santos,1978-04-18,P-01007,37231783,22.00,NEW,2026-09-15
Harborline,2026-08,162,HL-529740,Teresa Gregory,1951-03-19,P-01008,13981052,4.20,RENEWAL,2026-09-15
Harborline,2026-08,163,HL-422541,Edward Phillips,1958-11-08,P-01010,37231783,19.00,RENEWAL,2026-09-15
Harborline,2026-08,164,HL-674288,Edward Phillips,1958-11-08,P-01011,37231783,4.20,RENEWAL,2026-09-15
Harborline,2026-08,165,HL-118027,James Phillips,1998-07-16,P-01013,37231783,22.00,NEW,2026-09-15
Harborline,2026-08,166,HL-412676,Brooke Blake,1971-12-24,P-01022,33857966,26.25,RENEWAL,2026-09-15
Harborline,2026-08,167,HL-874467,Derrick Jones,1933-11-03,P-01023,78490893,26.25,RENEWAL,2026-09-15
Harborline,2026-08,168,HL-543391,Deanna Terry,1945-01-15,P-01027,32244663,26.25,RENEWAL,2026-09-15
Harborline,2026-08,170,HL-700249,Jeffery Carter,1960-01-05,P-01058,6831819,52.50,NEW,2026-09-15
Harborline,2026-08,171,HL-887931,Wendy Bartlett,1955-02-28,P-01072,4356886,26.25,RENEWAL,2026-09-15
Harborline,2026-08,172,HL-951153,Jeremiah Melton,1970-02-13,P-01077,6831819,26.25,RENEWAL,2026-09-15
Harborline,2026-08,173,HL-854169,Gloria Green,1940-05-03,P-01080,97102525,4.20,RENEWAL,2026-09-15
Harborline,2026-08,174,HL-253924,Ashley Rojas,1951-11-25,P-01090,5265799,26.25,RENEWAL,2026-09-15
Harborline,2026-08,175,HL-373229,Elijah Wright,1942-12-02,P-01100,77125617,26.25,RENEWAL,2026-09-15
Harborline,2026-08,176,HL-267199,Heather Robinson,1936-01-30,P-01123,61855700,52.50,NEW,2026-09-15
Harborline,2026-08,177,HL-531618,Andrew Holland,2005-02-23,P-01129,7150444,22.00,NEW,2026-09-15
Harborline,2026-08,178,HL-722560,Kimberly Espinoza,1942-06-14,P-01149,61291817,52.50,NEW,2026-09-15
Harborline,2026-08,179,HL-768742,Brian Mccall,1940-02-02,P-01150,7150444,38.00,NEW,2026-09-15
Harborline,2026-08,180,HL-568323,Brian Mccall,1940-02-02,P-01151,7150444,8.40,NEW,2026-09-15
Harborline,2026-08,181,HL-426295,Tiffany Boyd,1939-04-22,P-01157,43339391,38.00,NEW,2026-09-15
Harborline,2026-08,182,HL-426488,Tiffany Boyd,1939-04-22,P-01158,43339391,8.40,NEW,2026-09-15
Harborline,2026-08,183,HL-895221,Alex Lewis,1942-05-04,P-01160,11576383,19.00,RENEWAL,2026-09-15
Harborline,2026-08,184,HL-472314,Alex Lewis,1942-05-04,P-01161,11576383,4.20,RENEWAL,2026-09-15
Harborline,2026-08,185,HL-564223,Krista Price,1957-06-14,P-01180,29898923,19.00,RENEWAL,2026-09-15
Harborline,2026-08,186,HL-712001,Krista Price,1957-06-14,P-01181,29898923,4.20,RENEWAL,2026-09-15
Harborline,2026-08,187,HL-358317,Michael Gutierrez,1948-01-23,P-01185,10583482,4.20,RENEWAL,2026-09-15
Harborline,2026-08,188,HL-410942,Elizabeth Shaffer,1937-05-14,P-01188,10583482,26.25,RENEWAL,2026-09-15
Harborline,2026-08,189,HL-800207,Nichole Campbell,1967-12-05,P-01189,78490893,22.00,NEW,2026-09-15
Harborline,2026-08,190,HL-385326,John Haney,1945-10-22,P-01190,97102525,26.25,RENEWAL,2026-09-15
Harborline,2026-08,191,HL-105341,Michael Robinson,1963-09-10,P-01199,78490893,22.00,NEW,2026-09-15
Harborline,2026-08,192,HL-527445,Rachel Robinson,1947-07-01,P-01200,78490893,26.25,RENEWAL,2026-09-15
Harborline,2026-08,193,HL-713457,Tracy Woods,1960-03-13,P-01212,33857966,52.50,NEW,2026-09-15
Harborline,2026-08,194,HL-910453,Brian Romero,1956-08-26,P-01219,94702683,26.25,RENEWAL,2026-09-15
Harborline,2026-08,195,HL-219248,Veronica Bradley,1954-03-20,P-01228,97102525,19.00,RENEWAL,2026-09-15
Harborline,2026-08,196,HL-900690,Veronica Bradley,1954-03-20,P-01229,97102525,4.20,RENEWAL,2026-09-15
Harborline,2026-08,197,HL-754799,Donald Hopkins,1952-05-31,P-01231,90949389,26.25,RENEWAL,2026-09-15
Harborline,2026-08,198,HL-968439,Kelly Cunningham,1969-04-29,P-01249,1884412,16.00,RENEWAL,2026-09-15
Harborline,2026-08,199,HL-481136,Heidi Myers,1954-08-02,P-01257,11576383,19.00,RENEWAL,2026-09-15
Harborline,2026-08,200,HL-618854,Heidi Myers,1954-08-02,P-01258,11576383,4.20,RENEWAL,2026-09-15
Harborline,2026-08,201,HL-830797,Donna Hunter,1960-04-28,P-01263,94702683,26.25,RENEWAL,2026-09-15
Harborline,2026-08,202,HL-124284,Jonathon Hunter,1945-07-21,P-01264,94702683,4.20,RENEWAL,2026-09-15
Harborline,2026-08,203,HL-149525,Larry Carr,1956-03-24,P-01277,32244663,52.50,NEW,2026-09-15
Harborline,2026-08,204,HL-890954,Amanda Keller,1993-02-28,P-01292,11576383,22.00,NEW,2026-09-15
Harborline,2026-08,205,HL-730113,Kimberly Hopkins,1950-04-27,P-01299,5265799,52.50,NEW,2026-09-15
Harborline,2026-08,206,HL-858334,Debra Farmer,1973-02-27,P-01311,54100814,22.00,NEW,2026-09-15
Harborline,2026-08,207,HL-154285,James Meyer,1986-01-11,P-01316,44524491,22.00,NEW,2026-09-15
Harborline,2026-08,208,HL-391755,Cory Andrews,1991-09-30,P-01328,74197857,16.00,RENEWAL,2026-09-15
Harborline,2026-08,209,HL-180063,Sean Simmons,1936-10-22,P-01330,13981052,4.20,RENEWAL,2026-09-15
Harborline,2026-08,210,HL-647896,Michael Wilson,1947-04-22,P-01331,43339391,26.25,RENEWAL,2026-09-15
Harborline,2026-08,211,HL-192401,Hailey Powers,1952-05-22,P-01334,77125617,52.50,NEW,2026-09-15
Harborline,2026-08,212,HL-998213,,,,,61.05,NEW,2026-09-15
Harborline,2026-08,213,HL-417801,Jeffrey Wiggins,1959-08-30,P-01335,94702683,38.00,NEW,2026-09-15
Harborline,2026-08,214,HL-526536,Jeffrey Wiggins,1959-08-30,P-01336,94702683,8.40,NEW,2026-09-15
Harborline,2026-08,215,HL-627094,Joseph Johnson,1955-06-30,P-01342,78490893,19.00,RENEWAL,2026-09-15
Harborline,2026-08,216,HL-821221,Joseph Johnson,1955-06-30,P-01343,78490893,4.20,RENEWAL,2026-09-15
Harborline,2026-08,217,HL-120562,Shaun Klein,1938-05-01,P-01355,44524491,26.25,RENEWAL,2026-09-15
Harborline,2026-08,218,HL-479715,Samuel Martin,1949-11-03,P-01362,6831819,52.50,NEW,2026-09-15
Harborline,2026-08,219,HL-936021,Marcus Baxter,1949-11-19,P-01371,33857966,4.20,RENEWAL,2026-09-15
Harborline,2026-08,220,HL-248441,Michaela Edwards,1937-07-23,P-01380,6831819,38.00,NEW,2026-09-15
Harborline,2026-08,221,HL-671721,Michaela Edwards,1937-07-23,P-01381,6831819,8.40,NEW,2026-09-15
Harborline,2026-08,222,HL-222104,Amy Martin,1950-07-22,P-01396,78490893,26.25,RENEWAL,2026-09-15
Harborline,2026-08,223,HL-779089,Tina Reyes,2001-12-05,P-01418,61855700,16.00,RENEWAL,2026-09-15
Harborline,2026-08,224,HL-205881,Julia Murray,1943-06-19,P-01426,37231783,26.25,RENEWAL,2026-09-15
Harborline,2026-08,225,HL-718506,Alyssa Miller,1956-12-02,P-01429,7150444,26.25,RENEWAL,2026-09-15
Harborline,2026-08,226,HL-293412,Steven Simpson,1955-07-19,P-01432,1884412,26.25,RENEWAL,2026-09-15
Harborline,2026-08,227,HL-453175,Margaret Simpson,1999-10-30,P-01434,1884412,22.00,NEW,2026-09-15
Harborline,2026-08,228,HL-733693,Judith Villanueva,1998-12-29,P-01454,94702683,16.00,RENEWAL,2026-09-15
Harborline,2026-08,229,HL-821520,Ryan Jones,1965-01-29,P-01463,7150444,19.00,RENEWAL,2026-09-15
Harborline,2026-08,230,HL-590693,Ryan Jones,1965-01-29,P-01464,7150444,4.20,RENEWAL,2026-09-15
Harborline,2026-08,231,HL-209128,Emily Pennington,1934-07-19,P-01467,5265799,26.25,RENEWAL,2026-09-15
Harborline,2026-08,232,HL-281317,Debbie Brown,1936-06-16,P-01470,90949389,26.25,RENEWAL,2026-09-15
Harborline,2026-08,233,HL-959071,Ann Nguyen,1977-07-25,P-01472,77125617,22.00,NEW,2026-09-15
Harborline,2026-08,234,HL-585497,Donna Payne,1938-04-28,P-01476,44524491,52.50,NEW,2026-09-15
Harborline,2026-08,235,HL-440932,Erica Cook,1937-03-29,P-01479,97102525,26.25,RENEWAL,2026-09-15
Harborline,2026-08,236,HL-343541,Sandra Mathis,1939-10-30,P-01485,1884412,19.00,RENEWAL,2026-09-15
Harborline,2026-08,237,HL-822856,Sandra Mathis,1939-10-30,P-01486,1884412,4.20,RENEWAL,2026-09-15
Harborline,2026-08,238,HL-610969,Sarah Harrell,1998-05-09,P-01492,94702683,22.00,NEW,2026-09-15
Harborline,2026-08,239,HL-806572,Fernando Norton,1935-03-30,P-01511,6831819,26.25,RENEWAL,2026-09-15
Harborline,2026-08,240,HL-642157,Anthony Simmons,1938-01-02,P-01514,43339391,26.25,RENEWAL,2026-09-15
Harborline,2026-08,241,HL-466448,Megan Montgomery,1938-02-11,P-01517,1884412,26.25,RENEWAL,2026-09-15
Harborline,2026-08,242,HL-456156,Jenna Simmons,1953-05-18,P-01525,54100814,19.00,RENEWAL,2026-09-15
Harborline,2026-08,243,HL-231939,Jenna Simmons,1953-05-18,P-01526,54100814,4.20,RENEWAL,2026-09-15
Harborline,2026-08,244,HL-459245,Melissa Daniel,1987-04-04,P-01533,37231783,22.00,NEW,2026-09-15
Harborline,2026-08,245,HL-164100,Vincent Norman,1951-07-05,P-01538,44524491,26.25,RENEWAL,2026-09-15
Harborline,2026-08,246,HL-303552,April Garcia,1956-05-15,P-01570,54100814,52.50,NEW,2026-09-15
Harborline,2026-08,247,HL-105335,Hannah Nelson,1946-06-19,P-01580,99847493,26.25,RENEWAL,2026-09-15
Harborline,2026-08,248,HL-803484,Rachel Wilson,1937-09-20,P-01581,33857966,26.25,RENEWAL,2026-09-15
Harborline,2026-08,249,HL-665771,Tracy Wilson,1947-05-05,P-01582,33857966,26.25,RENEWAL,2026-09-15
Harborline,2026-08,250,HL-357437,Isaac Wilson,1936-10-02,P-01583,33857966,52.50,NEW,2026-09-15
Harborline,2026-08,251,HL-891186,Adam Sutton,1939-04-10,P-01597,61855700,26.25,RENEWAL,2026-09-15
Harborline,2026-08,252,HL-675030,Stacy Carroll,1960-07-25,P-01601,5265799,52.50,NEW,2026-09-15
Harborline,2026-08,253,HL-979951,Jessica Carroll,1962-03-04,P-01602,5265799,16.00,RENEWAL,2026-09-15
Harborline,2026-08,254,HL-189335,Leslie Hernandez,1937-06-07,P-01604,97102525,26.25,RENEWAL,2026-09-15
Harborline,2026-08,255,HL-958824,Seth Armstrong,1957-10-16,P-01611,32244663,26.25,RENEWAL,2026-09-15
Harborline,2026-08,256,HL-958456,Savannah Rodriguez,1934-11-30,P-01612,4356886,19.00,RENEWAL,2026-09-15
Harborline,2026-08,257,HL-982901,Savannah Rodriguez,1934-11-30,P-01613,4356886,4.20,RENEWAL,2026-09-15
Harborline,2026-08,258,HL-558337,Gary Butler,1940-08-27,P-01615,61855700,19.00,RENEWAL,2026-09-15
Harborline,2026-08,259,HL-614897,Gary Butler,1940-08-27,P-01616,61855700,4.20,RENEWAL,2026-09-15
Harborline,2026-08,260,HL-312215,Matthew Baker,1941-06-18,P-01621,13981052,26.25,RENEWAL,2026-09-15
Harborline,2026-08,261,HL-742878,Jill Jones,1960-08-18,P-01627,1884412,52.50,NEW,2026-09-15
Harborline,2026-08,262,HL-650478,Frances Zamora,1940-09-29,P-01633,77125617,26.25,RENEWAL,2026-09-15
Harborline,2026-08,263,HL-592130,Alexis Ross,1951-08-27,P-01638,29898923,26.25,RENEWAL,2026-09-15
Harborline,2026-08,264,HL-266674,Matthew Moreno,1944-05-18,P-01646,29898923,52.50,NEW,2026-09-15
Harborline,2026-08,265,HL-768154,Edwin Sanders,1935-04-16,P-01671,13981052,26.25,RENEWAL,2026-09-15
Harborline,2026-08,266,HL-709187,Wendy Patrick,1980-05-01,P-01689,61855700,52.50,NEW,2026-09-15
Harborline,2026-08,267,HL-819162,Katrina Watson,1980-04-28,P-01694,77125617,22.00,NEW,2026-09-15
Harborline,2026-08,268,HL-667636,Debbie Middleton,1952-12-14,P-01695,33857966,52.50,NEW,2026-09-15
Harborline,2026-08,269,HL-244121,Dawn Perez,1955-11-30,P-01698,11576383,52.50,NEW,2026-09-15
Harborline,2026-08,270,HL-771863,Jason Turner,1960-05-29,P-01699,94702683,52.50,NEW,2026-09-15
Harborline,2026-08,271,HL-301059,Brandon Valdez,1958-07-03,P-01709,5265799,52.50,NEW,2026-09-15
Harborline,2026-08,272,HL-211194,Peter Brooks,1964-11-11,P-01738,43339391,22.00,NEW,2026-09-15
Harborline,2026-08,273,HL-279720,Leon Clark,1943-08-08,P-01750,10583482,52.50,NEW,2026-09-15
Harborline,2026-08,274,HL-575915,Karen Rice,1949-09-05,P-01765,74197857,52.50,NEW,2026-09-15
Harborline,2026-08,275,HL-171588,Nicole Richards,1934-08-06,P-01772,61291817,26.25,RENEWAL,2026-09-15
Harborline,2026-08,276,HL-404579,Elizabeth Rose,1948-06-01,P-01780,13981052,26.25,RENEWAL,2026-09-15
Harborline,2026-08,277,HL-848428,Mary Rose,1952-07-06,P-01781,13981052,52.50,NEW,2026-09-15
Harborline,2026-08,278,HL-833826,Timothy Miller,1958-01-23,P-01785,43339391,26.25,RENEWAL,2026-09-15
Harborline,2026-08,279,HL-498357,Tommy Parker,1975-10-20,P-01786,11576383,22.00,NEW,2026-09-15
Harborline,2026-08,280,HL-202051,Christopher Allen,1945-01-31,P-01798,1884412,26.25,RENEWAL,2026-09-15
Harborline,2026-08,281,HL-513006,Nicole Hernandez,1962-04-18,P-01801,7150444,22.00,NEW,2026-09-15
Harborline,2026-08,282,HL-618109,Lindsay Sparks,1937-04-05,P-01825,44524491,26.25,RENEWAL,2026-09-15
Harborline,2026-08,283,HL-509394,John Vasquez,1937-03-14,P-01838,13981052,26.25,RENEWAL,2026-09-15
Harborline,2026-08,284,HL-245535,Haley Cole,1946-04-26,P-01845,78490893,26.25,RENEWAL,2026-09-15
Harborline,2026-08,285,HL-908995,James Oconnor,1986-04-15,P-01861,6831819,22.00,NEW,2026-09-15
Harborline,2026-08,286,HL-587074,Jason Oconnor,1947-11-17,P-01862,6831819,26.25,RENEWAL,2026-09-15
Harborline,2026-08,287,HL-870452,Kevin Beard,1947-09-24,P-01863,1884412,19.00,RENEWAL,2026-09-15
Harborline,2026-08,288,HL-361355,Kevin Beard,1947-09-24,P-01864,1884412,4.20,RENEWAL,2026-09-15
Harborline,2026-08,289,HL-189416,William Odonnell,1949-03-13,P-01872,7150444,26.25,RENEWAL,2026-09-15
Harborline,2026-08,290,HL-841378,Jennifer Davis,1936-05-03,P-01881,43339391,4.20,RENEWAL,2026-09-15
Harborline,2026-08,291,HL-771716,Kyle Williams,1950-11-11,P-01885,10583482,52.50,NEW,2026-09-15
Harborline,2026-08,292,HL-950264,Christopher Johnson,1948-05-10,P-01894,78490893,38.00,NEW,2026-09-15
Harborline,2026-08,293,HL-246272,Christopher Johnson,1948-05-10,P-01895,78490893,8.40,NEW,2026-09-15
Harborline,2026-08,294,HL-965464,Joseph Kennedy,1996-01-12,P-01905,7150444,16.00,RENEWAL,2026-09-15
Harborline,2026-08,295,HL-563977,Elizabeth Brown,1936-06-05,P-01918,37231783,52.50,NEW,2026-09-15
Harborline,2026-08,296,HL-998899,Robert Ramos,1953-05-12,P-01940,6831819,52.50,NEW,2026-09-15
Harborline,2026-08,297,HL-777274,Kelly Romero,1965-09-06,P-01960,90949389,22.00,NEW,2026-09-15
Harborline,2026-08,298,HL-234373,Sydney Romero,1980-05-28,P-01961,99847493,26.25,RENEWAL,2026-09-15
Harborline,2026-08,299,HL-725109,Nicole Wood,1939-02-06,P-01968,61291817,52.50,NEW,2026-09-15
Harborline,2026-08,300,HL-772252,Sarah King,1951-12-08,P-01969,78490893,26.25,RENEWAL,2026-09-15
Harborline,2026-08,301,HL-797948,Erin Miller,1952-06-18,P-01972,33857966,52.50,NEW,2026-09-15
Harborline,2026-08,302,HL-923603,Ronnie Ponce,1947-05-30,P-01994,33857966,26.25,RENEWAL,2026-09-15
Harborline,2026-08,303,HL-694831,Adam Jones,1953-07-29,P-01995,74197857,26.25,RENEWAL,2026-09-15
Harborline,2026-08,304,HL-870717,Misty Brown,1947-02-17,P-02004,43339391,19.00,RENEWAL,2026-09-15
Harborline,2026-08,305,HL-950273,Misty Brown,1947-02-17,P-02005,43339391,4.20,RENEWAL,2026-09-15
Harborline,2026-08,306,HL-162146,Diana Frost,1972-09-21,P-02008,90949389,16.00,RENEWAL,2026-09-15
Harborline,2026-08,307,HL-732228,Deanna Nielsen,1938-10-29,P-02019,29898923,26.25,RENEWAL,2026-09-15
Harborline,2026-08,308,HL-983389,Brandon Thomas,2000-06-17,P-02021,78490893,22.00,NEW,2026-09-15
Harborline,2026-08,309,HL-740234,Sara Stanley,1943-07-12,P-02024,61291817,52.50,NEW,2026-09-15
Harborline,2026-08,310,HL-708893,Aaron Murray,1960-01-20,P-02038,44524491,26.25,RENEWAL,2026-09-15
Harborline,2026-08,311,HL-773039,Shelly Richards,1951-05-12,P-02054,61291817,52.50,NEW,2026-09-15
Harborline,2026-08,312,HL-804020,Scott Duncan,1944-02-11,P-02065,97102525,26.25,RENEWAL,2026-09-15
Harborline,2026-08,313,HL-560976,Rachel Williams,1988-12-11,P-02071,10583482,16.00,RENEWAL,2026-09-15
Harborline,2026-08,314,HL-703490,Traci Graham,1956-08-13,P-02076,33857966,8.40,NEW,2026-09-15
Harborline,2026-08,315,HL-864773,John Kemp,1945-10-10,P-02078,4356886,26.25,RENEWAL,2026-09-15
Harborline,2026-08,316,HL-346024,Christine Foster,1933-10-03,P-02087,29898923,26.25,RENEWAL,2026-09-15
Harborline,2026-08,317,HL-222448,Kimberly White,1954-03-29,P-02091,7150444,26.25,RENEWAL,2026-09-15
Harborline,2026-08,318,HL-141341,Anthony Medina,1982-11-23,P-02100,5265799,22.00,NEW,2026-09-15
Harborline,2026-08,319,HL-694310,David Frey,1948-04-24,P-02106,32244663,26.25,RENEWAL,2026-09-15
Harborline,2026-08,320,HL-166165,Nancy Frey,1952-05-27,P-02107,32244663,52.50,NEW,2026-09-15
Harborline,2026-08,321,HL-548679,Cynthia Murphy,1996-08-21,P-02116,5265799,26.25,RENEWAL,2026-09-15
Harborline,2026-08,322,HL-502457,Olivia Robertson,1947-03-16,P-02123,90949389,52.50,NEW,2026-09-15
Harborline,2026-08,323,HL-264627,Shannon Perez,1944-07-09,P-02127,10583482,26.25,RENEWAL,2026-09-15
Harborline,2026-08,324,HL-890781,Joshua Hartman,1942-06-10,P-02132,13981052,52.50,NEW,2026-09-15
Harborline,2026-08,325,HL-649074,Christina Williams,1965-06-24,P-02135,37231783,26.25,RENEWAL,2026-09-15
Harborline,2026-08,326,HL-242079,Angela Levine,1937-05-22,P-02139,61291817,52.50,NEW,2026-09-15
Harborline,2026-08,327,HL-732391,Audrey Wiley,1949-12-17,P-02156,10583482,26.25,RENEWAL,2026-09-15
Harborline,2026-08,328,HL-467781,Eric Johnson,1941-02-03,P-02160,1884412,26.25,RENEWAL,2026-09-15
Harborline,2026-08,329,HL-511263,Joshua Wilson,1952-03-24,P-02173,44524491,52.50,NEW,2026-09-15
Harborline,2026-08,330,HL-930758,Veronica Moses,1940-03-13,P-02174,6831819,19.00,RENEWAL,2026-09-15
Harborline,2026-08,331,HL-157163,Veronica Moses,1940-03-13,P-02175,6831819,4.20,RENEWAL,2026-09-15
Harborline,2026-08,332,HL-116730,Isaiah Medina,1944-03-15,P-02182,90949389,26.25,RENEWAL,2026-09-15
Harborline,2026-08,333,HL-681300,Christopher Valencia,1947-03-16,P-02188,90949389,19.00,RENEWAL,2026-09-15
Harborline,2026-08,334,HL-608063,Christopher Valencia,1947-03-16,P-02189,90949389,4.20,RENEWAL,2026-09-15
Harborline,2026-08,335,HL-540734,Timothy Stark,1957-06-19,P-02195,1884412,19.00,RENEWAL,2026-09-15
Harborline,2026-08,336,HL-855427,Timothy Stark,1957-06-19,P-02196,1884412,4.20,RENEWAL,2026-09-15
Harborline,2026-08,337,HL-716653,Terri Adkins,1945-03-16,P-02200,78490893,52.50,NEW,2026-09-15
Harborline,2026-08,338,HL-412941,Lori Collins,1947-04-12,P-02215,61855700,26.25,RENEWAL,2026-09-15
Harborline,2026-08,339,HL-288802,Stephen Barrett,1951-05-28,P-02230,13981052,26.25,RENEWAL,2026-09-15
Harborline,2026-08,340,HL-103444,Anthony Wilson,1995-12-05,P-02238,77125617,16.00,RENEWAL,2026-09-15
Harborline,2026-08,341,HL-614690,Veronica Reed,1988-05-17,P-02252,33857966,52.50,NEW,2026-09-15
Harborline,2026-08,342,HL-115917,Michele Reed,1995-02-20,P-02253,33857966,16.00,RENEWAL,2026-09-15
Harborline,2026-08,343,HL-313256,Charles Hernandez,1941-03-19,P-02262,43339391,26.25,RENEWAL,2026-09-15
Harborline,2026-08,344,HL-768220,Ronald Zamora,1940-07-10,P-02272,29898923,26.25,RENEWAL,2026-09-15
Harborline,2026-08,345,HL-188053,Paul Chapman,1957-11-02,P-02273,6831819,8.40,NEW,2026-09-15
Harborline,2026-08,346,HL-496974,Sheri Baxter,1996-04-16,P-02279,37231783,16.00,RENEWAL,2026-09-15
Harborline,2026-08,347,HL-764816,Shirley Bass,1951-10-23,P-02280,94702683,26.25,RENEWAL,2026-09-15
Harborline,2026-08,348,HL-265009,Timothy Wilson,1981-11-12,P-02284,4356886,22.00,NEW,2026-09-15
Harborline,2026-08,349,HL-614573,Mathew Harris,1942-09-08,P-02289,74197857,26.25,RENEWAL,2026-09-15
Harborline,2026-08,350,HL-223604,Michael Green,1945-08-03,P-02290,61291817,19.00,RENEWAL,2026-09-15
Harborline,2026-08,351,HL-628254,Michael Green,1945-08-03,P-02291,61291817,4.20,RENEWAL,2026-09-15
Harborline,2026-08,352,HL-905731,Tiffany Miller,1943-02-12,P-02315,94702683,26.25,RENEWAL,2026-09-15
Harborline,2026-08,353,HL-267075,Luis Chavez,1940-11-05,P-02324,74197857,52.50,NEW,2026-09-15
Harborline,2026-08,354,HL-539175,Bryan Mccarthy,1953-09-08,P-02341,1884412,26.25,RENEWAL,2026-09-15
Harborline,2026-08,355,HL-488256,Jennifer Moreno,1997-03-08,P-02344,43339391,16.00,RENEWAL,2026-09-15
Harborline,2026-08,356,HL-964177,Edward Ewing,1951-09-10,P-02354,54100814,52.50,NEW,2026-09-15
Harborline,2026-08,357,HL-527793,April Combs,1980-09-06,P-02360,7150444,19.00,RENEWAL,2026-09-15
Harborline,2026-08,358,HL-161506,April Combs,1980-09-06,P-02361,7150444,4.20,RENEWAL,2026-09-15
Harborline,2026-08,359,HL-747527,Crystal Johnson,1938-02-22,P-02376,1884412,26.25,RENEWAL,2026-09-15
Harborline,2026-08,360,HL-308129,John Cobb,1939-07-12,P-02394,97102525,52.50,NEW,2026-09-15
Harborline,2026-08,361,HL-396872,Samuel Aguilar,1935-06-20,P-02401,54100814,26.25,RENEWAL,2026-09-15
Harborline,2026-08,362,HL-517039,Tammy Evans,1995-07-01,P-02404,11576383,16.00,RENEWAL,2026-09-15
Harborline,2026-08,363,HL-321907,Gary Mccoy,1951-10-31,P-02408,77125617,26.25,RENEWAL,2026-09-15
Harborline,2026-08,364,HL-618033,Amanda Garner,1938-10-28,P-02410,78490893,26.25,RENEWAL,2026-09-15
Harborline,2026-08,365,HL-815148,Mariah Rodriguez,1952-09-24,P-02431,37231783,52.50,NEW,2026-09-15
Harborline,2026-08,366,HL-824559,Laura Wilkinson,1950-12-17,P-02442,1884412,26.25,RENEWAL,2026-09-15
Harborline,2026-08,367,HL-929570,Jon Brock,1950-12-04,P-02449,54100814,26.25,RENEWAL,2026-09-15
Harborline,2026-08,368,HL-189624,Melanie Lopez,1938-01-17,P-02473,1884412,26.25,RENEWAL,2026-09-15
Harborline,2026-08,369,HL-828823,James Walsh,1944-08-19,P-02479,44524491,26.25,RENEWAL,2026-09-15
Harborline,2026-08,370,HL-247578,Tammy Reyes,1958-03-21,P-02484,94702683,26.25,RENEWAL,2026-09-15
Harborline,2026-08,371,HL-303897,Corey Reed,1956-05-04,P-02501,74197857,26.25,RENEWAL,2026-09-15
Harborline,2026-08,372,HL-918180,Brooke Harris,1942-12-20,P-02503,5265799,26.25,RENEWAL,2026-09-15
Harborline,2026-08,373,HL-730725,Andrea Harris,1952-12-02,P-02504,5265799,26.25,RENEWAL,2026-09-15
Harborline,2026-08,374,HL-517082,Christina Rodriguez,1934-01-02,P-02510,61291817,52.50,NEW,2026-09-15
Harborline,2026-08,375,HL-105500,Kelly Caldwell,1960-04-20,P-02512,7150444,19.00,RENEWAL,2026-09-15
Harborline,2026-08,376,HL-532883,Kelly Caldwell,1960-04-20,P-02513,7150444,4.20,RENEWAL,2026-09-15
Harborline,2026-08,377,HL-900090,Elizabeth Green,1941-04-02,P-02514,32244663,26.25,RENEWAL,2026-09-15
Harborline,2026-08,378,HL-871123,Micheal Hernandez,1936-04-20,P-02519,33857966,19.00,RENEWAL,2026-09-15
Harborline,2026-08,379,HL-270823,Micheal Hernandez,1936-04-20,P-02520,33857966,4.20,RENEWAL,2026-09-15
Harborline,2026-08,380,HL-789985,Matthew Flores,1971-11-06,P-02528,10583482,22.00,NEW,2026-09-15
Harborline,2026-08,381,HL-181904,Richard Clark,1934-02-08,P-02549,61291817,52.50,NEW,2026-09-15
Harborline,2026-08,382,HL-279388,Shaun Higgins,1944-08-08,P-02565,90949389,52.50,NEW,2026-09-15
Harborline,2026-08,383,HL-176871,Scott Holmes,1950-10-08,P-02585,13981052,26.25,RENEWAL,2026-09-15
Harborline,2026-08,384,HL-882870,Jason Gonzalez,1994-03-20,P-02591,44524491,22.00,NEW,2026-09-15
Harborline,2026-08,385,HL-153594,Susan Wade,1950-08-07,P-02593,32244663,26.25,RENEWAL,2026-09-15
Harborline,2026-08,386,HL-782862,William Smith,1950-07-25,P-02594,10583482,13.12,RENEWAL,2026-09-15
Cardinal Mutual,2026-08,1,CM-158132,Vincent Mckay,1984-02-25,P-00010,61855700,22.00,NEW,2026-09-15
Cardinal Mutual,2026-08,2,CM-529954,Frederick Arroyo,1946-05-10,P-00013,5265799,26.25,RENEWAL,2026-09-15
Cardinal Mutual,2026-08,3,CM-574751,David Lewis,1963-07-27,P-00015,90949389,16.00,RENEWAL,2026-09-15
Cardinal Mutual,2026-08,4,CM-677438,Julie Daniels,1983-06-14,P-00022,61855700,22.00,NEW,2026-09-15
Cardinal Mutual,2026-08,5,CM-904092,Brian Daniels,1950-03-19,P-00024,61855700,52.50,NEW,2026-09-15
Cardinal Mutual,2026-08,6,CM-240913,Megan Frazier,1947-03-05,P-00039,33857966,26.25,RENEWAL,2026-09-15
Cardinal Mutual,2026-08,7,CM-107704,Jason Torres,1996-02-02,P-00043,43339391,26.25,RENEWAL,2026-09-15
Cardinal Mutual,2026-08,8,CM-240384,Ricky Moore,1970-12-29,P-00081,33857966,16.00,RENEWAL,2026-09-15
Cardinal Mutual,2026-08,9,CM-366881,Aaron Hancock,1944-10-29,P-00090,78490893,8.40,NEW,2026-09-15
Cardinal Mutual,2026-08,10,CM-464354,Carol Lee,1980-04-04,P-00098,44524491,22.00,NEW,2026-09-15
Cardinal Mutual,2026-08,11,CM-414608,Heather Wallace,1941-10-15,P-00105,61291817,26.25,RENEWAL,2026-09-15
Cardinal Mutual,2026-08,12,CM-665484,Briana Moore,1957-10-31,P-00110,43339391,26.25,RENEWAL,2026-09-15
Cardinal Mutual,2026-08,13,CM-849666,Katrina Campos,1970-03-24,P-00112,13981052,16.00,RENEWAL,2026-09-15
Cardinal Mutual,2026-08,14,CM-956949,Matthew Francis,1953-08-16,P-00114,4356886,26.25,RENEWAL,2026-09-15
Cardinal Mutual,2026-08,15,CM-274912,Jason Holloway,1937-06-05,P-00123,74197857,4.20,RENEWAL,2026-09-15
Cardinal Mutual,2026-08,16,CM-533672,Renee Henry,1936-07-24,P-00130,10583482,52.50,NEW,2026-09-15
Cardinal Mutual,2026-08,17,CM-458388,Michael Bruce,1990-01-18,P-00137,4356886,22.00,NEW,2026-09-15
Cardinal Mutual,2026-08,18,CM-514828,Jerry Patel,1953-02-25,P-00144,74197857,26.25,RENEWAL,2026-09-15
Cardinal Mutual,2026-08,19,CM-194560,George Burch,1944-03-12,P-00146,10583482,26.25,RENEWAL,2026-09-15
Cardinal Mutual,2026-08,20,CM-753205,Eileen Douglas,1950-02-04,P-00160,78490893,26.25,RENEWAL,2026-09-15
Cardinal Mutual,2026-08,21,CM-956721,John Young,1957-10-02,P-00166,7150444,52.50,NEW,2026-09-15
Cardinal Mutual,2026-08,22,CM-382329,Devin Moody,1937-11-26,P-00170,1884412,19.00,RENEWAL,2026-09-15
Cardinal Mutual,2026-08,24,CM-882395,Christopher Beck,1952-10-28,P-00177,37231783,19.00,RENEWAL,2026-09-15
Cardinal Mutual,2026-08,25,CM-597643,Christopher Beck,1952-10-28,P-00178,37231783,4.20,RENEWAL,2026-09-15
Cardinal Mutual,2026-08,26,CM-850151,Benjamin Acevedo,1950-09-01,P-00183,77125617,26.25,RENEWAL,2026-09-15
Cardinal Mutual,2026-08,27,CM-103468,James Acevedo,1942-05-26,P-00184,77125617,52.50,NEW,2026-09-15
Cardinal Mutual,2026-08,28,CM-246740,Michelle Norman,1949-03-10,P-00186,77125617,26.25,RENEWAL,2026-09-15
Cardinal Mutual,2026-08,29,CM-802695,Alyssa Berry,2002-06-24,P-00192,90949389,16.00,RENEWAL,2026-09-15
Cardinal Mutual,2026-08,30,CM-546376,Dana Joseph,1968-07-17,P-00196,99847493,16.00,RENEWAL,2026-09-15
Cardinal Mutual,2026-08,31,CM-757258,Nicole Anderson,1936-09-25,P-00197,78490893,26.25,RENEWAL,2026-09-15
Cardinal Mutual,2026-08,32,CM-405831,John Bryant,1955-11-30,P-00212,61855700,26.25,RENEWAL,2026-09-15
Cardinal Mutual,2026-08,33,CM-933729,Brandy Bryant,1956-01-12,P-00214,61855700,52.50,NEW,2026-09-15
Cardinal Mutual,2026-08,34,CM-800015,James Hudson,1954-07-27,P-00216,54100814,26.25,RENEWAL,2026-09-15
Cardinal Mutual,2026-08,35,CM-212537,Billy Morrison,1943-12-15,P-00218,5265799,52.50,NEW,2026-09-15
Cardinal Mutual,2026-08,36,CM-480631,Suzanne Zuniga,1947-06-12,P-00237,5265799,26.25,RENEWAL,2026-09-15
Cardinal Mutual,2026-08,37,CM-951706,Jessica Rivera,2002-10-27,P-00239,77125617,22.00,NEW,2026-09-15
Cardinal Mutual,2026-08,38,CM-852233,Donald Lopez,1964-03-07,P-00241,13981052,16.00,RENEWAL,2026-09-15
Cardinal Mutual,2026-08,39,CM-685661,Katherine Durham,1953-01-10,P-00243,4356886,26.25,RENEWAL,2026-09-15
Cardinal Mutual,2026-08,40,CM-950389,Carlos Allen,1956-08-01,P-00254,61291817,26.25,RENEWAL,2026-09-15
Cardinal Mutual,2026-08,41,CM-752944,Christopher Nielsen,1984-12-22,P-00263,61855700,16.00,RENEWAL,2026-09-15
Cardinal Mutual,2026-08,42,CM-279581,Angela Smith,1954-03-30,P-00268,5265799,26.25,RENEWAL,2026-09-15
Cardinal Mutual,2026-08,43,CM-794447,Robert Shields,1984-10-17,P-00284,90949389,22.00,NEW,2026-09-15
Cardinal Mutual,2026-08,45,CM-297487,Heather Torres,1939-03-09,P-00308,78490893,26.25,RENEWAL,2026-09-15
Cardinal Mutual,2026-08,46,CM-496065,Kevin Khan,1965-08-27,P-00323,37231783,52.50,NEW,2026-09-15
Cardinal Mutual,2026-08,47,CM-765824,April Wheeler,1948-03-03,P-00325,61291817,8.40,NEW,2026-09-15
Cardinal Mutual,2026-08,48,CM-718722,Cynthia Herrera,1947-06-04,P-00335,43339391,4.20,RENEWAL,2026-09-15
Cardinal Mutual,2026-08,49,CM-848440,Edward Reyes,1958-07-31,P-00341,44524491,26.25,RENEWAL,2026-09-15
Cardinal Mutual,2026-08,50,CM-763874,Miguel Bryant,1953-12-03,P-00345,94702683,26.25,RENEWAL,2026-09-15
Cardinal Mutual,2026-08,51,CM-841870,Douglas Kaufman,2004-10-15,P-00350,10583482,22.00,NEW,2026-09-15
Cardinal Mutual,2026-08,52,CM-162471,Samantha Smith,1943-06-06,P-00378,78490893,19.00,RENEWAL,2026-09-15
Cardinal Mutual,2026-08,53,CM-409012,Samantha Smith,1943-06-06,P-00379,78490893,4.20,RENEWAL,2026-09-15
Cardinal Mutual,2026-08,54,CM-249550,Arthur Lloyd,1965-11-25,P-00388,11576383,22.00,NEW,2026-09-15
Cardinal Mutual,2026-08,55,CM-766566,Thomas Rowland,1957-05-12,P-00392,6831819,26.25,RENEWAL,2026-09-15
Cardinal Mutual,2026-08,56,CM-661519,Sean Wood,1938-02-12,P-00393,74197857,19.00,RENEWAL,2026-09-15
Cardinal Mutual,2026-08,57,CM-471921,Sean Wood,1938-02-12,P-00394,74197857,4.20,RENEWAL,2026-09-15
Cardinal Mutual,2026-08,58,CM-546535,Stacy Cole,1941-03-22,P-00396,5265799,26.25,RENEWAL,2026-09-15
Cardinal Mutual,2026-08,59,CM-610150,William Collins,1940-09-20,P-00404,54100814,26.25,RENEWAL,2026-09-15
Cardinal Mutual,2026-08,60,CM-388016,Megan Hunt,1960-05-09,P-00412,61291817,26.25,RENEWAL,2026-09-15
Cardinal Mutual,2026-08,61,CM-632599,Kurt Kelly,1989-08-02,P-00422,29898923,16.00,RENEWAL,2026-09-15
Cardinal Mutual,2026-08,62,CM-816514,Brandon Wise,1978-03-11,P-00433,90949389,22.00,NEW,2026-09-15
Cardinal Mutual,2026-08,63,CM-310965,Tony Webb,1964-12-12,P-00445,97102525,16.00,RENEWAL,2026-09-15
Cardinal Mutual,2026-08,64,CM-401380,Michael Clark,1939-04-28,P-00455,90949389,26.25,RENEWAL,2026-09-15
Cardinal Mutual,2026-08,65,CM-247852,Tonya Lee,1945-05-08,P-00470,11576383,26.25,RENEWAL,2026-09-15
Cardinal Mutual,2026-08,66,CM-608042,Steven Singleton,1943-10-23,P-00474,32244663,26.25,RENEWAL,2026-09-15
Cardinal Mutual,2026-08,67,CM-377395,April Barnett,1988-07-22,P-00502,13981052,22.00,NEW,2026-09-15
Cardinal Mutual,2026-08,68,CM-908829,Zachary Nielsen,1934-08-08,P-00510,99847493,19.00,RENEWAL,2026-09-15
Cardinal Mutual,2026-08,69,CM-732958,Zachary Nielsen,1934-08-08,P-00511,99847493,4.20,RENEWAL,2026-09-15
Cardinal Mutual,2026-08,70,CM-227455,Hunter Hoover,1949-08-05,P-00512,90949389,19.00,RENEWAL,2026-09-15
Cardinal Mutual,2026-08,71,CM-728441,Hunter Hoover,1949-08-05,P-00513,90949389,4.20,RENEWAL,2026-09-15
Cardinal Mutual,2026-08,72,CM-696711,Rachel Thompson,1941-05-18,P-00515,29898923,26.25,RENEWAL,2026-09-15
Cardinal Mutual,2026-08,73,CM-598705,Kristine Fletcher,1969-10-30,P-00518,37231783,52.50,NEW,2026-09-15
Cardinal Mutual,2026-08,74,CM-696960,Adam Martin,1966-06-09,P-00525,43339391,22.00,NEW,2026-09-15
Cardinal Mutual,2026-08,75,CM-968543,John Johnson,1958-09-28,P-00528,44524491,26.25,RENEWAL,2026-09-15
Cardinal Mutual,2026-08,76,CM-559406,Thomas Young,1944-02-19,P-00542,7150444,4.20,RENEWAL,2026-09-15
Cardinal Mutual,2026-08,77,CM-525362,Gwendolyn Nichols,1942-09-14,P-00558,77125617,26.25,RENEWAL,2026-09-15
Cardinal Mutual,2026-08,78,CM-570253,Mario Stephens,1933-11-26,P-00574,10583482,26.25,RENEWAL,2026-09-15
Cardinal Mutual,2026-08,79,CM-622401,Brittany Hanson,1937-11-11,P-00579,74197857,52.50,NEW,2026-09-15
Cardinal Mutual,2026-08,80,CM-813981,Jonathan Howe,1936-01-26,P-00587,7150444,52.50,NEW,2026-09-15
Cardinal Mutual,2026-08,81,CM-679150,Ann Duncan,1949-12-07,P-00599,61291817,19.00,RENEWAL,2026-09-15
Cardinal Mutual,2026-08,82,CM-218867,Ann Duncan,1949-12-07,P-00600,61291817,4.20,RENEWAL,2026-09-15
Cardinal Mutual,2026-08,83,CM-290666,Brittney Flores,1975-07-06,P-00601,32244663,16.00,RENEWAL,2026-09-15
Cardinal Mutual,2026-08,84,CM-536569,James Carpenter,1952-06-07,P-00611,32244663,26.25,NEW,2026-09-15
Cardinal Mutual,2026-08,85,CM-344777,Devin Carpenter,1986-04-11,P-00612,32244663,26.25,RENEWAL,2026-09-15
Cardinal Mutual,2026-08,86,CM-585164,Kathy Acosta,1954-07-28,P-00613,44524491,4.20,RENEWAL,2026-09-15
Cardinal Mutual,2026-08,87,CM-722691,Michael Mcdaniel,1954-01-06,P-00616,61291817,26.25,RENEWAL,2026-09-15
Cardinal Mutual,2026-08,88,CM-468191,Melissa Johnson,1942-09-29,P-00633,74197857,19.00,RENEWAL,2026-09-15
Cardinal Mutual,2026-08,89,CM-263264,Melissa Johnson,1942-09-29,P-00634,74197857,4.20,RENEWAL,2026-09-15
Cardinal Mutual,2026-08,90,CM-111081,Nicholas Richardson,1951-05-31,P-00635,77125617,26.25,RENEWAL,2026-09-15
Cardinal Mutual,2026-08,91,CM-785456,Michael Carney,1950-12-23,P-00638,32244663,26.25,RENEWAL,2026-09-15
Cardinal Mutual,2026-08,92,CM-203858,Steven Huang,1936-10-07,P-00645,33857966,26.25,RENEWAL,2026-09-15
Cardinal Mutual,2026-08,93,CM-253448,Kevin Watson,1942-12-22,P-00651,29898923,26.25,RENEWAL,2026-09-15
Cardinal Mutual,2026-08,94,CM-125035,Megan Rodriguez,1982-05-02,P-00664,97102525,16.00,RENEWAL,2026-09-15
Cardinal Mutual,2026-08,95,CM-117173,John Garza,1996-02-14,P-00665,61855700,16.00,RENEWAL,2026-09-15
Cardinal Mutual,2026-08,96,CM-250944,Jamie West,1959-01-10,P-00668,78490893,8.40,NEW,2026-09-15
Cardinal Mutual,2026-08,97,CM-633552,Tiffany Smith,1951-12-11,P-00671,61291817,19.00,RENEWAL,2026-09-15
Cardinal Mutual,2026-08,98,CM-940615,Tiffany Smith,1951-12-11,P-00672,61291817,4.20,RENEWAL,2026-09-15
Cardinal Mutual,2026-08,99,CM-424526,Lauren Washington,1959-10-17,P-00684,5265799,26.25,RENEWAL,2026-09-15
Cardinal Mutual,2026-08,100,CM-856277,Aaron Fernandez,1940-06-09,P-00698,7150444,26.25,RENEWAL,2026-09-15
Cardinal Mutual,2026-08,101,CM-391158,Brittany Cortez,1958-04-10,P-00702,4356886,26.25,RENEWAL,2026-09-15
Cardinal Mutual,2026-08,102,CM-305803,Deborah Sanchez,1939-01-03,P-00705,7150444,26.25,RENEWAL,2026-09-15
Cardinal Mutual,2026-08,103,CM-905292,Robert Thomas,1987-05-21,P-00711,78490893,22.00,NEW,2026-09-15
Cardinal Mutual,2026-08,104,CM-924729,Christopher Hobbs,1948-10-28,P-00713,33857966,26.25,RENEWAL,2026-09-15
Cardinal Mutual,2026-08,105,CM-833665,Corey Pacheco,1957-05-04,P-00731,77125617,26.25,RENEWAL,2026-09-15
Cardinal Mutual,2026-08,106,CM-670950,Tiffany Hudson,1984-09-16,P-00734,10583482,16.00,RENEWAL,2026-09-15
Cardinal Mutual,2026-08,107,CM-900028,Erin Adams,1956-05-04,P-00740,99847493,26.25,RENEWAL,2026-09-15
Cardinal Mutual,2026-08,108,CM-619829,Nancy Crawford,1957-02-04,P-00743,1884412,26.25,RENEWAL,2026-09-15
Cardinal Mutual,2026-08,109,CM-668087,Sean Ryan,1960-03-11,P-00753,33857966,52.50,NEW,2026-09-15
Cardinal Mutual,2026-08,110,CM-305633,Emily Ryan,1984-03-24,P-00754,33857966,22.00,NEW,2026-09-15
Cardinal Mutual,2026-08,111,CM-560110,Helen Nelson,1937-01-22,P-00770,13981052,19.00,RENEWAL,2026-09-15
Cardinal Mutual,2026-08,112,CM-269963,Helen Nelson,1937-01-22,P-00771,13981052,4.20,RENEWAL,2026-09-15
Cardinal Mutual,2026-08,113,CM-577462,Kim Jones,1941-09-15,P-00779,5265799,26.25,RENEWAL,2026-09-15
Cardinal Mutual,2026-08,114,CM-800431,Laura Saunders,1959-09-18,P-00796,33857966,38.00,NEW,2026-09-15
Cardinal Mutual,2026-08,115,CM-929909,Laura Saunders,1959-09-18,P-00797,33857966,8.40,NEW,2026-09-15
Cardinal Mutual,2026-08,116,CM-613832,Wendy Mitchell,1943-12-09,P-00813,6831819,26.25,RENEWAL,2026-09-15
Cardinal Mutual,2026-08,117,CM-639484,Nicholas Henry,1957-01-02,P-00827,29898923,52.50,NEW,2026-09-15
Cardinal Mutual,2026-08,118,CM-610297,Ashley Jackson,1940-01-08,P-00837,4356886,52.50,NEW,2026-09-15
Cardinal Mutual,2026-08,119,CM-270623,Alexis Jackson,1957-10-23,P-00838,4356886,19.00,RENEWAL,2026-09-15
Cardinal Mutual,2026-08,120,CM-571103,Alexis Jackson,1957-10-23,P-00839,4356886,4.20,RENEWAL,2026-09-15
Cardinal Mutual,2026-08,121,CM-151922,Jessica Nguyen,1937-06-30,P-00853,43339391,52.50,NEW,2026-09-15
Cardinal Mutual,2026-08,122,CM-162206,Melissa Glenn,1957-06-10,P-00855,77125617,19.00,RENEWAL,2026-09-15
Cardinal Mutual,2026-08,123,CM-775414,Melissa Glenn,1957-06-10,P-00856,77125617,4.20,RENEWAL,2026-09-15
Cardinal Mutual,2026-08,124,CM-936071,Gabrielle Joyce,1946-04-13,P-00860,94702683,26.25,RENEWAL,2026-09-15
Cardinal Mutual,2026-08,125,CM-163380,Matthew Gallegos,1949-03-08,P-00873,61291817,38.00,NEW,2026-09-15
Cardinal Mutual,2026-08,126,CM-415100,Matthew Gallegos,1949-03-08,P-00874,61291817,8.40,NEW,2026-09-15
Cardinal Mutual,2026-08,127,CM-435322,Kelly Moore,1992-11-05,P-00886,78490893,26.25,RENEWAL,2026-09-15
Cardinal Mutual,2026-08,128,CM-499646,Christopher Peterson,1953-02-27,P-00889,97102525,26.25,RENEWAL,2026-09-15
Cardinal Mutual,2026-08,129,CM-325995,Lauren Cline,1995-11-17,P-00914,99847493,16.00,RENEWAL,2026-09-15
Cardinal Mutual,2026-08,130,CM-152477,Danny Scott,1986-07-10,P-00917,13981052,4.20,RENEWAL,2026-09-15
Cardinal Mutual,2026-08,131,CM-576476,Brian Nguyen,1941-07-16,P-00921,94702683,26.25,RENEWAL,2026-09-15
Cardinal Mutual,2026-08,132,CM-708290,Stacy Gordon,1939-04-20,P-00922,97102525,26.25,RENEWAL,2026-09-15
Cardinal Mutual,2026-08,133,CM-835189,Angela Ali,1971-04-06,P-00924,6831819,26.25,RENEWAL,2026-09-15
Cardinal Mutual,2026-08,134,CM-661811,Jessica Rivas,1957-11-07,P-00926,99847493,19.00,RENEWAL,2026-09-15
Cardinal Mutual,2026-08,135,CM-209032,Jessica Rivas,1957-11-07,P-00927,99847493,4.20,RENEWAL,2026-09-15
Cardinal Mutual,2026-08,136,CM-858489,Andrea Snyder,1938-12-29,P-00935,43339391,26.25,RENEWAL,2026-09-15
Cardinal Mutual,2026-08,137,CM-683010,Wayne Crosby,1943-04-05,P-00991,29898923,26.25,RENEWAL,2026-09-15
Cardinal Mutual,2026-08,138,CM-415386,Christopher Williams,1960-01-19,P-00992,90949389,4.20,RENEWAL,2026-09-15
Cardinal Mutual,2026-08,139,CM-840651,Maria Robles,1980-02-23,P-01001,33857966,22.00,NEW,2026-09-15
Cardinal Mutual,2026-08,140,CM-535685,Tammy Turner,1958-06-18,P-01018,5265799,26.25,RENEWAL,2026-09-15
Cardinal Mutual,2026-08,141,CM-265270,Nicholas Carter,1958-10-05,P-01035,97102525,26.25,RENEWAL,2026-09-15
Cardinal Mutual,2026-08,142,CM-407861,Carol White,2002-12-08,P-01068,94702683,22.00,NEW,2026-09-15
Cardinal Mutual,2026-08,143,CM-423030,Austin York,1946-08-20,P-01070,32244663,52.50,NEW,2026-09-15
Cardinal Mutual,2026-08,144,CM-307183,Trevor Paul,1934-02-26,P-01086,94702683,52.50,NEW,2026-09-15
Cardinal Mutual,2026-08,145,CM-154347,Justin Rodriguez,1939-11-08,P-01095,90949389,19.00,RENEWAL,2026-09-15
Cardinal Mutual,2026-08,146,CM-176833,Justin Rodriguez,1939-11-08,P-01096,90949389,4.20,RENEWAL,2026-09-15
Cardinal Mutual,2026-08,147,CM-760471,Gabrielle Smith,1935-06-29,P-01099,90949389,26.25,RENEWAL,2026-09-15
Cardinal Mutual,2026-08,148,CM-866439,Debra Rice,1960-07-27,P-01108,10583482,26.25,RENEWAL,2026-09-15
Cardinal Mutual,2026-08,149,CM-525831,Bradley Mayo,1949-10-08,P-01114,11576383,19.00,RENEWAL,2026-09-15
Cardinal Mutual,2026-08,150,CM-483749,Bradley Mayo,1949-10-08,P-01115,11576383,4.20,RENEWAL,2026-09-15
Cardinal Mutual,2026-08,151,CM-129650,James Nguyen,2001-03-03,P-01126,1884412,16.00,RENEWAL,2026-09-15
Cardinal Mutual,2026-08,152,CM-314989,Sheena Adams,1946-10-09,P-01133,6831819,52.50,NEW,2026-09-15
Cardinal Mutual,2026-08,153,CM-622469,Jennifer Flores,1955-12-22,P-01142,94702683,52.50,NEW,2026-09-15
Cardinal Mutual,2026-08,154,CM-301819,Alison Espinoza,1939-04-21,P-01148,61291817,52.50,NEW,2026-09-15
Cardinal Mutual,2026-08,155,CM-903148,Karen Johnson,1936-01-14,P-01156,33857966,52.50,NEW,2026-09-15
Cardinal Mutual,2026-08,156,CM-943366,Dawn Edwards,1940-04-19,P-01159,13981052,26.25,RENEWAL,2026-09-15
Cardinal Mutual,2026-08,157,CM-175672,Alexis Davis,1953-05-17,P-01168,99847493,19.00,RENEWAL,2026-09-15
Cardinal Mutual,2026-08,158,CM-226141,Alexis Davis,1953-05-17,P-01169,99847493,4.20,RENEWAL,2026-09-15
Cardinal Mutual,2026-08,159,CM-948302,Kelsey White,2001-02-09,P-01170,13981052,16.00,RENEWAL,2026-09-15
Cardinal Mutual,2026-08,160,CM-939057,Caleb Morales,1959-09-01,P-01174,7150444,4.20,RENEWAL,2026-09-15
Cardinal Mutual,2026-08,161,CM-994310,Alicia Savage,1935-07-15,P-01178,43339391,26.25,RENEWAL,2026-09-15
Cardinal Mutual,2026-08,162,CM-488944,Tara Wilson,1949-05-28,P-01182,7150444,26.25,RENEWAL,2026-09-15
Cardinal Mutual,2026-08,163,CM-903075,Javier Burke,1947-05-28,P-01184,33857966,26.25,RENEWAL,2026-09-15
Cardinal Mutual,2026-08,164,CM-327027,David Mckinney,1954-01-31,P-01191,99847493,19.00,RENEWAL,2026-09-15
Cardinal Mutual,2026-08,165,CM-110928,David Mckinney,1954-01-31,P-01192,99847493,4.20,RENEWAL,2026-09-15
Cardinal Mutual,2026-08,166,CM-424468,Jacob Strickland,1944-12-16,P-01194,29898923,52.50,NEW,2026-09-15
Cardinal Mutual,2026-08,167,CM-283800,Johnny Rubio,1950-10-02,P-01203,4356886,52.50,NEW,2026-09-15
Cardinal Mutual,2026-08,168,CM-809901,Juan Woods,1953-06-15,P-01213,33857966,26.25,RENEWAL,2026-09-15
Cardinal Mutual,2026-08,169,CM-680642,Joseph Romero,1938-07-17,P-01220,94702683,26.25,RENEWAL,2026-09-15
Cardinal Mutual,2026-08,170,CM-306706,Wesley Gross,1958-05-05,P-01226,74197857,26.25,RENEWAL,2026-09-15
Cardinal Mutual,2026-08,171,CM-687753,Eric Ortega,1965-10-23,P-01242,99847493,26.25,RENEWAL,2026-09-15
Cardinal Mutual,2026-08,172,CM-196069,John Fitzpatrick,1941-06-19,P-01244,77125617,52.50,NEW,2026-09-15
Cardinal Mutual,2026-08,173,CM-636708,Steven Ali,1958-04-13,P-01248,10583482,4.20,RENEWAL,2026-09-15
Cardinal Mutual,2026-08,174,CM-555267,Anna Rios,1982-10-31,P-01261,90949389,16.00,RENEWAL,2026-09-15
Cardinal Mutual,2026-08,175,CM-242304,Samantha Morris,1936-02-24,P-01267,10583482,38.00,NEW,2026-09-15
Cardinal Mutual,2026-08,176,CM-309501,Samantha Morris,1936-02-24,P-01268,10583482,8.40,NEW,2026-09-15
Cardinal Mutual,2026-08,177,CM-293782,Susan Miller,1959-07-19,P-01272,33857966,26.25,RENEWAL,2026-09-15
Cardinal Mutual,2026-08,178,CM-527819,Thomas Hudson,1940-05-22,P-01273,37231783,26.25,RENEWAL,2026-09-15
Cardinal Mutual,2026-08,179,CM-963150,Heather Cannon,1947-05-31,P-01283,54100814,26.25,RENEWAL,2026-09-15
Cardinal Mutual,2026-08,180,CM-803534,Brianna Hall,1948-08-27,P-01284,97102525,52.50,NEW,2026-09-15
Cardinal Mutual,2026-08,181,CM-374655,Jeremy Hall,1982-06-28,P-01286,97102525,22.00,NEW,2026-09-15
Cardinal Mutual,2026-08,182,CM-211626,John Melton,1947-11-03,P-01289,4356886,26.25,RENEWAL,2026-09-15
Cardinal Mutual,2026-08,183,CM-826045,Victoria Mcdonald,1954-10-07,P-01297,1884412,26.25,RENEWAL,2026-09-15
Cardinal Mutual,2026-08,184,CM-755477,Jeffery Castillo,1955-09-13,P-01303,37231783,26.25,RENEWAL,2026-09-15
Cardinal Mutual,2026-08,185,CM-648440,Stephanie Tran,1941-05-15,P-01306,37231783,26.25,RENEWAL,2026-09-15
Cardinal Mutual,2026-08,186,CM-770185,Mary Galloway,1955-01-05,P-01349,33857966,26.25,RENEWAL,2026-09-15
Cardinal Mutual,2026-08,187,CM-472865,Andrew Williams,1946-05-13,P-01351,90949389,26.25,RENEWAL,2026-09-15
Cardinal Mutual,2026-08,188,CM-604793,Larry King,1939-10-21,P-01358,5265799,26.25,RENEWAL,2026-09-15
Cardinal Mutual,2026-08,189,CM-208907,Joe Chung,1944-02-06,P-01361,78490893,52.50,NEW,2026-09-15
Cardinal Mutual,2026-08,190,CM-810729,Sara Mayer,1943-10-03,P-01364,5265799,19.00,RENEWAL,2026-09-15
Cardinal Mutual,2026-08,191,CM-501832,Sara Mayer,1943-10-03,P-01365,5265799,4.20,RENEWAL,2026-09-15
Cardinal Mutual,2026-08,192,CM-553208,Mark Benson,1937-04-02,P-01368,33857966,26.25,RENEWAL,2026-09-15
Cardinal Mutual,2026-08,193,CM-178119,Jasmin Schroeder,1959-10-16,P-01372,43339391,26.25,RENEWAL,2026-09-15
Cardinal Mutual,2026-08,194,CM-707730,Benjamin Aguirre,1936-01-26,P-01378,78490893,19.00,RENEWAL,2026-09-15
Cardinal Mutual,2026-08,195,CM-283659,Benjamin Aguirre,1936-01-26,P-01379,78490893,4.20,RENEWAL,2026-09-15
Cardinal Mutual,2026-08,196,CM-587365,Kristina Sheppard,1977-03-18,P-01386,32244663,22.00,NEW,2026-09-15
Cardinal Mutual,2026-08,197,CM-583744,Michael Kelly,1947-03-17,P-01390,13981052,52.50,NEW,2026-09-15
Cardinal Mutual,2026-08,198,CM-726077,Rachel Barrett,1940-06-18,P-01393,37231783,26.25,RENEWAL,2026-09-15
Cardinal Mutual,2026-08,199,CM-171461,James Sanford,1949-10-16,P-01400,97102525,26.25,RENEWAL,2026-09-15
Cardinal Mutual,2026-08,201,CM-803962,John Dickerson,1938-01-20,P-01420,37231783,52.50,NEW,2026-09-15
Cardinal Mutual,2026-08,202,CM-326253,Raymond Williams,1960-02-10,P-01421,43339391,52.50,NEW,2026-09-15
Cardinal Mutual,2026-08,203,CM-862473,Jessica Walker,1987-01-25,P-01424,43339391,19.00,RENEWAL,2026-09-15
Cardinal Mutual,2026-08,204,CM-152131,Jessica Walker,1987-01-25,P-01425,43339391,4.20,RENEWAL,2026-09-15
Cardinal Mutual,2026-08,205,CM-679035,Jamie Kline,1935-08-15,P-01439,7150444,38.00,NEW,2026-09-15
Cardinal Mutual,2026-08,206,CM-147465,Jamie Kline,1935-08-15,P-01440,7150444,8.40,NEW,2026-09-15
Cardinal Mutual,2026-08,207,CM-881021,Kaitlyn Jones,1942-11-11,P-01441,29898923,26.25,RENEWAL,2026-09-15
Cardinal Mutual,2026-08,209,CM-935353,Jason Pennington,1954-07-19,P-01465,5265799,19.00,RENEWAL,2026-09-15
Cardinal Mutual,2026-08,210,CM-900735,Jason Pennington,1954-07-19,P-01466,5265799,4.20,RENEWAL,2026-09-15
Cardinal Mutual,2026-08,211,CM-851273,Riley Brown,1949-05-06,P-01469,90949389,26.25,RENEWAL,2026-09-15
Cardinal Mutual,2026-08,212,CM-213008,Anthony Gould,1949-04-08,P-01493,13981052,4.20,RENEWAL,2026-09-15
Cardinal Mutual,2026-08,213,CM-103778,Donna Cline,1941-12-09,P-01501,10583482,52.50,NEW,2026-09-15
Cardinal Mutual,2026-08,214,CM-978164,Nicholas Murphy,1951-09-11,P-01510,13981052,26.25,RENEWAL,2026-09-15
Cardinal Mutual,2026-08,215,CM-623277,Christopher Joyce,1939-05-24,P-01515,10583482,26.25,RENEWAL,2026-09-15
Cardinal Mutual,2026-08,216,CM-221159,Alyssa Hart,1946-02-24,P-01516,10583482,26.25,RENEWAL,2026-09-15
Cardinal Mutual,2026-08,217,CM-798181,Gary Simmons,1936-04-11,P-01524,54100814,26.25,RENEWAL,2026-09-15
Cardinal Mutual,2026-08,218,CM-585731,George Norman,1957-08-28,P-01535,44524491,38.00,NEW,2026-09-15
Cardinal Mutual,2026-08,219,CM-297711,George Norman,1957-08-28,P-01536,44524491,8.40,NEW,2026-09-15
Cardinal Mutual,2026-08,220,CM-698120,Harry Wright,1949-09-15,P-01556,6831819,52.50,NEW,2026-09-15
Cardinal Mutual,2026-08,221,CM-566570,Matthew Horton,1935-05-09,P-01558,77125617,26.25,RENEWAL,2026-09-15
Cardinal Mutual,2026-08,222,CM-159250,Adam Stuart,1963-01-27,P-01563,54100814,22.00,NEW,2026-09-15
Cardinal Mutual,2026-08,223,CM-478101,Audrey Greene,1955-08-18,P-01564,10583482,4.20,RENEWAL,2026-09-15
Cardinal Mutual,2026-08,224,CM-327751,Rebecca Roberts,1947-06-07,P-01579,11576383,26.25,RENEWAL,2026-09-15
Cardinal Mutual,2026-08,225,CM-295732,Wendy Martinez,1942-09-11,P-01585,11576383,52.50,NEW,2026-09-15
Cardinal Mutual,2026-08,226,CM-855829,Tamara Hawkins,1944-10-20,P-01594,7150444,26.25,RENEWAL,2026-09-15
Cardinal Mutual,2026-08,227,CM-649911,Richard Clark,1946-02-23,P-01600,1884412,4.20,RENEWAL,2026-09-15
Cardinal Mutual,2026-08,228,CM-315980,Susan Wolfe,1996-03-07,P-01636,11576383,22.00,NEW,2026-09-15
Cardinal Mutual,2026-08,229,CM-749415,Robert Vazquez,1980-02-23,P-01637,13981052,16.00,RENEWAL,2026-09-15
Cardinal Mutual,2026-08,230,CM-653758,Lacey Ross,1972-06-23,P-01640,29898923,22.00,NEW,2026-09-15
Cardinal Mutual,2026-08,231,CM-356752,Troy Thomas,1994-01-11,P-01645,29898923,16.00,RENEWAL,2026-09-15
Cardinal Mutual,2026-08,232,CM-724594,Michael Joseph,1950-09-24,P-01651,6831819,26.25,RENEWAL,2026-09-15
Cardinal Mutual,2026-08,233,CM-702327,Kimberly Joseph,1938-06-16,P-01652,6831819,26.25,RENEWAL,2026-09-15
Cardinal Mutual,2026-08,234,CM-155819,Kathy Smith,1956-05-30,P-01669,74197857,19.00,RENEWAL,2026-09-15
Cardinal Mutual,2026-08,235,CM-533768,Kathy Smith,1956-05-30,P-01670,74197857,4.20,RENEWAL,2026-09-15
Cardinal Mutual,2026-08,236,CM-676464,Andrew Bridges,1957-08-05,P-01676,61291817,26.25,RENEWAL,2026-09-15
Cardinal Mutual,2026-08,237,CM-362100,Amy Wells,1939-07-11,P-01705,11576383,52.50,NEW,2026-09-15
Cardinal Mutual,2026-08,238,CM-940368,Christopher Wells,1974-08-20,P-01706,11576383,16.00,RENEWAL,2026-09-15
Cardinal Mutual,2026-08,239,CM-693304,Eric Rodriguez,1956-01-10,P-01710,43339391,38.00,NEW,2026-09-15
Cardinal Mutual,2026-08,240,CM-721437,Eric Rodriguez,1956-01-10,P-01711,43339391,8.40,NEW,2026-09-15
Cardinal Mutual,2026-08,241,CM-983779,William Wells,1986-09-05,P-01719,10583482,22.00,NEW,2026-09-15
Cardinal Mutual,2026-08,242,CM-608974,Kristy Jones,1958-09-22,P-01720,4356886,4.20,RENEWAL,2026-09-15
Cardinal Mutual,2026-08,243,CM-867561,Jessica Lee,1942-02-27,P-01729,54100814,26.25,RENEWAL,2026-09-15
Cardinal Mutual,2026-08,244,CM-239626,Samantha Jacobs,1949-08-29,P-01732,54100814,38.00,NEW,2026-09-15
Cardinal Mutual,2026-08,245,CM-811999,Samantha Jacobs,1949-08-29,P-01733,54100814,8.40,NEW,2026-09-15
Cardinal Mutual,2026-08,246,CM-905021,Jonathan Burnett,1952-04-28,P-01739,44524491,26.25,RENEWAL,2026-09-15
Cardinal Mutual,2026-08,247,CM-588847,Daniel Brown,1944-03-01,P-01743,29898923,4.20,RENEWAL,2026-09-15
Cardinal Mutual,2026-08,248,CM-506284,Krista Armstrong,1950-10-18,P-01758,97102525,19.00,RENEWAL,2026-09-15
Cardinal Mutual,2026-08,249,CM-903676,Krista Armstrong,1950-10-18,P-01759,97102525,4.20,RENEWAL,2026-09-15
Cardinal Mutual,2026-08,250,CM-562445,Spencer Ford,1994-08-22,P-01762,77125617,16.00,RENEWAL,2026-09-15
Cardinal Mutual,2026-08,251,CM-444504,Eric Allen,1941-11-08,P-01797,1884412,26.25,RENEWAL,2026-09-15
Cardinal Mutual,2026-08,252,CM-691348,Marvin Williams,1937-12-16,P-01807,90949389,26.25,RENEWAL,2026-09-15
Cardinal Mutual,2026-08,253,CM-628700,Katie Meyer,1944-05-11,P-01827,61291817,26.25,RENEWAL,2026-09-15
Cardinal Mutual,2026-08,254,CM-400083,Jean Robinson,1954-11-18,P-01837,61855700,26.25,RENEWAL,2026-09-15
Cardinal Mutual,2026-08,255,CM-133716,Robert Martinez,1951-10-14,P-01839,99847493,26.25,RENEWAL,2026-09-15
Cardinal Mutual,2026-08,256,CM-905595,Gabriella Simon,1951-06-19,P-01840,29898923,26.25,RENEWAL,2026-09-15
Cardinal Mutual,2026-08,257,CM-769905,Daniel Villa,1975-07-09,P-01846,74197857,22.00,NEW,2026-09-15
Cardinal Mutual,2026-08,258,CM-715126,Susan Sanchez,1944-10-07,P-01849,29898923,26.25,RENEWAL,2026-09-15
Cardinal Mutual,2026-08,259,CM-308893,Shawna Francis,1935-03-19,P-01857,99847493,26.25,RENEWAL,2026-09-15
Cardinal Mutual,2026-08,260,CM-842847,Kristina Mason,1951-12-12,P-01880,77125617,52.50,NEW,2026-09-15
Cardinal Mutual,2026-08,261,CM-338728,Tina Carter,1943-08-22,P-01892,78490893,26.25,RENEWAL,2026-09-15
Cardinal Mutual,2026-08,262,CM-857561,Alicia Lee,1936-09-01,P-01898,54100814,52.50,NEW,2026-09-15
Cardinal Mutual,2026-08,263,CM-994680,Justin Kennedy,1963-01-19,P-01906,7150444,16.00,RENEWAL,2026-09-15
Cardinal Mutual,2026-08,264,CM-680361,Alexa Davis,1945-02-18,P-01921,11576383,26.25,RENEWAL,2026-09-15
Cardinal Mutual,2026-08,265,CM-224481,Michael Morrison,1935-08-09,P-01925,44524491,26.25,RENEWAL,2026-09-15
Cardinal Mutual,2026-08,267,CM-198592,Jacqueline Vasquez,1950-11-03,P-01951,33857966,26.25,RENEWAL,2026-09-15
Cardinal Mutual,2026-08,268,CM-704618,Christopher Fernandez,1982-01-24,P-01953,7150444,22.00,NEW,2026-09-15
Cardinal Mutual,2026-08,269,CM-470011,Mary Fernandez,1986-09-13,P-01955,7150444,22.00,NEW,2026-09-15
Cardinal Mutual,2026-08,270,CM-733599,Mark Miller,1967-11-30,P-01973,33857966,19.00,RENEWAL,2026-09-15
Cardinal Mutual,2026-08,271,CM-932207,Mark Miller,1967-11-30,P-01974,33857966,4.20,RENEWAL,2026-09-15
Cardinal Mutual,2026-08,272,CM-980044,Patricia Rich,2002-04-01,P-01978,99847493,22.00,NEW,2026-09-15
Cardinal Mutual,2026-08,273,CM-576948,Michael Johnson,1941-01-20,P-01984,37231783,52.50,NEW,2026-09-15
Cardinal Mutual,2026-08,274,CM-658506,William Taylor,1988-04-03,P-01992,6831819,16.00,RENEWAL,2026-09-15
Cardinal Mutual,2026-08,275,CM-674105,Andrew Ford,1947-01-07,P-02002,4356886,4.20,RENEWAL,2026-09-15
Cardinal Mutual,2026-08,276,CM-466142,Jessica Daniel,1952-11-15,P-02015,33857966,26.25,RENEWAL,2026-09-15
Cardinal Mutual,2026-08,277,CM-449142,Jennifer Steele,1994-03-20,P-02018,74197857,16.00,RENEWAL,2026-09-15
Cardinal Mutual,2026-08,278,CM-498517,David Carlson,1952-12-17,P-02028,77125617,52.50,NEW,2026-09-15
Cardinal Mutual,2026-08,279,CM-652519,Monica Williams,1951-08-21,P-02043,13981052,19.00,RENEWAL,2026-09-15
Cardinal Mutual,2026-08,280,CM-203424,Monica Williams,1951-08-21,P-02044,13981052,4.20,RENEWAL,2026-09-15
Cardinal Mutual,2026-08,281,CM-701216,Erica Villarreal,1937-05-20,P-02045,5265799,38.00,NEW,2026-09-15
Cardinal Mutual,2026-08,282,CM-521828,Erica Villarreal,1937-05-20,P-02046,5265799,8.40,NEW,2026-09-15
Cardinal Mutual,2026-08,283,CM-637709,Rhonda Dawson,1967-04-07,P-02060,61291817,22.00,NEW,2026-09-15
Cardinal Mutual,2026-08,284,CM-738794,Andrew Miller,1984-11-02,P-02064,5265799,22.00,NEW,2026-09-15
Cardinal Mutual,2026-08,285,CM-516596,Scott Foster,1986-12-19,P-02088,29898923,22.00,NEW,2026-09-15
Cardinal Mutual,2026-08,286,CM-553541,Megan White,1950-05-27,P-02089,7150444,19.00,RENEWAL,2026-09-15
Cardinal Mutual,2026-08,287,CM-825690,Megan White,1950-05-27,P-02090,7150444,4.20,RENEWAL,2026-09-15
Cardinal Mutual,2026-08,288,CM-825584,Theresa Wright,1934-12-03,P-02093,44524491,26.25,RENEWAL,2026-09-15
Cardinal Mutual,2026-08,289,CM-736889,Joy Floyd,1956-05-12,P-02097,94702683,19.00,RENEWAL,2026-09-15
Cardinal Mutual,2026-08,290,CM-465620,Joy Floyd,1956-05-12,P-02098,94702683,4.20,RENEWAL,2026-09-15
Cardinal Mutual,2026-08,291,CM-753805,Angela Floyd,1944-11-16,P-02099,94702683,26.25,RENEWAL,2026-09-15
Cardinal Mutual,2026-08,292,CM-684711,Matthew Townsend,1952-02-22,P-02101,74197857,26.25,RENEWAL,2026-09-15
Cardinal Mutual,2026-08,293,CM-967526,Emma Williams,1959-03-17,P-02112,11576383,52.50,NEW,2026-09-15
Cardinal Mutual,2026-08,294,CM-355296,Alexis Tran,1949-04-12,P-02121,77125617,26.25,RENEWAL,2026-09-15
Cardinal Mutual,2026-08,295,CM-605620,Benjamin Bennett,1965-09-06,P-02126,11576383,16.00,RENEWAL,2026-09-15
Cardinal Mutual,2026-08,296,CM-982758,Stephen Murray,1938-09-16,P-02140,99847493,19.00,RENEWAL,2026-09-15
Cardinal Mutual,2026-08,297,CM-773621,Stephen Murray,1938-09-16,P-02141,99847493,4.20,RENEWAL,2026-09-15
Cardinal Mutual,2026-08,298,CM-532632,Stephanie Ortiz,1958-12-19,P-02149,74197857,52.50,NEW,2026-09-15
Cardinal Mutual,2026-08,299,CM-942291,Valerie Davis,1942-08-07,P-02164,77125617,26.25,RENEWAL,2026-09-15
Cardinal Mutual,2026-08,300,CM-885844,Andrew Davis,1938-12-10,P-02166,77125617,52.50,NEW,2026-09-15
Cardinal Mutual,2026-08,301,CM-300793,Michael Williams,1946-07-03,P-02172,78490893,52.50,NEW,2026-09-15
Cardinal Mutual,2026-08,302,CM-849840,Denise Tate,1970-01-13,P-02205,97102525,26.25,RENEWAL,2026-09-15
Cardinal Mutual,2026-08,303,CM-608597,Brandy Curtis,1952-12-18,P-02229,7150444,26.25,RENEWAL,2026-09-15
Cardinal Mutual,2026-08,304,CM-533730,Kelli Bowman,1984-03-12,P-02241,97102525,26.25,RENEWAL,2026-09-15
Cardinal Mutual,2026-08,305,CM-957313,Jeremiah Casey,1936-02-29,P-02244,5265799,4.20,RENEWAL,2026-09-15
Cardinal Mutual,2026-08,306,CM-524323,Sydney Walker,1939-10-16,P-02248,32244663,52.50,NEW,2026-09-15
Cardinal Mutual,2026-08,307,CM-478820,Aaron Woods,1947-11-08,P-02261,6831819,26.25,RENEWAL,2026-09-15
Cardinal Mutual,2026-08,308,CM-289660,Kevin Reynolds,1943-05-26,P-02286,99847493,26.25,RENEWAL,2026-09-15
Cardinal Mutual,2026-08,309,CM-788967,David Sampson,1946-02-26,P-02308,4356886,26.25,RENEWAL,2026-09-15
Cardinal Mutual,2026-08,310,CM-437316,Michael Frost,1938-10-18,P-02312,61855700,26.25,RENEWAL,2026-09-15
Cardinal Mutual,2026-08,311,CM-718992,Patricia Caldwell,1966-12-30,P-02316,90949389,26.25,RENEWAL,2026-09-15
Cardinal Mutual,2026-08,312,CM-647959,Gerald Herring,1939-11-16,P-02329,94702683,26.25,RENEWAL,2026-09-15
Cardinal Mutual,2026-08,313,CM-495762,Alan Evans,1948-10-31,P-02330,33857966,26.25,RENEWAL,2026-09-15
Cardinal Mutual,2026-08,314,CM-879731,Daniel Robinson,1957-07-01,P-02338,6831819,26.25,RENEWAL,2026-09-15
Cardinal Mutual,2026-08,315,CM-102074,Cynthia Wagner,1935-10-24,P-02347,54100814,19.00,RENEWAL,2026-09-15
Cardinal Mutual,2026-08,316,CM-445909,Cynthia Wagner,1935-10-24,P-02348,54100814,4.20,RENEWAL,2026-09-15
Cardinal Mutual,2026-08,317,CM-586059,Crystal Combs,1947-07-17,P-02363,7150444,26.25,RENEWAL,2026-09-15
Cardinal Mutual,2026-08,318,CM-784627,Danielle Sparks,1959-08-27,P-02365,7150444,38.00,NEW,2026-09-15
Cardinal Mutual,2026-08,319,CM-966780,Danielle Sparks,1959-08-27,P-02366,7150444,8.40,NEW,2026-09-15
Cardinal Mutual,2026-08,321,CM-978271,Tara Rivas,1959-03-25,P-02382,33857966,26.25,RENEWAL,2026-09-15
Cardinal Mutual,2026-08,322,CM-489388,Karl Rivas,1987-12-18,P-02383,33857966,16.00,RENEWAL,2026-09-15
Cardinal Mutual,2026-08,323,CM-478796,Jessica Silva,1940-11-04,P-02403,5265799,52.50,NEW,2026-09-15
Cardinal Mutual,2026-08,324,CM-810052,Amanda Walters,1965-09-17,P-02425,4356886,16.00,RENEWAL,2026-09-15
Cardinal Mutual,2026-08,325,CM-477771,Brady Andrews,1939-05-06,P-02427,97102525,52.50,NEW,2026-09-15
Cardinal Mutual,2026-08,326,CM-227042,Lori Combs,1955-04-22,P-02432,43339391,13.12,RENEWAL,2026-09-15
Cardinal Mutual,2026-08,327,CM-836828,Jeffrey Nixon,1951-01-11,P-02433,1884412,8.40,NEW,2026-09-15
Cardinal Mutual,2026-08,328,CM-422328,Patrick Fox,1938-03-26,P-02444,13981052,26.25,RENEWAL,2026-09-15
Cardinal Mutual,2026-08,329,CM-520112,Kimberly Wheeler,1937-12-09,P-02445,33857966,26.25,RENEWAL,2026-09-15
Cardinal Mutual,2026-08,330,CM-651637,Kimberly Lopez,1934-05-21,P-02448,90949389,26.25,RENEWAL,2026-09-15
Cardinal Mutual,2026-08,331,CM-135179,Michael Wilcox,1962-08-08,P-02454,97102525,22.00,NEW,2026-09-15
Cardinal Mutual,2026-08,332,CM-900042,Richard Williams,1944-02-10,P-02459,61855700,26.25,RENEWAL,2026-09-15
Cardinal Mutual,2026-08,333,CM-805993,James Jennings,1946-06-28,P-02465,6831819,26.25,RENEWAL,2026-09-15
Cardinal Mutual,2026-08,334,CM-964045,Jordan Lopez,1939-09-23,P-02471,1884412,38.00,NEW,2026-09-15
Cardinal Mutual,2026-08,335,CM-761504,Jordan Lopez,1939-09-23,P-02472,1884412,8.40,NEW,2026-09-15
Cardinal Mutual,2026-08,336,CM-525693,Shawna Parks,1982-04-03,P-02480,6831819,22.00,NEW,2026-09-15
Cardinal Mutual,2026-08,337,CM-945979,Cassandra Bridges,1945-10-06,P-02493,32244663,52.50,NEW,2026-09-15
Cardinal Mutual,2026-08,338,CM-638311,Jennifer Miranda,1951-09-06,P-02498,74197857,52.50,NEW,2026-09-15
Cardinal Mutual,2026-08,339,CM-239025,Kevin Phillips,1940-04-12,P-02536,90949389,26.25,RENEWAL,2026-09-15
Cardinal Mutual,2026-08,340,CM-507856,Denise Huff,1949-08-08,P-02552,1884412,26.25,RENEWAL,2026-09-15
Cardinal Mutual,2026-08,341,CM-164729,Michelle White,1995-01-30,P-02564,97102525,22.00,NEW,2026-09-15
Cardinal Mutual,2026-08,342,CM-262079,David Bean,1960-07-06,P-02576,44524491,52.50,NEW,2026-09-15
Cardinal Mutual,2026-08,343,CM-941460,Emma Fuller,2001-03-23,P-02587,11576383,22.00,NEW,2026-09-15
Summit Health Plans,2026-08,1,SH-542828,Brian Tate,1958-03-25,P-00001,61291817,26.25,RENEWAL,2026-09-15
Summit Health Plans,2026-08,2,SH-361989,James Wright,2001-10-20,P-00018,1884412,22.00,NEW,2026-09-15
Summit Health Plans,2026-08,3,SH-573209,Meghan Whitehead,1952-08-07,P-00030,32244663,19.00,RENEWAL,2026-09-15
Summit Health Plans,2026-08,4,SH-373812,Meghan Whitehead,1952-08-07,P-00031,32244663,4.20,RENEWAL,2026-09-15
Summit Health Plans,2026-08,5,SH-102871,Jamie Perry,1936-07-23,P-00055,13981052,52.50,NEW,2026-09-15
Summit Health Plans,2026-08,6,SH-616342,Anthony Rodriguez,1959-06-09,P-00063,90949389,52.50,NEW,2026-09-15
Summit Health Plans,2026-08,7,SH-789461,Mitchell Reed,1945-10-29,P-00065,77125617,52.50,NEW,2026-09-15
Summit Health Plans,2026-08,8,SH-286450,Melissa Adams,1952-03-12,P-00066,37231783,26.25,RENEWAL,2026-09-15
Summit Health Plans,2026-08,9,SH-292800,Jeffrey Davis,1956-07-11,P-00070,97102525,26.25,RENEWAL,2026-09-15
Summit Health Plans,2026-08,10,SH-690982,Kathryn Johnston,1954-11-04,P-00086,54100814,19.00,RENEWAL,2026-09-15
Summit Health Plans,2026-08,11,SH-571023,Kathryn Johnston,1954-11-04,P-00087,54100814,4.20,RENEWAL,2026-09-15
Summit Health Plans,2026-08,12,SH-907369,Julie Lee,1946-03-09,P-00099,44524491,4.20,RENEWAL,2026-09-15
Summit Health Plans,2026-08,13,SH-856027,Benjamin Banks,1943-07-11,P-00119,5265799,19.00,RENEWAL,2026-09-15
Summit Health Plans,2026-08,14,SH-902930,Benjamin Banks,1943-07-11,P-00120,5265799,4.20,RENEWAL,2026-09-15
Summit Health Plans,2026-08,15,SH-100205,Mark Kane,1949-04-23,P-00124,10583482,52.50,NEW,2026-09-15
Summit Health Plans,2026-08,16,SH-198867,Dylan Kane,1941-09-23,P-00125,10583482,19.00,RENEWAL,2026-09-15
Summit Health Plans,2026-08,17,SH-484914,Dylan Kane,1941-09-23,P-00126,10583482,4.20,RENEWAL,2026-09-15
Summit Health Plans,2026-08,18,SH-859246,Courtney Jones,1966-09-02,P-00153,97102525,22.00,NEW,2026-09-15
Summit Health Plans,2026-08,19,SH-565198,Wendy Valentine,1995-10-07,P-00161,90949389,16.00,RENEWAL,2026-09-15
Summit Health Plans,2026-08,20,SH-188501,John Young,1968-07-16,P-00176,4356886,22.00,NEW,2026-09-15
Summit Health Plans,2026-08,21,SH-580255,Matthew Winters,1991-01-08,P-00203,54100814,22.00,NEW,2026-09-15
Summit Health Plans,2026-08,22,SH-890795,Sue Roberts,1974-07-18,P-00205,29898923,4.20,RENEWAL,2026-09-15
Summit Health Plans,2026-08,23,SH-268356,Richard Morrison,2004-08-16,P-00217,5265799,16.00,RENEWAL,2026-09-15
Summit Health Plans,2026-08,24,SH-575244,Mark Garcia,1942-08-14,P-00232,13981052,26.25,RENEWAL,2026-09-15
Summit Health Plans,2026-08,25,SH-193520,Katelyn Davenport,1951-12-02,P-00253,6831819,26.25,RENEWAL,2026-09-15
Summit Health Plans,2026-08,26,SH-811634,Melanie Nielsen,1942-03-15,P-00261,61855700,19.00,RENEWAL,2026-09-15
Summit Health Plans,2026-08,27,SH-653971,Melanie Nielsen,1942-03-15,P-00262,61855700,4.20,RENEWAL,2026-09-15
Summit Health Plans,2026-08,28,SH-559094,Kyle Owens,1983-09-08,P-00267,4356886,22.00,NEW,2026-09-15
Summit Health Plans,2026-08,29,SH-647098,Harry Barrett,1939-02-17,P-00277,74197857,19.00,RENEWAL,2026-09-15
Summit Health Plans,2026-08,30,SH-119895,Harry Barrett,1939-02-17,P-00278,74197857,4.20,RENEWAL,2026-09-15
Summit Health Plans,2026-08,31,SH-185090,Bryan Snyder,1996-11-05,P-00286,6831819,22.00,NEW,2026-09-15
Summit Health Plans,2026-08,32,SH-351815,Kevin Flores,1949-02-18,P-00299,11576383,52.50,NEW,2026-09-15
Summit Health Plans,2026-08,33,SH-295760,Christine Wilkinson,1998-10-21,P-00309,5265799,22.00,NEW,2026-09-15
Summit Health Plans,2026-08,34,SH-626883,Joshua Carter,1956-02-12,P-00311,74197857,13.12,RENEWAL,2026-09-15
Summit Health Plans,2026-08,35,SH-868862,Karen Greer,1953-01-05,P-00312,29898923,26.25,RENEWAL,2026-09-15
Summit Health Plans,2026-08,36,SH-259038,Patricia Kramer,1968-03-20,P-00320,97102525,52.50,NEW,2026-09-15
Summit Health Plans,2026-08,37,SH-869584,Michael Garcia,1960-08-03,P-00327,32244663,52.50,NEW,2026-09-15
Summit Health Plans,2026-08,38,SH-915509,Garrett Brown,1945-07-02,P-00340,78490893,8.40,NEW,2026-09-15
Summit Health Plans,2026-08,39,SH-681667,Sarah Reyes,1933-10-08,P-00342,44524491,19.00,RENEWAL,2026-09-15
Summit Health Plans,2026-08,40,SH-235073,Sarah Reyes,1933-10-08,P-00343,44524491,4.20,RENEWAL,2026-09-15
Summit Health Plans,2026-08,41,SH-794804,David Duncan,1964-05-02,P-00344,61291817,26.25,RENEWAL,2026-09-15
Summit Health Plans,2026-08,42,SH-215063,Heidi Mckenzie,1962-07-28,P-00358,61855700,8.00,RENEWAL,2026-09-15
Summit Health Plans,2026-08,43,SH-835005,Richard Johnson,1939-04-09,P-00359,4356886,8.40,NEW,2026-09-15
Summit Health Plans,2026-08,44,SH-478083,Maria Stein,1958-10-28,P-00362,77125617,19.00,RENEWAL,2026-09-15
Summit Health Plans,2026-08,45,SH-349825,Maria Stein,1958-10-28,P-00363,77125617,4.20,RENEWAL,2026-09-15
Summit Health Plans,2026-08,46,SH-234041,Joshua Lopez,1957-09-10,P-00364,61291817,19.00,RENEWAL,2026-09-15
Summit Health Plans,2026-08,47,SH-483791,Joshua Lopez,1957-09-10,P-00365,61291817,4.20,RENEWAL,2026-09-15
Summit Health Plans,2026-08,48,SH-614345,Paul Shaw,1940-08-08,P-00371,97102525,52.50,NEW,2026-09-15
Summit Health Plans,2026-08,49,SH-482986,James Smith,1947-05-30,P-00380,78490893,4.20,RENEWAL,2026-09-15
Summit Health Plans,2026-08,50,SH-648706,Brandon Le,1948-01-31,P-00386,7150444,19.00,RENEWAL,2026-09-15
Summit Health Plans,2026-08,51,SH-455488,Brandon Le,1948-01-31,P-00387,7150444,4.20,RENEWAL,2026-09-15
Summit Health Plans,2026-08,52,SH-512423,Thomas Armstrong,1946-10-22,P-00401,90949389,26.25,RENEWAL,2026-09-15
Summit Health Plans,2026-08,53,SH-932673,Haley Curry,1940-05-04,P-00407,29898923,38.00,NEW,2026-09-15
Summit Health Plans,2026-08,54,SH-544320,Haley Curry,1940-05-04,P-00408,29898923,8.40,NEW,2026-09-15
Summit Health Plans,2026-08,55,SH-143096,Richard Hull,1947-03-31,P-00429,43339391,4.20,RENEWAL,2026-09-15
Summit Health Plans,2026-08,56,SH-652150,Gina Harris,1986-08-19,P-00435,29898923,22.00,NEW,2026-09-15
Summit Health Plans,2026-08,57,SH-130955,Tina Barber,1948-08-28,P-00443,44524491,26.25,RENEWAL,2026-09-15
Summit Health Plans,2026-08,58,SH-434347,Tyler West,1953-05-05,P-00452,10583482,26.25,RENEWAL,2026-09-15
Summit Health Plans,2026-08,59,SH-547191,Stephanie Barrett,1952-09-23,P-00459,6831819,26.25,RENEWAL,2026-09-15
Summit Health Plans,2026-08,60,SH-734960,Brandi Hart,1991-02-14,P-00464,11576383,22.00,NEW,2026-09-15
Summit Health Plans,2026-08,61,SH-364266,Melissa Robles,1942-08-07,P-00484,32244663,26.25,RENEWAL,2026-09-15
Summit Health Plans,2026-08,62,SH-849181,Andrea Murray,1985-11-15,P-00487,54100814,26.25,RENEWAL,2026-09-15
Summit Health Plans,2026-08,63,SH-186847,Kimberly Kennedy,1951-11-16,P-00496,99847493,26.25,RENEWAL,2026-09-15
Summit Health Plans,2026-08,64,SH-405998,Melissa King,1937-01-19,P-00519,4356886,38.00,NEW,2026-09-15
Summit Health Plans,2026-08,65,SH-131000,Melissa King,1937-01-19,P-00520,4356886,8.40,NEW,2026-09-15
Summit Health Plans,2026-08,66,SH-998541,Austin Rose,2000-03-01,P-00556,61291817,16.00,RENEWAL,2026-09-15
Summit Health Plans,2026-08,67,SH-415734,Michael Collins,1948-11-21,P-00557,44524491,26.25,RENEWAL,2026-09-15
Summit Health Plans,2026-08,69,SH-194940,Eric Barker,1945-04-05,P-00570,6831819,26.25,RENEWAL,2026-09-15
Summit Health Plans,2026-08,70,SH-586032,Christian Cross,1971-06-07,P-00594,13981052,22.00,NEW,2026-09-15
Summit Health Plans,2026-08,71,SH-973346,Alice Brown,1953-06-12,P-00595,6831819,19.00,RENEWAL,2026-09-15
Summit Health Plans,2026-08,72,SH-327727,Alice Brown,1953-06-12,P-00596,6831819,4.20,RENEWAL,2026-09-15
Summit Health Plans,2026-08,73,SH-440124,Derrick Long,1948-10-09,P-00609,74197857,26.25,RENEWAL,2026-09-15
Summit Health Plans,2026-08,74,SH-866964,George Williams,1967-10-12,P-00628,4356886,22.00,NEW,2026-09-15
Summit Health Plans,2026-08,75,SH-964745,Donna Robinson,1952-07-23,P-00632,1884412,26.25,RENEWAL,2026-09-15
Summit Health Plans,2026-08,76,SH-170064,Susan Foster,1963-06-23,P-00644,54100814,16.00,RENEWAL,2026-09-15
Summit Health Plans,2026-08,77,SH-470725,Brooke Mcdaniel,1956-10-15,P-00653,99847493,26.25,RENEWAL,2026-09-15
Summit Health Plans,2026-08,78,SH-816469,Emily Mejia,1936-03-21,P-00658,74197857,26.25,RENEWAL,2026-09-15
Summit Health Plans,2026-08,79,SH-859356,Joseph Mejia,1954-04-24,P-00659,74197857,26.25,RENEWAL,2026-09-15
Summit Health Plans,2026-08,80,SH-407393,George Andrews,1952-01-30,P-00660,7150444,26.25,RENEWAL,2026-09-15
Summit Health Plans,2026-08,81,SH-215213,Lance Davis,1955-05-15,P-00662,54100814,26.25,RENEWAL,2026-09-15
Summit Health Plans,2026-08,82,SH-490192,Ann Smith,1957-04-29,P-00670,61291817,26.25,RENEWAL,2026-09-15
Summit Health Plans,2026-08,83,SH-247158,William Harrison,1946-06-25,P-00679,54100814,52.50,NEW,2026-09-15
Summit Health Plans,2026-08,84,SH-975353,Veronica Williams,1936-12-03,P-00681,37231783,19.00,RENEWAL,2026-09-15
Summit Health Plans,2026-08,85,SH-783728,Veronica Williams,1936-12-03,P-00682,37231783,4.20,RENEWAL,2026-09-15
Summit Health Plans,2026-08,86,SH-678399,Emma Murray,1946-06-27,P-00687,10583482,26.25,RENEWAL,2026-09-15
Summit Health Plans,2026-08,87,SH-443279,Stephanie Fernandez,1951-10-30,P-00699,7150444,26.25,RENEWAL,2026-09-15
Summit Health Plans,2026-08,88,SH-174357,Corey Nguyen,1944-09-25,P-00723,33857966,26.25,RENEWAL,2026-09-15
Summit Health Plans,2026-08,89,SH-221455,George Ellis,1955-06-12,P-00727,78490893,52.50,NEW,2026-09-15
Summit Health Plans,2026-08,90,SH-968235,Brandy Hudson,1947-09-16,P-00732,10583482,19.00,RENEWAL,2026-09-15
Summit Health Plans,2026-08,91,SH-249376,Brandy Hudson,1947-09-16,P-00733,10583482,4.20,RENEWAL,2026-09-15
Summit Health Plans,2026-08,92,SH-903724,Jamie Johnston,1981-04-08,P-00736,7150444,22.00,NEW,2026-09-15
Summit Health Plans,2026-08,93,SH-207309,Stacey Wiggins,1948-02-04,P-00745,33857966,19.00,RENEWAL,2026-09-15
Summit Health Plans,2026-08,95,SH-435666,Christopher Griffin,1946-05-14,P-00752,78490893,26.25,RENEWAL,2026-09-15
Summit Health Plans,2026-08,96,SH-507976,Ronald Baldwin,1936-12-11,P-00755,11576383,26.25,RENEWAL,2026-09-15
Summit Health Plans,2026-08,97,SH-467093,Thomas Burton,1959-03-22,P-00765,1884412,26.25,RENEWAL,2026-09-15
Summit Health Plans,2026-08,98,SH-435757,Michael Howard,1990-07-08,P-00769,74197857,16.00,RENEWAL,2026-09-15
Summit Health Plans,2026-08,99,SH-498978,James Matthews,1934-12-20,P-00780,90949389,52.50,NEW,2026-09-15
Summit Health Plans,2026-08,100,SH-322311,Ellen Matthews,1960-06-14,P-00781,90949389,52.50,NEW,2026-09-15
Summit Health Plans,2026-08,101,SH-961627,Cristian Garza,1950-09-12,P-00791,99847493,52.50,NEW,2026-09-15
Summit Health Plans,2026-08,102,SH-558116,Katie Hubbard,1939-08-01,P-00792,78490893,4.20,RENEWAL,2026-09-15
Summit Health Plans,2026-08,103,SH-388586,Peter Hunter,1999-03-18,P-00800,13981052,16.00,RENEWAL,2026-09-15
Summit Health Plans,2026-08,104,SH-386890,Steven Nguyen,1952-02-01,P-00804,44524491,26.25,RENEWAL,2026-09-15
Summit Health Plans,2026-08,105,SH-723427,Michelle Nguyen,1969-03-02,P-00806,44524491,22.00,NEW,2026-09-15
Summit Health Plans,2026-08,106,SH-865929,Meghan Walters,1957-12-31,P-00820,29898923,52.50,NEW,2026-09-15
Summit Health Plans,2026-08,107,SH-462115,David Young,1934-07-19,P-00825,77125617,26.25,RENEWAL,2026-09-15
Summit Health Plans,2026-08,108,SH-348247,Stacy Walker,1943-11-11,P-00836,97102525,26.25,RENEWAL,2026-09-15
Summit Health Plans,2026-08,109,SH-193280,Deborah Aguilar,1959-08-30,P-00842,1884412,26.25,RENEWAL,2026-09-15
Summit Health Plans,2026-08,110,SH-533276,Jorge Page,1984-10-09,P-00846,1884412,16.00,RENEWAL,2026-09-15
Summit Health Plans,2026-08,111,SH-448431,Lawrence Page,1947-04-08,P-00847,1884412,52.50,NEW,2026-09-15
Summit Health Plans,2026-08,112,SH-716862,Leslie Stafford,1958-02-04,P-00848,1884412,4.20,RENEWAL,2026-09-15
Summit Health Plans,2026-08,113,SH-129349,Jessica West,1990-08-23,P-00878,77125617,22.00,NEW,2026-09-15
Summit Health Plans,2026-08,114,SH-392930,Sydney Lloyd,1953-08-09,P-00884,13981052,26.25,RENEWAL,2026-09-15
Summit Health Plans,2026-08,115,SH-824765,William Peterson,1935-05-28,P-00888,97102525,26.25,RENEWAL,2026-09-15
Summit Health Plans,2026-08,116,SH-788758,Nicole Rowe,1960-01-27,P-00894,10583482,4.20,RENEWAL,2026-09-15
Summit Health Plans,2026-08,117,SH-719639,Pamela Johnson,1942-08-25,P-00895,78490893,26.25,RENEWAL,2026-09-15
Summit Health Plans,2026-08,118,SH-513351,Cory Scott,1943-06-07,P-00918,13981052,19.00,RENEWAL,2026-09-15
Summit Health Plans,2026-08,119,SH-631767,Cory Scott,1943-06-07,P-00919,13981052,4.20,RENEWAL,2026-09-15
Summit Health Plans,2026-08,120,SH-622199,Richard Torres,1948-01-16,P-00923,4356886,26.25,RENEWAL,2026-09-15
Summit Health Plans,2026-08,121,SH-893023,Gregory Carey,1960-04-20,P-00932,1884412,52.50,NEW,2026-09-15
Summit Health Plans,2026-08,122,SH-381141,Amanda Braun,1946-06-19,P-00938,32244663,19.00,RENEWAL,2026-09-15
Summit Health Plans,2026-08,123,SH-543601,Amanda Braun,1946-06-19,P-00939,32244663,4.20,RENEWAL,2026-09-15
Summit Health Plans,2026-08,124,SH-660612,Veronica Beard,1980-05-06,P-00942,13981052,16.00,RENEWAL,2026-09-15
Summit Health Plans,2026-08,125,SH-506221,Christopher Riley,1953-09-24,P-00945,54100814,52.50,NEW,2026-09-15
Summit Health Plans,2026-08,126,SH-279274,Timothy Kelly,1987-10-30,P-00952,61291817,52.50,NEW,2026-09-15
Summit Health Plans,2026-08,127,SH-217614,Nancy Murphy,1947-12-05,P-00959,99847493,26.25,RENEWAL,2026-09-15
Summit Health Plans,2026-08,128,SH-404621,Nicholas Aguirre,1990-10-16,P-00960,10583482,22.00,NEW,2026-09-15
Summit Health Plans,2026-08,129,SH-788590,Matthew Dyer,1954-01-04,P-00963,90949389,26.25,RENEWAL,2026-09-15
Summit Health Plans,2026-08,130,SH-331746,Jason Dyer,1965-07-08,P-00965,90949389,22.00,NEW,2026-09-15
Summit Health Plans,2026-08,131,SH-928221,Alicia White,1941-09-01,P-00971,78490893,4.20,RENEWAL,2026-09-15
Summit Health Plans,2026-08,132,SH-383480,Briana Crosby,1968-02-02,P-00990,29898923,26.25,RENEWAL,2026-09-15
Summit Health Plans,2026-08,133,SH-437276,Nicholas Mcfarland,1988-10-26,P-00999,1884412,22.00,NEW,2026-09-15
Summit Health Plans,2026-08,134,SH-635441,Janet Gordon,1939-06-30,P-01009,97102525,4.20,RENEWAL,2026-09-15
Summit Health Plans,2026-08,135,SH-907852,Micheal Reid,1950-09-23,P-01026,94702683,26.25,RENEWAL,2026-09-15
Summit Health Plans,2026-08,136,SH-328472,Raymond Conrad,1954-02-13,P-01032,6831819,52.50,NEW,2026-09-15
Summit Health Plans,2026-08,137,SH-379069,Abigail Bennett,1943-06-04,P-01036,10583482,19.00,RENEWAL,2026-09-15
Summit Health Plans,2026-08,138,SH-163491,Abigail Bennett,1943-06-04,P-01037,10583482,4.20,RENEWAL,2026-09-15
Summit Health Plans,2026-08,139,SH-514326,Aaron Marks,1991-04-06,P-01042,94702683,22.00,NEW,2026-09-15
Summit Health Plans,2026-08,140,SH-724214,Sheryl Sanchez,1941-03-14,P-01047,54100814,26.25,RENEWAL,2026-09-15
Summit Health Plans,2026-08,141,SH-160114,Rodney Lee,1945-09-10,P-01051,5265799,26.25,RENEWAL,2026-09-15
Summit Health Plans,2026-08,142,SH-419966,Justin Hernandez,1943-07-06,P-01052,6831819,19.00,RENEWAL,2026-09-15
Summit Health Plans,2026-08,143,SH-184046,Justin Hernandez,1943-07-06,P-01053,6831819,4.20,RENEWAL,2026-09-15
Summit Health Plans,2026-08,144,SH-381719,David Wilson,2003-07-07,P-01063,33857966,22.00,NEW,2026-09-15
Summit Health Plans,2026-08,145,SH-561406,Tina York,1933-12-18,P-01071,32244663,26.25,RENEWAL,2026-09-15
Summit Health Plans,2026-08,146,SH-537206,Jacqueline Klein,1944-03-07,P-01087,94702683,26.25,RENEWAL,2026-09-15
Summit Health Plans,2026-08,147,SH-572844,Tyler Williams,1949-03-22,P-01088,74197857,19.00,RENEWAL,2026-09-15
Summit Health Plans,2026-08,148,SH-112957,Tyler Williams,1949-03-22,P-01089,74197857,4.20,RENEWAL,2026-09-15
Summit Health Plans,2026-08,149,SH-502385,Michael Rodriguez,1950-12-17,P-01091,54100814,26.25,RENEWAL,2026-09-15
Summit Health Plans,2026-08,150,SH-643781,Jennifer Rodriguez,1962-10-09,P-01092,54100814,16.00,RENEWAL,2026-09-15
Summit Health Plans,2026-08,151,SH-537805,Alicia James,1935-09-11,P-01103,4356886,52.50,NEW,2026-09-15
Summit Health Plans,2026-08,152,SH-861695,Kevin Cox,1947-12-19,P-01106,78490893,26.25,RENEWAL,2026-09-15
Summit Health Plans,2026-08,153,SH-244564,Nathan Rice,1937-08-25,P-01107,10583482,52.50,NEW,2026-09-15
Summit Health Plans,2026-08,154,SH-434519,James Mayo,1934-06-28,P-01111,11576383,19.00,RENEWAL,2026-09-15
Summit Health Plans,2026-08,155,SH-445377,James Mayo,1934-06-28,P-01112,11576383,4.20,RENEWAL,2026-09-15
Summit Health Plans,2026-08,156,SH-125691,Eric Rivera,1951-08-28,P-01134,90949389,19.00,RENEWAL,2026-09-15
Summit Health Plans,2026-08,158,SH-160282,Vicki Vasquez,1936-04-01,P-01138,7150444,26.25,RENEWAL,2026-09-15
Summit Health Plans,2026-08,159,SH-856688,Devon Guzman,1971-02-20,P-01146,33857966,22.00,NEW,2026-09-15
Summit Health Plans,2026-08,160,SH-871693,Laura Johnson,1944-09-30,P-01165,44524491,26.25,RENEWAL,2026-09-15
Summit Health Plans,2026-08,161,SH-773515,Lindsey Brown,1965-10-23,P-01176,61855700,22.00,NEW,2026-09-15
Summit Health Plans,2026-08,162,SH-642138,Alejandro Price,1959-03-25,P-01179,29898923,26.25,RENEWAL,2026-09-15
Summit Health Plans,2026-08,163,SH-296631,Daniel Camacho,1942-10-31,P-01195,1884412,4.20,RENEWAL,2026-09-15
Summit Health Plans,2026-08,164,SH-476321,Robert Pope,1949-04-12,P-01197,43339391,26.25,RENEWAL,2026-09-15
Summit Health Plans,2026-08,166,SH-352065,Rhonda Travis,1974-07-01,P-01208,97102525,16.00,RENEWAL,2026-09-15
Summit Health Plans,2026-08,167,SH-541157,Shaun Cruz,1997-11-21,P-01216,32244663,22.00,NEW,2026-09-15
Summit Health Plans,2026-08,168,SH-314431,John Mcgee,1934-03-01,P-01218,6831819,26.25,RENEWAL,2026-09-15
Summit Health Plans,2026-08,169,SH-665306,Brianna Bailey,1934-03-18,P-01233,5265799,26.25,RENEWAL,2026-09-15
Summit Health Plans,2026-08,170,SH-159626,Kevin Gonzalez,1950-05-11,P-01246,74197857,26.25,RENEWAL,2026-09-15
Summit Health Plans,2026-08,171,SH-948866,Kenneth Gonzalez,1971-12-02,P-01247,74197857,16.00,RENEWAL,2026-09-15
Summit Health Plans,2026-08,172,SH-708992,Brenda Lin,1947-02-22,P-01252,44524491,26.25,RENEWAL,2026-09-15
Summit Health Plans,2026-08,173,SH-410783,Sharon Ball,1966-01-30,P-01253,94702683,16.00,RENEWAL,2026-09-15
Summit Health Plans,2026-08,174,SH-515741,Linda Ball,1943-03-26,P-01254,94702683,13.12,RENEWAL,2026-09-15
Summit Health Plans,2026-08,175,SH-382874,Brian Wallace,2003-09-03,P-01255,74197857,22.00,NEW,2026-09-15
Summit Health Plans,2026-08,176,SH-162086,Manuel Mclean,1949-02-27,P-01269,32244663,26.25,RENEWAL,2026-09-15
Summit Health Plans,2026-08,177,SH-722543,Michael Hudson,1939-02-04,P-01274,37231783,52.50,NEW,2026-09-15
Summit Health Plans,2026-08,178,SH-610996,Carolyn Hall,1976-02-22,P-01275,94702683,16.00,RENEWAL,2026-09-15
Summit Health Plans,2026-08,179,SH-729389,Cheyenne George,1949-06-03,P-01280,13981052,26.25,RENEWAL,2026-09-15
Summit Health Plans,2026-08,180,SH-991930,Donna Keller,1959-05-30,P-01293,11576383,8.40,NEW,2026-09-15
Summit Health Plans,2026-08,181,SH-550572,Mackenzie Watson,1996-12-24,P-01308,4356886,22.00,NEW,2026-09-15
Summit Health Plans,2026-08,182,SH-207614,Rhonda Conrad,1937-11-07,P-01309,33857966,38.00,NEW,2026-09-15
Summit Health Plans,2026-08,183,SH-539176,Rhonda Conrad,1937-11-07,P-01310,33857966,8.40,NEW,2026-09-15
Summit Health Plans,2026-08,184,SH-377837,Christopher Mitchell,1957-02-15,P-01320,78490893,26.25,RENEWAL,2026-09-15
Summit Health Plans,2026-08,185,SH-234370,Jennifer Smith,1937-05-23,P-01347,74197857,26.25,RENEWAL,2026-09-15
Summit Health Plans,2026-08,186,SH-395634,Wendy Fitzpatrick,2005-01-27,P-01375,32244663,22.00,NEW,2026-09-15
Summit Health Plans,2026-08,187,SH-455335,Steven Wilson,1937-08-21,P-01383,78490893,26.25,RENEWAL,2026-09-15
Summit Health Plans,2026-08,188,SH-719285,Katie Sheppard,1981-09-29,P-01385,32244663,16.00,RENEWAL,2026-09-15
Summit Health Plans,2026-08,189,SH-599497,Maria Gordon,1952-05-03,P-01392,90949389,26.25,RENEWAL,2026-09-15
Summit Health Plans,2026-08,190,SH-813085,Marcus Barrett,1937-09-15,P-01395,37231783,52.50,NEW,2026-09-15
Summit Health Plans,2026-08,191,SH-914466,Richard Burke,1955-07-31,P-01398,44524491,26.25,RENEWAL,2026-09-15
Summit Health Plans,2026-08,192,SH-835663,Sherri Sanford,1942-03-30,P-01399,97102525,26.25,RENEWAL,2026-09-15
Summit Health Plans,2026-08,193,SH-467418,Holly Mcdaniel,1951-10-28,P-01403,29898923,26.25,RENEWAL,2026-09-15
Summit Health Plans,2026-08,194,SH-949927,Tracy Jones,1956-06-02,P-01404,33857966,26.25,RENEWAL,2026-09-15
Summit Health Plans,2026-08,195,SH-732921,Susan Johnson,1935-11-06,P-01406,97102525,19.00,RENEWAL,2026-09-15
Summit Health Plans,2026-08,197,SH-938072,Howard Williams,1993-12-02,P-01422,43339391,26.25,RENEWAL,2026-09-15
Summit Health Plans,2026-08,198,SH-649459,Cheryl Walker,1944-10-04,P-01423,43339391,26.25,RENEWAL,2026-09-15
Summit Health Plans,2026-08,199,SH-204251,Julie Miller,1947-03-10,P-01428,7150444,52.50,NEW,2026-09-15
Summit Health Plans,2026-08,200,SH-424907,Veronica Manning,1991-12-16,P-01430,90949389,22.00,NEW,2026-09-15
Summit Health Plans,2026-08,201,SH-561707,Dawn Compton,1936-12-19,P-01451,29898923,4.20,RENEWAL,2026-09-15
Summit Health Plans,2026-08,202,SH-580778,Susan Forbes,1942-02-06,P-01480,74197857,19.00,RENEWAL,2026-09-15
Summit Health Plans,2026-08,203,SH-766495,Susan Forbes,1942-02-06,P-01481,74197857,4.20,RENEWAL,2026-09-15
Summit Health Plans,2026-08,204,SH-427819,Christopher Mathis,1956-12-26,P-01484,1884412,26.25,RENEWAL,2026-09-15
Summit Health Plans,2026-08,205,SH-431667,Kelly Preston,1992-04-28,P-01489,4356886,22.00,NEW,2026-09-15
Summit Health Plans,2026-08,206,SH-519861,Daniel Scott,1959-09-17,P-01496,7150444,26.25,RENEWAL,2026-09-15
Summit Health Plans,2026-08,207,SH-220067,Stephen Scott,1946-11-06,P-01497,7150444,26.25,RENEWAL,2026-09-15
Summit Health Plans,2026-08,208,SH-935346,Colleen Torres,1959-02-21,P-01502,29898923,38.00,NEW,2026-09-15
Summit Health Plans,2026-08,209,SH-841808,Colleen Torres,1959-02-21,P-01503,29898923,8.40,NEW,2026-09-15
Summit Health Plans,2026-08,210,SH-102897,Craig Jackson,1955-05-20,P-01505,44524491,26.25,RENEWAL,2026-09-15
Summit Health Plans,2026-08,211,SH-747782,Michael Anderson,1937-09-04,P-01508,61855700,26.25,RENEWAL,2026-09-15
Summit Health Plans,2026-08,212,SH-648731,Robert Brown,1951-04-07,P-01521,10583482,26.25,RENEWAL,2026-09-15
Summit Health Plans,2026-08,213,SH-232934,Alexandria Meyer,1995-09-23,P-01523,32244663,16.00,RENEWAL,2026-09-15
Summit Health Plans,2026-08,214,SH-582591,Mark Conway,1940-10-08,P-01528,94702683,52.50,NEW,2026-09-15
Summit Health Plans,2026-08,215,SH-791258,Daniel Williams,1979-01-11,P-01529,90949389,26.25,RENEWAL,2026-09-15
Summit Health Plans,2026-08,216,SH-919701,Katherine Fowler,1964-06-02,P-01539,13981052,16.00,RENEWAL,2026-09-15
Summit Health Plans,2026-08,217,SH-243576,Barbara Stone,1955-11-03,P-01546,33857966,52.50,NEW,2026-09-15
Summit Health Plans,2026-08,218,SH-325203,Steve Copeland,1959-12-11,P-01548,77125617,26.25,RENEWAL,2026-09-15
Summit Health Plans,2026-08,219,SH-873905,Stacey Hudson,1938-01-24,P-01549,90949389,26.25,RENEWAL,2026-09-15
Summit Health Plans,2026-08,220,SH-130803,Katherine Wright,1981-10-30,P-01555,6831819,22.00,NEW,2026-09-15
Summit Health Plans,2026-08,221,SH-964605,Elizabeth Garcia,1952-07-27,P-01571,54100814,26.25,RENEWAL,2026-09-15
Summit Health Plans,2026-08,222,SH-804779,Holly Townsend,1938-07-19,P-01575,94702683,26.25,RENEWAL,2026-09-15
Summit Health Plans,2026-08,223,SH-693535,Renee Banks,1937-12-20,P-01598,61291817,52.50,NEW,2026-09-15
Summit Health Plans,2026-08,224,SH-165555,Pamela Morgan,1945-07-26,P-01603,54100814,4.20,RENEWAL,2026-09-15
Summit Health Plans,2026-08,225,SH-830120,Sean Thomas,1937-01-05,P-01610,97102525,26.25,RENEWAL,2026-09-15
Summit Health Plans,2026-08,226,SH-844825,Barry James,1943-08-16,P-01622,44524491,26.25,RENEWAL,2026-09-15
Summit Health Plans,2026-08,227,SH-750588,Jacob House,1939-03-14,P-01628,78490893,26.25,RENEWAL,2026-09-15
Summit Health Plans,2026-08,228,SH-821273,Tyler Erickson,1945-02-04,P-01629,5265799,26.25,RENEWAL,2026-09-15
Summit Health Plans,2026-08,229,SH-429489,Catherine Wolfe,1945-12-08,P-01635,11576383,26.25,RENEWAL,2026-09-15
Summit Health Plans,2026-08,230,SH-837453,Jay Bridges,1958-01-23,P-01675,61291817,52.50,NEW,2026-09-15
Summit Health Plans,2026-08,231,SH-782056,Bradley Ray,1946-03-22,P-01687,54100814,52.50,NEW,2026-09-15
Summit Health Plans,2026-08,232,SH-414119,Michelle Haynes,1939-11-22,P-01704,33857966,52.50,NEW,2026-09-15
Summit Health Plans,2026-08,233,SH-669528,Trevor Glenn,1950-06-26,P-01715,1884412,26.25,RENEWAL,2026-09-15
Summit Health Plans,2026-08,234,SH-349225,Laurie Valencia,1965-11-22,P-01724,54100814,22.00,NEW,2026-09-15
Summit Health Plans,2026-08,235,SH-869628,Veronica Woods,1949-08-06,P-01726,11576383,38.00,NEW,2026-09-15
Summit Health Plans,2026-08,236,SH-249277,Veronica Woods,1949-08-06,P-01727,11576383,8.40,NEW,2026-09-15
Summit Health Plans,2026-08,237,SH-807521,Charles Woods,1938-01-25,P-01728,11576383,52.50,NEW,2026-09-15
Summit Health Plans,2026-08,238,SH-622852,Leah Buchanan,1973-08-19,P-01737,5265799,16.00,RENEWAL,2026-09-15
Summit Health Plans,2026-08,239,SH-627785,Troy Burnett,1952-06-28,P-01740,44524491,52.50,NEW,2026-09-15
Summit Health Plans,2026-08,240,SH-359481,Mandy Shaffer,1943-12-04,P-01745,29898923,26.25,RENEWAL,2026-09-15
Summit Health Plans,2026-08,241,SH-720264,John Tran,1959-06-12,P-01756,11576383,52.50,NEW,2026-09-15
Summit Health Plans,2026-08,242,SH-418411,Dustin Sanchez,1974-04-18,P-01768,32244663,16.00,RENEWAL,2026-09-15
Summit Health Plans,2026-08,243,SH-179037,William Kelly,1954-05-03,P-01770,99847493,26.25,RENEWAL,2026-09-15
Summit Health Plans,2026-08,244,SH-740837,Adriana Robinson,1978-05-06,P-01771,99847493,22.00,NEW,2026-09-15
Summit Health Plans,2026-08,245,SH-425951,Francisco Miller,1933-10-25,P-01784,43339391,26.25,RENEWAL,2026-09-15
Summit Health Plans,2026-08,246,SH-788966,Megan Carter,1944-06-15,P-01790,61291817,19.00,RENEWAL,2026-09-15
Summit Health Plans,2026-08,247,SH-796563,Megan Carter,1944-06-15,P-01791,61291817,4.20,RENEWAL,2026-09-15
Summit Health Plans,2026-08,249,SH-320580,Lisa Snow,1938-11-16,P-01811,99847493,8.40,NEW,2026-09-15
Summit Health Plans,2026-08,250,SH-692139,Brittany Meyer,1939-01-23,P-01829,61291817,26.25,RENEWAL,2026-09-15
Summit Health Plans,2026-08,251,SH-176541,Kevin Brown,2000-07-13,P-01831,5265799,22.00,NEW,2026-09-15
Summit Health Plans,2026-08,252,SH-271471,Kevin Parker,1957-10-21,P-01832,37231783,4.20,RENEWAL,2026-09-15
Summit Health Plans,2026-08,253,SH-571702,Ian Beasley,1948-12-27,P-01834,99847493,52.50,NEW,2026-09-15
Summit Health Plans,2026-08,254,SH-691426,Michael Harrison,2001-11-19,P-01836,32244663,16.00,RENEWAL,2026-09-15
Summit Health Plans,2026-08,255,SH-792718,Dylan West,1998-07-31,P-01841,78490893,22.00,NEW,2026-09-15
Summit Health Plans,2026-08,256,SH-115810,Sarah Sanchez,1943-08-10,P-01850,29898923,52.50,NEW,2026-09-15
Summit Health Plans,2026-08,257,SH-278743,Michael Hodge,1940-05-29,P-01852,11576383,26.25,RENEWAL,2026-09-15
Summit Health Plans,2026-08,258,SH-351834,Brandi Davis,1994-10-16,P-01859,94702683,22.00,NEW,2026-09-15
Summit Health Plans,2026-08,259,SH-440893,James Houston,1955-01-17,P-01869,78490893,26.25,RENEWAL,2026-09-15
Summit Health Plans,2026-08,261,SH-853592,Christina Guzman,1953-12-04,P-01886,33857966,26.25,RENEWAL,2026-09-15
Summit Health Plans,2026-08,262,SH-389715,Deborah Lopez,1959-02-13,P-01888,37231783,52.50,NEW,2026-09-15
Summit Health Plans,2026-08,263,SH-850000,Brenda Lee,1940-07-25,P-01899,54100814,4.20,RENEWAL,2026-09-15
Summit Health Plans,2026-08,264,SH-226036,Andrew Deleon,1942-10-11,P-01912,33857966,26.25,RENEWAL,2026-09-15
Summit Health Plans,2026-08,265,SH-702893,Holly Russell,1950-05-15,P-01923,74197857,26.25,RENEWAL,2026-09-15
Summit Health Plans,2026-08,266,SH-990761,John Morrison,1950-02-18,P-01926,44524491,38.00,NEW,2026-09-15
Summit Health Plans,2026-08,267,SH-370799,John Morrison,1950-02-18,P-01927,44524491,8.40,NEW,2026-09-15
Summit Health Plans,2026-08,268,SH-692954,Matthew Bishop,1951-08-11,P-01928,43339391,19.00,RENEWAL,2026-09-15
Summit Health Plans,2026-08,269,SH-961489,Matthew Bishop,1951-08-11,P-01929,43339391,4.20,RENEWAL,2026-09-15
Summit Health Plans,2026-08,270,SH-627750,Charles Russell,1960-09-01,P-01930,7150444,52.50,NEW,2026-09-15
Summit Health Plans,2026-08,271,SH-559086,Joseph King,1952-03-10,P-01934,43339391,26.25,RENEWAL,2026-09-15
Summit Health Plans,2026-08,272,SH-267251,Shawn Gonzalez,1957-12-06,P-01943,11576383,26.25,RENEWAL,2026-09-15
Summit Health Plans,2026-08,273,SH-143831,Charles Robinson,1938-11-04,P-01945,29898923,4.20,RENEWAL,2026-09-15
Summit Health Plans,2026-08,274,SH-455575,Elizabeth Robinson,1998-05-17,P-01947,29898923,22.00,NEW,2026-09-15
Summit Health Plans,2026-08,275,SH-881280,Lori Vasquez,1954-03-12,P-01949,1884412,26.25,RENEWAL,2026-09-15
Summit Health Plans,2026-08,276,SH-295770,Kayla Gonzalez,1982-02-15,P-01962,61855700,11.00,NEW,2026-09-15
Summit Health Plans,2026-08,277,SH-158696,Amber Vasquez,1944-06-06,P-01963,5265799,8.40,NEW,2026-09-15
Summit Health Plans,2026-08,278,SH-562072,Madison Rich,1953-11-01,P-01979,99847493,19.00,RENEWAL,2026-09-15
Summit Health Plans,2026-08,279,SH-412684,Madison Rich,1953-11-01,P-01980,99847493,4.20,RENEWAL,2026-09-15
Summit Health Plans,2026-08,280,SH-167463,Christopher Leon,1940-11-28,P-01981,33857966,26.25,RENEWAL,2026-09-15
Summit Health Plans,2026-08,281,SH-923977,David Nelson,1989-01-19,P-01988,10583482,22.00,NEW,2026-09-15
Summit Health Plans,2026-08,282,SH-254891,Keith Calhoun,1960-09-03,P-01999,33857966,52.50,NEW,2026-09-15
Summit Health Plans,2026-08,283,SH-118519,Shelly Lewis,1956-02-26,P-02030,99847493,19.00,RENEWAL,2026-09-15
Summit Health Plans,2026-08,284,SH-773780,Shelly Lewis,1956-02-26,P-02031,99847493,4.20,RENEWAL,2026-09-15
Summit Health Plans,2026-08,285,SH-753998,Rachel Santos,1994-03-12,P-02034,4356886,22.00,NEW,2026-09-15
Summit Health Plans,2026-08,286,SH-817157,Danielle Rocha,1957-04-15,P-02035,77125617,19.00,RENEWAL,2026-09-15
Summit Health Plans,2026-08,287,SH-405807,Danielle Rocha,1957-04-15,P-02036,77125617,4.20,RENEWAL,2026-09-15
Summit Health Plans,2026-08,288,SH-781120,Miguel Rocha,1948-04-25,P-02037,77125617,26.25,RENEWAL,2026-09-15
Summit Health Plans,2026-08,289,SH-202566,Steven Bush,1935-03-02,P-02041,6831819,38.00,NEW,2026-09-15
Summit Health Plans,2026-08,290,SH-122756,Steven Bush,1935-03-02,P-02042,6831819,8.40,NEW,2026-09-15
Summit Health Plans,2026-08,291,SH-835778,Amy Richards,1936-08-27,P-02052,61291817,26.25,RENEWAL,2026-09-15
Summit Health Plans,2026-08,292,SH-391167,Virginia Kemp,1934-02-13,P-02077,4356886,26.25,RENEWAL,2026-09-15
Summit Health Plans,2026-08,293,SH-709182,Louis Davis,1950-05-15,P-02081,54100814,52.50,NEW,2026-09-15
Summit Health Plans,2026-08,294,SH-423250,David Barton,1954-01-03,P-02082,1884412,26.25,RENEWAL,2026-09-15
Summit Health Plans,2026-08,295,SH-756244,Robert Ramos,1974-05-23,P-02084,5265799,22.00,NEW,2026-09-15
Summit Health Plans,2026-08,296,SH-860866,Amanda Rollins,1943-12-31,P-02114,78490893,26.25,RENEWAL,2026-09-15
Summit Health Plans,2026-08,297,SH-231297,Michael Le,1943-03-06,P-02145,32244663,52.50,NEW,2026-09-15
Summit Health Plans,2026-08,298,SH-444783,Brooke Summers,1936-06-20,P-02163,43339391,26.25,RENEWAL,2026-09-15
Summit Health Plans,2026-08,299,SH-620032,Elizabeth Orozco,1958-09-21,P-02168,32244663,13.12,RENEWAL,2026-09-15
Summit Health Plans,2026-08,300,SH-665348,Eric Bennett,1952-08-09,P-02181,7150444,52.50,NEW,2026-09-15
Summit Health Plans,2026-08,301,SH-888884,Bruce Medina,1954-06-13,P-02183,90949389,19.00,RENEWAL,2026-09-15
Summit Health Plans,2026-08,302,SH-771835,Bruce Medina,1954-06-13,P-02184,90949389,4.20,RENEWAL,2026-09-15
Summit Health Plans,2026-08,303,SH-738437,Steven Jones,2003-06-05,P-02191,77125617,22.00,NEW,2026-09-15
Summit Health Plans,2026-08,304,SH-339492,John Johnson,1942-02-03,P-02206,74197857,52.50,NEW,2026-09-15
Summit Health Plans,2026-08,305,SH-207921,Tara Novak,1958-04-27,P-02210,5265799,52.50,NEW,2026-09-15
Summit Health Plans,2026-08,306,SH-110651,Stacy Sanchez,1955-03-16,P-02219,78490893,52.50,NEW,2026-09-15
Summit Health Plans,2026-08,307,SH-743369,Alan Wolfe,1942-04-07,P-02223,29898923,52.50,NEW,2026-09-15
Summit Health Plans,2026-08,308,SH-304222,Sandra Rodriguez,1953-06-28,P-02228,29898923,26.25,RENEWAL,2026-09-15
Summit Health Plans,2026-08,309,SH-868591,David Ford,1945-08-01,P-02233,29898923,19.00,RENEWAL,2026-09-15
Summit Health Plans,2026-08,310,SH-465941,David Ford,1945-08-01,P-02234,29898923,4.20,RENEWAL,2026-09-15
Summit Health Plans,2026-08,311,SH-941990,Lindsay Duran,1955-09-12,P-02247,10583482,4.20,RENEWAL,2026-09-15
Summit Health Plans,2026-08,312,SH-290432,John Mccullough,1973-06-18,P-02255,7150444,22.00,NEW,2026-09-15
Summit Health Plans,2026-08,313,SH-318405,Grant Jones,1957-05-06,P-02259,10583482,26.25,RENEWAL,2026-09-15
Summit Health Plans,2026-08,314,SH-598558,Sarah Smith,1993-05-14,P-02260,37231783,16.00,RENEWAL,2026-09-15
Summit Health Plans,2026-08,315,SH-733691,Thomas Friedman,1998-06-03,P-02263,54100814,22.00,NEW,2026-09-15
Summit Health Plans,2026-08,316,SH-534010,Mary Gomez,1943-01-31,P-02266,7150444,26.25,RENEWAL,2026-09-15
Summit Health Plans,2026-08,317,SH-949252,Sharon Gomez,1938-10-14,P-02268,7150444,26.25,RENEWAL,2026-09-15
Summit Health Plans,2026-08,318,SH-745653,Robert Smith,1953-03-14,P-02270,78490893,26.25,RENEWAL,2026-09-15
Summit Health Plans,2026-08,319,SH-987948,Jennifer Neal,1949-11-08,P-02276,11576383,52.50,NEW,2026-09-15
Summit Health Plans,2026-08,320,SH-909262,Judith Klein,1944-07-10,P-02296,29898923,52.50,NEW,2026-09-15
Summit Health Plans,2026-08,321,SH-113101,Teresa Lucas,1947-10-19,P-02298,90949389,52.50,NEW,2026-09-15
Summit Health Plans,2026-08,322,SH-556872,Brett Anderson,1976-09-28,P-02309,44524491,4.20,RENEWAL,2026-09-15
Summit Health Plans,2026-08,323,SH-828272,Brenda Lang,1944-05-10,P-02314,44524491,26.25,RENEWAL,2026-09-15
Summit Health Plans,2026-08,324,SH-318058,Drew Ward,1946-07-17,P-02319,61291817,19.00,RENEWAL,2026-09-15
Summit Health Plans,2026-08,325,SH-190484,Drew Ward,1946-07-17,P-02320,61291817,4.20,RENEWAL,2026-09-15
Summit Health Plans,2026-08,326,SH-941131,Katie Jones,1959-09-09,P-02322,29898923,4.20,RENEWAL,2026-09-15
Summit Health Plans,2026-08,327,SH-511158,Cody Snyder,1945-03-23,P-02351,7150444,26.25,RENEWAL,2026-09-15
Summit Health Plans,2026-08,328,SH-304978,Stuart Howell,1950-02-27,P-02352,94702683,26.25,RENEWAL,2026-09-15
Summit Health Plans,2026-08,329,SH-202733,Cathy Riley,1943-03-30,P-02357,94702683,52.50,NEW,2026-09-15
Summit Health Plans,2026-08,330,SH-811748,Ronald Stewart,1947-06-06,P-02379,97102525,26.25,RENEWAL,2026-09-15
Summit Health Plans,2026-08,331,SH-563579,Steven Schultz,1957-04-14,P-02384,77125617,26.25,RENEWAL,2026-09-15
Summit Health Plans,2026-08,332,SH-704821,Meagan Jackson,1965-07-20,P-02387,61855700,22.00,NEW,2026-09-15
Summit Health Plans,2026-08,333,SH-801157,Danielle Duran,1937-07-01,P-02389,5265799,26.25,RENEWAL,2026-09-15
Summit Health Plans,2026-08,334,SH-915059,Nicholas Ramos,1941-01-08,P-02398,11576383,26.25,RENEWAL,2026-09-15
Summit Health Plans,2026-08,335,SH-772414,Nicholas Scott,1948-02-13,P-02399,61291817,4.20,RENEWAL,2026-09-15
Summit Health Plans,2026-08,336,SH-333522,Kristin Johnston,1957-11-09,P-02411,44524491,26.25,RENEWAL,2026-09-15
Summit Health Plans,2026-08,337,SH-343765,Jennifer Suarez,1937-07-04,P-02415,74197857,26.25,RENEWAL,2026-09-15
Summit Health Plans,2026-08,338,SH-313893,Kenneth Sloan,1956-11-30,P-02423,6831819,52.50,NEW,2026-09-15
Summit Health Plans,2026-08,339,SH-721309,Jasmine Rodriguez,1958-07-15,P-02430,37231783,52.50,NEW,2026-09-15
Summit Health Plans,2026-08,340,SH-395227,Michael Mcmahon,1957-03-01,P-02434,4356886,4.20,RENEWAL,2026-09-15
Summit Health Plans,2026-08,341,SH-985247,David Gordon,1952-10-15,P-02461,99847493,26.25,RENEWAL,2026-09-15
Summit Health Plans,2026-08,342,SH-686810,Christopher Benton,1943-02-17,P-02468,1884412,26.25,RENEWAL,2026-09-15
Summit Health Plans,2026-08,343,SH-363703,Craig Miranda,1956-04-02,P-02496,74197857,26.25,RENEWAL,2026-09-15
Summit Health Plans,2026-08,344,SH-621886,Seth Perez,1977-05-02,P-02511,74197857,4.20,RENEWAL,2026-09-15
Summit Health Plans,2026-08,345,SH-314936,Mark Davis,1945-12-09,P-02523,32244663,38.00,NEW,2026-09-15
Summit Health Plans,2026-08,346,SH-716528,Mark Davis,1945-12-09,P-02524,32244663,8.40,NEW,2026-09-15
Summit Health Plans,2026-08,347,SH-556090,John Flores,1978-12-07,P-02526,10583482,22.00,NEW,2026-09-15
Summit Health Plans,2026-08,348,SH-837466,Timothy Fischer,1998-09-14,P-02532,37231783,22.00,NEW,2026-09-15
Summit Health Plans,2026-08,349,SH-541077,Zachary Lopez,1936-12-07,P-02538,74197857,26.25,RENEWAL,2026-09-15
Summit Health Plans,2026-08,350,SH-653069,Jordan Waters,1945-02-10,P-02544,7150444,26.25,RENEWAL,2026-09-15
Summit Health Plans,2026-08,351,SH-198305,Kelsey Larson,1997-03-26,P-02570,61855700,16.00,RENEWAL,2026-09-15
Summit Health Plans,2026-08,352,SH-643332,Michael Smith,1941-09-10,P-02572,90949389,52.50,NEW,2026-09-15
Summit Health Plans,2026-08,353,SH-584250,Nathan Garcia,1940-04-25,P-02579,97102525,26.25,RENEWAL,2026-09-15
Summit Health Plans,2026-08,354,SH-803431,Martin Gomez,1992-04-06,P-02583,13981052,22.00,NEW,2026-09-15
Summit Health Plans,2026-08,355,SH-503006,Molly Thompson,1941-03-11,P-02595,1884412,38.00,NEW,2026-09-15
Summit Health Plans,2026-08,356,SH-990856,Molly Thompson,1941-03-11,P-02596,1884412,8.40,NEW,2026-09-15
Meridian Care,2026-08,1,MC-190898,Donald Thomas,1949-05-01,P-00002,61855700,26.25,RENEWAL,2026-09-15
Meridian Care,2026-08,2,MC-160718,Nancy Mckay,1957-09-01,P-00007,61855700,26.25,RENEWAL,2026-09-15
Meridian Care,2026-08,3,MC-437433,Samantha Nielsen,1941-10-21,P-00011,33857966,38.00,NEW,2026-09-15
Meridian Care,2026-08,4,MC-699298,Samantha Nielsen,1941-10-21,P-00012,33857966,8.40,NEW,2026-09-15
Meridian Care,2026-08,6,MC-797860,Jason Ferrell,1985-07-24,P-00028,10583482,22.00,NEW,2026-09-15
Meridian Care,2026-08,7,MC-256911,Lori Bailey,1933-11-14,P-00037,61291817,26.25,RENEWAL,2026-09-15
Meridian Care,2026-08,8,MC-333049,John Snyder,1975-07-28,P-00046,90949389,16.00,RENEWAL,2026-09-15
Meridian Care,2026-08,9,MC-893612,Caitlin Contreras,1943-04-14,P-00049,94702683,52.50,NEW,2026-09-15
Meridian Care,2026-08,10,MC-613989,John Washington,1949-04-25,P-00050,61291817,19.00,RENEWAL,2026-09-15
Meridian Care,2026-08,11,MC-120053,John Washington,1949-04-25,P-00051,61291817,4.20,RENEWAL,2026-09-15
Meridian Care,2026-08,12,MC-565897,Scott Washington,1956-06-15,P-00052,61291817,19.00,RENEWAL,2026-09-15
Meridian Care,2026-08,13,MC-315477,Scott Washington,1956-06-15,P-00053,61291817,4.20,RENEWAL,2026-09-15
Meridian Care,2026-08,14,MC-410401,Anthony Graham,2000-01-14,P-00056,43339391,16.00,RENEWAL,2026-09-15
Meridian Care,2026-08,15,MC-990079,Mark Gray,1952-10-24,P-00060,32244663,19.00,RENEWAL,2026-09-15
Meridian Care,2026-08,16,MC-178501,Mark Gray,1952-10-24,P-00061,32244663,4.20,RENEWAL,2026-09-15
Meridian Care,2026-08,17,MC-349136,Jonathan Kelly,1977-08-10,P-00068,77125617,8.00,RENEWAL,2026-09-15
Meridian Care,2026-08,18,MC-286044,Joshua Kelly,1950-10-12,P-00069,77125617,4.20,RENEWAL,2026-09-15
Meridian Care,2026-08,19,MC-743512,Heather Davis,1946-12-27,P-00071,97102525,26.25,RENEWAL,2026-09-15
Meridian Care,2026-08,20,MC-680412,Alexis White,1971-05-03,P-00076,61855700,22.00,NEW,2026-09-15
Meridian Care,2026-08,21,MC-762308,Veronica Dalton,1946-02-15,P-00080,77125617,8.40,NEW,2026-09-15
Meridian Care,2026-08,22,MC-576728,Margaret Kerr,1986-01-11,P-00082,90949389,26.25,RENEWAL,2026-09-15
Meridian Care,2026-08,23,MC-534753,Christopher Mason,1991-08-23,P-00085,99847493,22.00,NEW,2026-09-15
Meridian Care,2026-08,24,MC-346269,Michael Ryan,1950-08-28,P-00101,6831819,26.25,RENEWAL,2026-09-15
Meridian Care,2026-08,25,MC-472358,Christian Jackson,1944-11-13,P-00106,10583482,26.25,RENEWAL,2026-09-15
Meridian Care,2026-08,26,MC-152042,Robert Murphy,1940-10-11,P-00113,78490893,26.25,RENEWAL,2026-09-15
Meridian Care,2026-08,27,MC-929912,Darryl Banks,1948-05-30,P-00116,5265799,52.50,NEW,2026-09-15
Meridian Care,2026-08,28,MC-181721,Christopher Holloway,1979-03-27,P-00122,74197857,16.00,RENEWAL,2026-09-15
Meridian Care,2026-08,29,MC-724145,Alfred Chapman,1992-08-23,P-00127,94702683,22.00,NEW,2026-09-15
Meridian Care,2026-08,30,MC-432918,Joseph Craig,1985-10-14,P-00139,61291817,16.00,RENEWAL,2026-09-15
Meridian Care,2026-08,31,MC-255457,William Cook,1953-08-02,P-00149,6831819,52.50,NEW,2026-09-15
Meridian Care,2026-08,32,MC-938403,Brittany Hogan,1941-04-03,P-00154,77125617,19.00,RENEWAL,2026-09-15
Meridian Care,2026-08,33,MC-450006,Brittany Hogan,1941-04-03,P-00155,77125617,4.20,RENEWAL,2026-09-15
Meridian Care,2026-08,34,MC-460234,Justin Moody,1944-10-13,P-00172,1884412,26.25,RENEWAL,2026-09-15
Meridian Care,2026-08,35,MC-330074,Allen King,1962-09-27,P-00181,61291817,16.00,RENEWAL,2026-09-15
Meridian Care,2026-08,36,MC-389809,Kristina King,1941-08-15,P-00182,61291817,26.25,RENEWAL,2026-09-15
Meridian Care,2026-08,37,MC-555342,Sara Joseph,1953-05-03,P-00195,99847493,26.25,RENEWAL,2026-09-15
Meridian Care,2026-08,38,MC-811257,Maria Anderson,1952-11-04,P-00200,5265799,26.25,RENEWAL,2026-09-15
Meridian Care,2026-08,39,MC-540538,Shelley Reed,1958-06-27,P-00201,13981052,52.50,NEW,2026-09-15
Meridian Care,2026-08,40,MC-598940,Alexandria Castillo,1937-07-07,P-00221,5265799,19.00,RENEWAL,2026-09-15
Meridian Care,2026-08,41,MC-392438,Alexandria Castillo,1937-07-07,P-00222,5265799,4.20,RENEWAL,2026-09-15
Meridian Care,2026-08,42,MC-821411,Stephanie Cardenas,1979-04-05,P-00227,4356886,16.00,RENEWAL,2026-09-15
Meridian Care,2026-08,43,MC-378035,Joseph Nelson,1994-11-21,P-00231,13981052,22.00,NEW,2026-09-15
Meridian Care,2026-08,44,MC-349641,Christopher Velez,1959-01-26,P-00236,29898923,26.25,RENEWAL,2026-09-15
Meridian Care,2026-08,45,MC-929443,Gina Moore,1970-04-17,P-00242,5265799,16.00,RENEWAL,2026-09-15
Meridian Care,2026-08,46,MC-428486,Randy Cummings,1939-03-26,P-00249,77125617,4.20,RENEWAL,2026-09-15
Meridian Care,2026-08,47,MC-137604,Lisa Cummings,1934-05-11,P-00250,77125617,26.25,RENEWAL,2026-09-15
Meridian Care,2026-08,48,MC-466586,Robert Johnson,1982-10-03,P-00251,29898923,16.00,RENEWAL,2026-09-15
Meridian Care,2026-08,49,MC-951266,Edward Jones,1944-05-03,P-00270,43339391,26.25,RENEWAL,2026-09-15
Meridian Care,2026-08,50,MC-398357,Stephen Jones,1959-03-25,P-00272,43339391,52.50,NEW,2026-09-15
Meridian Care,2026-08,51,MC-712686,Amanda Bowen,1942-06-25,P-00273,43339391,26.25,RENEWAL,2026-09-15
Meridian Care,2026-08,52,MC-863220,Deanna Miller,1967-07-26,P-00276,13981052,16.00,RENEWAL,2026-09-15
Meridian Care,2026-08,53,MC-552945,Alexander Shields,1986-08-17,P-00283,90949389,16.00,RENEWAL,2026-09-15
Meridian Care,2026-08,54,MC-303182,Christine Cook,1938-04-01,P-00289,61291817,26.25,RENEWAL,2026-09-15
Meridian Care,2026-08,55,MC-387347,Cynthia Navarro,1956-05-22,P-00290,43339391,26.25,RENEWAL,2026-09-15
Meridian Care,2026-08,57,MC-456113,Charles Mccormick,1940-11-15,P-00294,77125617,8.40,NEW,2026-09-15
Meridian Care,2026-08,58,MC-293194,Whitney Vaughn,1951-03-01,P-00297,1884412,26.25,RENEWAL,2026-09-15
Meridian Care,2026-08,59,MC-637700,Danielle Rose,1943-11-18,P-00304,1884412,26.25,RENEWAL,2026-09-15
Meridian Care,2026-08,60,MC-563531,Rachel Farley,1996-02-19,P-00316,61291817,16.00,RENEWAL,2026-09-15
Meridian Care,2026-08,61,MC-295454,Kevin Garcia,1958-08-07,P-00328,32244663,52.50,NEW,2026-09-15
Meridian Care,2026-08,62,MC-764563,Tiffany Rice,1938-03-10,P-00331,99847493,19.00,RENEWAL,2026-09-15
Meridian Care,2026-08,63,MC-810860,Tiffany Rice,1938-03-10,P-00332,99847493,4.20,RENEWAL,2026-09-15
Meridian Care,2026-08,64,MC-221297,Stacy Livingston,1944-10-29,P-00333,94702683,26.25,RENEWAL,2026-09-15
Meridian Care,2026-08,65,MC-982544,Michele Brown,1938-04-29,P-00339,78490893,26.25,RENEWAL,2026-09-15
Meridian Care,2026-08,66,MC-615947,Ryan Jones,1940-01-12,P-00355,43339391,26.25,RENEWAL,2026-09-15
Meridian Care,2026-08,67,MC-619072,Nicole Lopez,1957-02-20,P-00366,61291817,38.00,NEW,2026-09-15
Meridian Care,2026-08,68,MC-887195,Nicole Lopez,1957-02-20,P-00367,61291817,8.40,NEW,2026-09-15
Meridian Care,2026-08,69,MC-215485,Jillian Ferguson,1951-08-10,P-00374,1884412,4.20,RENEWAL,2026-09-15
Meridian Care,2026-08,70,MC-194840,Ashley Warner,1981-02-15,P-00376,5265799,16.00,RENEWAL,2026-09-15
Meridian Care,2026-08,71,MC-244935,Douglas Warner,1994-03-18,P-00377,5265799,16.00,RENEWAL,2026-09-15
Meridian Care,2026-08,72,MC-309160,Mary Armstrong,1978-03-23,P-00391,44524491,26.25,RENEWAL,2026-09-15
Meridian Care,2026-08,73,MC-220219,Justin Curry,1941-08-07,P-00409,29898923,8.40,NEW,2026-09-15
Meridian Care,2026-08,74,MC-178794,Amanda Walker,2000-04-04,P-00418,29898923,22.00,NEW,2026-09-15
Meridian Care,2026-08,75,MC-814544,Valerie Cook,1952-01-22,P-00425,37231783,13.12,RENEWAL,2026-09-15
Meridian Care,2026-08,76,MC-997859,Curtis Collins,1948-12-26,P-00428,97102525,26.25,RENEWAL,2026-09-15
Meridian Care,2026-08,77,MC-258757,Matthew Watson,1941-02-16,P-00442,33857966,26.25,RENEWAL,2026-09-15
Meridian Care,2026-08,78,MC-625179,Paige Webb,1935-06-25,P-00446,97102525,26.25,RENEWAL,2026-09-15
Meridian Care,2026-08,79,MC-176453,Darlene Olson,1942-10-09,P-00448,11576383,26.25,RENEWAL,2026-09-15
Meridian Care,2026-08,80,MC-971080,David Cross,1949-02-03,P-00460,1884412,52.50,NEW,2026-09-15
Meridian Care,2026-08,81,MC-868654,Carrie Taylor,1990-12-16,P-00461,99847493,22.00,NEW,2026-09-15
Meridian Care,2026-08,82,MC-232307,Charles Lee,1934-01-14,P-00471,11576383,19.00,RENEWAL,2026-09-15
Meridian Care,2026-08,83,MC-851043,Charles Lee,1934-01-14,P-00472,11576383,4.20,RENEWAL,2026-09-15
Meridian Care,2026-08,84,MC-787106,Jacqueline Medina,1937-05-27,P-00481,10583482,26.25,RENEWAL,2026-09-15
Meridian Care,2026-08,85,MC-546380,Kaitlin Torres,1941-03-07,P-00485,13981052,19.00,RENEWAL,2026-09-15
Meridian Care,2026-08,86,MC-269966,Kaitlin Torres,1941-03-07,P-00486,13981052,4.20,RENEWAL,2026-09-15
Meridian Care,2026-08,87,MC-102800,Mary Graham,1956-08-10,P-00491,37231783,26.25,RENEWAL,2026-09-15
Meridian Care,2026-08,88,MC-965125,Michael Kennedy,1945-11-09,P-00497,99847493,26.25,RENEWAL,2026-09-15
Meridian Care,2026-08,89,MC-910978,Lacey Barnett,1948-11-07,P-00503,13981052,26.25,RENEWAL,2026-09-15
Meridian Care,2026-08,90,MC-236200,Adam Eaton,1939-10-12,P-00506,32244663,52.50,NEW,2026-09-15
Meridian Care,2026-08,91,MC-698626,Carol Thompson,1959-07-18,P-00516,29898923,26.25,RENEWAL,2026-09-15
Meridian Care,2026-08,92,MC-889056,Jessica Dunn,1956-05-20,P-00529,11576383,4.20,RENEWAL,2026-09-15
Meridian Care,2026-08,93,MC-112652,William Morgan,1938-05-05,P-00531,29898923,26.25,RENEWAL,2026-09-15
Meridian Care,2026-08,94,MC-605468,Kristina Reyes,1968-01-19,P-00532,11576383,16.00,RENEWAL,2026-09-15
Meridian Care,2026-08,95,MC-124829,Hannah Wolfe,1937-04-03,P-00541,97102525,52.50,NEW,2026-09-15
Meridian Care,2026-08,96,MC-945220,Joe Nelson,1937-04-24,P-00544,77125617,26.25,RENEWAL,2026-09-15
Meridian Care,2026-08,97,MC-478222,Kayla Martinez,1944-10-25,P-00567,29898923,52.50,NEW,2026-09-15
Meridian Care,2026-08,98,MC-697538,Taylor Stephens,1944-10-05,P-00575,10583482,26.25,RENEWAL,2026-09-15
Meridian Care,2026-08,99,MC-563495,William Ellison,1934-06-20,P-00588,13981052,52.50,NEW,2026-09-15
Meridian Care,2026-08,100,MC-643211,Ashley Evans,1995-07-20,P-00590,4356886,16.00,RENEWAL,2026-09-15
Meridian Care,2026-08,101,MC-582273,Barbara Cross,1952-04-08,P-00592,13981052,26.25,RENEWAL,2026-09-15
Meridian Care,2026-08,102,MC-890806,Zachary Grant,1936-10-10,P-00623,44524491,52.50,NEW,2026-09-15
Meridian Care,2026-08,103,MC-157008,Debbie Ford,1960-02-16,P-00624,29898923,52.50,NEW,2026-09-15
Meridian Care,2026-08,104,MC-464314,Susan Roach,1953-09-07,P-00631,44524491,26.25,RENEWAL,2026-09-15
Meridian Care,2026-08,105,MC-409345,Maria Watson,1950-06-01,P-00650,29898923,26.25,RENEWAL,2026-09-15
Meridian Care,2026-08,106,MC-195606,Christopher Mcdaniel,1996-09-20,P-00655,99847493,22.00,NEW,2026-09-15
Meridian Care,2026-08,107,MC-707794,Steven Mcdaniel,1952-01-27,P-00656,99847493,19.00,RENEWAL,2026-09-15
Meridian Care,2026-08,108,MC-343459,Steven Mcdaniel,1952-01-27,P-00657,99847493,4.20,RENEWAL,2026-09-15
Meridian Care,2026-08,109,MC-800731,Christopher Carpenter,1946-07-17,P-00677,37231783,26.25,RENEWAL,2026-09-15
Meridian Care,2026-08,110,MC-679190,Jonathan Hill,1982-02-13,P-00683,94702683,52.50,NEW,2026-09-15
Meridian Care,2026-08,111,MC-975048,Sara Smith,1943-10-14,P-00686,54100814,26.25,RENEWAL,2026-09-15
Meridian Care,2026-08,112,MC-873704,Jean Sampson,1947-12-29,P-00692,61291817,38.00,NEW,2026-09-15
Meridian Care,2026-08,113,MC-814511,Jean Sampson,1947-12-29,P-00693,61291817,8.40,NEW,2026-09-15
Meridian Care,2026-08,114,MC-300450,Sandra Fowler,1953-11-22,P-00694,29898923,13.12,RENEWAL,2026-09-15
Meridian Care,2026-08,115,MC-138394,Benjamin Holland,1943-09-23,P-00701,7150444,26.25,RENEWAL,2026-09-15
Meridian Care,2026-08,116,MC-353993,Greg Allen,1948-05-25,P-00714,37231783,26.25,RENEWAL,2026-09-15
Meridian Care,2026-08,117,MC-573213,Joan Nguyen,1942-05-08,P-00724,33857966,4.20,RENEWAL,2026-09-15
Meridian Care,2026-08,118,MC-192672,Paul Gibson,1936-05-04,P-00726,6831819,52.50,NEW,2026-09-15
Meridian Care,2026-08,119,MC-824679,John Fitzgerald,1951-06-02,P-00728,13981052,19.00,RENEWAL,2026-09-15
Meridian Care,2026-08,121,MC-503149,Joshua Adams,1967-07-23,P-00741,99847493,16.00,RENEWAL,2026-09-15
Meridian Care,2026-08,122,MC-820106,Elizabeth Schwartz,1935-09-24,P-00749,77125617,26.25,RENEWAL,2026-09-15
Meridian Care,2026-08,123,MC-789173,Brian Howard,1941-10-31,P-00767,74197857,19.00,RENEWAL,2026-09-15
Meridian Care,2026-08,124,MC-347749,Brian Howard,1941-10-31,P-00768,74197857,4.20,RENEWAL,2026-09-15
Meridian Care,2026-08,125,MC-320254,Angelica Decker,1941-12-14,P-00775,6831819,26.25,RENEWAL,2026-09-15
Meridian Care,2026-08,126,MC-704555,Carla Preston,1968-04-06,P-00777,74197857,22.00,NEW,2026-09-15
Meridian Care,2026-08,127,MC-735266,Kathryn Preston,1938-12-02,P-00778,74197857,26.25,RENEWAL,2026-09-15
Meridian Care,2026-08,128,MC-488904,Alexis Garcia,1954-10-16,P-00783,29898923,52.50,NEW,2026-09-15
Meridian Care,2026-08,129,MC-822142,Lisa Crawford,1943-12-24,P-00808,33857966,52.50,NEW,2026-09-15
Meridian Care,2026-08,131,MC-985964,Wanda Greene,1970-04-07,P-00841,77125617,22.00,NEW,2026-09-15
Meridian Care,2026-08,132,MC-155826,William Smith,1939-10-10,P-00844,78490893,4.20,RENEWAL,2026-09-15
Meridian Care,2026-08,133,MC-701885,Ryan Page,1968-04-24,P-00845,1884412,22.00,NEW,2026-09-15
Meridian Care,2026-08,134,MC-469559,Michael Williams,1955-04-22,P-00849,94702683,26.25,RENEWAL,2026-09-15
Meridian Care,2026-08,135,MC-832569,Brittany Long,1957-02-07,P-00851,54100814,26.25,RENEWAL,2026-09-15
Meridian Care,2026-08,136,MC-614616,Cody Howard,1945-05-20,P-00857,78490893,26.25,RENEWAL,2026-09-15
Meridian Care,2026-08,137,MC-422662,William Davis,1960-08-25,P-00858,78490893,52.50,NEW,2026-09-15
Meridian Care,2026-08,138,MC-676966,Jennifer Marshall,1981-12-16,P-00864,90949389,22.00,NEW,2026-09-15
Meridian Care,2026-08,139,MC-254684,Ryan West,1972-11-10,P-00876,77125617,22.00,NEW,2026-09-15
Meridian Care,2026-08,140,MC-354010,Brian Orr,1942-07-15,P-00892,13981052,19.00,RENEWAL,2026-09-15
Meridian Care,2026-08,141,MC-169907,Brian Orr,1942-07-15,P-00893,13981052,4.20,RENEWAL,2026-09-15
Meridian Care,2026-08,142,MC-624816,Angelica Johnson,1935-11-25,P-00905,13981052,26.25,RENEWAL,2026-09-15
Meridian Care,2026-08,143,MC-535877,Monica Bailey,1934-03-07,P-00911,94702683,26.25,RENEWAL,2026-09-15
Meridian Care,2026-08,144,MC-233227,Maria Harris,1989-01-25,P-00916,61291817,16.00,RENEWAL,2026-09-15
Meridian Care,2026-08,145,MC-405500,Anthony Nguyen,1935-06-28,P-00920,94702683,26.25,RENEWAL,2026-09-15
Meridian Care,2026-08,146,MC-913630,Yolanda Rivas,1942-12-30,P-00928,99847493,26.25,RENEWAL,2026-09-15
Meridian Care,2026-08,147,MC-748915,Lindsey Castillo,1970-12-12,P-00944,11576383,22.00,NEW,2026-09-15
Meridian Care,2026-08,148,MC-576414,Shannon Hunt,1949-11-11,P-00976,74197857,52.50,NEW,2026-09-15
Meridian Care,2026-08,149,MC-751568,Angela Matthews,1960-05-17,P-00980,37231783,38.00,NEW,2026-09-15
Meridian Care,2026-08,150,MC-251202,Angela Matthews,1960-05-17,P-00981,37231783,8.40,NEW,2026-09-15
Meridian Care,2026-08,151,MC-539579,Lisa Smith,1996-06-29,P-00983,61291817,22.00,NEW,2026-09-15
Meridian Care,2026-08,152,MC-451504,Mary Smith,1959-09-13,P-00984,61291817,52.50,NEW,2026-09-15
Meridian Care,2026-08,153,MC-545914,Diane Miller,1934-06-03,P-00996,4356886,26.25,RENEWAL,2026-09-15
Meridian Care,2026-08,154,MC-445742,Jennifer Thompson,1942-01-11,P-00997,29898923,4.20,RENEWAL,2026-09-15
Meridian Care,2026-08,155,MC-691880,David Weaver,1946-09-23,P-01003,74197857,38.00,NEW,2026-09-15
Meridian Care,2026-08,156,MC-163787,David Weaver,1946-09-23,P-01004,74197857,8.40,NEW,2026-09-15
Meridian Care,2026-08,157,MC-653894,Keith Wong,1937-11-22,P-01014,43339391,26.25,RENEWAL,2026-09-15
Meridian Care,2026-08,158,MC-153433,Cathy Ball,1936-09-22,P-01015,29898923,52.50,NEW,2026-09-15
Meridian Care,2026-08,160,MC-523918,Nicole Jones,2003-07-18,P-01025,37231783,22.00,NEW,2026-09-15
Meridian Care,2026-08,161,MC-689952,Ronald Martin,1944-10-26,P-01030,78490893,26.25,RENEWAL,2026-09-15
Meridian Care,2026-08,162,MC-707951,George Sanchez,1957-06-08,P-01046,54100814,52.50,NEW,2026-09-15
Meridian Care,2026-08,163,MC-871703,Paul Lee,1942-02-07,P-01050,5265799,26.25,RENEWAL,2026-09-15
Meridian Care,2026-08,164,MC-465917,Meagan Simmons,1934-02-26,P-01059,94702683,19.00,RENEWAL,2026-09-15
Meridian Care,2026-08,165,MC-582100,Meagan Simmons,1934-02-26,P-01060,94702683,4.20,RENEWAL,2026-09-15
Meridian Care,2026-08,166,MC-307471,David Evans,1945-12-14,P-01064,7150444,19.00,RENEWAL,2026-09-15
Meridian Care,2026-08,167,MC-103368,David Evans,1945-12-14,P-01065,7150444,4.20,RENEWAL,2026-09-15
Meridian Care,2026-08,168,MC-984832,Michael Robinson,1966-01-17,P-01073,33857966,16.00,RENEWAL,2026-09-15
Meridian Care,2026-08,169,MC-980075,Erica Duffy,1943-02-27,P-01074,33857966,26.25,RENEWAL,2026-09-15
Meridian Care,2026-08,170,MC-871526,Wayne Lindsey,1955-02-28,P-01082,1884412,26.25,RENEWAL,2026-09-15
Meridian Care,2026-08,171,MC-719484,Lauren Pierce,1963-07-02,P-01097,11576383,22.00,NEW,2026-09-15
Meridian Care,2026-08,172,MC-517186,Krystal Mills,1975-12-08,P-01119,11576383,22.00,NEW,2026-09-15
Meridian Care,2026-08,173,MC-402321,Karen Taylor,1947-05-03,P-01132,4356886,52.50,NEW,2026-09-15
Meridian Care,2026-08,174,MC-897359,Matthew Wilson,1956-12-03,P-01198,78490893,26.25,RENEWAL,2026-09-15
Meridian Care,2026-08,175,MC-679390,Dustin Watson,1942-11-07,P-01204,44524491,52.50,NEW,2026-09-15
Meridian Care,2026-08,176,MC-358579,Angela Ross,1988-08-22,P-01209,29898923,16.00,RENEWAL,2026-09-15
Meridian Care,2026-08,177,MC-495150,Paul Mcdonald,1960-02-14,P-01214,77125617,52.50,NEW,2026-09-15
Meridian Care,2026-08,178,MC-526556,Susan Maldonado,1948-04-08,P-01223,43339391,52.50,NEW,2026-09-15
Meridian Care,2026-08,179,MC-151157,Jonathan Fritz,1984-05-05,P-01230,33857966,22.00,NEW,2026-09-15
Meridian Care,2026-08,180,MC-104632,Steven Porter,1952-09-29,P-01236,33857966,26.25,RENEWAL,2026-09-15
Meridian Care,2026-08,181,MC-526476,Brittany Williams,1954-08-25,P-01240,32244663,26.25,RENEWAL,2026-09-15
Meridian Care,2026-08,182,MC-521003,Daisy Reynolds,1958-11-15,P-01256,77125617,26.25,RENEWAL,2026-09-15
Meridian Care,2026-08,183,MC-499315,Debra Johnson,1946-10-19,P-01259,44524491,19.00,RENEWAL,2026-09-15
Meridian Care,2026-08,184,MC-308275,Debra Johnson,1946-10-19,P-01260,44524491,4.20,RENEWAL,2026-09-15
Meridian Care,2026-08,185,MC-364054,Stephen Rios,1953-07-15,P-01262,90949389,52.50,NEW,2026-09-15
Meridian Care,2026-08,186,MC-460874,Andrew Miller,1980-11-19,P-01271,33857966,52.50,NEW,2026-09-15
Meridian Care,2026-08,187,MC-664531,Michelle Swanson,1950-04-01,P-01296,54100814,26.25,RENEWAL,2026-09-15
Meridian Care,2026-08,188,MC-746450,Megan Castillo,1938-08-29,P-01302,37231783,26.25,RENEWAL,2026-09-15
Meridian Care,2026-08,189,MC-892272,Logan Meyer,1951-01-26,P-01314,44524491,26.25,RENEWAL,2026-09-15
Meridian Care,2026-08,191,MC-965942,Terry Dawson,1984-07-23,P-01321,11576383,16.00,RENEWAL,2026-09-15
Meridian Care,2026-08,192,MC-550717,Renee Dodson,1937-01-15,P-01323,33857966,19.00,RENEWAL,2026-09-15
Meridian Care,2026-08,193,MC-372869,Renee Dodson,1937-01-15,P-01324,33857966,4.20,RENEWAL,2026-09-15
Meridian Care,2026-08,194,MC-486777,Christina Andrews,1943-11-07,P-01326,74197857,19.00,RENEWAL,2026-09-15
Meridian Care,2026-08,195,MC-389644,Christina Andrews,1943-11-07,P-01327,74197857,4.20,RENEWAL,2026-09-15
Meridian Care,2026-08,196,MC-958914,Charles Powers,1957-03-23,P-01332,77125617,26.25,RENEWAL,2026-09-15
Meridian Care,2026-08,197,MC-362205,Carlos Smith,1935-06-29,P-01338,94702683,26.25,NEW,2026-09-15
Meridian Care,2026-08,198,MC-792929,Leah Smith,1958-03-06,P-01348,74197857,52.50,NEW,2026-09-15
Meridian Care,2026-08,199,MC-834024,Justin Williams,1937-05-11,P-01350,90949389,26.25,RENEWAL,2026-09-15
Meridian Care,2026-08,200,MC-280933,Julia Smith,1947-06-02,P-01352,74197857,8.40,NEW,2026-09-15
Meridian Care,2026-08,201,MC-357485,Wendy Wilson,1940-08-02,P-01363,5265799,26.25,RENEWAL,2026-09-15
Meridian Care,2026-08,202,MC-610454,Amanda Benson,1944-04-24,P-01366,33857966,26.25,RENEWAL,2026-09-15
Meridian Care,2026-08,203,MC-186621,Curtis Baker,1935-08-28,P-01370,97102525,26.25,RENEWAL,2026-09-15
Meridian Care,2026-08,204,MC-669862,Angela Jennings,1957-08-06,P-01373,43339391,26.25,RENEWAL,2026-09-15
Meridian Care,2026-08,205,MC-144085,Timothy Burke,1944-09-28,P-01397,44524491,4.20,RENEWAL,2026-09-15
Meridian Care,2026-08,206,MC-888678,Teresa Richard,1934-07-23,P-01409,1884412,26.25,RENEWAL,2026-09-15
Meridian Care,2026-08,207,MC-940042,Steven Graham,1950-02-28,P-01410,97102525,19.00,RENEWAL,2026-09-15
Meridian Care,2026-08,208,MC-974579,Steven Graham,1950-02-28,P-01411,97102525,4.20,RENEWAL,2026-09-15
Meridian Care,2026-08,209,MC-533389,Jessica Waters,1935-10-24,P-01431,5265799,8.40,NEW,2026-09-15
Meridian Care,2026-08,210,MC-802059,Christopher Kennedy,1949-12-31,P-01438,1884412,26.25,RENEWAL,2026-09-15
Meridian Care,2026-08,211,MC-381850,Raymond Carter,1946-01-05,P-01442,99847493,19.00,RENEWAL,2026-09-15
Meridian Care,2026-08,212,MC-128648,Raymond Carter,1946-01-05,P-01443,99847493,4.20,RENEWAL,2026-09-15
Meridian Care,2026-08,213,MC-886552,Brenda Compton,1942-11-07,P-01452,29898923,26.25,RENEWAL,2026-09-15
Meridian Care,2026-08,214,MC-609605,Joshua Walker,1977-09-24,P-01453,78490893,22.00,NEW,2026-09-15
Meridian Care,2026-08,215,MC-555653,John Clark,1954-09-21,P-01459,37231783,26.25,RENEWAL,2026-09-15
Meridian Care,2026-08,216,MC-391974,Teresa Harrison,1955-12-20,P-01473,61291817,52.50,NEW,2026-09-15
Meridian Care,2026-08,218,MC-410420,Mikayla Gould,1941-08-15,P-01494,13981052,4.20,RENEWAL,2026-09-15
Meridian Care,2026-08,219,MC-243548,Jenny Gentry,1949-12-08,P-01495,7150444,52.50,NEW,2026-09-15
Meridian Care,2026-08,220,MC-978825,Regina Torres,1960-04-10,P-01504,29898923,26.25,RENEWAL,2026-09-15
Meridian Care,2026-08,221,MC-779599,Diana Anderson,1957-03-28,P-01506,61855700,26.25,RENEWAL,2026-09-15
Meridian Care,2026-08,222,MC-544901,Wyatt Rios,1954-06-30,P-01512,32244663,52.50,NEW,2026-09-15
Meridian Care,2026-08,223,MC-670981,Taylor Stanton,2001-08-09,P-01520,5265799,22.00,NEW,2026-09-15
Meridian Care,2026-08,224,MC-773699,Reginald Stone,1936-03-15,P-01544,33857966,52.50,NEW,2026-09-15
Meridian Care,2026-08,225,MC-343011,Carolyn Wright,1991-08-15,P-01553,6831819,52.50,NEW,2026-09-15
Meridian Care,2026-08,226,MC-352890,Allison Stuart,1952-03-20,P-01562,54100814,8.40,NEW,2026-09-15
Meridian Care,2026-08,227,MC-568732,Patricia Greene,1953-12-13,P-01565,10583482,38.00,NEW,2026-09-15
Meridian Care,2026-08,228,MC-653364,Patricia Greene,1953-12-13,P-01566,10583482,8.40,NEW,2026-09-15
Meridian Care,2026-08,229,MC-284551,Felicia Rodriguez,1953-07-09,P-01567,54100814,26.25,RENEWAL,2026-09-15
Meridian Care,2026-08,230,MC-756342,Ronald Raymond,1937-02-15,P-01572,4356886,26.25,RENEWAL,2026-09-15
Meridian Care,2026-08,231,MC-417143,Ryan Raymond,1953-02-18,P-01573,4356886,19.00,RENEWAL,2026-09-15
Meridian Care,2026-08,232,MC-613243,Ryan Raymond,1953-02-18,P-01574,4356886,4.20,RENEWAL,2026-09-15
Meridian Care,2026-08,233,MC-768882,Michael Cruz,2004-07-28,P-01577,43339391,16.00,RENEWAL,2026-09-15
Meridian Care,2026-08,234,MC-769488,Elizabeth Ramos,1979-10-10,P-01588,43339391,16.00,RENEWAL,2026-09-15
Meridian Care,2026-08,235,MC-185442,Norman Valenzuela,1959-03-18,P-01591,44524491,52.50,NEW,2026-09-15
Meridian Care,2026-08,236,MC-881755,Brian Hawkins,1957-03-17,P-01596,7150444,26.25,RENEWAL,2026-09-15
Meridian Care,2026-08,237,MC-181971,Greg Walsh,1944-09-14,P-01599,4356886,26.25,RENEWAL,2026-09-15
Meridian Care,2026-08,238,MC-258471,John Hernandez,1952-06-08,P-01605,97102525,26.25,RENEWAL,2026-09-15
Meridian Care,2026-08,239,MC-626645,Christopher Rivera,2000-06-12,P-01606,99847493,22.00,NEW,2026-09-15
Meridian Care,2026-08,240,MC-240156,Wendy Baker,1995-06-10,P-01620,13981052,52.50,NEW,2026-09-15
Meridian Care,2026-08,241,MC-779240,Jacob Gill,1952-04-13,P-01632,43339391,26.25,RENEWAL,2026-09-15
Meridian Care,2026-08,243,MC-658152,Sara Crawford,1989-12-27,P-01663,94702683,16.00,RENEWAL,2026-09-15
Meridian Care,2026-08,244,MC-391602,Amy Vasquez,1946-02-22,P-01664,61291817,4.20,RENEWAL,2026-09-15
Meridian Care,2026-08,245,MC-235116,Linda Williams,1950-09-06,P-01674,7150444,26.25,RENEWAL,2026-09-15
Meridian Care,2026-08,246,MC-322475,Jessica Castillo,1952-06-04,P-01686,77125617,4.20,RENEWAL,2026-09-15
Meridian Care,2026-08,247,MC-414407,Richard Henderson,1935-01-08,P-01702,61291817,38.00,NEW,2026-09-15
Meridian Care,2026-08,248,MC-465751,Richard Henderson,1935-01-08,P-01703,61291817,8.40,NEW,2026-09-15
Meridian Care,2026-08,249,MC-427335,Brandy Glenn,1944-01-13,P-01714,1884412,26.25,RENEWAL,2026-09-15
Meridian Care,2026-08,250,MC-910835,Brian Smith,1956-12-23,P-01721,54100814,26.25,RENEWAL,2026-09-15
Meridian Care,2026-08,251,MC-990233,Brooke Baxter,1996-10-30,P-01735,37231783,22.00,NEW,2026-09-15
Meridian Care,2026-08,252,MC-388264,Jeremy Baxter,1946-03-26,P-01736,37231783,26.25,RENEWAL,2026-09-15
Meridian Care,2026-08,253,MC-770131,Tiffany Brown,1946-09-07,P-01744,29898923,4.20,RENEWAL,2026-09-15
Meridian Care,2026-08,254,MC-244779,Megan Davis,1948-12-01,P-01746,29898923,26.25,RENEWAL,2026-09-15
Meridian Care,2026-08,255,MC-388580,Nancy Kim,1939-07-24,P-01748,32244663,38.00,NEW,2026-09-15
Meridian Care,2026-08,256,MC-559893,Nancy Kim,1939-07-24,P-01749,32244663,8.40,NEW,2026-09-15
Meridian Care,2026-08,257,MC-631705,Alicia Tran,1989-04-12,P-01757,11576383,16.00,RENEWAL,2026-09-15
Meridian Care,2026-08,258,MC-902614,Danielle Sanchez,1946-07-03,P-01769,32244663,8.40,NEW,2026-09-15
Meridian Care,2026-08,259,MC-107409,Earl Rodriguez,1989-06-15,P-01782,33857966,19.00,RENEWAL,2026-09-15
Meridian Care,2026-08,260,MC-203526,Earl Rodriguez,1989-06-15,P-01783,33857966,4.20,RENEWAL,2026-09-15
Meridian Care,2026-08,261,MC-608817,Penny Clarke,1956-11-28,P-01792,74197857,26.25,RENEWAL,2026-09-15
Meridian Care,2026-08,262,MC-296998,Madison Clarke,1947-01-28,P-01793,74197857,19.00,RENEWAL,2026-09-15
Meridian Care,2026-08,264,MC-237863,Catherine Davis,1948-07-06,P-01795,11576383,26.25,RENEWAL,2026-09-15
Meridian Care,2026-08,265,MC-188369,Tammy Ford,1933-12-16,P-01800,37231783,26.25,RENEWAL,2026-09-15
Meridian Care,2026-08,266,MC-562879,John Hernandez,1948-05-18,P-01802,7150444,19.00,RENEWAL,2026-09-15
Meridian Care,2026-08,267,MC-584248,John Hernandez,1948-05-18,P-01803,7150444,4.20,RENEWAL,2026-09-15
Meridian Care,2026-08,268,MC-791253,Melissa Snow,1954-07-31,P-01810,99847493,52.50,NEW,2026-09-15
Meridian Care,2026-08,269,MC-698594,Joshua Lang,2004-01-04,P-01812,7150444,16.00,RENEWAL,2026-09-15
Meridian Care,2026-08,270,MC-812965,Ruben Smith,1956-04-17,P-01813,97102525,52.50,NEW,2026-09-15
Meridian Care,2026-08,271,MC-439748,Frank Harris,1943-12-25,P-01816,54100814,26.25,RENEWAL,2026-09-15
Meridian Care,2026-08,272,MC-591694,Connor Harris,1952-10-25,P-01817,54100814,19.00,RENEWAL,2026-09-15
Meridian Care,2026-08,273,MC-776752,Connor Harris,1952-10-25,P-01818,54100814,4.20,RENEWAL,2026-09-15
Meridian Care,2026-08,274,MC-848050,Christine Swanson,1937-10-13,P-01823,77125617,26.25,RENEWAL,2026-09-15
Meridian Care,2026-08,275,MC-164649,Jennifer Villa,1943-03-15,P-01847,74197857,26.25,RENEWAL,2026-09-15
Meridian Care,2026-08,276,MC-374966,Michelle Hall,1937-01-23,P-01854,6831819,52.50,NEW,2026-09-15
Meridian Care,2026-08,277,MC-796910,Joshua Martin,1958-08-03,P-01876,61291817,26.25,RENEWAL,2026-09-15
Meridian Care,2026-08,278,MC-301845,Brian Holland,1934-11-27,P-01877,77125617,26.25,RENEWAL,2026-09-15
Meridian Care,2026-08,279,MC-277469,Amy Moore,1943-08-31,P-01879,33857966,26.25,RENEWAL,2026-09-15
Meridian Care,2026-08,280,MC-656849,Joshua Davis,1936-03-27,P-01883,43339391,26.25,RENEWAL,2026-09-15
Meridian Care,2026-08,281,MC-730365,Ricardo Lopez,1949-12-11,P-01889,37231783,26.25,RENEWAL,2026-09-15
Meridian Care,2026-08,282,MC-289121,Katherine Smith,1965-12-24,P-01891,54100814,26.25,RENEWAL,2026-09-15
Meridian Care,2026-08,283,MC-312099,Teresa Rivera,1957-08-05,P-01896,44524491,26.25,RENEWAL,2026-09-15
Meridian Care,2026-08,284,MC-880371,Jacqueline Kennedy,1946-09-06,P-01904,7150444,52.50,NEW,2026-09-15
Meridian Care,2026-08,285,MC-498180,Katherine Willis,1937-03-03,P-01909,74197857,26.25,RENEWAL,2026-09-15
Meridian Care,2026-08,286,MC-939125,Meredith Dominguez,1951-04-21,P-01910,13981052,26.25,RENEWAL,2026-09-15
Meridian Care,2026-08,287,MC-550168,Veronica Russell,1948-08-14,P-01924,74197857,26.25,RENEWAL,2026-09-15
Meridian Care,2026-08,288,MC-836358,Maria Russell,1946-06-18,P-01931,7150444,26.25,RENEWAL,2026-09-15
Meridian Care,2026-08,289,MC-242075,Melissa Smith,1954-04-18,P-01935,1884412,26.25,RENEWAL,2026-09-15
Meridian Care,2026-08,290,MC-556578,Kelly Salazar,1990-04-21,P-01938,6831819,26.25,RENEWAL,2026-09-15
Meridian Care,2026-08,291,MC-685493,Christian Gregory,1950-07-17,P-01944,61291817,26.25,RENEWAL,2026-09-15
Meridian Care,2026-08,292,MC-913463,Jamie Young,1934-12-03,P-01948,77125617,26.25,RENEWAL,2026-09-15
Meridian Care,2026-08,293,MC-123802,Jesse Delacruz,1980-04-03,P-01950,11576383,22.00,NEW,2026-09-15
Meridian Care,2026-08,294,MC-574224,Melody Vasquez,1937-05-29,P-01964,5265799,19.00,RENEWAL,2026-09-15
Meridian Care,2026-08,295,MC-925644,Melody Vasquez,1937-05-29,P-01965,5265799,4.20,RENEWAL,2026-09-15
Meridian Care,2026-08,296,MC-597600,Mitchell Harrington,1943-10-31,P-01975,32244663,52.50,NEW,2026-09-15
Meridian Care,2026-08,297,MC-216511,Stephen Johnson,1953-08-10,P-01985,37231783,38.00,NEW,2026-09-15
Meridian Care,2026-08,298,MC-214160,Stephen Johnson,1953-08-10,P-01986,37231783,8.40,NEW,2026-09-15
Meridian Care,2026-08,299,MC-531924,Hannah Thomas,1940-04-18,P-01998,33857966,26.25,RENEWAL,2026-09-15
Meridian Care,2026-08,300,MC-824233,Deanna Johns,1976-10-23,P-02001,90949389,52.50,NEW,2026-09-15
Meridian Care,2026-08,301,MC-144136,Brenda Sandoval,1943-10-24,P-02009,54100814,19.00,RENEWAL,2026-09-15
Meridian Care,2026-08,302,MC-135564,Brenda Sandoval,1943-10-24,P-02010,54100814,4.20,RENEWAL,2026-09-15
Meridian Care,2026-08,303,MC-328101,Danielle Sandoval,1945-09-20,P-02011,54100814,26.25,RENEWAL,2026-09-15
Meridian Care,2026-08,304,MC-273766,Stephanie Lane,1933-10-03,P-02013,44524491,52.50,NEW,2026-09-15
Meridian Care,2026-08,305,MC-112178,Rodney Burns,1954-08-09,P-02040,94702683,26.25,RENEWAL,2026-09-15
Meridian Care,2026-08,306,MC-208557,Mary Weeks,1937-09-29,P-02047,6831819,19.00,RENEWAL,2026-09-15
Meridian Care,2026-08,307,MC-998719,Mary Weeks,1937-09-29,P-02048,6831819,4.20,RENEWAL,2026-09-15
Meridian Care,2026-08,308,MC-151151,Brittany Gonzalez,1948-10-31,P-02056,61855700,19.00,RENEWAL,2026-09-15
Meridian Care,2026-08,309,MC-186619,Brittany Gonzalez,1948-10-31,P-02057,61855700,4.20,RENEWAL,2026-09-15
Meridian Care,2026-08,310,MC-250967,Sean Miller,1989-08-15,P-02062,5265799,16.00,RENEWAL,2026-09-15
Meridian Care,2026-08,311,MC-437653,Linda Yates,1944-01-10,P-02072,4356886,19.00,RENEWAL,2026-09-15
Meridian Care,2026-08,312,MC-720294,Linda Yates,1944-01-10,P-02073,4356886,4.20,RENEWAL,2026-09-15
Meridian Care,2026-08,313,MC-927082,Scott Hernandez,1949-02-25,P-02074,97102525,26.25,RENEWAL,2026-09-15
Meridian Care,2026-08,314,MC-134885,Angela Scott,1990-09-13,P-02079,44524491,16.00,RENEWAL,2026-09-15
Meridian Care,2026-08,315,MC-823358,Deborah Wright,1935-04-19,P-02094,44524491,8.40,NEW,2026-09-15
Meridian Care,2026-08,316,MC-871102,Denise Wheeler,1936-09-26,P-02095,97102525,26.25,RENEWAL,2026-09-15
Meridian Care,2026-08,317,MC-798360,Ronnie Richmond,1950-04-04,P-02103,54100814,52.50,NEW,2026-09-15
Meridian Care,2026-08,318,MC-408872,Renee Davis,1978-02-17,P-02105,33857966,22.00,NEW,2026-09-15
Meridian Care,2026-08,319,MC-428087,Angela Dillon,1943-08-22,P-02115,43339391,26.25,RENEWAL,2026-09-15
Meridian Care,2026-08,320,MC-969010,Michaela Smith,1955-07-03,P-02117,61855700,26.25,RENEWAL,2026-09-15
Meridian Care,2026-08,321,MC-130677,Michelle Smith,1951-10-15,P-02118,61855700,19.00,RENEWAL,2026-09-15
Meridian Care,2026-08,322,MC-936341,Michelle Smith,1951-10-15,P-02119,61855700,4.20,RENEWAL,2026-09-15
Meridian Care,2026-08,323,MC-765953,Michelle Jackson,1983-09-25,P-02128,32244663,22.00,NEW,2026-09-15
Meridian Care,2026-08,324,MC-913949,Amber Glover,1960-03-22,P-02137,1884412,52.50,NEW,2026-09-15
Meridian Care,2026-08,325,MC-745809,Sabrina Le,1939-05-01,P-02146,32244663,19.00,RENEWAL,2026-09-15
Meridian Care,2026-08,326,MC-911090,Sabrina Le,1939-05-01,P-02147,32244663,4.20,RENEWAL,2026-09-15
Meridian Care,2026-08,327,MC-532306,Megan Martinez,1946-10-23,P-02148,5265799,26.25,RENEWAL,2026-09-15
Meridian Care,2026-08,328,MC-623317,Megan Bishop,1997-04-10,P-02152,44524491,16.00,RENEWAL,2026-09-15
Meridian Care,2026-08,329,MC-750490,Robert Miranda,2002-05-03,P-02158,90949389,22.00,NEW,2026-09-15
Meridian Care,2026-08,330,MC-319436,Julie Graham,1959-02-04,P-02161,11576383,26.25,RENEWAL,2026-09-15
Meridian Care,2026-08,331,MC-722555,Michael Knox,1958-04-06,P-02170,97102525,26.25,RENEWAL,2026-09-15
Meridian Care,2026-08,332,MC-499013,Diane Cline,1938-12-28,P-02197,99847493,26.25,RENEWAL,2026-09-15
Meridian Care,2026-08,333,MC-456378,David Robinson,2002-02-14,P-02202,43339391,22.00,NEW,2026-09-15
Meridian Care,2026-08,334,MC-782980,James King,1958-03-20,P-02203,99847493,4.20,RENEWAL,2026-09-15
Meridian Care,2026-08,335,MC-316855,Paul Bradford,1948-09-13,P-02212,74197857,8.40,NEW,2026-09-15
Meridian Care,2026-08,336,MC-720423,Daisy Horn,1958-09-13,P-02213,4356886,19.00,RENEWAL,2026-09-15
Meridian Care,2026-08,337,MC-407669,Daisy Horn,1958-09-13,P-02214,4356886,4.20,RENEWAL,2026-09-15
Meridian Care,2026-08,338,MC-808333,Christopher Collins,1945-03-31,P-02216,61855700,26.25,RENEWAL,2026-09-15
Meridian Care,2026-08,339,MC-267233,Anne Kim,1936-12-07,P-02221,10583482,26.25,RENEWAL,2026-09-15
Meridian Care,2026-08,340,MC-682044,Martin Wolfe,1939-03-08,P-02225,29898923,52.50,NEW,2026-09-15
Meridian Care,2026-08,341,MC-178900,Tyler Williams,1959-04-03,P-02232,1884412,52.50,NEW,2026-09-15
Meridian Care,2026-08,342,MC-691370,Mark Johnson,1945-09-26,P-02237,13981052,52.50,NEW,2026-09-15
Meridian Care,2026-08,343,MC-777640,Scott Bowman,1956-09-30,P-02243,97102525,52.50,NEW,2026-09-15
Meridian Care,2026-08,344,MC-429825,Penny Mccullough,1948-03-24,P-02256,7150444,26.25,RENEWAL,2026-09-15
Meridian Care,2026-08,345,MC-495487,Brian Morales,1949-05-20,P-02258,94702683,26.25,RENEWAL,2026-09-15
Meridian Care,2026-08,346,MC-739675,Michael Willis,1947-02-18,P-02269,94702683,26.25,RENEWAL,2026-09-15
Meridian Care,2026-08,347,MC-237510,Melissa Archer,1941-08-17,P-02277,94702683,19.00,RENEWAL,2026-09-15
Meridian Care,2026-08,348,MC-213927,Melissa Archer,1941-08-17,P-02278,94702683,4.20,RENEWAL,2026-09-15
Meridian Care,2026-08,349,MC-731622,Robert Murphy,1948-10-05,P-02281,97102525,26.25,RENEWAL,2026-09-15
Meridian Care,2026-08,350,MC-231413,Sarah Reynolds,1980-01-25,P-02287,99847493,16.00,RENEWAL,2026-09-15
Meridian Care,2026-08,351,MC-331951,Michelle Harris,1944-10-11,P-02288,74197857,26.25,RENEWAL,2026-09-15
Meridian Care,2026-08,352,MC-758958,Emily Moore,1949-03-15,P-02292,61855700,38.00,NEW,2026-09-15
Meridian Care,2026-08,353,MC-905528,Emily Moore,1949-03-15,P-02293,61855700,8.40,NEW,2026-09-15
Meridian Care,2026-08,354,MC-950648,Angie Martin,1945-04-27,P-02300,4356886,26.25,RENEWAL,2026-09-15
Meridian Care,2026-08,355,MC-911929,Victoria Morales,1956-04-12,P-02303,1884412,38.00,NEW,2026-09-15
Meridian Care,2026-08,356,MC-516919,Victoria Morales,1956-04-12,P-02304,1884412,8.40,NEW,2026-09-15
Meridian Care,2026-08,357,MC-747991,Miguel Johnson,2001-10-15,P-02325,10583482,16.00,RENEWAL,2026-09-15
Meridian Care,2026-08,358,MC-806629,Laura Smith,1971-10-27,P-02333,61291817,16.00,RENEWAL,2026-09-15
Meridian Care,2026-08,359,MC-544029,Gregory Smith,1952-08-21,P-02335,61291817,26.25,RENEWAL,2026-09-15
Meridian Care,2026-08,360,MC-950297,Donna Robinson,1959-01-21,P-02336,6831819,52.50,NEW,2026-09-15
Meridian Care,2026-08,361,MC-122682,Patricia Watkins,1985-10-11,P-02355,94702683,26.25,RENEWAL,2026-09-15
Meridian Care,2026-08,362,MC-472335,Kimberly Smith,1958-12-21,P-02358,10583482,38.00,NEW,2026-09-15
Meridian Care,2026-08,363,MC-175190,Kimberly Smith,1958-12-21,P-02359,10583482,8.40,NEW,2026-09-15
Meridian Care,2026-08,364,MC-433028,Michael Smith,1994-05-01,P-02373,29898923,16.00,RENEWAL,2026-09-15
Meridian Care,2026-08,365,MC-238657,Brian West,1942-09-22,P-02388,11576383,26.25,RENEWAL,2026-09-15
Meridian Care,2026-08,366,MC-777331,Michael Duran,1953-11-25,P-02390,5265799,26.25,RENEWAL,2026-09-15
Meridian Care,2026-08,367,MC-384603,Wesley Clark,1996-01-10,P-02406,97102525,8.00,RENEWAL,2026-09-15
Meridian Care,2026-08,368,MC-758334,Karen Clark,1941-11-18,P-02407,97102525,26.25,RENEWAL,2026-09-15
Meridian Care,2026-08,369,MC-763440,William Vaughn,1943-06-23,P-02416,77125617,26.25,RENEWAL,2026-09-15
Meridian Care,2026-08,370,MC-867787,Dennis Clark,1987-12-24,P-02426,10583482,16.00,RENEWAL,2026-09-15
Meridian Care,2026-08,371,MC-249870,Tyler Andrews,1944-04-14,P-02428,97102525,19.00,RENEWAL,2026-09-15
Meridian Care,2026-08,372,MC-929179,Tyler Andrews,1944-04-14,P-02429,97102525,4.20,RENEWAL,2026-09-15
Meridian Care,2026-08,373,MC-650196,William Mcmahon,1955-01-16,P-02435,4356886,19.00,RENEWAL,2026-09-15
Meridian Care,2026-08,374,MC-516549,William Mcmahon,1955-01-16,P-02436,4356886,4.20,RENEWAL,2026-09-15
Meridian Care,2026-08,375,MC-452129,Amy Christensen,1958-06-11,P-02441,1884412,26.25,NEW,2026-09-15
Meridian Care,2026-08,376,MC-326520,Joseph Pruitt,1952-09-05,P-02451,44524491,26.25,RENEWAL,2026-09-15
Meridian Care,2026-08,377,MC-883012,Victoria Gilmore,1937-04-13,P-02456,7150444,52.50,NEW,2026-09-15
Meridian Care,2026-08,378,MC-725847,Michelle Bender,1984-08-04,P-02467,61855700,22.00,NEW,2026-09-15
Meridian Care,2026-08,379,MC-151864,Cody Benton,1937-05-10,P-02470,1884412,52.50,NEW,2026-09-15
Meridian Care,2026-08,380,MC-343872,Natasha Davis,1998-12-03,P-02482,1884412,22.00,NEW,2026-09-15
Meridian Care,2026-08,381,MC-182027,Philip Smith,1957-06-09,P-02486,54100814,4.20,RENEWAL,2026-09-15
Meridian Care,2026-08,382,MC-413737,Karen Bridges,1941-04-12,P-02494,32244663,26.25,RENEWAL,2026-09-15
Meridian Care,2026-08,383,MC-604976,Michelle Mason,1938-06-16,P-02499,33857966,26.25,RENEWAL,2026-09-15
Meridian Care,2026-08,384,MC-857674,Justin Perkins,1950-12-20,P-02507,33857966,52.50,NEW,2026-09-15
Meridian Care,2026-08,385,MC-702061,Tiffany Perkins,1965-11-22,P-02508,33857966,16.00,RENEWAL,2026-09-15
Meridian Care,2026-08,386,MC-496396,Andrew Green,1939-11-09,P-02515,32244663,52.50,NEW,2026-09-15
Meridian Care,2026-08,387,MC-624521,Madeline Kline,1944-11-13,P-02516,6831819,19.00,RENEWAL,2026-09-15
Meridian Care,2026-08,388,MC-554303,Madeline Kline,1944-11-13,P-02517,6831819,4.20,RENEWAL,2026-09-15
Meridian Care,2026-08,389,MC-666872,Matthew Hunter,1936-02-04,P-02529,4356886,52.50,NEW,2026-09-15
Meridian Care,2026-08,390,MC-627668,Taylor Mejia,1937-10-06,P-02530,77125617,26.25,RENEWAL,2026-09-15
Meridian Care,2026-08,391,MC-298914,Brian Jenkins,1941-10-05,P-02545,29898923,52.50,NEW,2026-09-15
Meridian Care,2026-08,392,MC-172451,Katherine Stephenson,1948-11-30,P-02559,6831819,52.50,NEW,2026-09-15
Meridian Care,2026-08,393,MC-466415,Raymond Johnson,1956-10-06,P-02563,4356886,26.25,RENEWAL,2026-09-15
Meridian Care,2026-08,394,MC-195832,Amy Wagner,1937-12-17,P-02567,74197857,52.50,NEW,2026-09-15
Meridian Care,2026-08,395,MC-974334,Anne Johnson,1958-01-26,P-02575,33857966,26.25,RENEWAL,2026-09-15
Meridian Care,2026-08,396,MC-419940,Ashley Johnson,1943-12-09,P-02580,94702683,4.20,RENEWAL,2026-09-15
Meridian Care,2026-08,397,MC-916573,Scott Foster,1941-06-13,P-02599,5265799,26.25,RENEWAL,2026-09-15
Northwind Health,2026-07,378,NW-703690,,,,4356886,22.00,NEW,2026-08-15
Cardinal Mutual,2026-06,344,CM-586887,,,,44524491,22.00,NEW,2026-07-15
Cardinal Mutual,2026-07,344,CM-546885,,,,7150444,8.40,NEW,2026-08-15
Harborline,2026-07,386,HL-221406,,,,5265799,19.00,RENEWAL,2026-08-15
Cardinal Mutual,2026-07,345,CM-271388,,,,43339391,8.40,NEW,2026-08-15
Harborline,2026-07,387,HL-497963,,,,13981052,19.00,RENEWAL,2026-08-15
Cardinal Mutual,2026-07,346,CM-375757,,,,4356886,26.25,NEW,2026-08-15
Northwind Health,2026-08,378,NW-667463,,,,29898923,26.25,NEW,2026-09-15
Northwind Health,2026-06,378,NW-651693,,,,43339391,8.40,NEW,2026-07-15
Northwind Health,2026-07,379,NW-852595,,,,4356886,4.20,NEW,2026-08-15
Harborline,2026-07,388,HL-560173,,,,32244663,16.00,RENEWAL,2026-08-15
Harborline,2026-07,389,HL-875731,,,,10583482,16.00,RENEWAL,2026-08-15
Northwind Health,2026-08,379,NW-734247,,,,74197857,52.50,NEW,2026-09-15
Summit Health Plans,2026-06,357,SH-727809,,,,86822412,8.40,NEW,2026-07-15
Bluepeak,2026-06,360,BP-734442,,,,86822412,38.00,NEW,2026-07-15
Cardinal Mutual,2026-07,347,CM-574429,,,,5265799,22.00,NEW,2026-08-15
Cardinal Mutual,2026-07,348,CM-518694,,,,29898923,8.40,NEW,2026-08-15
Summit Health Plans,2026-08,357,SH-488906,,,,1884412,52.50,NEW,2026-09-15
Northwind Health,2026-07,380,NW-313994,,,,5265799,26.25,NEW,2026-08-15
Harborline,2026-06,386,HL-943907,,,,10583482,19.00,RENEWAL,2026-07-15
Northwind Health,2026-07,381,NW-262456,,,,37231783,52.50,NEW,2026-08-15
Bluepeak,2026-06,361,BP-469292,,,,4356886,52.50,NEW,2026-07-15
Bluepeak,2026-06,362,BP-458964,,,,54100814,22.00,NEW,2026-07-15
Summit Health Plans,2026-07,357,SH-805475,,,,90949389,52.50,NEW,2026-08-15
Northwind Health,2026-06,379,NW-187778,,,,61855700,4.20,NEW,2026-07-15
Meridian Care,2026-08,398,MC-909963,,,,13981052,26.25,RENEWAL,2026-09-15
Northwind Health,2026-06,380,NW-236889,,,,43339391,4.20,NEW,2026-07-15
Meridian Care,2026-07,398,MC-343381,,,,32244663,38.00,RENEWAL,2026-08-15
Harborline,2026-07,390,HL-176431,,,,44524491,38.00,RENEWAL,2026-08-15
Bluepeak,2026-08,360,BP-245094,,,,61855700,22.00,NEW,2026-09-15
Cardinal Mutual,2026-08,344,CM-533601,,,,77125617,52.50,NEW,2026-09-15
Summit Health Plans,2026-06,358,SH-158725,,,,10583482,19.00,NEW,2026-07-15
Bluepeak,2026-08,361,BP-557700,,,,7150444,26.25,NEW,2026-09-15
Northwind Health,2026-08,380,NW-916873,,,,77125617,16.00,NEW,2026-09-15
Harborline,2026-07,391,HL-490631,,,,10583482,16.00,RENEWAL,2026-08-15
Northwind Health,2026-06,381,NW-217995,,,,90949389,52.50,NEW,2026-07-15
Harborline,2026-07,392,HL-285497,,,,54100814,22.00,RENEWAL,2026-08-15
Summit Health Plans,2026-07,358,SH-157414,,,,61291817,19.00,NEW,2026-08-15
Bluepeak,2026-07,360,BP-713457,,,,6831819,38.00,NEW,2026-08-15
Bluepeak,2026-08,362,BP-450923,,,,61291817,22.00,NEW,2026-09-15
Summit Health Plans,2026-08,358,SH-698900,,,,6831819,26.25,NEW,2026-09-15
Harborline,2026-07,393,HL-970609,,,,37231783,38.00,RENEWAL,2026-08-15
Summit Health Plans,2026-07,359,SH-333287,,,,44524491,22.00,NEW,2026-08-15
Bluepeak,2026-08,363,BP-979102,,,,43339391,19.00,NEW,2026-09-15
Meridian Care,2026-06,398,MC-377036,,,,5265799,38.00,RENEWAL,2026-07-15
Northwind Health,2026-07,382,NW-775681,,,,44524491,19.00,NEW,2026-08-15
Meridian Care,2026-06,399,MC-632678,,,,43339391,26.25,RENEWAL,2026-07-15
Bluepeak,2026-07,361,BP-704735,,,,10583482,8.40,NEW,2026-08-15
Northwind Health,2026-07,383,NW-610275,,,,78490893,4.20,NEW,2026-08-15
Harborline,2026-06,387,HL-330323,,,,74197857,19.00,RENEWAL,2026-07-15
Meridian Care,2026-07,399,MC-735402,,,,90949389,16.00,RENEWAL,2026-08-15
Harborline,2026-07,394,HL-346756,,,,4356886,19.00,RENEWAL,2026-08-15
Northwind Health,2026-08,381,NW-301750,,,,94702683,26.25,NEW,2026-09-15
Cardinal Mutual,2026-07,349,CM-247743,,,,1884412,19.00,NEW,2026-08-15
Summit Health Plans,2026-07,360,SH-145132,,,,78490893,22.00,NEW,2026-08-15
Cardinal Mutual,2026-06,345,CM-424245,,,,29898923,16.00,NEW,2026-07-15
Summit Health Plans,2026-08,359,SH-132113,,,,6831819,8.40,NEW,2026-09-15
Cardinal Mutual,2026-08,345,CM-408667,,,,90949389,38.00,NEW,2026-09-15
Summit Health Plans,2026-06,359,SH-644405,,,,13981052,16.00,NEW,2026-07-15
Bluepeak,2026-07,362,BP-517177,,,,90949389,19.00,NEW,2026-08-15
Summit Health Plans,2026-08,360,SH-463149,,,,29898923,4.20,NEW,2026-09-15
Bluepeak,2026-08,364,BP-493948,,,,61855700,4.20,NEW,2026-09-15
Cardinal Mutual,2026-07,350,CM-973368,,,,86822412,8.40,NEW,2026-08-15
Harborline,2026-08,387,HL-643381,,,,33857966,8.40,RENEWAL,2026-09-15
Harborline,2026-08,388,HL-944546,,,,86822412,8.40,RENEWAL,2026-09-15
Cardinal Mutual,2026-08,346,CM-121882,,,,74197857,8.40,NEW,2026-09-15
Cardinal Mutual,2026-06,346,CM-496956,,,,37231783,26.25,NEW,2026-07-15
