npn,carrier,state,plan_year,line_of_business,appointed,certified,effective_date,end_date
10583482,Bluepeak,GA,2022,MA,true,true,2022-01-01,
10583482,Bluepeak,GA,2023,MA,true,true,2023-01-01,
10583482,Bluepeak,GA,2024,MA,true,true,2024-01-01,
10583482,Bluepeak,GA,2025,MA,true,true,2025-01-01,
10583482,Bluepeak,GA,2026,MA,true,true,2026-01-01,
10583482,Bluepeak,NY,2023,MA,true,true,2023-01-01,
10583482,Bluepeak,NY,2023,MEDSUPP,true,true,2023-01-01,
10583482,Bluepeak,NY,2023,PDP,true,true,2023-01-01,
10583482,Bluepeak,NY,2024,MA,true,true,2024-01-01,
10583482,Bluepeak,NY,2024,MEDSUPP,true,true,2024-01-01,
10583482,Bluepeak,NY,2024,PDP,true,true,2024-01-01,
10583482,Bluepeak,NY,2025,MA,true,true,2025-01-01,
10583482,Bluepeak,NY,2025,MEDSUPP,true,true,2025-01-01,
10583482,Bluepeak,NY,2025,PDP,true,true,2025-01-01,
10583482,Bluepeak,NY,2026,MA,true,true,2026-01-01,
10583482,Bluepeak,NY,2026,MEDSUPP,true,true,2026-01-01,
10583482,Bluepeak,NY,2026,PDP,true,true,2026-01-01,
10583482,Bluepeak,SC,2025,ACA,true,true,2025-01-01,
10583482,Bluepeak,SC,2025,MA,true,true,2025-01-01,
10583482,Bluepeak,SC,2026,ACA,true,true,2026-01-01,
10583482,Bluepeak,SC,2026,MA,true,true,2026-01-01,
10583482,Bluepeak,VT,2024,MA,true,true,2024-01-01,
10583482,Bluepeak,VT,2025,ACA,true,true,2025-01-01,
10583482,Bluepeak,VT,2025,MA,true,true,2025-01-01,
10583482,Bluepeak,VT,2026,ACA,true,true,2026-01-01,
10583482,Bluepeak,VT,2026,MA,true,true,2026-01-01,
10583482,Cardinal Mutual,GA,2023,MA,true,true,2023-01-01,
10583482,Cardinal Mutual,GA,2024,MA,true,true,2024-01-01,
10583482,Cardinal Mutual,GA,2025,MA,true,true,2025-01-01,
10583482,Cardinal Mutual,GA,2025,MEDSUPP,true,true,2025-01-01,
10583482,Cardinal Mutual,GA,2025,PDP,true,true,2025-01-01,
10583482,Cardinal Mutual,GA,2026,MA,true,true,2026-01-01,
10583482,Cardinal Mutual,GA,2026,MEDSUPP,true,true,2026-01-01,
10583482,Cardinal Mutual,GA,2026,PDP,true,true,2026-01-01,
10583482,Cardinal Mutual,NY,2025,MA,true,true,2025-01-01,
10583482,Cardinal Mutual,NY,2026,MA,true,true,2026-01-01,
10583482,Cardinal Mutual,SC,2025,ACA,true,true,2025-01-01,
10583482,Cardinal Mutual,VT,2024,ACA,true,true,2024-01-01,
10583482,Cardinal Mutual,VT,2024,MA,true,true,2024-01-01,
10583482,Cardinal Mutual,VT,2025,ACA,true,true,2025-01-01,
10583482,Cardinal Mutual,VT,2025,MA,true,true,2025-01-01,
10583482,Cardinal Mutual,VT,2026,ACA,true,true,2026-01-01,
10583482,Cardinal Mutual,VT,2026,MA,true,true,2026-01-01,
10583482,Harborline,GA,2022,MA,true,true,2022-01-01,
10583482,Harborline,GA,2023,MA,true,true,2023-01-01,
10583482,Harborline,GA,2024,MA,true,true,2024-01-01,
10583482,Harborline,GA,2025,ACA,true,true,2025-01-01,
10583482,Harborline,GA,2025,MA,true,true,2025-01-01,
10583482,Harborline,GA,2026,ACA,true,true,2026-01-01,
10583482,Harborline,GA,2026,MA,true,true,2026-01-01,
10583482,Harborline,NY,2023,MA,true,true,2023-01-01,
10583482,Harborline,NY,2024,MA,true,true,2024-01-01,
10583482,Harborline,NY,2025,MA,true,true,2025-01-01,
10583482,Harborline,NY,2026,ACA,true,true,2026-01-01,
10583482,Harborline,NY,2026,MA,true,true,2026-01-01,
10583482,Harborline,SC,2022,MA,true,true,2022-01-01,
10583482,Harborline,SC,2023,MA,true,true,2023-01-01,
10583482,Harborline,SC,2024,MA,true,true,2024-01-01,
10583482,Harborline,SC,2025,MA,true,true,2025-01-01,
10583482,Harborline,SC,2025,PDP,true,true,2025-01-01,
10583482,Harborline,SC,2026,MA,true,true,2026-01-01,
10583482,Harborline,SC,2026,PDP,true,true,2026-01-01,
10583482,Harborline,VT,2024,MA,true,true,2024-01-01,
10583482,Harborline,VT,2025,ACA,true,true,2025-01-01,
10583482,Harborline,VT,2025,MA,true,true,2025-01-01,
10583482,Harborline,VT,2026,ACA,true,true,2026-01-01,
10583482,Harborline,VT,2026,MA,true,true,2026-01-01,
10583482,Meridian Care,GA,2023,MA,true,true,2023-01-01,
10583482,Meridian Care,GA,2024,ACA,true,true,2024-01-01,
10583482,Meridian Care,GA,2024,MA,true,true,2024-01-01,
10583482,Meridian Care,GA,2025,ACA,true,true,2025-01-01,
10583482,Meridian Care,GA,2025,MA,true,true,2025-01-01,
10583482,Meridian Care,GA,2026,ACA,true,true,2026-01-01,
10583482,Meridian Care,GA,2026,MA,true,true,2026-01-01,
10583482,Meridian Care,GA,2026,MEDSUPP,true,true,2026-01-01,
10583482,Meridian Care,GA,2026,PDP,true,true,2026-01-01,
10583482,Meridian Care,NY,2023,MA,true,true,2023-01-01,
10583482,Meridian Care,NY,2024,MA,true,true,2024-01-01,
10583482,Meridian Care,NY,2025,ACA,true,true,2025-01-01,
10583482,Meridian Care,NY,2025,MA,true,true,2025-01-01,
10583482,Meridian Care,NY,2025,MEDSUPP,true,true,2025-01-01,
10583482,Meridian Care,NY,2025,PDP,true,true,2025-01-01,
10583482,Meridian Care,NY,2026,MA,true,true,2026-01-01,
10583482,Meridian Care,NY,2026,MEDSUPP,true,true,2026-01-01,
10583482,Meridian Care,NY,2026,PDP,true,true,2026-01-01,
10583482,Meridian Care,SC,2026,ACA,true,true,2026-01-01,
10583482,Meridian Care,VT,2024,ACA,true,true,2024-01-01,
10583482,Meridian Care,VT,2025,ACA,true,true,2025-01-01,
10583482,Meridian Care,VT,2025,MA,true,true,2025-01-01,
10583482,Meridian Care,VT,2026,ACA,true,true,2026-01-01,
10583482,Meridian Care,VT,2026,MA,true,true,2026-01-01,
10583482,Northwind Health,GA,2022,MA,true,true,2022-01-01,
10583482,Northwind Health,GA,2023,MA,true,true,2023-01-01,
10583482,Northwind Health,GA,2024,MA,true,true,2024-01-01,
10583482,Northwind Health,GA,2024,MEDSUPP,true,true,2024-01-01,
10583482,Northwind Health,GA,2024,PDP,true,true,2024-01-01,
10583482,Northwind Health,GA,2025,MA,true,true,2025-01-01,
10583482,Northwind Health,GA,2025,MEDSUPP,true,true,2025-01-01,
10583482,Northwind Health,GA,2025,PDP,true,true,2025-01-01,
10583482,Northwind Health,GA,2026,MA,true,true,2026-01-01,
10583482,Northwind Health,GA,2026,MEDSUPP,true,true,2026-01-01,
10583482,Northwind Health,GA,2026,PDP,true,true,2026-01-01,
10583482,Northwind Health,NY,2022,MA,true,true,2022-01-01,
10583482,Northwind Health,NY,2023,MA,true,true,2023-01-01,
10583482,Northwind Health,NY,2024,MA,true,true,2024-01-01,
10583482,Northwind Health,NY,2024,PDP,true,true,2024-01-01,
10583482,Northwind Health,NY,2025,ACA,true,true,2025-01-01,
10583482,Northwind Health,NY,2025,MA,true,true,2025-01-01,
10583482,Northwind Health,NY,2025,PDP,true,true,2025-01-01,
10583482,Northwind Health,NY,2026,MA,true,true,2026-01-01,
10583482,Northwind Health,NY,2026,MEDSUPP,true,true,2026-01-01,
10583482,Northwind Health,NY,2026,PDP,true,true,2026-01-01,
10583482,Northwind Health,SC,2024,MA,true,true,2024-01-01,
10583482,Northwind Health,SC,2025,MA,true,true,2025-01-01,
10583482,Northwind Health,SC,2025,MEDSUPP,true,true,2025-01-01,
10583482,Northwind Health,SC,2025,PDP,true,true,2025-01-01,
10583482,Northwind Health,SC,2026,MA,true,true,2026-01-01,
10583482,Northwind Health,SC,2026,MEDSUPP,true,true,2026-01-01,
10583482,Northwind Health,SC,2026,PDP,true,true,2026-01-01,
10583482,Northwind Health,VT,2025,MA,true,true,2025-01-01,
10583482,Northwind Health,VT,2026,MA,true,true,2026-01-01,
10583482,Summit Health Plans,GA,2024,MA,true,true,2024-01-01,
10583482,Summit Health Plans,GA,2025,MA,true,true,2025-01-01,
10583482,Summit Health Plans,GA,2025,PDP,true,true,2025-01-01,
10583482,Summit Health Plans,GA,2026,MA,true,true,2026-01-01,
10583482,Summit Health Plans,GA,2026,PDP,true,true,2026-01-01,
10583482,Summit Health Plans,NY,2025,MA,true,true,2025-01-01,
10583482,Summit Health Plans,NY,2026,ACA,true,true,2026-01-01,
10583482,Summit Health Plans,NY,2026,MA,true,true,2026-01-01,
10583482,Summit Health Plans,SC,2025,MEDSUPP,true,true,2025-01-01,
10583482,Summit Health Plans,SC,2025,PDP,true,true,2025-01-01,
10583482,Summit Health Plans,SC,2026,ACA,true,true,2026-01-01,
10583482,Summit Health Plans,SC,2026,MEDSUPP,true,true,2026-01-01,
10583482,Summit Health Plans,SC,2026,PDP,true,true,2026-01-01,
10583482,Summit Health Plans,VT,2022,MA,true,true,2022-01-01,
10583482,Summit Health Plans,VT,2023,MA,true,true,2023-01-01,
10583482,Summit Health Plans,VT,2024,MA,true,true,2024-01-01,
10583482,Summit Health Plans,VT,2024,MEDSUPP,true,true,2024-01-01,
10583482,Summit Health Plans,VT,2024,PDP,true,true,2024-01-01,
10583482,Summit Health Plans,VT,2025,MA,true,true,2025-01-01,
10583482,Summit Health Plans,VT,2025,MEDSUPP,true,true,2025-01-01,
10583482,Summit Health Plans,VT,2025,PDP,true,true,2025-01-01,
10583482,Summit Health Plans,VT,2026,ACA,true,true,2026-01-01,
10583482,Summit Health Plans,VT,2026,MA,true,true,2026-01-01,
10583482,Summit Health Plans,VT,2026,MEDSUPP,true,true,2026-01-01,
10583482,Summit Health Plans,VT,2026,PDP,true,true,2026-01-01,
11576383,Bluepeak,LA,2024,MA,true,true,2024-01-01,
11576383,Bluepeak,LA,2025,ACA,true,true,2025-01-01,
11576383,Bluepeak,LA,2025,MA,true,true,2025-01-01,
11576383,Bluepeak,LA,2026,MA,true,true,2026-01-01,
11576383,Bluepeak,MN,2023,MA,true,true,2023-01-01,
11576383,Bluepeak,MN,2023,MEDSUPP,true,true,2023-01-01,
11576383,Bluepeak,MN,2023,PDP,true,true,2023-01-01,
11576383,Bluepeak,MN,2024,MA,true,true,2024-01-01,
11576383,Bluepeak,MN,2024,MEDSUPP,true,true,2024-01-01,
11576383,Bluepeak,MN,2024,PDP,true,true,2024-01-01,
11576383,Bluepeak,MN,2025,MA,true,true,2025-01-01,
11576383,Bluepeak,MN,2025,MEDSUPP,true,true,2025-01-01,
11576383,Bluepeak,MN,2025,PDP,true,true,2025-01-01,
11576383,Bluepeak,MN,2026,MA,true,true,2026-01-01,
11576383,Bluepeak,MN,2026,MEDSUPP,true,true,2026-01-01,
11576383,Bluepeak,MN,2026,PDP,true,true,2026-01-01,
11576383,Bluepeak,RI,2026,MA,true,true,2026-01-01,
11576383,Bluepeak,SC,2022,MA,true,true,2022-01-01,
11576383,Bluepeak,SC,2023,MA,true,true,2023-01-01,
11576383,Bluepeak,SC,2023,MEDSUPP,true,true,2023-01-01,
11576383,Bluepeak,SC,2023,PDP,true,true,2023-01-01,
11576383,Bluepeak,SC,2024,MA,true,true,2024-01-01,
11576383,Bluepeak,SC,2024,MEDSUPP,true,true,2024-01-01,
11576383,Bluepeak,SC,2024,PDP,true,true,2024-01-01,
11576383,Bluepeak,SC,2025,ACA,true,true,2025-01-01,
11576383,Bluepeak,SC,2025,MA,true,true,2025-01-01,
11576383,Bluepeak,SC,2025,MEDSUPP,true,true,2025-01-01,
11576383,Bluepeak,SC,2025,PDP,true,true,2025-01-01,
11576383,Bluepeak,SC,2026,ACA,true,true,2026-01-01,
11576383,Bluepeak,SC,2026,MA,true,true,2026-01-01,
11576383,Bluepeak,SC,2026,MEDSUPP,true,true,2026-01-01,
11576383,Bluepeak,SC,2026,PDP,true,true,2026-01-01,
11576383,Cardinal Mutual,LA,2024,MA,true,true,2024-01-01,
11576383,Cardinal Mutual,LA,2025,ACA,true,true,2025-01-01,
11576383,Cardinal Mutual,LA,2025,MA,true,true,2025-01-01,
11576383,Cardinal Mutual,LA,2026,ACA,true,true,2026-01-01,
11576383,Cardinal Mutual,LA,2026,MA,true,true,2026-01-01,
11576383,Cardinal Mutual,MN,2026,ACA,true,true,2026-01-01,
11576383,Cardinal Mutual,SC,2023,MA,true,true,2023-01-01,
11576383,Cardinal Mutual,SC,2023,MEDSUPP,true,true,2023-01-01,
11576383,Cardinal Mutual,SC,2023,PDP,true,true,2023-01-01,
11576383,Cardinal Mutual,SC,2024,MA,true,true,2024-01-01,
11576383,Cardinal Mutual,SC,2024,MEDSUPP,true,true,2024-01-01,
11576383,Cardinal Mutual,SC,2024,PDP,true,true,2024-01-01,
11576383,Cardinal Mutual,SC,2025,ACA,true,true,2025-01-01,
11576383,Cardinal Mutual,SC,2025,MA,true,true,2025-01-01,
11576383,Cardinal Mutual,SC,2025,MEDSUPP,true,true,2025-01-01,
11576383,Cardinal Mutual,SC,2025,PDP,true,true,2025-01-01,
11576383,Cardinal Mutual,SC,2026,ACA,true,true,2026-01-01,
11576383,Cardinal Mutual,SC,2026,MA,true,true,2026-01-01,
11576383,Cardinal Mutual,SC,2026,MEDSUPP,true,true,2026-01-01,
11576383,Cardinal Mutual,SC,2026,PDP,true,true,2026-01-01,
11576383,Harborline,LA,2025,MA,true,true,2025-01-01,
11576383,Harborline,LA,2026,ACA,true,true,2026-01-01,
11576383,Harborline,LA,2026,MA,true,true,2026-01-01,
11576383,Harborline,MN,2022,MEDSUPP,true,true,2022-01-01,
11576383,Harborline,MN,2022,PDP,true,true,2022-01-01,
11576383,Harborline,MN,2023,MEDSUPP,true,true,2023-01-01,
11576383,Harborline,MN,2023,PDP,true,true,2023-01-01,
11576383,Harborline,MN,2024,MEDSUPP,true,true,2024-01-01,
11576383,Harborline,MN,2024,PDP,true,true,2024-01-01,
11576383,Harborline,MN,2025,MA,true,true,2025-01-01,
11576383,Harborline,MN,2025,MEDSUPP,true,true,2025-01-01,
11576383,Harborline,MN,2025,PDP,true,true,2025-01-01,
11576383,Harborline,MN,2026,ACA,true,true,2026-01-01,
11576383,Harborline,MN,2026,MA,true,true,2026-01-01,
11576383,Harborline,MN,2026,MEDSUPP,true,true,2026-01-01,
11576383,Harborline,MN,2026,PDP,true,true,2026-01-01,
11576383,Harborline,RI,2023,MA,true,true,2023-01-01,
11576383,Harborline,RI,2024,MA,true,true,2024-01-01,
11576383,Harborline,RI,2025,ACA,true,true,2025-01-01,
11576383,Harborline,RI,2025,MA,true,true,2025-01-01,
11576383,Harborline,RI,2026,ACA,true,true,2026-01-01,
11576383,Harborline,SC,2025,ACA,true,true,2025-01-01,
11576383,Harborline,SC,2025,MEDSUPP,true,true,2025-01-01,
11576383,Harborline,SC,2025,PDP,true,true,2025-01-01,
11576383,Harborline,SC,2026,ACA,true,true,2026-01-01,
11576383,Harborline,SC,2026,MEDSUPP,true,true,2026-01-01,
11576383,Harborline,SC,2026,PDP,true,true,2026-01-01,
11576383,Meridian Care,LA,2023,MA,true,true,2023-01-01,
11576383,Meridian Care,LA,2024,MA,true,true,2024-01-01,
11576383,Meridian Care,LA,2025,ACA,true,true,2025-01-01,
11576383,Meridian Care,LA,2025,MA,true,true,2025-01-01,
11576383,Meridian Care,LA,2026,ACA,true,true,2026-01-01,
11576383,Meridian Care,LA,2026,MA,true,true,2026-01-01,
11576383,Meridian Care,MN,2024,MA,true,true,2024-01-01,
11576383,Meridian Care,MN,2025,MA,true,true,2025-01-01,
11576383,Meridian Care,MN,2026,MA,true,true,2026-01-01,
11576383,Meridian Care,RI,2023,MA,true,true,2023-01-01,
11576383,Meridian Care,RI,2024,MA,true,true,2024-01-01,
11576383,Meridian Care,RI,2025,ACA,true,true,2025-01-01,
11576383,Meridian Care,RI,2025,MA,true,true,2025-01-01,
11576383,Meridian Care,RI,2026,ACA,true,true,2026-01-01,
11576383,Meridian Care,RI,2026,MA,true,true,2026-01-01,
11576383,Meridian Care,SC,2023,PDP,true,true,2023-01-01,
11576383,Meridian Care,SC,2024,MA,true,true,2024-01-01,
11576383,Meridian Care,SC,2024,MEDSUPP,true,true,2024-01-01,
11576383,Meridian Care,SC,2024,PDP,true,true,2024-01-01,
11576383,Meridian Care,SC,2025,ACA,true,true,2025-01-01,
11576383,Meridian Care,SC,2025,MA,true,true,2025-01-01,
11576383,Meridian Care,SC,2025,MEDSUPP,true,true,2025-01-01,
11576383,Meridian Care,SC,2025,PDP,true,true,2025-01-01,
11576383,Meridian Care,SC,2026,ACA,true,true,2026-01-01,
11576383,Meridian Care,SC,2026,MA,true,true,2026-01-01,
11576383,Meridian Care,SC,2026,MEDSUPP,true,true,2026-01-01,
11576383,Meridian Care,SC,2026,PDP,true,true,2026-01-01,
11576383,Northwind Health,LA,2022,MA,true,true,2022-01-01,
11576383,Northwind Health,LA,2023,MA,true,true,2023-01-01,
11576383,Northwind Health,LA,2024,MA,true,true,2024-01-01,
11576383,Northwind Health,LA,2025,ACA,true,true,2025-01-01,
11576383,Northwind Health,MN,2023,MA,true,true,2023-01-01,
11576383,Northwind Health,MN,2024,MA,true,true,2024-01-01,
11576383,Northwind Health,MN,2025,MA,true,true,2025-01-01,
11576383,Northwind Health,MN,2026,MA,true,true,2026-01-01,
11576383,Northwind Health,RI,2024,ACA,true,true,2024-01-01,
11576383,Northwind Health,RI,2025,ACA,true,true,2025-01-01,
11576383,Northwind Health,RI,2026,ACA,true,true,2026-01-01,
11576383,Northwind Health,RI,2026,MA,true,true,2026-01-01,
11576383,Northwind Health,SC,2023,PDP,true,true,2023-01-01,
11576383,Northwind Health,SC,2024,ACA,true,true,2024-01-01,
11576383,Northwind Health,SC,2024,PDP,true,true,2024-01-01,
11576383,Northwind Health,SC,2025,ACA,true,true,2025-01-01,
11576383,Northwind Health,SC,2025,MA,true,true,2025-01-01,
11576383,Northwind Health,SC,2025,PDP,true,true,2025-01-01,
11576383,Northwind Health,SC,2026,ACA,true,true,2026-01-01,
11576383,Northwind Health,SC,2026,MA,true,true,2026-01-01,
11576383,Northwind Health,SC,2026,PDP,true,true,2026-01-01,
11576383,Summit Health Plans,LA,2024,MA,true,true,2024-01-01,
11576383,Summit Health Plans,LA,2025,MA,true,true,2025-01-01,
11576383,Summit Health Plans,LA,2026,ACA,true,true,2026-01-01,
11576383,Summit Health Plans,LA,2026,MA,true,true,2026-01-01,
11576383,Summit Health Plans,MN,2023,MA,true,true,2023-01-01,
11576383,Summit Health Plans,MN,2024,MA,true,true,2024-01-01,
11576383,Summit Health Plans,MN,2025,MA,true,true,2025-01-01,
11576383,Summit Health Plans,MN,2025,PDP,true,true,2025-01-01,
11576383,Summit Health Plans,MN,2026,MA,true,true,2026-01-01,
11576383,Summit Health Plans,MN,2026,PDP,true,true,2026-01-01,
11576383,Summit Health Plans,RI,2022,MA,true,true,2022-01-01,
11576383,Summit Health Plans,RI,2023,MA,true,true,2023-01-01,
11576383,Summit Health Plans,RI,2024,MA,true,true,2024-01-01,
11576383,Summit Health Plans,RI,2025,MA,true,true,2025-01-01,
11576383,Summit Health Plans,RI,2025,MEDSUPP,true,true,2025-01-01,
11576383,Summit Health Plans,RI,2025,PDP,true,true,2025-01-01,
11576383,Summit Health Plans,RI,2026,MA,true,true,2026-01-01,
11576383,Summit Health Plans,RI,2026,MEDSUPP,true,true,2026-01-01,
11576383,Summit Health Plans,RI,2026,PDP,true,true,2026-01-01,
11576383,Summit Health Plans,SC,2025,MEDSUPP,true,true,2025-01-01,
11576383,Summit Health Plans,SC,2025,PDP,true,true,2025-01-01,
11576383,Summit Health Plans,SC,2026,MA,true,true,2026-01-01,
11576383,Summit Health Plans,SC,2026,MEDSUPP,true,true,2026-01-01,
11576383,Summit Health Plans,SC,2026,PDP,true,true,2026-01-01,
13981052,Bluepeak,KS,2023,MA,true,true,2023-01-01,
13981052,Bluepeak,KS,2024,MA,true,true,2024-01-01,
13981052,Bluepeak,KS,2024,PDP,true,true,2024-01-01,
13981052,Bluepeak,KS,2025,ACA,true,true,2025-01-01,
13981052,Bluepeak,KS,2025,MA,true,true,2025-01-01,
13981052,Bluepeak,KS,2025,PDP,true,true,2025-01-01,
13981052,Bluepeak,KS,2026,MA,true,true,2026-01-01,
13981052,Bluepeak,KS,2026,PDP,true,true,2026-01-01,
13981052,Bluepeak,MI,2022,MA,true,true,2022-01-01,
13981052,Bluepeak,MI,2023,MA,true,true,2023-01-01,
13981052,Bluepeak,MI,2024,ACA,true,true,2024-01-01,
13981052,Bluepeak,MI,2024,MA,true,true,2024-01-01,
13981052,Bluepeak,MI,2025,ACA,true,true,2025-01-01,
13981052,Bluepeak,MI,2025,MA,true,true,2025-01-01,
13981052,Bluepeak,MI,2026,ACA,true,true,2026-01-01,
13981052,Bluepeak,MI,2026,MA,true,true,2026-01-01,
13981052,Bluepeak,PA,2022,MA,true,true,2022-01-01,
13981052,Bluepeak,PA,2023,MA,true,true,2023-01-01,
13981052,Bluepeak,PA,2023,MEDSUPP,true,true,2023-01-01,
13981052,Bluepeak,PA,2023,PDP,true,true,2023-01-01,
13981052,Bluepeak,PA,2024,MA,true,true,2024-01-01,
13981052,Bluepeak,PA,2024,MEDSUPP,true,true,2024-01-01,
13981052,Bluepeak,PA,2024,PDP,true,true,2024-01-01,
13981052,Bluepeak,PA,2025,MA,true,true,2025-01-01,
13981052,Bluepeak,PA,2025,MEDSUPP,true,true,2025-01-01,
13981052,Bluepeak,PA,2025,PDP,true,true,2025-01-01,
13981052,Bluepeak,PA,2026,MA,true,true,2026-01-01,
13981052,Bluepeak,PA,2026,MEDSUPP,true,true,2026-01-01,
13981052,Bluepeak,PA,2026,PDP,true,true,2026-01-01,
13981052,Cardinal Mutual,KS,2024,MA,true,true,2024-01-01,
13981052,Cardinal Mutual,KS,2025,ACA,true,true,2025-01-01,
13981052,Cardinal Mutual,KS,2025,MA,true,true,2025-01-01,
13981052,Cardinal Mutual,KS,2026,ACA,true,true,2026-01-01,
13981052,Cardinal Mutual,KS,2026,MA,true,true,2026-01-01,
13981052,Cardinal Mutual,MI,2022,MEDSUPP,true,true,2022-01-01,
13981052,Cardinal Mutual,MI,2022,PDP,true,true,2022-01-01,
13981052,Cardinal Mutual,MI,2023,MEDSUPP,true,true,2023-01-01,
13981052,Cardinal Mutual,MI,2023,PDP,true,true,2023-01-01,
13981052,Cardinal Mutual,MI,2024,ACA,true,true,2024-01-01,
13981052,Cardinal Mutual,MI,2024,MEDSUPP,true,true,2024-01-01,
13981052,Cardinal Mutual,MI,2024,PDP,true,true,2024-01-01,
13981052,Cardinal Mutual,MI,2025,ACA,true,true,2025-01-01,
13981052,Cardinal Mutual,MI,2025,MA,true,true,2025-01-01,
13981052,Cardinal Mutual,MI,2025,MEDSUPP,true,true,2025-01-01,
13981052,Cardinal Mutual,MI,2025,PDP,true,true,2025-01-01,
13981052,Cardinal Mutual,MI,2026,ACA,true,true,2026-01-01,
13981052,Cardinal Mutual,MI,2026,MA,true,true,2026-01-01,
13981052,Cardinal Mutual,MI,2026,MEDSUPP,true,true,2026-01-01,
13981052,Cardinal Mutual,MI,2026,PDP,true,true,2026-01-01,
13981052,Cardinal Mutual,PA,2022,MA,true,true,2022-01-01,
13981052,Cardinal Mutual,PA,2022,MEDSUPP,true,true,2022-01-01,
13981052,Cardinal Mutual,PA,2022,PDP,true,true,2022-01-01,
13981052,Cardinal Mutual,PA,2023,MA,true,true,2023-01-01,
13981052,Cardinal Mutual,PA,2023,MEDSUPP,true,true,2023-01-01,
13981052,Cardinal Mutual,PA,2023,PDP,true,true,2023-01-01,
13981052,Cardinal Mutual,PA,2024,MA,true,true,2024-01-01,
13981052,Cardinal Mutual,PA,2024,MEDSUPP,true,true,2024-01-01,
13981052,Cardinal Mutual,PA,2024,PDP,true,true,2024-01-01,
13981052,Cardinal Mutual,PA,2025,ACA,true,true,2025-01-01,
13981052,Cardinal Mutual,PA,2025,MA,true,true,2025-01-01,
13981052,Cardinal Mutual,PA,2025,MEDSUPP,true,true,2025-01-01,
13981052,Cardinal Mutual,PA,2025,PDP,true,true,2025-01-01,
13981052,Cardinal Mutual,PA,2026,MA,true,true,2026-01-01,
13981052,Cardinal Mutual,PA,2026,MEDSUPP,true,true,2026-01-01,
13981052,Cardinal Mutual,PA,2026,PDP,true,true,2026-01-01,
13981052,Harborline,KS,2023,MA,true,true,2023-01-01,
13981052,Harborline,KS,2024,MA,true,true,2024-01-01,
13981052,Harborline,KS,2024,PDP,true,true,2024-01-01,
13981052,Harborline,KS,2025,MA,true,true,2025-01-01,
13981052,Harborline,KS,2025,PDP,true,true,2025-01-01,
13981052,Harborline,KS,2026,MA,true,true,2026-01-01,
13981052,Harborline,KS,2026,PDP,true,true,2026-01-01,
13981052,Harborline,KS,2027,ACA,true,true,2027-01-01,
13981052,Harborline,MI,2022,MA,true,true,2022-01-01,
13981052,Harborline,MI,2023,MA,true,true,2023-01-01,
13981052,Harborline,MI,2024,MA,true,true,2024-01-01,
13981052,Harborline,MI,2025,MA,true,true,2025-01-01,
13981052,Harborline,MI,2026,MA,true,true,2026-01-01,
13981052,Harborline,PA,2022,MA,true,true,2022-01-01,
13981052,Harborline,PA,2023,MA,true,true,2023-01-01,
13981052,Harborline,PA,2023,PDP,true,true,2023-01-01,
13981052,Harborline,PA,2024,MA,true,true,2024-01-01,
13981052,Harborline,PA,2024,MEDSUPP,true,true,2024-01-01,
13981052,Harborline,PA,2024,PDP,true,true,2024-01-01,
13981052,Harborline,PA,2025,ACA,true,true,2025-01-01,
13981052,Harborline,PA,2025,MA,true,true,2025-01-01,
13981052,Harborline,PA,2025,MEDSUPP,true,true,2025-01-01,
13981052,Harborline,PA,2025,PDP,true,true,2025-01-01,
13981052,Harborline,PA,2026,ACA,true,true,2026-01-01,
13981052,Harborline,PA,2026,MA,true,true,2026-01-01,
13981052,Harborline,PA,2026,MEDSUPP,true,true,2026-01-01,
13981052,Harborline,PA,2026,PDP,true,true,2026-01-01,
13981052,Meridian Care,KS,2024,MA,true,true,2024-01-01,
13981052,Meridian Care,KS,2025,ACA,true,true,2025-01-01,
13981052,Meridian Care,KS,2025,MA,true,true,2025-01-01,
13981052,Meridian Care,KS,2026,ACA,true,true,2026-01-01,
13981052,Meridian Care,KS,2026,MA,true,true,2026-01-01,
13981052,Meridian Care,MI,2023,MA,true,true,2023-01-01,
13981052,Meridian Care,MI,2023,MEDSUPP,true,true,2023-01-01,
13981052,Meridian Care,MI,2023,PDP,true,true,2023-01-01,
13981052,Meridian Care,MI,2024,MA,true,true,2024-01-01,
13981052,Meridian Care,MI,2024,MEDSUPP,true,true,2024-01-01,
13981052,Meridian Care,MI,2024,PDP,true,true,2024-01-01,
13981052,Meridian Care,MI,2025,MA,true,true,2025-01-01,
13981052,Meridian Care,MI,2025,MEDSUPP,true,true,2025-01-01,
13981052,Meridian Care,MI,2025,PDP,true,true,2025-01-01,
13981052,Meridian Care,MI,2026,MA,true,true,2026-01-01,
13981052,Meridian Care,MI,2026,MEDSUPP,true,true,2026-01-01,
13981052,Meridian Care,MI,2026,PDP,true,true,2026-01-01,
13981052,Meridian Care,PA,2022,MEDSUPP,true,true,2022-01-01,
13981052,Meridian Care,PA,2022,PDP,true,true,2022-01-01,
13981052,Meridian Care,PA,2023,MA,true,true,2023-01-01,
13981052,Meridian Care,PA,2023,MEDSUPP,true,true,2023-01-01,
13981052,Meridian Care,PA,2023,PDP,true,true,2023-01-01,
13981052,Meridian Care,PA,2024,MA,true,true,2024-01-01,
13981052,Meridian Care,PA,2024,MEDSUPP,true,true,2024-01-01,
13981052,Meridian Care,PA,2024,PDP,true,true,2024-01-01,
13981052,Meridian Care,PA,2025,MA,true,true,2025-01-01,
13981052,Meridian Care,PA,2025,MEDSUPP,true,true,2025-01-01,
13981052,Meridian Care,PA,2025,PDP,true,true,2025-01-01,
13981052,Meridian Care,PA,2026,MA,true,true,2026-01-01,
13981052,Meridian Care,PA,2026,MEDSUPP,true,true,2026-01-01,
13981052,Meridian Care,PA,2026,PDP,true,true,2026-01-01,
13981052,Northwind Health,KS,2022,MA,true,true,2022-01-01,
13981052,Northwind Health,KS,2023,MA,true,true,2023-01-01,
13981052,Northwind Health,KS,2024,MA,true,true,2024-01-01,
13981052,Northwind Health,KS,2025,MA,true,true,2025-01-01,
13981052,Northwind Health,KS,2025,MEDSUPP,true,true,2025-01-01,
13981052,Northwind Health,KS,2025,PDP,true,true,2025-01-01,
13981052,Northwind Health,KS,2026,MA,true,true,2026-01-01,
13981052,Northwind Health,KS,2026,MEDSUPP,true,true,2026-01-01,
13981052,Northwind Health,KS,2026,PDP,true,true,2026-01-01,
13981052,Northwind Health,MI,2022,MA,true,true,2022-01-01,
13981052,Northwind Health,MI,2023,MA,true,true,2023-01-01,
13981052,Northwind Health,MI,2024,ACA,true,true,2024-01-01,
13981052,Northwind Health,MI,2024,MA,true,true,2024-01-01,
13981052,Northwind Health,MI,2025,ACA,true,true,2025-01-01,
13981052,Northwind Health,MI,2025,MA,true,true,2025-01-01,
13981052,Northwind Health,MI,2026,ACA,true,true,2026-01-01,
13981052,Northwind Health,MI,2026,MA,true,true,2026-01-01,
13981052,Northwind Health,PA,2023,MA,true,true,2023-01-01,
13981052,Northwind Health,PA,2024,MA,true,true,2024-01-01,
13981052,Northwind Health,PA,2025,MA,true,true,2025-01-01,
13981052,Northwind Health,PA,2026,MA,true,true,2026-01-01,
13981052,Summit Health Plans,KS,2022,MA,true,true,2022-01-01,
13981052,Summit Health Plans,KS,2023,MA,true,true,2023-01-01,
13981052,Summit Health Plans,KS,2024,MA,true,true,2024-01-01,
13981052,Summit Health Plans,KS,2025,ACA,true,true,2025-01-01,
13981052,Summit Health Plans,KS,2025,MA,true,true,2025-01-01,
13981052,Summit Health Plans,KS,2026,ACA,true,true,2026-01-01,
13981052,Summit Health Plans,KS,2026,MA,true,true,2026-01-01,
13981052,Summit Health Plans,MI,2022,MEDSUPP,true,true,2022-01-01,
13981052,Summit Health Plans,MI,2022,PDP,true,true,2022-01-01,
13981052,Summit Health Plans,MI,2023,MEDSUPP,true,true,2023-01-01,
13981052,Summit Health Plans,MI,2023,PDP,true,true,2023-01-01,
13981052,Summit Health Plans,MI,2024,ACA,true,true,2024-01-01,
13981052,Summit Health Plans,MI,2024,MEDSUPP,true,true,2024-01-01,
13981052,Summit Health Plans,MI,2024,PDP,true,true,2024-01-01,
13981052,Summit Health Plans,MI,2025,ACA,true,true,2025-01-01,
13981052,Summit Health Plans,MI,2025,MA,true,true,2025-01-01,
13981052,Summit Health Plans,MI,2025,MEDSUPP,true,true,2025-01-01,
13981052,Summit Health Plans,MI,2025,PDP,true,true,2025-01-01,
13981052,Summit Health Plans,MI,2026,ACA,true,true,2026-01-01,
13981052,Summit Health Plans,MI,2026,MA,true,true,2026-01-01,
13981052,Summit Health Plans,MI,2026,MEDSUPP,true,true,2026-01-01,
13981052,Summit Health Plans,MI,2026,PDP,true,true,2026-01-01,
13981052,Summit Health Plans,PA,2025,MA,true,true,2025-01-01,
13981052,Summit Health Plans,PA,2026,ACA,true,true,2026-01-01,
13981052,Summit Health Plans,PA,2026,MA,true,true,2026-01-01,
29898923,Bluepeak,CO,2024,ACA,true,true,2024-01-01,
29898923,Bluepeak,CO,2025,ACA,true,true,2025-01-01,
29898923,Bluepeak,CO,2025,MA,true,true,2025-01-01,
29898923,Bluepeak,CO,2026,ACA,true,true,2026-01-01,
29898923,Bluepeak,CO,2026,MA,true,true,2026-01-01,
29898923,Bluepeak,CT,2022,MA,true,true,2022-01-01,
29898923,Bluepeak,CT,2023,MA,true,true,2023-01-01,
29898923,Bluepeak,CT,2024,ACA,true,true,2024-01-01,
29898923,Bluepeak,CT,2024,MA,true,true,2024-01-01,
29898923,Bluepeak,CT,2025,ACA,true,true,2025-01-01,
29898923,Bluepeak,CT,2025,MA,true,true,2025-01-01,
29898923,Bluepeak,CT,2026,ACA,true,true,2026-01-01,
29898923,Bluepeak,CT,2026,MA,true,true,2026-01-01,
29898923,Bluepeak,MO,2025,MEDSUPP,true,true,2025-01-01,
29898923,Bluepeak,MO,2025,PDP,true,true,2025-01-01,
29898923,Bluepeak,MO,2026,ACA,true,true,2026-01-01,
29898923,Bluepeak,MO,2026,MA,true,true,2026-01-01,
29898923,Bluepeak,MO,2026,MEDSUPP,true,true,2026-01-01,
29898923,Bluepeak,MO,2026,PDP,true,true,2026-01-01,
29898923,Cardinal Mutual,CO,2023,MA,true,true,2023-01-01,
29898923,Cardinal Mutual,CO,2024,ACA,true,true,2024-01-01,
29898923,Cardinal Mutual,CO,2024,MA,true,true,2024-01-01,
29898923,Cardinal Mutual,CO,2024,PDP,true,true,2024-01-01,
29898923,Cardinal Mutual,CO,2025,ACA,true,true,2025-01-01,
29898923,Cardinal Mutual,CO,2025,MA,true,true,2025-01-01,
29898923,Cardinal Mutual,CO,2025,PDP,true,true,2025-01-01,
29898923,Cardinal Mutual,CO,2026,ACA,true,true,2026-01-01,
29898923,Cardinal Mutual,CO,2026,MA,true,true,2026-01-01,
29898923,Cardinal Mutual,CO,2026,PDP,true,true,2026-01-01,
29898923,Cardinal Mutual,CT,2022,MA,true,true,2022-01-01,
29898923,Cardinal Mutual,CT,2023,MA,true,true,2023-01-01,
29898923,Cardinal Mutual,CT,2024,ACA,true,true,2024-01-01,
29898923,Cardinal Mutual,CT,2024,MA,true,true,2024-01-01,
29898923,Cardinal Mutual,CT,2025,ACA,true,true,2025-01-01,
29898923,Cardinal Mutual,CT,2025,MA,true,true,2025-01-01,
29898923,Cardinal Mutual,CT,2026,ACA,true,true,2026-01-01,
29898923,Cardinal Mutual,CT,2026,MA,true,true,2026-01-01,
29898923,Cardinal Mutual,MO,2023,MA,true,true,2023-01-01,
29898923,Cardinal Mutual,MO,2024,MA,true,true,2024-01-01,
29898923,Cardinal Mutual,MO,2025,MA,true,true,2025-01-01,
29898923,Cardinal Mutual,MO,2026,ACA,true,true,2026-01-01,
29898923,Cardinal Mutual,MO,2026,MA,true,true,2026-01-01,
29898923,Harborline,CO,2022,MA,true,true,2022-01-01,
29898923,Harborline,CO,2023,MA,true,true,2023-01-01,
29898923,Harborline,CO,2024,MA,true,true,2024-01-01,
29898923,Harborline,CO,2024,PDP,true,true,2024-01-01,
29898923,Harborline,CO,2025,ACA,true,true,2025-01-01,
29898923,Harborline,CO,2025,MA,true,true,2025-01-01,
29898923,Harborline,CO,2025,PDP,true,true,2025-01-01,
29898923,Harborline,CO,2026,ACA,true,true,2026-01-01,
29898923,Harborline,CO,2026,MA,true,true,2026-01-01,
29898923,Harborline,CO,2026,PDP,true,true,2026-01-01,
29898923,Harborline,CT,2022,MA,true,true,2022-01-01,
29898923,Harborline,CT,2023,MA,true,true,2023-01-01,
29898923,Harborline,CT,2024,MA,true,true,2024-01-01,
29898923,Harborline,CT,2025,MA,true,true,2025-01-01,
29898923,Harborline,CT,2026,MA,true,true,2026-01-01,
29898923,Harborline,MO,2023,MA,true,true,2023-01-01,
29898923,Harborline,MO,2024,MA,true,true,2024-01-01,
29898923,Harborline,MO,2025,MA,true,true,2025-01-01,
29898923,Harborline,MO,2026,MA,true,true,2026-01-01,
29898923,Meridian Care,CO,2023,MA,true,true,2023-01-01,
29898923,Meridian Care,CO,2024,ACA,true,true,2024-01-01,
29898923,Meridian Care,CO,2024,MA,true,true,2024-01-01,
29898923,Meridian Care,CO,2024,PDP,true,true,2024-01-01,
29898923,Meridian Care,CO,2025,ACA,true,true,2025-01-01,
29898923,Meridian Care,CO,2025,MA,true,true,2025-01-01,
29898923,Meridian Care,CO,2025,PDP,true,true,2025-01-01,
29898923,Meridian Care,CO,2026,ACA,true,true,2026-01-01,
29898923,Meridian Care,CO,2026,MA,true,true,2026-01-01,
29898923,Meridian Care,CO,2026,PDP,true,true,2026-01-01,
29898923,Meridian Care,CT,2022,PDP,true,true,2022-01-01,
29898923,Meridian Care,CT,2023,MA,true,true,2023-01-01,
29898923,Meridian Care,CT,2023,PDP,true,true,2023-01-01,
29898923,Meridian Care,CT,2024,MA,true,true,2024-01-01,
29898923,Meridian Care,CT,2024,PDP,true,true,2024-01-01,
29898923,Meridian Care,CT,2025,MA,true,true,2025-01-01,
29898923,Meridian Care,CT,2025,PDP,true,true,2025-01-01,
29898923,Meridian Care,CT,2026,ACA,true,true,2026-01-01,
29898923,Meridian Care,CT,2026,MA,true,true,2026-01-01,
29898923,Meridian Care,CT,2026,PDP,true,true,2026-01-01,
29898923,Meridian Care,MO,2023,MA,true,true,2023-01-01,
29898923,Meridian Care,MO,2024,MA,true,true,2024-01-01,
29898923,Meridian Care,MO,2025,MA,true,true,2025-01-01,
29898923,Meridian Care,MO,2026,MA,true,true,2026-01-01,
29898923,Northwind Health,CO,2023,MA,true,true,2023-01-01,
29898923,Northwind Health,CO,2024,MA,true,true,2024-01-01,
29898923,Northwind Health,CO,2025,MA,true,true,2025-01-01,
29898923,Northwind Health,CO,2025,PDP,true,true,2025-01-01,
29898923,Northwind Health,CO,2026,MA,true,true,2026-01-01,
29898923,Northwind Health,CO,2026,PDP,true,true,2026-01-01,
29898923,Northwind Health,CT,2023,MA,true,true,2023-01-01,
29898923,Northwind Health,CT,2023,MEDSUPP,true,true,2023-01-01,
29898923,Northwind Health,CT,2023,PDP,true,true,2023-01-01,
29898923,Northwind Health,CT,2024,MA,true,true,2024-01-01,
29898923,Northwind Health,CT,2024,MEDSUPP,true,true,2024-01-01,
29898923,Northwind Health,CT,2024,PDP,true,true,2024-01-01,
29898923,Northwind Health,CT,2025,MA,true,true,2025-01-01,
29898923,Northwind Health,CT,2025,MEDSUPP,true,true,2025-01-01,
29898923,Northwind Health,CT,2025,PDP,true,true,2025-01-01,
29898923,Northwind Health,CT,2026,MA,true,true,2026-01-01,
29898923,Northwind Health,CT,2026,MEDSUPP,true,true,2026-01-01,
29898923,Northwind Health,CT,2026,PDP,true,true,2026-01-01,
29898923,Northwind Health,MO,2023,MA,true,true,2023-01-01,
29898923,Northwind Health,MO,2024,MA,true,true,2024-01-01,
29898923,Northwind Health,MO,2024,MEDSUPP,true,true,2024-01-01,
29898923,Northwind Health,MO,2024,PDP,true,true,2024-01-01,
29898923,Northwind Health,MO,2025,MA,true,true,2025-01-01,
29898923,Northwind Health,MO,2025,MEDSUPP,true,true,2025-01-01,
29898923,Northwind Health,MO,2025,PDP,true,true,2025-01-01,
29898923,Northwind Health,MO,2026,MA,true,true,2026-01-01,
29898923,Northwind Health,MO,2026,MEDSUPP,true,true,2026-01-01,
29898923,Northwind Health,MO,2026,PDP,true,true,2026-01-01,
29898923,Summit Health Plans,CO,2022,MA,true,true,2022-01-01,
29898923,Summit Health Plans,CO,2023,MA,true,true,2023-01-01,
29898923,Summit Health Plans,CO,2024,MA,true,true,2024-01-01,
29898923,Summit Health Plans,CO,2024,MEDSUPP,true,true,2024-01-01,
29898923,Summit Health Plans,CO,2024,PDP,true,true,2024-01-01,
29898923,Summit Health Plans,CO,2025,MA,true,true,2025-01-01,
29898923,Summit Health Plans,CO,2025,MEDSUPP,true,true,2025-01-01,
29898923,Summit Health Plans,CO,2025,PDP,true,true,2025-01-01,
29898923,Summit Health Plans,CO,2026,ACA,true,true,2026-01-01,
29898923,Summit Health Plans,CO,2026,MA,true,true,2026-01-01,
29898923,Summit Health Plans,CO,2026,MEDSUPP,true,true,2026-01-01,
29898923,Summit Health Plans,CO,2026,PDP,true,true,2026-01-01,
29898923,Summit Health Plans,CT,2022,PDP,true,true,2022-01-01,
29898923,Summit Health Plans,CT,2023,MA,true,true,2023-01-01,
29898923,Summit Health Plans,CT,2023,PDP,true,true,2023-01-01,
29898923,Summit Health Plans,CT,2024,MA,true,true,2024-01-01,
29898923,Summit Health Plans,CT,2024,PDP,true,true,2024-01-01,
29898923,Summit Health Plans,CT,2025,MA,true,true,2025-01-01,
29898923,Summit Health Plans,CT,2025,PDP,true,true,2025-01-01,
29898923,Summit Health Plans,CT,2026,MA,true,true,2026-01-01,
29898923,Summit Health Plans,CT,2026,MEDSUPP,true,true,2026-01-01,2026-01-31
29898923,Summit Health Plans,CT,2026,PDP,true,true,2026-01-01,
29898923,Summit Health Plans,MO,2022,MA,true,true,2022-01-01,
29898923,Summit Health Plans,MO,2023,MA,true,true,2023-01-01,
29898923,Summit Health Plans,MO,2023,PDP,true,true,2023-01-01,
29898923,Summit Health Plans,MO,2024,PDP,true,true,2024-01-01,
29898923,Summit Health Plans,MO,2025,ACA,true,true,2025-01-01,
29898923,Summit Health Plans,MO,2025,MA,true,true,2025-01-01,
29898923,Summit Health Plans,MO,2025,PDP,true,true,2025-01-01,
29898923,Summit Health Plans,MO,2026,MA,true,true,2026-01-01,
29898923,Summit Health Plans,MO,2026,PDP,true,true,2026-01-01,
1884412,Bluepeak,AL,2022,MEDSUPP,true,true,2022-01-01,
1884412,Bluepeak,AL,2022,PDP,true,true,2022-01-01,
1884412,Bluepeak,AL,2023,MA,true,true,2023-01-01,
1884412,Bluepeak,AL,2023,MEDSUPP,true,true,2023-01-01,
1884412,Bluepeak,AL,2023,PDP,true,true,2023-01-01,
1884412,Bluepeak,AL,2024,MA,true,true,2024-01-01,
1884412,Bluepeak,AL,2024,MEDSUPP,true,true,2024-01-01,
1884412,Bluepeak,AL,2024,PDP,true,true,2024-01-01,
1884412,Bluepeak,AL,2025,ACA,true,true,2025-01-01,
1884412,Bluepeak,AL,2025,MA,true,true,2025-01-01,
1884412,Bluepeak,AL,2025,MEDSUPP,true,true,2025-01-01,
1884412,Bluepeak,AL,2025,PDP,true,true,2025-01-01,
1884412,Bluepeak,AL,2026,ACA,true,true,2026-01-01,
1884412,Bluepeak,AL,2026,MA,true,true,2026-01-01,
1884412,Bluepeak,AL,2026,MEDSUPP,true,true,2026-01-01,
1884412,Bluepeak,AL,2026,PDP,true,true,2026-01-01,
1884412,Bluepeak,IA,2022,MA,true,true,2022-01-01,
1884412,Bluepeak,IA,2023,MA,true,true,2023-01-01,
1884412,Bluepeak,IA,2024,MA,true,true,2024-01-01,
1884412,Bluepeak,IA,2025,ACA,true,true,2025-01-01,
1884412,Bluepeak,IA,2025,MA,true,true,2025-01-01,
1884412,Bluepeak,IA,2026,ACA,true,true,2026-01-01,
1884412,Bluepeak,IA,2026,MA,true,true,2026-01-01,
1884412,Bluepeak,IA,2026,PDP,true,true,2026-01-01,
1884412,Bluepeak,OH,2025,ACA,true,true,2025-01-01,
1884412,Bluepeak,OH,2026,ACA,true,true,2026-01-01,
1884412,Bluepeak,OH,2026,MA,true,true,2026-01-01,
1884412,Bluepeak,PA,2023,MA,true,true,2023-01-01,
1884412,Bluepeak,PA,2024,MA,true,true,2024-01-01,
1884412,Bluepeak,PA,2025,MA,true,true,2025-01-01,
1884412,Bluepeak,PA,2026,MA,true,true,2026-01-01,
1884412,Cardinal Mutual,AL,2022,PDP,true,true,2022-01-01,
1884412,Cardinal Mutual,AL,2023,PDP,true,true,2023-01-01,
1884412,Cardinal Mutual,AL,2024,PDP,true,true,2024-01-01,
1884412,Cardinal Mutual,AL,2025,MEDSUPP,true,true,2025-01-01,
1884412,Cardinal Mutual,AL,2025,PDP,true,true,2025-01-01,
1884412,Cardinal Mutual,AL,2026,MEDSUPP,true,true,2026-01-01,
1884412,Cardinal Mutual,AL,2026,PDP,true,true,2026-01-01,
1884412,Cardinal Mutual,IA,2024,MA,true,true,2024-01-01,
1884412,Cardinal Mutual,IA,2025,MA,true,true,2025-01-01,
1884412,Cardinal Mutual,OH,2023,MA,true,true,2023-01-01,
1884412,Cardinal Mutual,OH,2024,MA,true,true,2024-01-01,
1884412,Cardinal Mutual,OH,2025,MA,true,true,2025-01-01,
1884412,Cardinal Mutual,OH,2026,MA,true,true,2026-01-01,
1884412,Cardinal Mutual,OH,2026,PDP,true,true,2026-01-01,2026-01-31
1884412,Cardinal Mutual,PA,2025,ACA,true,true,2025-01-01,
1884412,Cardinal Mutual,PA,2026,ACA,true,true,2026-01-01,
1884412,Cardinal Mutual,PA,2026,MEDSUPP,true,true,2026-01-01,
1884412,Cardinal Mutual,PA,2026,PDP,true,true,2026-01-01,
1884412,Harborline,AL,2022,MA,true,true,2022-01-01,
1884412,Harborline,AL,2023,MA,true,true,2023-01-01,
1884412,Harborline,AL,2024,MA,true,true,2024-01-01,
1884412,Harborline,AL,2025,MA,true,true,2025-01-01,
1884412,Harborline,AL,2025,MEDSUPP,true,true,2025-01-01,
1884412,Harborline,AL,2025,PDP,true,true,2025-01-01,
1884412,Harborline,AL,2026,MA,true,true,2026-01-01,
1884412,Harborline,AL,2026,MEDSUPP,true,true,2026-01-01,
1884412,Harborline,AL,2026,PDP,true,true,2026-01-01,
1884412,Harborline,IA,2022,MA,true,true,2022-01-01,
1884412,Harborline,IA,2023,MA,true,true,2023-01-01,
1884412,Harborline,IA,2023,MEDSUPP,true,true,2023-01-01,
1884412,Harborline,IA,2023,PDP,true,true,2023-01-01,
1884412,Harborline,IA,2024,ACA,true,true,2024-01-01,
1884412,Harborline,IA,2024,MA,true,true,2024-01-01,
1884412,Harborline,IA,2024,MEDSUPP,true,true,2024-01-01,
1884412,Harborline,IA,2024,PDP,true,true,2024-01-01,
1884412,Harborline,IA,2025,ACA,true,true,2025-01-01,
1884412,Harborline,IA,2025,MA,true,true,2025-01-01,
1884412,Harborline,IA,2025,MEDSUPP,true,true,2025-01-01,
1884412,Harborline,IA,2025,PDP,true,true,2025-01-01,
1884412,Harborline,IA,2026,ACA,true,true,2026-01-01,
1884412,Harborline,IA,2026,MA,true,true,2026-01-01,
1884412,Harborline,IA,2026,MEDSUPP,true,true,2026-01-01,
1884412,Harborline,IA,2026,PDP,true,true,2026-01-01,
1884412,Harborline,OH,2023,MA,true,true,2023-01-01,
1884412,Harborline,OH,2024,MA,true,true,2024-01-01,
1884412,Harborline,OH,2025,ACA,true,true,2025-01-01,
1884412,Harborline,OH,2025,MA,true,true,2025-01-01,
1884412,Harborline,OH,2025,MEDSUPP,true,true,2025-01-01,
1884412,Harborline,OH,2025,PDP,true,true,2025-01-01,
1884412,Harborline,OH,2026,ACA,true,true,2026-01-01,
1884412,Harborline,OH,2026,MA,true,true,2026-01-01,
1884412,Harborline,OH,2026,MEDSUPP,true,true,2026-01-01,
1884412,Harborline,OH,2026,PDP,true,true,2026-01-01,
1884412,Harborline,PA,2022,MA,true,true,2022-01-01,
1884412,Harborline,PA,2023,MA,true,true,2023-01-01,
1884412,Harborline,PA,2024,MA,true,true,2024-01-01,
1884412,Harborline,PA,2024,MEDSUPP,true,true,2024-01-01,
1884412,Harborline,PA,2024,PDP,true,true,2024-01-01,
1884412,Harborline,PA,2025,MA,true,true,2025-01-01,
1884412,Harborline,PA,2025,MEDSUPP,true,true,2025-01-01,
1884412,Harborline,PA,2025,PDP,true,true,2025-01-01,
1884412,Harborline,PA,2026,ACA,true,true,2026-01-01,
1884412,Harborline,PA,2026,MA,true,true,2026-01-01,
1884412,Harborline,PA,2026,MEDSUPP,true,true,2026-01-01,
1884412,Harborline,PA,2026,PDP,true,true,2026-01-01,
1884412,Meridian Care,AL,2023,MA,true,true,2023-01-01,
1884412,Meridian Care,AL,2024,MA,true,true,2024-01-01,
1884412,Meridian Care,AL,2025,MA,true,true,2025-01-01,
1884412,Meridian Care,AL,2026,ACA,true,true,2026-01-01,
1884412,Meridian Care,AL,2026,MA,true,true,2026-01-01,
1884412,Meridian Care,IA,2022,MA,true,true,2022-01-01,
1884412,Meridian Care,IA,2023,MA,true,true,2023-01-01,
1884412,Meridian Care,IA,2023,PDP,true,true,2023-01-01,
1884412,Meridian Care,IA,2024,MA,true,true,2024-01-01,
1884412,Meridian Care,IA,2024,PDP,true,true,2024-01-01,
1884412,Meridian Care,IA,2025,MA,true,true,2025-01-01,
1884412,Meridian Care,IA,2025,PDP,true,true,2025-01-01,
1884412,Meridian Care,IA,2026,ACA,true,true,2026-01-01,
1884412,Meridian Care,IA,2026,MA,true,true,2026-01-01,
1884412,Meridian Care,IA,2026,MEDSUPP,true,true,2026-01-01,
1884412,Meridian Care,IA,2026,PDP,true,true,2026-01-01,
1884412,Meridian Care,OH,2022,MA,true,true,2022-01-01,
1884412,Meridian Care,OH,2023,MA,true,true,2023-01-01,
1884412,Meridian Care,OH,2024,MA,true,true,2024-01-01,
1884412,Meridian Care,OH,2025,MA,true,true,2025-01-01,
1884412,Meridian Care,OH,2026,MA,true,true,2026-01-01,
1884412,Meridian Care,PA,2024,MA,true,true,2024-01-01,
1884412,Meridian Care,PA,2025,MA,true,true,2025-01-01,
1884412,Meridian Care,PA,2026,MA,true,true,2026-01-01,
1884412,Meridian Care,PA,2026,PDP,true,true,2026-01-01,
1884412,Northwind Health,AL,2022,MA,true,true,2022-01-01,
1884412,Northwind Health,AL,2023,MA,true,true,2023-01-01,
1884412,Northwind Health,AL,2023,MEDSUPP,true,true,2023-01-01,
1884412,Northwind Health,AL,2023,PDP,true,true,2023-01-01,
1884412,Northwind Health,AL,2024,MA,true,true,2024-01-01,
1884412,Northwind Health,AL,2024,MEDSUPP,true,true,2024-01-01,
1884412,Northwind Health,AL,2024,PDP,true,true,2024-01-01,
1884412,Northwind Health,AL,2025,ACA,true,true,2025-01-01,
1884412,Northwind Health,AL,2025,MA,true,true,2025-01-01,
1884412,Northwind Health,AL,2025,MEDSUPP,true,true,2025-01-01,
1884412,Northwind Health,AL,2025,PDP,true,true,2025-01-01,
1884412,Northwind Health,AL,2026,ACA,true,true,2026-01-01,
1884412,Northwind Health,AL,2026,MA,true,true,2026-01-01,
1884412,Northwind Health,AL,2026,MEDSUPP,true,true,2026-01-01,
1884412,Northwind Health,AL,2026,PDP,true,true,2026-01-01,
1884412,Northwind Health,IA,2023,MA,true,true,2023-01-01,
1884412,Northwind Health,IA,2024,MA,true,true,2024-01-01,
1884412,Northwind Health,IA,2025,MA,true,true,2025-01-01,
1884412,Northwind Health,IA,2026,MA,true,true,2026-01-01,
1884412,Northwind Health,OH,2024,MA,true,true,2024-01-01,
1884412,Northwind Health,OH,2025,MA,true,true,2025-01-01,
1884412,Northwind Health,OH,2025,MEDSUPP,true,true,2025-01-01,
1884412,Northwind Health,OH,2025,PDP,true,true,2025-01-01,
1884412,Northwind Health,OH,2026,ACA,true,true,2026-01-01,
1884412,Northwind Health,OH,2026,MA,true,true,2026-01-01,
1884412,Northwind Health,OH,2026,MEDSUPP,true,true,2026-01-01,
1884412,Northwind Health,OH,2026,PDP,true,true,2026-01-01,
1884412,Northwind Health,PA,2022,MA,true,true,2022-01-01,
1884412,Northwind Health,PA,2023,MA,true,true,2023-01-01,
1884412,Northwind Health,PA,2024,ACA,true,true,2024-01-01,
1884412,Northwind Health,PA,2024,MA,true,true,2024-01-01,
1884412,Northwind Health,PA,2025,ACA,true,true,2025-01-01,
1884412,Northwind Health,PA,2025,MA,true,true,2025-01-01,
1884412,Northwind Health,PA,2026,ACA,true,true,2026-01-01,
1884412,Northwind Health,PA,2026,MA,true,true,2026-01-01,
1884412,Summit Health Plans,AL,2022,MA,true,true,2022-01-01,
1884412,Summit Health Plans,AL,2023,MA,true,true,2023-01-01,
1884412,Summit Health Plans,AL,2024,MA,true,true,2024-01-01,
1884412,Summit Health Plans,AL,2025,MA,true,true,2025-01-01,
1884412,Summit Health Plans,AL,2025,MEDSUPP,true,true,2025-01-01,
1884412,Summit Health Plans,AL,2025,PDP,true,true,2025-01-01,
1884412,Summit Health Plans,AL,2026,ACA,true,true,2026-01-01,
1884412,Summit Health Plans,AL,2026,MA,true,true,2026-01-01,
1884412,Summit Health Plans,AL,2026,MEDSUPP,true,true,2026-01-01,
1884412,Summit Health Plans,AL,2026,PDP,true,true,2026-01-01,
1884412,Summit Health Plans,IA,2024,ACA,true,true,2024-01-01,
1884412,Summit Health Plans,IA,2024,MA,true,true,2024-01-01,
1884412,Summit Health Plans,IA,2025,ACA,true,true,2025-01-01,
1884412,Summit Health Plans,IA,2025,MA,true,true,2025-01-01,
1884412,Summit Health Plans,IA,2026,ACA,true,true,2026-01-01,
1884412,Summit Health Plans,IA,2026,MA,true,true,2026-01-01,
1884412,Summit Health Plans,OH,2022,MA,true,true,2022-01-01,
1884412,Summit Health Plans,OH,2023,MA,true,true,2023-01-01,
1884412,Summit Health Plans,OH,2024,MA,true,true,2024-01-01,
1884412,Summit Health Plans,OH,2024,PDP,true,true,2024-01-01,
1884412,Summit Health Plans,OH,2025,MA,true,true,2025-01-01,
1884412,Summit Health Plans,OH,2025,PDP,true,true,2025-01-01,
1884412,Summit Health Plans,OH,2026,ACA,true,true,2026-01-01,
1884412,Summit Health Plans,OH,2026,MA,true,true,2026-01-01,
1884412,Summit Health Plans,OH,2026,PDP,true,true,2026-01-01,
1884412,Summit Health Plans,PA,2022,MA,true,true,2022-01-01,
1884412,Summit Health Plans,PA,2023,MA,true,true,2023-01-01,
1884412,Summit Health Plans,PA,2024,MA,true,true,2024-01-01,
1884412,Summit Health Plans,PA,2025,ACA,true,true,2025-01-01,
1884412,Summit Health Plans,PA,2025,MA,true,true,2025-01-01,
1884412,Summit Health Plans,PA,2026,MA,true,true,2026-01-01,
32244663,Bluepeak,KY,2022,MEDSUPP,true,true,2022-01-01,
32244663,Bluepeak,KY,2022,PDP,true,true,2022-01-01,
32244663,Bluepeak,KY,2023,MA,true,true,2023-01-01,
32244663,Bluepeak,KY,2023,MEDSUPP,true,true,2023-01-01,
32244663,Bluepeak,KY,2023,PDP,true,true,2023-01-01,
32244663,Bluepeak,KY,2024,MA,true,true,2024-01-01,
32244663,Bluepeak,KY,2024,MEDSUPP,true,true,2024-01-01,
32244663,Bluepeak,KY,2024,PDP,true,true,2024-01-01,
32244663,Bluepeak,KY,2025,MA,true,true,2025-01-01,
32244663,Bluepeak,KY,2025,MEDSUPP,true,true,2025-01-01,
32244663,Bluepeak,KY,2025,PDP,true,true,2025-01-01,
32244663,Bluepeak,KY,2026,MA,true,true,2026-01-01,
32244663,Bluepeak,KY,2026,MEDSUPP,true,true,2026-01-01,
32244663,Bluepeak,KY,2026,PDP,true,true,2026-01-01,
32244663,Bluepeak,MO,2022,MA,true,true,2022-01-01,
32244663,Bluepeak,MO,2022,PDP,true,true,2022-01-01,
32244663,Bluepeak,MO,2023,MA,true,true,2023-01-01,
32244663,Bluepeak,MO,2023,PDP,true,true,2023-01-01,
32244663,Bluepeak,MO,2024,ACA,true,true,2024-01-01,
32244663,Bluepeak,MO,2024,MA,true,true,2024-01-01,
32244663,Bluepeak,MO,2024,PDP,true,true,2024-01-01,
32244663,Bluepeak,MO,2025,ACA,true,true,2025-01-01,
32244663,Bluepeak,MO,2025,MA,true,true,2025-01-01,
32244663,Bluepeak,MO,2025,PDP,true,true,2025-01-01,
32244663,Bluepeak,MO,2026,ACA,true,true,2026-01-01,
32244663,Bluepeak,MO,2026,MA,true,true,2026-01-01,
32244663,Bluepeak,MO,2026,PDP,true,true,2026-01-01,
32244663,Cardinal Mutual,KY,2024,MA,true,true,2024-01-01,
32244663,Cardinal Mutual,KY,2025,ACA,true,true,2025-01-01,
32244663,Cardinal Mutual,KY,2025,MA,true,true,2025-01-01,
32244663,Cardinal Mutual,KY,2026,ACA,true,true,2026-01-01,
32244663,Cardinal Mutual,MO,2022,MA,true,true,2022-01-01,
32244663,Cardinal Mutual,MO,2023,MA,true,true,2023-01-01,
32244663,Cardinal Mutual,MO,2024,MA,true,true,2024-01-01,
32244663,Cardinal Mutual,MO,2025,MA,true,true,2025-01-01,
32244663,Cardinal Mutual,MO,2026,MA,true,true,2026-01-01,
32244663,Harborline,KY,2022,MA,true,true,2022-01-01,
32244663,Harborline,KY,2023,MA,true,true,2023-01-01,
32244663,Harborline,KY,2024,MA,true,true,2024-01-01,
32244663,Harborline,KY,2025,MA,true,true,2025-01-01,
32244663,Harborline,KY,2026,MA,true,true,2026-01-01,
32244663,Harborline,MO,2022,MA,true,true,2022-01-01,
32244663,Harborline,MO,2023,MA,true,true,2023-01-01,
32244663,Harborline,MO,2024,MA,true,true,2024-01-01,
32244663,Harborline,MO,2025,ACA,true,true,2025-01-01,
32244663,Harborline,MO,2025,MA,true,true,2025-01-01,
32244663,Harborline,MO,2026,ACA,true,true,2026-01-01,
32244663,Harborline,MO,2026,MA,true,true,2026-01-01,
32244663,Meridian Care,KY,2022,MA,true,true,2022-01-01,
32244663,Meridian Care,KY,2022,MEDSUPP,true,true,2022-01-01,
32244663,Meridian Care,KY,2022,PDP,true,true,2022-01-01,
32244663,Meridian Care,KY,2023,MA,true,true,2023-01-01,
32244663,Meridian Care,KY,2023,MEDSUPP,true,true,2023-01-01,
32244663,Meridian Care,KY,2023,PDP,true,true,2023-01-01,
32244663,Meridian Care,KY,2024,MA,true,true,2024-01-01,
32244663,Meridian Care,KY,2024,MEDSUPP,true,true,2024-01-01,
32244663,Meridian Care,KY,2024,PDP,true,true,2024-01-01,
32244663,Meridian Care,KY,2025,MA,true,true,2025-01-01,
32244663,Meridian Care,KY,2025,MEDSUPP,true,true,2025-01-01,
32244663,Meridian Care,KY,2025,PDP,true,true,2025-01-01,
32244663,Meridian Care,KY,2026,ACA,true,true,2026-01-01,
32244663,Meridian Care,KY,2026,MA,true,true,2026-01-01,
32244663,Meridian Care,KY,2026,MEDSUPP,true,true,2026-01-01,
32244663,Meridian Care,KY,2026,PDP,true,true,2026-01-01,
32244663,Meridian Care,MO,2022,MA,true,true,2022-01-01,
32244663,Meridian Care,MO,2022,MEDSUPP,true,true,2022-01-01,
32244663,Meridian Care,MO,2022,PDP,true,true,2022-01-01,
32244663,Meridian Care,MO,2023,MA,true,true,2023-01-01,
32244663,Meridian Care,MO,2023,MEDSUPP,true,true,2023-01-01,
32244663,Meridian Care,MO,2023,PDP,true,true,2023-01-01,
32244663,Meridian Care,MO,2024,MA,true,true,2024-01-01,
32244663,Meridian Care,MO,2024,MEDSUPP,true,true,2024-01-01,
32244663,Meridian Care,MO,2024,PDP,true,true,2024-01-01,
32244663,Meridian Care,MO,2025,MA,true,true,2025-01-01,
32244663,Meridian Care,MO,2025,MEDSUPP,true,true,2025-01-01,
32244663,Meridian Care,MO,2025,PDP,true,true,2025-01-01,
32244663,Meridian Care,MO,2026,MA,true,true,2026-01-01,
32244663,Meridian Care,MO,2026,MEDSUPP,true,true,2026-01-01,
32244663,Meridian Care,MO,2026,PDP,true,true,2026-01-01,
32244663,Northwind Health,KY,2023,MA,true,true,2023-01-01,
32244663,Northwind Health,KY,2024,MA,true,true,2024-01-01,
32244663,Northwind Health,KY,2025,MA,true,true,2025-01-01,
32244663,Northwind Health,KY,2026,MA,true,true,2026-01-01,
32244663,Northwind Health,MO,2022,MA,true,true,2022-01-01,
32244663,Northwind Health,MO,2023,MA,true,true,2023-01-01,
32244663,Northwind Health,MO,2024,ACA,true,true,2024-01-01,
32244663,Northwind Health,MO,2024,MA,true,true,2024-01-01,
32244663,Northwind Health,MO,2025,ACA,true,true,2025-01-01,
32244663,Northwind Health,MO,2025,MA,true,true,2025-01-01,
32244663,Northwind Health,MO,2026,ACA,true,true,2026-01-01,
32244663,Northwind Health,MO,2026,MA,true,true,2026-01-01,
32244663,Summit Health Plans,KY,2024,MA,true,true,2024-01-01,
32244663,Summit Health Plans,KY,2024,MEDSUPP,true,true,2024-01-01,
32244663,Summit Health Plans,KY,2024,PDP,true,true,2024-01-01,
32244663,Summit Health Plans,KY,2025,ACA,true,true,2025-01-01,
32244663,Summit Health Plans,KY,2025,MA,true,true,2025-01-01,
32244663,Summit Health Plans,KY,2025,MEDSUPP,true,true,2025-01-01,
32244663,Summit Health Plans,KY,2025,PDP,true,true,2025-01-01,
32244663,Summit Health Plans,KY,2026,ACA,true,true,2026-01-01,
32244663,Summit Health Plans,KY,2026,MA,true,true,2026-01-01,
32244663,Summit Health Plans,KY,2026,MEDSUPP,true,true,2026-01-01,
32244663,Summit Health Plans,KY,2026,PDP,true,true,2026-01-01,
32244663,Summit Health Plans,MO,2022,MA,true,true,2022-01-01,
32244663,Summit Health Plans,MO,2023,MA,true,true,2023-01-01,
32244663,Summit Health Plans,MO,2024,ACA,true,true,2024-01-01,
32244663,Summit Health Plans,MO,2024,MA,true,true,2024-01-01,
32244663,Summit Health Plans,MO,2025,ACA,true,true,2025-01-01,
32244663,Summit Health Plans,MO,2025,MA,true,true,2025-01-01,
32244663,Summit Health Plans,MO,2025,MEDSUPP,true,true,2025-01-01,
32244663,Summit Health Plans,MO,2025,PDP,true,true,2025-01-01,
32244663,Summit Health Plans,MO,2026,ACA,true,true,2026-01-01,
32244663,Summit Health Plans,MO,2026,MA,true,true,2026-01-01,
32244663,Summit Health Plans,MO,2026,MEDSUPP,true,true,2026-01-01,
32244663,Summit Health Plans,MO,2026,PDP,true,true,2026-01-01,
33857966,Bluepeak,MO,2022,MA,true,true,2022-01-01,
33857966,Bluepeak,MO,2023,MA,true,true,2023-01-01,
33857966,Bluepeak,MO,2024,ACA,true,true,2024-01-01,
33857966,Bluepeak,MO,2024,MA,true,true,2024-01-01,
33857966,Bluepeak,MO,2025,ACA,true,true,2025-01-01,
33857966,Bluepeak,MO,2025,MA,true,true,2025-01-01,
33857966,Bluepeak,MO,2026,ACA,true,true,2026-01-01,
33857966,Bluepeak,MO,2026,MA,true,true,2026-01-01,
33857966,Bluepeak,NE,2022,MA,true,true,2022-01-01,
33857966,Bluepeak,NE,2023,MA,true,true,2023-01-01,
33857966,Bluepeak,NE,2024,MA,true,true,2024-01-01,
33857966,Bluepeak,NE,2025,MA,true,true,2025-01-01,
33857966,Bluepeak,NE,2026,ACA,true,true,2026-01-01,
33857966,Bluepeak,NE,2026,MA,true,true,2026-01-01,
33857966,Cardinal Mutual,MO,2022,MA,true,true,2022-01-01,
33857966,Cardinal Mutual,MO,2023,MA,true,true,2023-01-01,
33857966,Cardinal Mutual,MO,2024,MA,true,true,2024-01-01,
33857966,Cardinal Mutual,MO,2025,MA,true,true,2025-01-01,
33857966,Cardinal Mutual,MO,2026,ACA,true,true,2026-01-01,
33857966,Cardinal Mutual,MO,2026,MA,true,true,2026-01-01,
33857966,Cardinal Mutual,NE,2022,MA,true,true,2022-01-01,
33857966,Cardinal Mutual,NE,2023,MA,true,true,2023-01-01,
33857966,Cardinal Mutual,NE,2024,MA,true,true,2024-01-01,
33857966,Cardinal Mutual,NE,2024,MEDSUPP,true,true,2024-01-01,
33857966,Cardinal Mutual,NE,2024,PDP,true,true,2024-01-01,
33857966,Cardinal Mutual,NE,2025,ACA,true,true,2025-01-01,
33857966,Cardinal Mutual,NE,2025,MA,true,true,2025-01-01,
33857966,Cardinal Mutual,NE,2025,MEDSUPP,true,true,2025-01-01,
33857966,Cardinal Mutual,NE,2025,PDP,true,true,2025-01-01,
33857966,Cardinal Mutual,NE,2026,ACA,true,true,2026-01-01,
33857966,Cardinal Mutual,NE,2026,MA,true,true,2026-01-01,
33857966,Cardinal Mutual,NE,2026,MEDSUPP,true,true,2026-01-01,
33857966,Cardinal Mutual,NE,2026,PDP,true,true,2026-01-01,
33857966,Harborline,MO,2023,MA,true,true,2023-01-01,
33857966,Harborline,MO,2024,MA,true,true,2024-01-01,
33857966,Harborline,MO,2025,ACA,true,true,2025-01-01,
33857966,Harborline,MO,2025,MA,true,true,2025-01-01,
33857966,Harborline,MO,2025,MEDSUPP,true,true,2025-01-01,
33857966,Harborline,MO,2025,PDP,true,true,2025-01-01,
33857966,Harborline,MO,2026,ACA,true,true,2026-01-01,
33857966,Harborline,MO,2026,MA,true,true,2026-01-01,
33857966,Harborline,MO,2026,MEDSUPP,true,true,2026-01-01,
33857966,Harborline,MO,2026,PDP,true,true,2026-01-01,
33857966,Harborline,NE,2023,MA,true,true,2023-01-01,
33857966,Harborline,NE,2023,PDP,true,true,2023-01-01,
33857966,Harborline,NE,2024,MA,true,true,2024-01-01,
33857966,Harborline,NE,2024,PDP,true,true,2024-01-01,
33857966,Harborline,NE,2025,ACA,true,true,2025-01-01,
33857966,Harborline,NE,2025,MA,true,true,2025-01-01,
33857966,Harborline,NE,2025,MEDSUPP,true,true,2025-01-01,
33857966,Harborline,NE,2025,PDP,true,true,2025-01-01,
33857966,Harborline,NE,2026,MA,true,true,2026-01-01,
33857966,Harborline,NE,2026,MEDSUPP,true,true,2026-01-01,
33857966,Harborline,NE,2026,PDP,true,true,2026-01-01,
33857966,Meridian Care,MO,2022,MA,true,true,2022-01-01,
33857966,Meridian Care,MO,2022,MEDSUPP,true,true,2022-01-01,
33857966,Meridian Care,MO,2022,PDP,true,true,2022-01-01,
33857966,Meridian Care,MO,2023,MA,true,true,2023-01-01,
33857966,Meridian Care,MO,2023,MEDSUPP,true,true,2023-01-01,
33857966,Meridian Care,MO,2023,PDP,true,true,2023-01-01,
33857966,Meridian Care,MO,2024,MA,true,true,2024-01-01,
33857966,Meridian Care,MO,2024,MEDSUPP,true,true,2024-01-01,
33857966,Meridian Care,MO,2024,PDP,true,true,2024-01-01,
33857966,Meridian Care,MO,2025,MA,true,true,2025-01-01,
33857966,Meridian Care,MO,2025,MEDSUPP,true,true,2025-01-01,
33857966,Meridian Care,MO,2025,PDP,true,true,2025-01-01,
33857966,Meridian Care,MO,2026,ACA,true,true,2026-01-01,
33857966,Meridian Care,MO,2026,MA,true,true,2026-01-01,
33857966,Meridian Care,MO,2026,MEDSUPP,true,true,2026-01-01,
33857966,Meridian Care,MO,2026,PDP,true,true,2026-01-01,
33857966,Meridian Care,NE,2022,MA,true,true,2022-01-01,
33857966,Meridian Care,NE,2023,MA,true,true,2023-01-01,
33857966,Meridian Care,NE,2023,MEDSUPP,true,true,2023-01-01,
33857966,Meridian Care,NE,2023,PDP,true,true,2023-01-01,
33857966,Meridian Care,NE,2024,MA,true,true,2024-01-01,
33857966,Meridian Care,NE,2024,MEDSUPP,true,true,2024-01-01,
33857966,Meridian Care,NE,2024,PDP,true,true,2024-01-01,
33857966,Meridian Care,NE,2025,ACA,true,true,2025-01-01,
33857966,Meridian Care,NE,2025,MA,true,true,2025-01-01,
33857966,Meridian Care,NE,2025,MEDSUPP,true,true,2025-01-01,
33857966,Meridian Care,NE,2025,PDP,true,true,2025-01-01,
33857966,Meridian Care,NE,2026,ACA,true,true,2026-01-01,
33857966,Meridian Care,NE,2026,MA,true,true,2026-01-01,
33857966,Meridian Care,NE,2026,MEDSUPP,true,true,2026-01-01,
33857966,Meridian Care,NE,2026,PDP,true,true,2026-01-01,
33857966,Northwind Health,MO,2023,MA,true,true,2023-01-01,
33857966,Northwind Health,MO,2023,MEDSUPP,true,true,2023-01-01,
33857966,Northwind Health,MO,2023,PDP,true,true,2023-01-01,
33857966,Northwind Health,MO,2024,MA,true,true,2024-01-01,
33857966,Northwind Health,MO,2024,MEDSUPP,true,true,2024-01-01,
33857966,Northwind Health,MO,2024,PDP,true,true,2024-01-01,
33857966,Northwind Health,MO,2025,ACA,true,true,2025-01-01,
33857966,Northwind Health,MO,2025,MA,true,true,2025-01-01,
33857966,Northwind Health,MO,2025,MEDSUPP,true,true,2025-01-01,
33857966,Northwind Health,MO,2025,PDP,true,true,2025-01-01,
33857966,Northwind Health,MO,2026,ACA,true,true,2026-01-01,
33857966,Northwind Health,MO,2026,MA,true,true,2026-01-01,
33857966,Northwind Health,MO,2026,MEDSUPP,true,true,2026-01-01,
33857966,Northwind Health,MO,2026,PDP,true,true,2026-01-01,
33857966,Northwind Health,NE,2022,MA,true,true,2022-01-01,
33857966,Northwind Health,NE,2023,MA,true,true,2023-01-01,
33857966,Northwind Health,NE,2024,ACA,true,true,2024-01-01,
33857966,Northwind Health,NE,2024,MA,true,true,2024-01-01,
33857966,Northwind Health,NE,2024,MEDSUPP,true,true,2024-01-01,
33857966,Northwind Health,NE,2024,PDP,true,true,2024-01-01,
33857966,Northwind Health,NE,2025,ACA,true,true,2025-01-01,
33857966,Northwind Health,NE,2025,MA,true,true,2025-01-01,
33857966,Northwind Health,NE,2025,MEDSUPP,true,true,2025-01-01,
33857966,Northwind Health,NE,2025,PDP,true,true,2025-01-01,
33857966,Northwind Health,NE,2026,ACA,true,true,2026-01-01,
33857966,Northwind Health,NE,2026,MA,true,true,2026-01-01,
33857966,Northwind Health,NE,2026,MEDSUPP,true,true,2026-01-01,
33857966,Northwind Health,NE,2026,PDP,true,true,2026-01-01,
33857966,Summit Health Plans,MO,2022,MA,true,true,2022-01-01,
33857966,Summit Health Plans,MO,2023,MA,true,true,2023-01-01,
33857966,Summit Health Plans,MO,2024,MA,true,true,2024-01-01,
33857966,Summit Health Plans,MO,2025,MA,true,true,2025-01-01,
33857966,Summit Health Plans,MO,2026,ACA,true,true,2026-01-01,
33857966,Summit Health Plans,MO,2026,MA,true,true,2026-01-01,
33857966,Summit Health Plans,NE,2023,MA,true,true,2023-01-01,
33857966,Summit Health Plans,NE,2024,MA,true,true,2024-01-01,
33857966,Summit Health Plans,NE,2024,MEDSUPP,true,true,2024-01-01,
33857966,Summit Health Plans,NE,2024,PDP,true,true,2024-01-01,
33857966,Summit Health Plans,NE,2025,MA,true,true,2025-01-01,
33857966,Summit Health Plans,NE,2025,MEDSUPP,true,true,2025-01-01,
33857966,Summit Health Plans,NE,2025,PDP,true,true,2025-01-01,
33857966,Summit Health Plans,NE,2026,ACA,true,true,2026-01-01,
33857966,Summit Health Plans,NE,2026,MA,true,true,2026-01-01,
33857966,Summit Health Plans,NE,2026,MEDSUPP,true,true,2026-01-01,
33857966,Summit Health Plans,NE,2026,PDP,true,true,2026-01-01,
37231783,Bluepeak,IL,2022,MA,true,true,2022-01-01,
37231783,Bluepeak,IL,2023,MA,true,true,2023-01-01,
37231783,Bluepeak,IL,2024,MA,true,true,2024-01-01,
37231783,Bluepeak,IL,2025,ACA,true,true,2025-01-01,
37231783,Bluepeak,IL,2025,MA,true,true,2025-01-01,
37231783,Bluepeak,IL,2026,ACA,true,true,2026-01-01,
37231783,Bluepeak,IL,2026,MA,true,true,2026-01-01,
37231783,Bluepeak,OH,2022,MA,true,true,2022-01-01,
37231783,Bluepeak,OH,2023,MA,true,true,2023-01-01,
37231783,Bluepeak,OH,2024,MA,true,true,2024-01-01,
37231783,Bluepeak,OH,2025,MA,true,true,2025-01-01,
37231783,Bluepeak,OH,2026,MA,true,true,2026-01-01,
37231783,Bluepeak,TX,2023,MA,true,true,2023-01-01,
37231783,Bluepeak,TX,2024,MA,true,true,2024-01-01,
37231783,Bluepeak,TX,2024,MEDSUPP,true,true,2024-01-01,
37231783,Bluepeak,TX,2024,PDP,true,true,2024-01-01,
37231783,Bluepeak,TX,2025,ACA,true,true,2025-01-01,
37231783,Bluepeak,TX,2025,MA,true,true,2025-01-01,
37231783,Bluepeak,TX,2025,MEDSUPP,true,true,2025-01-01,
37231783,Bluepeak,TX,2025,PDP,true,true,2025-01-01,
37231783,Bluepeak,TX,2026,ACA,true,true,2026-01-01,
37231783,Bluepeak,TX,2026,MA,true,true,2026-01-01,
37231783,Bluepeak,TX,2026,MEDSUPP,true,true,2026-01-01,
37231783,Bluepeak,TX,2026,PDP,true,true,2026-01-01,
37231783,Bluepeak,UT,2023,MA,true,true,2023-01-01,
37231783,Bluepeak,UT,2024,MA,true,true,2024-01-01,
37231783,Bluepeak,UT,2025,MA,true,true,2025-01-01,
37231783,Bluepeak,UT,2026,MA,true,true,2026-01-01,
37231783,Cardinal Mutual,IL,2024,MA,true,true,2024-01-01,
37231783,Cardinal Mutual,IL,2025,ACA,true,true,2025-01-01,
37231783,Cardinal Mutual,IL,2025,MA,true,true,2025-01-01,
37231783,Cardinal Mutual,IL,2026,MA,true,true,2026-01-01,
37231783,Cardinal Mutual,OH,2024,MEDSUPP,true,true,2024-01-01,
37231783,Cardinal Mutual,OH,2024,PDP,true,true,2024-01-01,
37231783,Cardinal Mutual,OH,2025,MA,true,true,2025-01-01,
37231783,Cardinal Mutual,OH,2025,MEDSUPP,true,true,2025-01-01,
37231783,Cardinal Mutual,OH,2025,PDP,true,true,2025-01-01,
37231783,Cardinal Mutual,OH,2026,MA,true,true,2026-01-01,
37231783,Cardinal Mutual,OH,2026,MEDSUPP,true,true,2026-01-01,
37231783,Cardinal Mutual,OH,2026,PDP,true,true,2026-01-01,
37231783,Cardinal Mutual,TX,2024,MA,true,true,2024-01-01,
37231783,Cardinal Mutual,TX,2025,ACA,true,true,2025-01-01,
37231783,Cardinal Mutual,TX,2025,MA,true,true,2025-01-01,
37231783,Cardinal Mutual,TX,2026,MA,true,true,2026-01-01,
37231783,Cardinal Mutual,UT,2022,MA,true,true,2022-01-01,
37231783,Cardinal Mutual,UT,2023,MA,true,true,2023-01-01,
37231783,Cardinal Mutual,UT,2024,MA,true,true,2024-01-01,
37231783,Cardinal Mutual,UT,2025,MA,true,true,2025-01-01,
37231783,Cardinal Mutual,UT,2026,MA,true,true,2026-01-01,
37231783,Harborline,IL,2023,PDP,true,true,2023-01-01,
37231783,Harborline,IL,2024,ACA,true,true,2024-01-01,
37231783,Harborline,IL,2024,PDP,true,true,2024-01-01,
37231783,Harborline,IL,2025,ACA,true,true,2025-01-01,
37231783,Harborline,IL,2025,PDP,true,true,2025-01-01,
37231783,Harborline,IL,2026,ACA,true,true,2026-01-01,
37231783,Harborline,IL,2026,MA,true,true,2026-01-01,
37231783,Harborline,IL,2026,PDP,true,true,2026-01-01,
37231783,Harborline,OH,2023,MA,true,true,2023-01-01,
37231783,Harborline,OH,2023,MEDSUPP,true,true,2023-01-01,
37231783,Harborline,OH,2024,MA,true,true,2024-01-01,
37231783,Harborline,OH,2024,MEDSUPP,true,true,2024-01-01,
37231783,Harborline,OH,2025,MA,true,true,2025-01-01,
37231783,Harborline,OH,2025,MEDSUPP,true,true,2025-01-01,
37231783,Harborline,OH,2026,ACA,true,true,2026-01-01,
37231783,Harborline,OH,2026,MEDSUPP,true,true,2026-01-01,
37231783,Harborline,TX,2023,PDP,true,true,2023-01-01,
37231783,Harborline,TX,2024,ACA,true,true,2024-01-01,
37231783,Harborline,TX,2024,MEDSUPP,true,true,2024-01-01,
37231783,Harborline,TX,2024,PDP,true,true,2024-01-01,
37231783,Harborline,TX,2025,ACA,true,true,2025-01-01,
37231783,Harborline,TX,2025,MEDSUPP,true,true,2025-01-01,
37231783,Harborline,TX,2025,PDP,true,true,2025-01-01,
37231783,Harborline,TX,2026,ACA,true,true,2026-01-01,
37231783,Harborline,TX,2026,MEDSUPP,true,true,2026-01-01,
37231783,Harborline,TX,2026,PDP,true,true,2026-01-01,
37231783,Harborline,UT,2024,ACA,true,true,2024-01-01,
37231783,Harborline,UT,2024,MA,true,true,2024-01-01,
37231783,Harborline,UT,2025,ACA,true,true,2025-01-01,
37231783,Harborline,UT,2025,MA,true,true,2025-01-01,
37231783,Harborline,UT,2026,ACA,true,true,2026-01-01,
37231783,Harborline,UT,2026,MA,true,true,2026-01-01,
37231783,Meridian Care,IL,2023,MA,true,true,2023-01-01,
37231783,Meridian Care,IL,2024,MA,true,true,2024-01-01,
37231783,Meridian Care,IL,2025,MA,true,true,2025-01-01,
37231783,Meridian Care,IL,2026,ACA,true,true,2026-01-01,
37231783,Meridian Care,IL,2026,MA,true,true,2026-01-01,
37231783,Meridian Care,IL,2026,MEDSUPP,true,true,2026-01-01,
37231783,Meridian Care,IL,2026,PDP,true,true,2026-01-01,
37231783,Meridian Care,OH,2024,MA,true,true,2024-01-01,
37231783,Meridian Care,OH,2025,MA,true,true,2025-01-01,
37231783,Meridian Care,OH,2025,MEDSUPP,true,true,2025-01-01,
37231783,Meridian Care,OH,2025,PDP,true,true,2025-01-01,
37231783,Meridian Care,OH,2026,MA,true,true,2026-01-01,
37231783,Meridian Care,OH,2026,MEDSUPP,true,true,2026-01-01,
37231783,Meridian Care,OH,2026,PDP,true,true,2026-01-01,
37231783,Meridian Care,TX,2022,MA,true,true,2022-01-01,
37231783,Meridian Care,TX,2023,MA,true,true,2023-01-01,
37231783,Meridian Care,TX,2024,MA,true,true,2024-01-01,
37231783,Meridian Care,TX,2025,MA,true,true,2025-01-01,
37231783,Meridian Care,TX,2026,ACA,true,true,2026-01-01,
37231783,Meridian Care,TX,2026,MA,true,true,2026-01-01,
37231783,Meridian Care,UT,2023,MA,true,true,2023-01-01,
37231783,Meridian Care,UT,2024,MA,true,true,2024-01-01,
37231783,Meridian Care,UT,2025,MA,true,true,2025-01-01,
37231783,Meridian Care,UT,2026,MA,true,true,2026-01-01,
37231783,Northwind Health,IL,2024,ACA,true,true,2024-01-01,
37231783,Northwind Health,IL,2025,ACA,true,true,2025-01-01,
37231783,Northwind Health,IL,2026,ACA,true,true,2026-01-01,
37231783,Northwind Health,IL,2026,MA,true,true,2026-01-01,
37231783,Northwind Health,IL,2026,MEDSUPP,true,true,2026-01-01,
37231783,Northwind Health,IL,2026,PDP,true,true,2026-01-01,
37231783,Northwind Health,OH,2024,MA,true,true,2024-01-01,
37231783,Northwind Health,OH,2025,MA,true,true,2025-01-01,
37231783,Northwind Health,OH,2026,MA,true,true,2026-01-01,
37231783,Northwind Health,TX,2022,MEDSUPP,true,true,2022-01-01,
37231783,Northwind Health,TX,2022,PDP,true,true,2022-01-01,
37231783,Northwind Health,TX,2023,MA,true,true,2023-01-01,
37231783,Northwind Health,TX,2023,MEDSUPP,true,true,2023-01-01,
37231783,Northwind Health,TX,2023,PDP,true,true,2023-01-01,
37231783,Northwind Health,TX,2024,MA,true,true,2024-01-01,
37231783,Northwind Health,TX,2024,MEDSUPP,true,true,2024-01-01,
37231783,Northwind Health,TX,2024,PDP,true,true,2024-01-01,
37231783,Northwind Health,TX,2025,ACA,true,true,2025-01-01,
37231783,Northwind Health,TX,2025,MA,true,true,2025-01-01,
37231783,Northwind Health,TX,2025,MEDSUPP,true,true,2025-01-01,
37231783,Northwind Health,TX,2025,PDP,true,true,2025-01-01,
37231783,Northwind Health,TX,2026,ACA,true,true,2026-01-01,
37231783,Northwind Health,TX,2026,MA,true,true,2026-01-01,
37231783,Northwind Health,TX,2026,MEDSUPP,true,true,2026-01-01,
37231783,Northwind Health,TX,2026,PDP,true,true,2026-01-01,
37231783,Northwind Health,UT,2022,MA,true,true,2022-01-01,
37231783,Northwind Health,UT,2023,MA,true,true,2023-01-01,
37231783,Northwind Health,UT,2024,MA,true,true,2024-01-01,
37231783,Northwind Health,UT,2025,MA,true,true,2025-01-01,
37231783,Northwind Health,UT,2026,MA,true,true,2026-01-01,
37231783,Summit Health Plans,IL,2024,MA,true,true,2024-01-01,
37231783,Summit Health Plans,IL,2025,MA,true,true,2025-01-01,
37231783,Summit Health Plans,IL,2025,PDP,true,true,2025-01-01,
37231783,Summit Health Plans,IL,2026,MA,true,true,2026-01-01,
37231783,Summit Health Plans,IL,2026,PDP,true,true,2026-01-01,
37231783,Summit Health Plans,OH,2023,MA,true,true,2023-01-01,
37231783,Summit Health Plans,OH,2024,MA,true,true,2024-01-01,
37231783,Summit Health Plans,OH,2025,MEDSUPP,true,true,2025-01-01,
37231783,Summit Health Plans,OH,2025,PDP,true,true,2025-01-01,
37231783,Summit Health Plans,OH,2026,MEDSUPP,true,true,2026-01-01,
37231783,Summit Health Plans,OH,2026,PDP,true,true,2026-01-01,
37231783,Summit Health Plans,TX,2023,MA,true,true,2023-01-01,
37231783,Summit Health Plans,TX,2024,MA,true,true,2024-01-01,
37231783,Summit Health Plans,TX,2025,ACA,true,true,2025-01-01,
37231783,Summit Health Plans,TX,2025,MA,true,true,2025-01-01,
37231783,Summit Health Plans,TX,2026,ACA,true,true,2026-01-01,
37231783,Summit Health Plans,TX,2026,MA,true,true,2026-01-01,
37231783,Summit Health Plans,UT,2026,ACA,true,true,2026-01-01,
37231783,Summit Health Plans,UT,2026,MA,true,true,2026-01-01,
43339391,Bluepeak,CA,2022,MEDSUPP,true,true,2022-01-01,
43339391,Bluepeak,CA,2022,PDP,true,true,2022-01-01,
43339391,Bluepeak,CA,2023,MEDSUPP,true,true,2023-01-01,
43339391,Bluepeak,CA,2023,PDP,true,true,2023-01-01,
43339391,Bluepeak,CA,2024,ACA,true,true,2024-01-01,
43339391,Bluepeak,CA,2024,MA,true,true,2024-01-01,
43339391,Bluepeak,CA,2024,MEDSUPP,true,true,2024-01-01,
43339391,Bluepeak,CA,2024,PDP,true,true,2024-01-01,
43339391,Bluepeak,CA,2025,ACA,true,true,2025-01-01,
43339391,Bluepeak,CA,2025,MA,true,true,2025-01-01,
43339391,Bluepeak,CA,2025,MEDSUPP,true,true,2025-01-01,
43339391,Bluepeak,CA,2025,PDP,true,true,2025-01-01,
43339391,Bluepeak,CA,2026,ACA,true,true,2026-01-01,
43339391,Bluepeak,CA,2026,MA,true,true,2026-01-01,
43339391,Bluepeak,CA,2026,MEDSUPP,true,true,2026-01-01,
43339391,Bluepeak,CA,2026,PDP,true,true,2026-01-01,
43339391,Bluepeak,ID,2022,MA,true,true,2022-01-01,
43339391,Bluepeak,ID,2023,MA,true,true,2023-01-01,
43339391,Bluepeak,ID,2023,MEDSUPP,true,true,2023-01-01,
43339391,Bluepeak,ID,2023,PDP,true,true,2023-01-01,
43339391,Bluepeak,ID,2024,MA,true,true,2024-01-01,
43339391,Bluepeak,ID,2024,MEDSUPP,true,true,2024-01-01,
43339391,Bluepeak,ID,2024,PDP,true,true,2024-01-01,
43339391,Bluepeak,ID,2025,MA,true,true,2025-01-01,
43339391,Bluepeak,ID,2025,MEDSUPP,true,true,2025-01-01,
43339391,Bluepeak,ID,2025,PDP,true,true,2025-01-01,
43339391,Bluepeak,ID,2026,ACA,true,true,2026-01-01,
43339391,Bluepeak,ID,2026,MA,true,true,2026-01-01,
43339391,Bluepeak,ID,2026,MEDSUPP,true,true,2026-01-01,
43339391,Bluepeak,ID,2026,PDP,true,true,2026-01-01,
43339391,Bluepeak,KY,2025,MA,true,true,2025-01-01,
43339391,Bluepeak,KY,2025,MEDSUPP,true,true,2025-01-01,
43339391,Bluepeak,KY,2025,PDP,true,true,2025-01-01,
43339391,Bluepeak,KY,2026,MA,true,true,2026-01-01,
43339391,Bluepeak,KY,2026,MEDSUPP,true,true,2026-01-01,
43339391,Bluepeak,KY,2026,PDP,true,true,2026-01-01,
43339391,Cardinal Mutual,CA,2023,MA,true,true,2023-01-01,
43339391,Cardinal Mutual,CA,2023,MEDSUPP,true,true,2023-01-01,
43339391,Cardinal Mutual,CA,2023,PDP,true,true,2023-01-01,
43339391,Cardinal Mutual,CA,2024,MA,true,true,2024-01-01,
43339391,Cardinal Mutual,CA,2024,MEDSUPP,true,true,2024-01-01,
43339391,Cardinal Mutual,CA,2024,PDP,true,true,2024-01-01,
43339391,Cardinal Mutual,CA,2025,MA,true,true,2025-01-01,
43339391,Cardinal Mutual,CA,2025,MEDSUPP,true,true,2025-01-01,
43339391,Cardinal Mutual,CA,2025,PDP,true,true,2025-01-01,
43339391,Cardinal Mutual,CA,2026,MA,true,true,2026-01-01,
43339391,Cardinal Mutual,CA,2026,MEDSUPP,true,true,2026-01-01,
43339391,Cardinal Mutual,CA,2026,PDP,true,true,2026-01-01,
43339391,Cardinal Mutual,ID,2024,MA,true,true,2024-01-01,
43339391,Cardinal Mutual,ID,2025,MA,true,true,2025-01-01,
43339391,Cardinal Mutual,ID,2026,MA,true,true,2026-01-01,
43339391,Cardinal Mutual,KY,2023,PDP,true,true,2023-01-01,
43339391,Cardinal Mutual,KY,2024,MA,true,true,2024-01-01,
43339391,Cardinal Mutual,KY,2024,PDP,true,true,2024-01-01,
43339391,Cardinal Mutual,KY,2025,ACA,true,true,2025-01-01,
43339391,Cardinal Mutual,KY,2025,MA,true,true,2025-01-01,
43339391,Cardinal Mutual,KY,2025,PDP,true,true,2025-01-01,
43339391,Cardinal Mutual,KY,2026,ACA,true,true,2026-01-01,
43339391,Cardinal Mutual,KY,2026,MA,true,true,2026-01-01,
43339391,Cardinal Mutual,KY,2026,PDP,true,true,2026-01-01,
43339391,Harborline,CA,2023,MA,true,true,2023-01-01,
43339391,Harborline,CA,2024,ACA,true,true,2024-01-01,
43339391,Harborline,CA,2024,MA,true,true,2024-01-01,
43339391,Harborline,CA,2024,PDP,true,true,2024-01-01,
43339391,Harborline,CA,2025,ACA,true,true,2025-01-01,
43339391,Harborline,CA,2025,MA,true,true,2025-01-01,
43339391,Harborline,CA,2025,MEDSUPP,true,true,2025-01-01,
43339391,Harborline,CA,2025,PDP,true,true,2025-01-01,
43339391,Harborline,CA,2026,ACA,true,true,2026-01-01,
43339391,Harborline,CA,2026,MA,true,true,2026-01-01,
43339391,Harborline,CA,2026,MEDSUPP,true,true,2026-01-01,
43339391,Harborline,CA,2026,PDP,true,true,2026-01-01,
43339391,Harborline,ID,2024,MA,true,true,2024-01-01,
43339391,Harborline,ID,2025,MA,true,true,2025-01-01,
43339391,Harborline,ID,2026,ACA,true,true,2026-01-01,
43339391,Harborline,ID,2026,MA,true,true,2026-01-01,
43339391,Harborline,KY,2022,MEDSUPP,true,true,2022-01-01,
43339391,Harborline,KY,2022,PDP,true,true,2022-01-01,
43339391,Harborline,KY,2023,MA,true,true,2023-01-01,
43339391,Harborline,KY,2023,MEDSUPP,true,true,2023-01-01,
43339391,Harborline,KY,2023,PDP,true,true,2023-01-01,
43339391,Harborline,KY,2024,MA,true,true,2024-01-01,
43339391,Harborline,KY,2024,MEDSUPP,true,true,2024-01-01,
43339391,Harborline,KY,2024,PDP,true,true,2024-01-01,
43339391,Harborline,KY,2025,MA,true,true,2025-01-01,
43339391,Harborline,KY,2025,MEDSUPP,true,true,2025-01-01,
43339391,Harborline,KY,2025,PDP,true,true,2025-01-01,
43339391,Harborline,KY,2026,ACA,true,true,2026-01-01,
43339391,Harborline,KY,2026,MA,true,true,2026-01-01,
43339391,Harborline,KY,2026,MEDSUPP,true,true,2026-01-01,
43339391,Harborline,KY,2026,PDP,true,true,2026-01-01,
43339391,Meridian Care,CA,2023,MA,true,true,2023-01-01,
43339391,Meridian Care,CA,2024,MA,true,true,2024-01-01,
43339391,Meridian Care,CA,2025,ACA,true,true,2025-01-01,
43339391,Meridian Care,CA,2025,MA,true,true,2025-01-01,
43339391,Meridian Care,CA,2026,ACA,true,true,2026-01-01,
43339391,Meridian Care,CA,2026,MA,true,true,2026-01-01,
43339391,Meridian Care,ID,2024,MA,true,true,2024-01-01,
43339391,Meridian Care,ID,2025,ACA,true,true,2025-01-01,
43339391,Meridian Care,ID,2025,MA,true,true,2025-01-01,
43339391,Meridian Care,ID,2026,ACA,true,true,2026-01-01,
43339391,Meridian Care,ID,2026,MA,true,true,2026-01-01,
43339391,Meridian Care,KY,2022,MA,true,true,2022-01-01,
43339391,Meridian Care,KY,2023,MA,true,true,2023-01-01,
43339391,Meridian Care,KY,2024,MA,true,true,2024-01-01,
43339391,Meridian Care,KY,2025,MA,true,true,2025-01-01,
43339391,Meridian Care,KY,2026,ACA,true,true,2026-01-01,
43339391,Meridian Care,KY,2026,MA,true,true,2026-01-01,
43339391,Meridian Care,KY,2027,ACA,true,true,2027-01-01,
43339391,Northwind Health,CA,2022,MA,true,true,2022-01-01,
43339391,Northwind Health,CA,2023,MA,true,true,2023-01-01,
43339391,Northwind Health,CA,2024,MA,true,true,2024-01-01,
43339391,Northwind Health,CA,2024,MEDSUPP,true,true,2024-01-01,
43339391,Northwind Health,CA,2024,PDP,true,true,2024-01-01,
43339391,Northwind Health,CA,2025,MA,true,true,2025-01-01,
43339391,Northwind Health,CA,2025,MEDSUPP,true,true,2025-01-01,
43339391,Northwind Health,CA,2025,PDP,true,true,2025-01-01,
43339391,Northwind Health,CA,2026,MA,true,true,2026-01-01,
43339391,Northwind Health,CA,2026,MEDSUPP,true,true,2026-01-01,
43339391,Northwind Health,CA,2026,PDP,true,true,2026-01-01,
43339391,Northwind Health,ID,2022,MA,true,true,2022-01-01,
43339391,Northwind Health,ID,2023,MA,true,true,2023-01-01,
43339391,Northwind Health,ID,2024,ACA,true,true,2024-01-01,
43339391,Northwind Health,ID,2024,MA,true,true,2024-01-01,
43339391,Northwind Health,ID,2025,ACA,true,true,2025-01-01,
43339391,Northwind Health,ID,2025,MA,true,true,2025-01-01,
43339391,Northwind Health,ID,2026,ACA,true,true,2026-01-01,
43339391,Northwind Health,ID,2026,MA,true,true,2026-01-01,
43339391,Northwind Health,KY,2022,MEDSUPP,true,true,2022-01-01,
43339391,Northwind Health,KY,2022,PDP,true,true,2022-01-01,
43339391,Northwind Health,KY,2023,MEDSUPP,true,true,2023-01-01,
43339391,Northwind Health,KY,2023,PDP,true,true,2023-01-01,
43339391,Northwind Health,KY,2024,ACA,true,true,2024-01-01,
43339391,Northwind Health,KY,2024,MA,true,true,2024-01-01,
43339391,Northwind Health,KY,2024,MEDSUPP,true,true,2024-01-01,
43339391,Northwind Health,KY,2024,PDP,true,true,2024-01-01,
43339391,Northwind Health,KY,2025,ACA,true,true,2025-01-01,
43339391,Northwind Health,KY,2025,MA,true,true,2025-01-01,
43339391,Northwind Health,KY,2025,MEDSUPP,true,true,2025-01-01,
43339391,Northwind Health,KY,2025,PDP,true,true,2025-01-01,
43339391,Northwind Health,KY,2026,ACA,true,true,2026-01-01,
43339391,Northwind Health,KY,2026,MA,true,true,2026-01-01,
43339391,Northwind Health,KY,2026,MEDSUPP,true,true,2026-01-01,
43339391,Northwind Health,KY,2026,PDP,true,true,2026-01-01,
43339391,Summit Health Plans,CA,2024,MA,true,true,2024-01-01,
43339391,Summit Health Plans,CA,2024,PDP,true,true,2024-01-01,
43339391,Summit Health Plans,CA,2025,MA,true,true,2025-01-01,
43339391,Summit Health Plans,CA,2025,PDP,true,true,2025-01-01,
43339391,Summit Health Plans,CA,2026,MA,true,true,2026-01-01,
43339391,Summit Health Plans,CA,2026,PDP,true,true,2026-01-01,
43339391,Summit Health Plans,ID,2024,MA,true,true,2024-01-01,
43339391,Summit Health Plans,ID,2025,MA,true,true,2025-01-01,
43339391,Summit Health Plans,ID,2026,MA,true,true,2026-01-01,
43339391,Summit Health Plans,KY,2022,MA,true,true,2022-01-01,
43339391,Summit Health Plans,KY,2022,MEDSUPP,true,true,2022-01-01,
43339391,Summit Health Plans,KY,2022,PDP,true,true,2022-01-01,
43339391,Summit Health Plans,KY,2023,MA,true,true,2023-01-01,
43339391,Summit Health Plans,KY,2023,MEDSUPP,true,true,2023-01-01,
43339391,Summit Health Plans,KY,2023,PDP,true,true,2023-01-01,
43339391,Summit Health Plans,KY,2024,MA,true,true,2024-01-01,
43339391,Summit Health Plans,KY,2024,MEDSUPP,true,true,2024-01-01,
43339391,Summit Health Plans,KY,2024,PDP,true,true,2024-01-01,
43339391,Summit Health Plans,KY,2025,MA,true,true,2025-01-01,
43339391,Summit Health Plans,KY,2025,MEDSUPP,true,true,2025-01-01,
43339391,Summit Health Plans,KY,2025,PDP,true,true,2025-01-01,
43339391,Summit Health Plans,KY,2026,MA,true,true,2026-01-01,
43339391,Summit Health Plans,KY,2026,MEDSUPP,true,true,2026-01-01,
43339391,Summit Health Plans,KY,2026,PDP,true,true,2026-01-01,
4356886,Bluepeak,IL,2022,MA,true,true,2022-01-01,
4356886,Bluepeak,IL,2023,MA,true,true,2023-01-01,
4356886,Bluepeak,IL,2024,MA,true,true,2024-01-01,
4356886,Bluepeak,IL,2025,MA,true,true,2025-01-01,
4356886,Bluepeak,IL,2026,MA,true,true,2026-01-01,
4356886,Bluepeak,IN,2023,PDP,true,true,2023-01-01,
4356886,Bluepeak,IN,2024,PDP,true,true,2024-01-01,
4356886,Bluepeak,IN,2025,PDP,true,true,2025-01-01,
4356886,Bluepeak,IN,2026,MA,true,true,2026-01-01,
4356886,Bluepeak,IN,2026,PDP,true,true,2026-01-01,
4356886,Bluepeak,KY,2025,ACA,true,true,2025-01-01,
4356886,Bluepeak,KY,2025,MA,true,true,2025-01-01,
4356886,Bluepeak,KY,2025,PDP,true,true,2025-01-01,
4356886,Bluepeak,KY,2026,ACA,true,true,2026-01-01,
4356886,Bluepeak,KY,2026,MA,true,true,2026-01-01,
4356886,Bluepeak,KY,2026,PDP,true,true,2026-01-01,
4356886,Cardinal Mutual,DE,2023,MEDSUPP,true,true,2023-01-01,
4356886,Cardinal Mutual,DE,2023,PDP,true,true,2023-01-01,
4356886,Cardinal Mutual,DE,2024,MEDSUPP,true,true,2024-01-01,
4356886,Cardinal Mutual,DE,2024,PDP,true,true,2024-01-01,
4356886,Cardinal Mutual,DE,2025,ACA,true,true,2025-01-01,
4356886,Cardinal Mutual,DE,2025,MA,true,true,2025-01-01,
4356886,Cardinal Mutual,DE,2025,MEDSUPP,true,true,2025-01-01,
4356886,Cardinal Mutual,DE,2025,PDP,true,true,2025-01-01,
4356886,Cardinal Mutual,DE,2026,ACA,true,true,2026-01-01,
4356886,Cardinal Mutual,DE,2026,MA,true,true,2026-01-01,
4356886,Cardinal Mutual,DE,2026,MEDSUPP,true,true,2026-01-01,
4356886,Cardinal Mutual,DE,2026,PDP,true,true,2026-01-01,
4356886,Cardinal Mutual,IL,2023,MA,true,true,2023-01-01,
4356886,Cardinal Mutual,IL,2024,MA,true,true,2024-01-01,
4356886,Cardinal Mutual,IL,2024,PDP,true,true,2024-01-01,
4356886,Cardinal Mutual,IL,2025,MA,true,true,2025-01-01,
4356886,Cardinal Mutual,IL,2025,PDP,true,true,2025-01-01,
4356886,Cardinal Mutual,IL,2026,MA,true,true,2026-01-01,
4356886,Cardinal Mutual,IL,2026,PDP,true,true,2026-01-01,
4356886,Cardinal Mutual,IN,2022,MA,true,true,2022-01-01,
4356886,Cardinal Mutual,IN,2023,MA,true,true,2023-01-01,
4356886,Cardinal Mutual,IN,2024,MA,true,true,2024-01-01,
4356886,Cardinal Mutual,IN,2024,PDP,true,true,2024-01-01,
4356886,Cardinal Mutual,IN,2025,ACA,true,true,2025-01-01,
4356886,Cardinal Mutual,IN,2025,MA,true,true,2025-01-01,
4356886,Cardinal Mutual,IN,2025,PDP,true,true,2025-01-01,
4356886,Cardinal Mutual,IN,2026,ACA,true,true,2026-01-01,
4356886,Cardinal Mutual,IN,2026,MA,true,true,2026-01-01,
4356886,Cardinal Mutual,IN,2026,PDP,true,true,2026-01-01,
4356886,Cardinal Mutual,KY,2022,MA,true,true,2022-01-01,
4356886,Cardinal Mutual,KY,2023,MA,true,true,2023-01-01,
4356886,Cardinal Mutual,KY,2024,MA,true,true,2024-01-01,
4356886,Cardinal Mutual,KY,2025,MA,true,true,2025-01-01,
4356886,Cardinal Mutual,KY,2026,MA,true,true,2026-01-01,
4356886,Harborline,DE,2023,MEDSUPP,true,true,2023-01-01,
4356886,Harborline,DE,2023,PDP,true,true,2023-01-01,
4356886,Harborline,DE,2024,MA,true,true,2024-01-01,
4356886,Harborline,DE,2024,MEDSUPP,true,true,2024-01-01,
4356886,Harborline,DE,2024,PDP,true,true,2024-01-01,
4356886,Harborline,DE,2025,ACA,true,true,2025-01-01,
4356886,Harborline,DE,2025,MA,true,true,2025-01-01,
4356886,Harborline,DE,2025,MEDSUPP,true,true,2025-01-01,
4356886,Harborline,DE,2025,PDP,true,true,2025-01-01,
4356886,Harborline,DE,2026,ACA,true,true,2026-01-01,
4356886,Harborline,DE,2026,MA,true,true,2026-01-01,
4356886,Harborline,DE,2026,MEDSUPP,true,true,2026-01-01,
4356886,Harborline,DE,2026,PDP,true,true,2026-01-01,
4356886,Harborline,IL,2023,MA,true,true,2023-01-01,
4356886,Harborline,IL,2024,MA,true,true,2024-01-01,
4356886,Harborline,IL,2025,MA,true,true,2025-01-01,
4356886,Harborline,IL,2026,MA,true,true,2026-01-01,
4356886,Harborline,IN,2023,PDP,true,true,2023-01-01,
4356886,Harborline,IN,2024,MA,true,true,2024-01-01,
4356886,Harborline,IN,2024,PDP,true,true,2024-01-01,
4356886,Harborline,IN,2025,ACA,true,true,2025-01-01,
4356886,Harborline,IN,2025,MA,true,true,2025-01-01,
4356886,Harborline,IN,2025,PDP,true,true,2025-01-01,
4356886,Harborline,IN,2026,MA,true,true,2026-01-01,
4356886,Harborline,IN,2026,PDP,true,true,2026-01-01,
4356886,Harborline,KY,2023,MA,true,true,2023-01-01,
4356886,Harborline,KY,2024,MA,true,true,2024-01-01,
4356886,Harborline,KY,2025,MA,true,true,2025-01-01,
4356886,Harborline,KY,2025,MEDSUPP,true,true,2025-01-01,
4356886,Harborline,KY,2025,PDP,true,true,2025-01-01,
4356886,Harborline,KY,2026,MA,true,true,2026-01-01,
4356886,Harborline,KY,2026,MEDSUPP,true,true,2026-01-01,
4356886,Harborline,KY,2026,PDP,true,true,2026-01-01,
4356886,Meridian Care,DE,2024,MA,true,true,2024-01-01,
4356886,Meridian Care,DE,2024,MEDSUPP,true,true,2024-01-01,
4356886,Meridian Care,DE,2024,PDP,true,true,2024-01-01,
4356886,Meridian Care,DE,2025,ACA,true,true,2025-01-01,
4356886,Meridian Care,DE,2025,MA,true,true,2025-01-01,
4356886,Meridian Care,DE,2025,MEDSUPP,true,true,2025-01-01,
4356886,Meridian Care,DE,2025,PDP,true,true,2025-01-01,
4356886,Meridian Care,DE,2026,MA,true,true,2026-01-01,
4356886,Meridian Care,DE,2026,MEDSUPP,true,true,2026-01-01,
4356886,Meridian Care,DE,2026,PDP,true,true,2026-01-01,
4356886,Meridian Care,IN,2023,MEDSUPP,true,true,2023-01-01,
4356886,Meridian Care,IN,2023,PDP,true,true,2023-01-01,
4356886,Meridian Care,IN,2024,ACA,true,true,2024-01-01,
4356886,Meridian Care,IN,2024,MA,true,true,2024-01-01,
4356886,Meridian Care,IN,2024,MEDSUPP,true,true,2024-01-01,
4356886,Meridian Care,IN,2024,PDP,true,true,2024-01-01,
4356886,Meridian Care,IN,2025,ACA,true,true,2025-01-01,
4356886,Meridian Care,IN,2025,MA,true,true,2025-01-01,
4356886,Meridian Care,IN,2025,MEDSUPP,true,true,2025-01-01,
4356886,Meridian Care,IN,2025,PDP,true,true,2025-01-01,
4356886,Meridian Care,IN,2026,ACA,true,true,2026-01-01,
4356886,Meridian Care,IN,2026,MA,true,true,2026-01-01,
4356886,Meridian Care,IN,2026,MEDSUPP,true,true,2026-01-01,
4356886,Meridian Care,IN,2026,PDP,true,true,2026-01-01,
4356886,Meridian Care,KY,2024,ACA,true,true,2024-01-01,
4356886,Meridian Care,KY,2024,MA,true,true,2024-01-01,
4356886,Meridian Care,KY,2025,ACA,true,true,2025-01-01,
4356886,Meridian Care,KY,2025,MA,true,true,2025-01-01,
4356886,Meridian Care,KY,2026,ACA,true,true,2026-01-01,
4356886,Meridian Care,KY,2026,MA,true,true,2026-01-01,
4356886,Northwind Health,DE,2023,MA,true,true,2023-01-01,
4356886,Northwind Health,DE,2024,MA,true,true,2024-01-01,
4356886,Northwind Health,DE,2025,MA,true,true,2025-01-01,
4356886,Northwind Health,DE,2026,MA,true,true,2026-01-01,
4356886,Northwind Health,IN,2022,MA,true,true,2022-01-01,
4356886,Northwind Health,IN,2023,MA,true,true,2023-01-01,
4356886,Northwind Health,IN,2024,ACA,true,true,2024-01-01,
4356886,Northwind Health,IN,2024,MA,true,true,2024-01-01,
4356886,Northwind Health,IN,2025,ACA,true,true,2025-01-01,
4356886,Northwind Health,IN,2025,MA,true,true,2025-01-01,
4356886,Northwind Health,IN,2026,ACA,true,true,2026-01-01,
4356886,Northwind Health,IN,2026,MA,true,true,2026-01-01,
4356886,Northwind Health,KY,2024,ACA,true,true,2024-01-01,
4356886,Northwind Health,KY,2024,MA,true,true,2024-01-01,
4356886,Northwind Health,KY,2025,ACA,true,true,2025-01-01,
4356886,Northwind Health,KY,2025,MA,true,true,2025-01-01,
4356886,Northwind Health,KY,2026,ACA,true,true,2026-01-01,
4356886,Northwind Health,KY,2026,MA,true,true,2026-01-01,
4356886,Summit Health Plans,DE,2024,PDP,true,true,2024-01-01,
4356886,Summit Health Plans,DE,2025,PDP,true,true,2025-01-01,
4356886,Summit Health Plans,DE,2026,ACA,true,true,2026-01-01,
4356886,Summit Health Plans,DE,2026,PDP,true,true,2026-01-01,
4356886,Summit Health Plans,IL,2025,MA,true,true,2025-01-01,
4356886,Summit Health Plans,IL,2025,PDP,true,true,2025-01-01,
4356886,Summit Health Plans,IL,2026,MA,true,true,2026-01-01,
4356886,Summit Health Plans,IL,2026,PDP,true,true,2026-01-01,
4356886,Summit Health Plans,IN,2022,MA,true,true,2022-01-01,
4356886,Summit Health Plans,IN,2023,MA,true,true,2023-01-01,
4356886,Summit Health Plans,IN,2024,MA,true,true,2024-01-01,
4356886,Summit Health Plans,IN,2025,MA,true,true,2025-01-01,
4356886,Summit Health Plans,IN,2025,MEDSUPP,true,true,2025-01-01,
4356886,Summit Health Plans,IN,2025,PDP,true,true,2025-01-01,
4356886,Summit Health Plans,IN,2026,ACA,true,true,2026-01-01,
4356886,Summit Health Plans,IN,2026,MA,true,true,2026-01-01,
4356886,Summit Health Plans,IN,2026,MEDSUPP,true,true,2026-01-01,
4356886,Summit Health Plans,IN,2026,PDP,true,true,2026-01-01,
44524491,Bluepeak,AR,2023,MA,true,true,2023-01-01,
44524491,Bluepeak,AR,2024,MA,true,true,2024-01-01,
44524491,Bluepeak,AR,2024,MEDSUPP,true,true,2024-01-01,
44524491,Bluepeak,AR,2024,PDP,true,true,2024-01-01,
44524491,Bluepeak,AR,2025,ACA,true,true,2025-01-01,
44524491,Bluepeak,AR,2025,MA,true,true,2025-01-01,
44524491,Bluepeak,AR,2025,MEDSUPP,true,true,2025-01-01,
44524491,Bluepeak,AR,2025,PDP,true,true,2025-01-01,
44524491,Bluepeak,AR,2026,ACA,true,true,2026-01-01,
44524491,Bluepeak,AR,2026,MA,true,true,2026-01-01,
44524491,Bluepeak,AR,2026,MEDSUPP,true,true,2026-01-01,
44524491,Bluepeak,AR,2026,PDP,true,true,2026-01-01,
44524491,Bluepeak,IL,2023,MA,true,true,2023-01-01,
44524491,Bluepeak,IL,2024,MA,true,true,2024-01-01,
44524491,Bluepeak,IL,2025,ACA,true,true,2025-01-01,
44524491,Bluepeak,IL,2025,MA,true,true,2025-01-01,
44524491,Bluepeak,IL,2025,MEDSUPP,true,true,2025-01-01,
44524491,Bluepeak,IL,2025,PDP,true,true,2025-01-01,
44524491,Bluepeak,IL,2026,ACA,true,true,2026-01-01,
44524491,Bluepeak,IL,2026,MA,true,true,2026-01-01,
44524491,Bluepeak,IL,2026,MEDSUPP,true,true,2026-01-01,
44524491,Bluepeak,IL,2026,PDP,true,true,2026-01-01,
44524491,Cardinal Mutual,AR,2023,MA,true,true,2023-01-01,
44524491,Cardinal Mutual,AR,2024,MA,true,true,2024-01-01,
44524491,Cardinal Mutual,AR,2025,ACA,true,true,2025-01-01,
44524491,Cardinal Mutual,AR,2025,MA,true,true,2025-01-01,
44524491,Cardinal Mutual,AR,2026,ACA,true,true,2026-01-01,
44524491,Cardinal Mutual,AR,2026,MA,true,true,2026-01-01,
44524491,Cardinal Mutual,AR,2026,MEDSUPP,true,true,2026-01-01,
44524491,Cardinal Mutual,AR,2026,PDP,true,true,2026-01-01,
44524491,Cardinal Mutual,IL,2022,PDP,true,true,2022-01-01,
44524491,Cardinal Mutual,IL,2023,PDP,true,true,2023-01-01,
44524491,Cardinal Mutual,IL,2024,MA,true,true,2024-01-01,
44524491,Cardinal Mutual,IL,2024,PDP,true,true,2024-01-01,
44524491,Cardinal Mutual,IL,2025,MA,true,true,2025-01-01,
44524491,Cardinal Mutual,IL,2025,PDP,true,true,2025-01-01,
44524491,Cardinal Mutual,IL,2026,MA,true,true,2026-01-01,
44524491,Cardinal Mutual,IL,2026,PDP,true,true,2026-01-01,
44524491,Harborline,AR,2022,MA,true,true,2022-01-01,
44524491,Harborline,AR,2022,MEDSUPP,true,true,2022-01-01,
44524491,Harborline,AR,2022,PDP,true,true,2022-01-01,
44524491,Harborline,AR,2023,MA,true,true,2023-01-01,
44524491,Harborline,AR,2023,MEDSUPP,true,true,2023-01-01,
44524491,Harborline,AR,2023,PDP,true,true,2023-01-01,
44524491,Harborline,AR,2024,MA,true,true,2024-01-01,
44524491,Harborline,AR,2024,MEDSUPP,true,true,2024-01-01,
44524491,Harborline,AR,2024,PDP,true,true,2024-01-01,
44524491,Harborline,AR,2025,MA,true,true,2025-01-01,
44524491,Harborline,AR,2025,MEDSUPP,true,true,2025-01-01,
44524491,Harborline,AR,2025,PDP,true,true,2025-01-01,
44524491,Harborline,AR,2026,ACA,true,true,2026-01-01,
44524491,Harborline,AR,2026,MA,true,true,2026-01-01,
44524491,Harborline,AR,2026,MEDSUPP,true,true,2026-01-01,
44524491,Harborline,AR,2026,PDP,true,true,2026-01-01,
44524491,Harborline,IL,2022,MA,true,true,2022-01-01,
44524491,Harborline,IL,2023,MA,true,true,2023-01-01,
44524491,Harborline,IL,2023,MEDSUPP,true,true,2023-01-01,
44524491,Harborline,IL,2023,PDP,true,true,2023-01-01,
44524491,Harborline,IL,2024,MA,true,true,2024-01-01,
44524491,Harborline,IL,2024,MEDSUPP,true,true,2024-01-01,
44524491,Harborline,IL,2024,PDP,true,true,2024-01-01,
44524491,Harborline,IL,2025,ACA,true,true,2025-01-01,
44524491,Harborline,IL,2025,MA,true,true,2025-01-01,
44524491,Harborline,IL,2025,MEDSUPP,true,true,2025-01-01,
44524491,Harborline,IL,2025,PDP,true,true,2025-01-01,
44524491,Harborline,IL,2026,ACA,true,true,2026-01-01,
44524491,Harborline,IL,2026,MA,true,true,2026-01-01,
44524491,Harborline,IL,2026,MEDSUPP,true,true,2026-01-01,
44524491,Harborline,IL,2026,PDP,true,true,2026-01-01,
44524491,Meridian Care,AR,2022,MA,true,true,2022-01-01,
44524491,Meridian Care,AR,2023,MA,true,true,2023-01-01,
44524491,Meridian Care,AR,2024,MA,true,true,2024-01-01,
44524491,Meridian Care,AR,2024,PDP,true,true,2024-01-01,
44524491,Meridian Care,AR,2025,ACA,true,true,2025-01-01,
44524491,Meridian Care,AR,2025,MA,true,true,2025-01-01,
44524491,Meridian Care,AR,2025,PDP,true,true,2025-01-01,
44524491,Meridian Care,AR,2026,ACA,true,true,2026-01-01,
44524491,Meridian Care,AR,2026,MA,true,true,2026-01-01,
44524491,Meridian Care,AR,2026,PDP,true,true,2026-01-01,
44524491,Meridian Care,IL,2022,MA,true,true,2022-01-01,
44524491,Meridian Care,IL,2023,MA,true,true,2023-01-01,
44524491,Meridian Care,IL,2023,MEDSUPP,true,true,2023-01-01,
44524491,Meridian Care,IL,2023,PDP,true,true,2023-01-01,
44524491,Meridian Care,IL,2024,MA,true,true,2024-01-01,
44524491,Meridian Care,IL,2024,MEDSUPP,true,true,2024-01-01,
44524491,Meridian Care,IL,2024,PDP,true,true,2024-01-01,
44524491,Meridian Care,IL,2025,ACA,true,true,2025-01-01,
44524491,Meridian Care,IL,2025,MA,true,true,2025-01-01,
44524491,Meridian Care,IL,2025,MEDSUPP,true,true,2025-01-01,
44524491,Meridian Care,IL,2025,PDP,true,true,2025-01-01,
44524491,Meridian Care,IL,2026,ACA,true,true,2026-01-01,
44524491,Meridian Care,IL,2026,MA,true,true,2026-01-01,
44524491,Meridian Care,IL,2026,MEDSUPP,true,true,2026-01-01,
44524491,Meridian Care,IL,2026,PDP,true,true,2026-01-01,
44524491,Northwind Health,AR,2022,MA,true,true,2022-01-01,
44524491,Northwind Health,AR,2022,PDP,true,true,2022-01-01,
44524491,Northwind Health,AR,2023,MA,true,true,2023-01-01,
44524491,Northwind Health,AR,2023,PDP,true,true,2023-01-01,
44524491,Northwind Health,AR,2024,ACA,true,true,2024-01-01,
44524491,Northwind Health,AR,2024,MA,true,true,2024-01-01,
44524491,Northwind Health,AR,2024,PDP,true,true,2024-01-01,
44524491,Northwind Health,AR,2025,ACA,true,true,2025-01-01,
44524491,Northwind Health,AR,2025,MA,true,true,2025-01-01,
44524491,Northwind Health,AR,2025,PDP,true,true,2025-01-01,
44524491,Northwind Health,AR,2026,ACA,true,true,2026-01-01,
44524491,Northwind Health,AR,2026,MA,true,true,2026-01-01,
44524491,Northwind Health,AR,2026,PDP,true,true,2026-01-01,
44524491,Northwind Health,IL,2022,MA,true,true,2022-01-01,
44524491,Northwind Health,IL,2023,MA,true,true,2023-01-01,
44524491,Northwind Health,IL,2024,MA,true,true,2024-01-01,
44524491,Northwind Health,IL,2025,ACA,true,true,2025-01-01,
44524491,Northwind Health,IL,2025,MA,true,true,2025-01-01,
44524491,Northwind Health,IL,2026,ACA,true,true,2026-01-01,
44524491,Northwind Health,IL,2026,MA,true,true,2026-01-01,
44524491,Summit Health Plans,AR,2022,MA,true,true,2022-01-01,
44524491,Summit Health Plans,AR,2023,MA,true,true,2023-01-01,
44524491,Summit Health Plans,AR,2024,MA,true,true,2024-01-01,
44524491,Summit Health Plans,AR,2024,PDP,true,true,2024-01-01,
44524491,Summit Health Plans,AR,2025,MA,true,true,2025-01-01,
44524491,Summit Health Plans,AR,2025,PDP,true,true,2025-01-01,
44524491,Summit Health Plans,AR,2026,ACA,true,true,2026-01-01,
44524491,Summit Health Plans,AR,2026,MA,true,true,2026-01-01,
44524491,Summit Health Plans,AR,2026,PDP,true,true,2026-01-01,
44524491,Summit Health Plans,IL,2022,MEDSUPP,true,true,2022-01-01,
44524491,Summit Health Plans,IL,2022,PDP,true,true,2022-01-01,
44524491,Summit Health Plans,IL,2023,MA,true,true,2023-01-01,
44524491,Summit Health Plans,IL,2023,MEDSUPP,true,true,2023-01-01,
44524491,Summit Health Plans,IL,2023,PDP,true,true,2023-01-01,
44524491,Summit Health Plans,IL,2024,MA,true,true,2024-01-01,
44524491,Summit Health Plans,IL,2024,MEDSUPP,true,true,2024-01-01,
44524491,Summit Health Plans,IL,2024,PDP,true,true,2024-01-01,
44524491,Summit Health Plans,IL,2025,ACA,true,true,2025-01-01,
44524491,Summit Health Plans,IL,2025,MA,true,true,2025-01-01,
44524491,Summit Health Plans,IL,2025,MEDSUPP,true,true,2025-01-01,
44524491,Summit Health Plans,IL,2025,PDP,true,true,2025-01-01,
44524491,Summit Health Plans,IL,2026,MA,true,true,2026-01-01,
44524491,Summit Health Plans,IL,2026,MEDSUPP,true,true,2026-01-01,
44524491,Summit Health Plans,IL,2026,PDP,true,true,2026-01-01,
5265799,Bluepeak,CO,2022,MA,true,true,2022-01-01,
5265799,Bluepeak,CO,2023,MA,true,true,2023-01-01,
5265799,Bluepeak,CO,2024,MA,true,true,2024-01-01,
5265799,Bluepeak,CO,2025,ACA,true,true,2025-01-01,
5265799,Bluepeak,CO,2025,MA,true,true,2025-01-01,
5265799,Bluepeak,CO,2026,ACA,true,true,2026-01-01,
5265799,Bluepeak,CO,2026,MA,true,true,2026-01-01,
5265799,Bluepeak,ID,2022,MA,true,true,2022-01-01,
5265799,Bluepeak,ID,2023,MA,true,true,2023-01-01,
5265799,Bluepeak,ID,2024,ACA,true,true,2024-01-01,
5265799,Bluepeak,ID,2024,MA,true,true,2024-01-01,
5265799,Bluepeak,ID,2025,ACA,true,true,2025-01-01,
5265799,Bluepeak,ID,2025,MA,true,true,2025-01-01,
5265799,Bluepeak,ID,2026,ACA,true,true,2026-01-01,
5265799,Bluepeak,ID,2026,MA,true,true,2026-01-01,
5265799,Bluepeak,ID,2026,PDP,true,true,2026-01-01,
5265799,Cardinal Mutual,CO,2022,MA,true,true,2022-01-01,
5265799,Cardinal Mutual,CO,2023,MA,true,true,2023-01-01,
5265799,Cardinal Mutual,CO,2024,MA,true,true,2024-01-01,
5265799,Cardinal Mutual,CO,2025,MA,true,true,2025-01-01,
5265799,Cardinal Mutual,CO,2026,MA,true,true,2026-01-01,
5265799,Cardinal Mutual,ID,2022,MEDSUPP,true,true,2022-01-01,
5265799,Cardinal Mutual,ID,2023,MEDSUPP,true,true,2023-01-01,
5265799,Cardinal Mutual,ID,2024,MA,true,true,2024-01-01,
5265799,Cardinal Mutual,ID,2024,MEDSUPP,true,true,2024-01-01,
5265799,Cardinal Mutual,ID,2025,MA,true,true,2025-01-01,
5265799,Cardinal Mutual,ID,2025,MEDSUPP,true,true,2025-01-01,
5265799,Cardinal Mutual,ID,2026,ACA,true,true,2026-01-01,
5265799,Cardinal Mutual,ID,2026,MA,true,true,2026-01-01,
5265799,Cardinal Mutual,ID,2026,MEDSUPP,true,true,2026-01-01,
5265799,Harborline,CO,2022,MA,true,true,2022-01-01,
5265799,Harborline,CO,2023,MA,true,true,2023-01-01,
5265799,Harborline,CO,2024,ACA,true,true,2024-01-01,
5265799,Harborline,CO,2024,MA,true,true,2024-01-01,
5265799,Harborline,CO,2024,MEDSUPP,true,true,2024-01-01,
5265799,Harborline,CO,2024,PDP,true,true,2024-01-01,
5265799,Harborline,CO,2025,ACA,true,true,2025-01-01,
5265799,Harborline,CO,2025,MA,true,true,2025-01-01,
5265799,Harborline,CO,2025,MEDSUPP,true,true,2025-01-01,
5265799,Harborline,CO,2025,PDP,true,true,2025-01-01,
5265799,Harborline,CO,2026,ACA,true,true,2026-01-01,
5265799,Harborline,CO,2026,MA,true,true,2026-01-01,
5265799,Harborline,CO,2026,MEDSUPP,true,true,2026-01-01,
5265799,Harborline,CO,2026,PDP,true,true,2026-01-01,
5265799,Harborline,ID,2022,MA,true,true,2022-01-01,
5265799,Harborline,ID,2023,MA,true,true,2023-01-01,
5265799,Harborline,ID,2024,MA,true,true,2024-01-01,
5265799,Harborline,ID,2025,ACA,true,true,2025-01-01,
5265799,Harborline,ID,2025,MA,true,true,2025-01-01,
5265799,Harborline,ID,2025,PDP,true,true,2025-01-01,
5265799,Harborline,ID,2026,ACA,true,true,2026-01-01,
5265799,Harborline,ID,2026,MA,true,true,2026-01-01,
5265799,Harborline,ID,2026,PDP,true,true,2026-01-01,
5265799,Meridian Care,CO,2022,MA,true,true,2022-01-01,
5265799,Meridian Care,CO,2023,MA,true,true,2023-01-01,
5265799,Meridian Care,CO,2023,MEDSUPP,true,true,2023-01-01,
5265799,Meridian Care,CO,2023,PDP,true,true,2023-01-01,
5265799,Meridian Care,CO,2024,ACA,true,true,2024-01-01,
5265799,Meridian Care,CO,2024,MA,true,true,2024-01-01,
5265799,Meridian Care,CO,2024,MEDSUPP,true,true,2024-01-01,
5265799,Meridian Care,CO,2024,PDP,true,true,2024-01-01,
5265799,Meridian Care,CO,2025,ACA,true,true,2025-01-01,
5265799,Meridian Care,CO,2025,MA,true,true,2025-01-01,
5265799,Meridian Care,CO,2025,MEDSUPP,true,true,2025-01-01,
5265799,Meridian Care,CO,2025,PDP,true,true,2025-01-01,
5265799,Meridian Care,CO,2026,ACA,true,true,2026-01-01,
5265799,Meridian Care,CO,2026,MA,true,true,2026-01-01,
5265799,Meridian Care,CO,2026,MEDSUPP,true,true,2026-01-01,
5265799,Meridian Care,CO,2026,PDP,true,true,2026-01-01,
5265799,Meridian Care,ID,2023,MA,true,true,2023-01-01,
5265799,Meridian Care,ID,2024,MA,true,true,2024-01-01,
5265799,Meridian Care,ID,2024,MEDSUPP,true,true,2024-01-01,
5265799,Meridian Care,ID,2024,PDP,true,true,2024-01-01,
5265799,Meridian Care,ID,2025,ACA,true,true,2025-01-01,
5265799,Meridian Care,ID,2025,MA,true,true,2025-01-01,
5265799,Meridian Care,ID,2025,MEDSUPP,true,true,2025-01-01,
5265799,Meridian Care,ID,2025,PDP,true,true,2025-01-01,
5265799,Meridian Care,ID,2026,ACA,true,true,2026-01-01,
5265799,Meridian Care,ID,2026,MA,true,true,2026-01-01,
5265799,Meridian Care,ID,2026,MEDSUPP,true,true,2026-01-01,
5265799,Meridian Care,ID,2026,PDP,true,true,2026-01-01,
5265799,Northwind Health,CO,2023,MA,true,true,2023-01-01,
5265799,Northwind Health,CO,2024,MA,true,true,2024-01-01,
5265799,Northwind Health,CO,2025,ACA,true,true,2025-01-01,
5265799,Northwind Health,CO,2025,MA,true,true,2025-01-01,
5265799,Northwind Health,CO,2026,ACA,true,true,2026-01-01,
5265799,Northwind Health,CO,2026,MA,true,true,2026-01-01,
5265799,Northwind Health,ID,2023,MA,true,true,2023-01-01,
5265799,Northwind Health,ID,2024,MA,true,true,2024-01-01,
5265799,Northwind Health,ID,2025,ACA,true,true,2025-01-01,
5265799,Northwind Health,ID,2025,MA,true,true,2025-01-01,
5265799,Northwind Health,ID,2026,ACA,true,true,2026-01-01,
5265799,Northwind Health,ID,2026,MA,true,true,2026-01-01,
5265799,Summit Health Plans,CO,2023,MA,true,true,2023-01-01,
5265799,Summit Health Plans,CO,2023,MEDSUPP,true,true,2023-01-01,
5265799,Summit Health Plans,CO,2023,PDP,true,true,2023-01-01,
5265799,Summit Health Plans,CO,2024,MA,true,true,2024-01-01,
5265799,Summit Health Plans,CO,2024,MEDSUPP,true,true,2024-01-01,
5265799,Summit Health Plans,CO,2024,PDP,true,true,2024-01-01,
5265799,Summit Health Plans,CO,2025,ACA,true,true,2025-01-01,
5265799,Summit Health Plans,CO,2025,MA,true,true,2025-01-01,
5265799,Summit Health Plans,CO,2025,MEDSUPP,true,true,2025-01-01,
5265799,Summit Health Plans,CO,2025,PDP,true,true,2025-01-01,
5265799,Summit Health Plans,CO,2026,ACA,true,true,2026-01-01,
5265799,Summit Health Plans,CO,2026,MA,true,true,2026-01-01,
5265799,Summit Health Plans,CO,2026,MEDSUPP,true,true,2026-01-01,
5265799,Summit Health Plans,CO,2026,PDP,true,true,2026-01-01,
5265799,Summit Health Plans,ID,2022,MA,true,true,2022-01-01,
5265799,Summit Health Plans,ID,2023,MA,true,true,2023-01-01,
5265799,Summit Health Plans,ID,2024,ACA,true,true,2024-01-01,
5265799,Summit Health Plans,ID,2024,MA,true,true,2024-01-01,
5265799,Summit Health Plans,ID,2025,ACA,true,true,2025-01-01,
5265799,Summit Health Plans,ID,2025,MA,true,true,2025-01-01,
5265799,Summit Health Plans,ID,2026,ACA,true,true,2026-01-01,
5265799,Summit Health Plans,ID,2026,MA,true,true,2026-01-01,
5265799,Summit Health Plans,ID,2026,PDP,true,true,2026-01-01,
54100814,Bluepeak,DE,2022,MA,true,true,2022-01-01,
54100814,Bluepeak,DE,2023,MA,true,true,2023-01-01,
54100814,Bluepeak,DE,2024,MA,true,true,2024-01-01,
54100814,Bluepeak,DE,2025,MA,true,true,2025-01-01,
54100814,Bluepeak,DE,2026,MA,true,true,2026-01-01,
54100814,Bluepeak,FL,2023,MA,true,true,2023-01-01,
54100814,Bluepeak,FL,2024,MA,true,true,2024-01-01,
54100814,Bluepeak,FL,2025,MA,true,true,2025-01-01,
54100814,Bluepeak,FL,2025,MEDSUPP,true,true,2025-01-01,
54100814,Bluepeak,FL,2025,PDP,true,true,2025-01-01,
54100814,Bluepeak,FL,2026,MA,true,true,2026-01-01,
54100814,Bluepeak,FL,2026,MEDSUPP,true,true,2026-01-01,
54100814,Bluepeak,FL,2026,PDP,true,true,2026-01-01,
54100814,Bluepeak,KS,2023,MA,true,true,2023-01-01,
54100814,Bluepeak,KS,2024,MA,true,true,2024-01-01,
54100814,Bluepeak,KS,2025,MA,true,true,2025-01-01,
54100814,Bluepeak,KS,2026,MA,true,true,2026-01-01,
54100814,Bluepeak,NE,2024,MA,true,true,2024-01-01,
54100814,Bluepeak,NE,2025,MA,true,true,2025-01-01,
54100814,Bluepeak,NE,2026,MA,true,true,2026-01-01,
54100814,Cardinal Mutual,DE,2022,MA,true,true,2022-01-01,
54100814,Cardinal Mutual,DE,2023,MA,true,true,2023-01-01,
54100814,Cardinal Mutual,DE,2024,MA,true,true,2024-01-01,
54100814,Cardinal Mutual,DE,2025,MA,true,true,2025-01-01,
54100814,Cardinal Mutual,DE,2026,ACA,true,true,2026-01-01,
54100814,Cardinal Mutual,DE,2026,MA,true,true,2026-01-01,
54100814,Cardinal Mutual,FL,2024,MEDSUPP,true,true,2024-01-01,
54100814,Cardinal Mutual,FL,2024,PDP,true,true,2024-01-01,
54100814,Cardinal Mutual,FL,2025,MEDSUPP,true,true,2025-01-01,
54100814,Cardinal Mutual,FL,2025,PDP,true,true,2025-01-01,
54100814,Cardinal Mutual,FL,2026,MA,true,true,2026-01-01,
54100814,Cardinal Mutual,FL,2026,MEDSUPP,true,true,2026-01-01,
54100814,Cardinal Mutual,FL,2026,PDP,true,true,2026-01-01,
54100814,Cardinal Mutual,KS,2025,ACA,true,true,2025-01-01,
54100814,Cardinal Mutual,NE,2023,MA,true,true,2023-01-01,
54100814,Cardinal Mutual,NE,2024,MA,true,true,2024-01-01,
54100814,Cardinal Mutual,NE,2025,MA,true,true,2025-01-01,
54100814,Cardinal Mutual,NE,2026,MA,true,true,2026-01-01,
54100814,Harborline,DE,2023,MA,true,true,2023-01-01,
54100814,Harborline,DE,2024,MA,true,true,2024-01-01,
54100814,Harborline,DE,2025,MA,true,true,2025-01-01,
54100814,Harborline,DE,2025,MEDSUPP,true,true,2025-01-01,
54100814,Harborline,DE,2025,PDP,true,true,2025-01-01,
54100814,Harborline,DE,2026,MA,true,true,2026-01-01,
54100814,Harborline,DE,2026,MEDSUPP,true,true,2026-01-01,
54100814,Harborline,DE,2026,PDP,true,true,2026-01-01,
54100814,Harborline,FL,2023,MA,true,true,2023-01-01,
54100814,Harborline,FL,2024,MA,true,true,2024-01-01,
54100814,Harborline,FL,2025,MA,true,true,2025-01-01,
54100814,Harborline,FL,2026,MA,true,true,2026-01-01,2026-01-31
54100814,Harborline,KS,2024,MA,true,true,2024-01-01,
54100814,Harborline,KS,2024,MEDSUPP,true,true,2024-01-01,
54100814,Harborline,KS,2024,PDP,true,true,2024-01-01,
54100814,Harborline,KS,2025,MA,true,true,2025-01-01,
54100814,Harborline,KS,2025,MEDSUPP,true,true,2025-01-01,
54100814,Harborline,KS,2025,PDP,true,true,2025-01-01,
54100814,Harborline,KS,2026,ACA,true,true,2026-01-01,
54100814,Harborline,KS,2026,MA,true,true,2026-01-01,
54100814,Harborline,KS,2026,MEDSUPP,true,true,2026-01-01,
54100814,Harborline,KS,2026,PDP,true,true,2026-01-01,
54100814,Harborline,NE,2022,MA,true,true,2022-01-01,
54100814,Harborline,NE,2022,MEDSUPP,true,true,2022-01-01,
54100814,Harborline,NE,2022,PDP,true,true,2022-01-01,
54100814,Harborline,NE,2023,MA,true,true,2023-01-01,
54100814,Harborline,NE,2023,MEDSUPP,true,true,2023-01-01,
54100814,Harborline,NE,2023,PDP,true,true,2023-01-01,
54100814,Harborline,NE,2024,MA,true,true,2024-01-01,
54100814,Harborline,NE,2024,MEDSUPP,true,true,2024-01-01,
54100814,Harborline,NE,2024,PDP,true,true,2024-01-01,
54100814,Harborline,NE,2025,MA,true,true,2025-01-01,
54100814,Harborline,NE,2025,MEDSUPP,true,true,2025-01-01,
54100814,Harborline,NE,2025,PDP,true,true,2025-01-01,
54100814,Harborline,NE,2026,ACA,true,true,2026-01-01,
54100814,Harborline,NE,2026,MA,true,true,2026-01-01,
54100814,Harborline,NE,2026,MEDSUPP,true,true,2026-01-01,
54100814,Harborline,NE,2026,PDP,true,true,2026-01-01,
54100814,Meridian Care,DE,2024,MA,true,true,2024-01-01,
54100814,Meridian Care,DE,2025,ACA,true,true,2025-01-01,
54100814,Meridian Care,DE,2025,MA,true,true,2025-01-01,
54100814,Meridian Care,DE,2025,PDP,true,true,2025-01-01,
54100814,Meridian Care,DE,2026,MA,true,true,2026-01-01,
54100814,Meridian Care,DE,2026,PDP,true,true,2026-01-01,
54100814,Meridian Care,FL,2024,MA,true,true,2024-01-01,
54100814,Meridian Care,FL,2025,MA,true,true,2025-01-01,
54100814,Meridian Care,FL,2026,MA,true,true,2026-01-01,
54100814,Meridian Care,KS,2022,MA,true,true,2022-01-01,
54100814,Meridian Care,KS,2023,MA,true,true,2023-01-01,
54100814,Meridian Care,KS,2024,MA,true,true,2024-01-01,
54100814,Meridian Care,KS,2024,MEDSUPP,true,true,2024-01-01,
54100814,Meridian Care,KS,2024,PDP,true,true,2024-01-01,
54100814,Meridian Care,KS,2025,MA,true,true,2025-01-01,
54100814,Meridian Care,KS,2025,MEDSUPP,true,true,2025-01-01,
54100814,Meridian Care,KS,2025,PDP,true,true,2025-01-01,
54100814,Meridian Care,KS,2026,MA,true,true,2026-01-01,
54100814,Meridian Care,KS,2026,MEDSUPP,true,true,2026-01-01,
54100814,Meridian Care,KS,2026,PDP,true,true,2026-01-01,
54100814,Meridian Care,NE,2024,MA,true,true,2024-01-01,
54100814,Meridian Care,NE,2024,PDP,true,true,2024-01-01,
54100814,Meridian Care,NE,2025,MA,true,true,2025-01-01,
54100814,Meridian Care,NE,2025,MEDSUPP,true,true,2025-01-01,
54100814,Meridian Care,NE,2025,PDP,true,true,2025-01-01,
54100814,Meridian Care,NE,2026,MA,true,true,2026-01-01,
54100814,Meridian Care,NE,2026,MEDSUPP,true,true,2026-01-01,
54100814,Meridian Care,NE,2026,PDP,true,true,2026-01-01,
54100814,Northwind Health,DE,2022,MA,true,true,2022-01-01,
54100814,Northwind Health,DE,2022,MEDSUPP,true,true,2022-01-01,
54100814,Northwind Health,DE,2022,PDP,true,true,2022-01-01,
54100814,Northwind Health,DE,2023,MA,true,true,2023-01-01,
54100814,Northwind Health,DE,2023,MEDSUPP,true,true,2023-01-01,
54100814,Northwind Health,DE,2023,PDP,true,true,2023-01-01,
54100814,Northwind Health,DE,2024,ACA,true,true,2024-01-01,
54100814,Northwind Health,DE,2024,MA,true,true,2024-01-01,
54100814,Northwind Health,DE,2024,MEDSUPP,true,true,2024-01-01,
54100814,Northwind Health,DE,2024,PDP,true,true,2024-01-01,
54100814,Northwind Health,DE,2025,ACA,true,true,2025-01-01,
54100814,Northwind Health,DE,2025,MA,true,true,2025-01-01,
54100814,Northwind Health,DE,2025,MEDSUPP,true,true,2025-01-01,
54100814,Northwind Health,DE,2025,PDP,true,true,2025-01-01,
54100814,Northwind Health,DE,2026,ACA,true,true,2026-01-01,
54100814,Northwind Health,DE,2026,MA,true,true,2026-01-01,
54100814,Northwind Health,DE,2026,MEDSUPP,true,true,2026-01-01,
54100814,Northwind Health,DE,2026,PDP,true,true,2026-01-01,
54100814,Northwind Health,FL,2023,MA,true,true,2023-01-01,
54100814,Northwind Health,FL,2024,MA,true,true,2024-01-01,
54100814,Northwind Health,FL,2025,MA,true,true,2025-01-01,
54100814,Northwind Health,FL,2026,MA,true,true,2026-01-01,
54100814,Northwind Health,KS,2023,PDP,true,true,2023-01-01,
54100814,Northwind Health,KS,2024,MA,true,true,2024-01-01,
54100814,Northwind Health,KS,2024,PDP,true,true,2024-01-01,
54100814,Northwind Health,KS,2025,ACA,true,true,2025-01-01,
54100814,Northwind Health,KS,2025,MA,true,true,2025-01-01,
54100814,Northwind Health,KS,2025,PDP,true,true,2025-01-01,
54100814,Northwind Health,KS,2026,ACA,true,true,2026-01-01,
54100814,Northwind Health,KS,2026,MA,true,true,2026-01-01,
54100814,Northwind Health,KS,2026,PDP,true,true,2026-01-01,
54100814,Northwind Health,NE,2024,ACA,true,true,2024-01-01,
54100814,Northwind Health,NE,2024,PDP,true,true,2024-01-01,
54100814,Northwind Health,NE,2025,ACA,true,true,2025-01-01,
54100814,Northwind Health,NE,2025,MA,true,true,2025-01-01,
54100814,Northwind Health,NE,2025,PDP,true,true,2025-01-01,
54100814,Northwind Health,NE,2026,ACA,true,true,2026-01-01,
54100814,Northwind Health,NE,2026,MA,true,true,2026-01-01,
54100814,Northwind Health,NE,2026,MEDSUPP,true,true,2026-01-01,
54100814,Northwind Health,NE,2026,PDP,true,true,2026-01-01,
54100814,Summit Health Plans,DE,2022,MEDSUPP,true,true,2022-01-01,
54100814,Summit Health Plans,DE,2022,PDP,true,true,2022-01-01,
54100814,Summit Health Plans,DE,2023,MEDSUPP,true,true,2023-01-01,
54100814,Summit Health Plans,DE,2023,PDP,true,true,2023-01-01,
54100814,Summit Health Plans,DE,2024,MEDSUPP,true,true,2024-01-01,
54100814,Summit Health Plans,DE,2024,PDP,true,true,2024-01-01,
54100814,Summit Health Plans,DE,2025,ACA,true,true,2025-01-01,
54100814,Summit Health Plans,DE,2025,MA,true,true,2025-01-01,
54100814,Summit Health Plans,DE,2025,MEDSUPP,true,true,2025-01-01,
54100814,Summit Health Plans,DE,2025,PDP,true,true,2025-01-01,
54100814,Summit Health Plans,DE,2026,ACA,true,true,2026-01-01,
54100814,Summit Health Plans,DE,2026,MA,true,true,2026-01-01,
54100814,Summit Health Plans,DE,2026,MEDSUPP,true,true,2026-01-01,
54100814,Summit Health Plans,DE,2026,PDP,true,true,2026-01-01,
54100814,Summit Health Plans,FL,2022,MA,true,true,2022-01-01,
54100814,Summit Health Plans,FL,2023,MA,true,true,2023-01-01,
54100814,Summit Health Plans,FL,2024,MA,true,true,2024-01-01,
54100814,Summit Health Plans,FL,2025,MA,true,true,2025-01-01,
54100814,Summit Health Plans,FL,2025,PDP,true,true,2025-01-01,
54100814,Summit Health Plans,FL,2026,ACA,true,true,2026-01-01,
54100814,Summit Health Plans,FL,2026,MA,true,true,2026-01-01,
54100814,Summit Health Plans,FL,2026,PDP,true,true,2026-01-01,
54100814,Summit Health Plans,KS,2026,ACA,true,true,2026-01-01,
54100814,Summit Health Plans,KS,2026,MA,true,true,2026-01-01,
54100814,Summit Health Plans,NE,2022,PDP,true,true,2022-01-01,
54100814,Summit Health Plans,NE,2023,MA,true,true,2023-01-01,
54100814,Summit Health Plans,NE,2023,PDP,true,true,2023-01-01,
54100814,Summit Health Plans,NE,2024,MA,true,true,2024-01-01,
54100814,Summit Health Plans,NE,2024,PDP,true,true,2024-01-01,
54100814,Summit Health Plans,NE,2025,MA,true,true,2025-01-01,
54100814,Summit Health Plans,NE,2025,PDP,true,true,2025-01-01,
54100814,Summit Health Plans,NE,2026,MA,true,true,2026-01-01,
54100814,Summit Health Plans,NE,2026,PDP,true,true,2026-01-01,
61291817,Bluepeak,AK,2024,ACA,true,true,2024-01-01,
61291817,Bluepeak,AK,2024,MA,true,true,2024-01-01,
61291817,Bluepeak,AK,2025,ACA,true,true,2025-01-01,
61291817,Bluepeak,AK,2025,MA,true,true,2025-01-01,
61291817,Bluepeak,AK,2026,ACA,true,true,2026-01-01,
61291817,Bluepeak,AK,2026,MA,true,true,2026-01-01,
61291817,Bluepeak,GA,2024,MA,true,true,2024-01-01,
61291817,Bluepeak,GA,2025,MA,true,true,2025-01-01,
61291817,Bluepeak,KY,2023,MA,true,true,2023-01-01,
61291817,Bluepeak,KY,2024,MA,true,true,2024-01-01,
61291817,Bluepeak,KY,2025,MA,true,true,2025-01-01,
61291817,Bluepeak,KY,2026,MA,true,true,2026-01-01,
61291817,Bluepeak,WI,2022,PDP,true,true,2022-01-01,
61291817,Bluepeak,WI,2023,MA,true,true,2023-01-01,
61291817,Bluepeak,WI,2023,PDP,true,true,2023-01-01,
61291817,Bluepeak,WI,2024,ACA,true,true,2024-01-01,
61291817,Bluepeak,WI,2024,MA,true,true,2024-01-01,
61291817,Bluepeak,WI,2024,PDP,true,true,2024-01-01,
61291817,Bluepeak,WI,2025,ACA,true,true,2025-01-01,
61291817,Bluepeak,WI,2025,MA,true,true,2025-01-01,
61291817,Bluepeak,WI,2025,PDP,true,true,2025-01-01,
61291817,Bluepeak,WI,2026,ACA,true,true,2026-01-01,
61291817,Bluepeak,WI,2026,MA,true,true,2026-01-01,
61291817,Bluepeak,WI,2026,PDP,true,true,2026-01-01,
61291817,Cardinal Mutual,AK,2022,MA,true,true,2022-01-01,
61291817,Cardinal Mutual,AK,2023,MA,true,true,2023-01-01,
61291817,Cardinal Mutual,AK,2024,MA,true,true,2024-01-01,
61291817,Cardinal Mutual,AK,2024,MEDSUPP,true,true,2024-01-01,
61291817,Cardinal Mutual,AK,2024,PDP,true,true,2024-01-01,
61291817,Cardinal Mutual,AK,2025,MA,true,true,2025-01-01,
61291817,Cardinal Mutual,AK,2025,MEDSUPP,true,true,2025-01-01,
61291817,Cardinal Mutual,AK,2025,PDP,true,true,2025-01-01,
61291817,Cardinal Mutual,AK,2026,MA,true,true,2026-01-01,
61291817,Cardinal Mutual,AK,2026,MEDSUPP,true,true,2026-01-01,
61291817,Cardinal Mutual,AK,2026,PDP,true,true,2026-01-01,
61291817,Cardinal Mutual,GA,2023,MA,true,true,2023-01-01,
61291817,Cardinal Mutual,GA,2024,MA,true,true,2024-01-01,
61291817,Cardinal Mutual,GA,2025,MA,true,true,2025-01-01,
61291817,Cardinal Mutual,GA,2025,MEDSUPP,true,true,2025-01-01,
61291817,Cardinal Mutual,GA,2025,PDP,true,true,2025-01-01,
61291817,Cardinal Mutual,GA,2026,ACA,true,true,2026-01-01,
61291817,Cardinal Mutual,GA,2026,MA,true,true,2026-01-01,
61291817,Cardinal Mutual,GA,2026,MEDSUPP,true,true,2026-01-01,
61291817,Cardinal Mutual,GA,2026,PDP,true,true,2026-01-01,
61291817,Cardinal Mutual,WI,2022,MA,true,true,2022-01-01,
61291817,Cardinal Mutual,WI,2023,MA,true,true,2023-01-01,
61291817,Cardinal Mutual,WI,2024,MA,true,true,2024-01-01,
61291817,Cardinal Mutual,WI,2025,ACA,true,true,2025-01-01,
61291817,Cardinal Mutual,WI,2025,MA,true,true,2025-01-01,
61291817,Cardinal Mutual,WI,2026,MA,true,true,2026-01-01,
61291817,Harborline,AK,2022,MA,true,true,2022-01-01,
61291817,Harborline,AK,2023,MA,true,true,2023-01-01,
61291817,Harborline,AK,2024,MA,true,true,2024-01-01,
61291817,Harborline,AK,2025,MA,true,true,2025-01-01,
61291817,Harborline,AK,2025,MEDSUPP,true,true,2025-01-01,
61291817,Harborline,AK,2025,PDP,true,true,2025-01-01,
61291817,Harborline,AK,2026,MA,true,true,2026-01-01,
61291817,Harborline,AK,2026,MEDSUPP,true,true,2026-01-01,
61291817,Harborline,AK,2026,PDP,true,true,2026-01-01,
61291817,Harborline,AK,2027,ACA,true,true,2027-01-01,
61291817,Harborline,GA,2022,MEDSUPP,true,true,2022-01-01,
61291817,Harborline,GA,2022,PDP,true,true,2022-01-01,
61291817,Harborline,GA,2023,MEDSUPP,true,true,2023-01-01,
61291817,Harborline,GA,2023,PDP,true,true,2023-01-01,
61291817,Harborline,GA,2024,ACA,true,true,2024-01-01,
61291817,Harborline,GA,2024,MA,true,true,2024-01-01,
61291817,Harborline,GA,2024,MEDSUPP,true,true,2024-01-01,
61291817,Harborline,GA,2024,PDP,true,true,2024-01-01,
61291817,Harborline,GA,2025,ACA,true,true,2025-01-01,
61291817,Harborline,GA,2025,MA,true,true,2025-01-01,
61291817,Harborline,GA,2025,MEDSUPP,true,true,2025-01-01,
61291817,Harborline,GA,2025,PDP,true,true,2025-01-01,
61291817,Harborline,GA,2026,ACA,true,true,2026-01-01,
61291817,Harborline,GA,2026,MA,true,true,2026-01-01,
61291817,Harborline,GA,2026,MEDSUPP,true,true,2026-01-01,
61291817,Harborline,GA,2026,PDP,true,true,2026-01-01,
61291817,Harborline,KY,2022,MA,true,true,2022-01-01,
61291817,Harborline,KY,2023,MA,true,true,2023-01-01,
61291817,Harborline,KY,2026,MA,true,true,2026-01-01,
61291817,Harborline,WI,2022,MA,true,true,2022-01-01,
61291817,Harborline,WI,2023,MA,true,true,2023-01-01,
61291817,Harborline,WI,2024,MA,true,true,2024-01-01,
61291817,Harborline,WI,2025,MA,true,true,2025-01-01,
61291817,Harborline,WI,2025,PDP,true,true,2025-01-01,
61291817,Harborline,WI,2026,MA,true,true,2026-01-01,
61291817,Harborline,WI,2026,PDP,true,true,2026-01-01,
61291817,Meridian Care,AK,2022,MEDSUPP,true,true,2022-01-01,
61291817,Meridian Care,AK,2023,MA,true,true,2023-01-01,
61291817,Meridian Care,AK,2023,MEDSUPP,true,true,2023-01-01,
61291817,Meridian Care,AK,2024,MA,true,true,2024-01-01,
61291817,Meridian Care,AK,2024,MEDSUPP,true,true,2024-01-01,
61291817,Meridian Care,AK,2025,ACA,true,true,2025-01-01,
61291817,Meridian Care,AK,2025,MA,true,true,2025-01-01,
61291817,Meridian Care,AK,2025,MEDSUPP,true,true,2025-01-01,
61291817,Meridian Care,AK,2026,ACA,true,true,2026-01-01,
61291817,Meridian Care,AK,2026,MA,true,true,2026-01-01,
61291817,Meridian Care,AK,2026,MEDSUPP,true,true,2026-01-01,
61291817,Meridian Care,GA,2022,MA,true,true,2022-01-01,
61291817,Meridian Care,GA,2023,MA,true,true,2023-01-01,
61291817,Meridian Care,GA,2024,ACA,true,true,2024-01-01,
61291817,Meridian Care,GA,2024,MA,true,true,2024-01-01,
61291817,Meridian Care,GA,2025,ACA,true,true,2025-01-01,
61291817,Meridian Care,GA,2025,MA,true,true,2025-01-01,
61291817,Meridian Care,GA,2026,ACA,true,true,2026-01-01,
61291817,Meridian Care,GA,2026,MA,true,true,2026-01-01,
61291817,Meridian Care,KY,2022,MA,true,true,2022-01-01,
61291817,Meridian Care,KY,2022,PDP,true,true,2022-01-01,
61291817,Meridian Care,KY,2023,MA,true,true,2023-01-01,
61291817,Meridian Care,KY,2023,PDP,true,true,2023-01-01,
61291817,Meridian Care,KY,2024,ACA,true,true,2024-01-01,
61291817,Meridian Care,KY,2024,MA,true,true,2024-01-01,
61291817,Meridian Care,KY,2024,PDP,true,true,2024-01-01,
61291817,Meridian Care,KY,2025,ACA,true,true,2025-01-01,
61291817,Meridian Care,KY,2025,MA,true,true,2025-01-01,
61291817,Meridian Care,KY,2025,PDP,true,true,2025-01-01,
61291817,Meridian Care,KY,2026,ACA,true,true,2026-01-01,
61291817,Meridian Care,KY,2026,MA,true,true,2026-01-01,
61291817,Meridian Care,KY,2026,MEDSUPP,true,true,2026-01-01,
61291817,Meridian Care,KY,2026,PDP,true,true,2026-01-01,
61291817,Meridian Care,WI,2022,MA,true,true,2022-01-01,
61291817,Meridian Care,WI,2023,MA,true,true,2023-01-01,
61291817,Meridian Care,WI,2024,ACA,true,true,2024-01-01,
61291817,Meridian Care,WI,2024,MA,true,true,2024-01-01,
61291817,Meridian Care,WI,2025,ACA,true,true,2025-01-01,
61291817,Meridian Care,WI,2025,MA,true,true,2025-01-01,
61291817,Meridian Care,WI,2026,ACA,true,true,2026-01-01,
61291817,Meridian Care,WI,2026,MA,true,true,2026-01-01,
61291817,Meridian Care,WI,2026,MEDSUPP,true,true,2026-01-01,
61291817,Meridian Care,WI,2026,PDP,true,true,2026-01-01,
61291817,Northwind Health,AK,2022,MA,true,true,2022-01-01,
61291817,Northwind Health,AK,2023,MA,true,true,2023-01-01,
61291817,Northwind Health,AK,2023,MEDSUPP,true,true,2023-01-01,
61291817,Northwind Health,AK,2023,PDP,true,true,2023-01-01,
61291817,Northwind Health,AK,2024,MA,true,true,2024-01-01,
61291817,Northwind Health,AK,2024,MEDSUPP,true,true,2024-01-01,
61291817,Northwind Health,AK,2024,PDP,true,true,2024-01-01,
61291817,Northwind Health,AK,2025,MA,true,true,2025-01-01,
61291817,Northwind Health,AK,2025,MEDSUPP,true,true,2025-01-01,
61291817,Northwind Health,AK,2025,PDP,true,true,2025-01-01,
61291817,Northwind Health,AK,2026,MA,true,true,2026-01-01,
61291817,Northwind Health,AK,2026,MEDSUPP,true,true,2026-01-01,
61291817,Northwind Health,AK,2026,PDP,true,true,2026-01-01,
61291817,Northwind Health,GA,2025,MA,true,true,2025-01-01,
61291817,Northwind Health,GA,2026,ACA,true,true,2026-01-01,
61291817,Northwind Health,GA,2026,MA,true,true,2026-01-01,
61291817,Northwind Health,KY,2022,MA,true,true,2022-01-01,
61291817,Northwind Health,KY,2023,MA,true,true,2023-01-01,
61291817,Northwind Health,KY,2024,MA,true,true,2024-01-01,
61291817,Northwind Health,KY,2025,MA,true,true,2025-01-01,
61291817,Northwind Health,KY,2026,MA,true,true,2026-01-01,
61291817,Northwind Health,WI,2023,MA,true,true,2023-01-01,
61291817,Northwind Health,WI,2024,MA,true,true,2024-01-01,
61291817,Northwind Health,WI,2025,MA,true,true,2025-01-01,
61291817,Northwind Health,WI,2026,ACA,true,true,2026-01-01,
61291817,Northwind Health,WI,2026,MA,true,true,2026-01-01,
61291817,Summit Health Plans,AK,2024,MA,true,true,2024-01-01,
61291817,Summit Health Plans,AK,2025,MA,true,true,2025-01-01,
61291817,Summit Health Plans,AK,2026,MA,true,true,2026-01-01,
61291817,Summit Health Plans,GA,2024,MA,true,true,2024-01-01,
61291817,Summit Health Plans,GA,2025,MA,true,true,2025-01-01,
61291817,Summit Health Plans,GA,2026,MA,true,true,2026-01-01,
61291817,Summit Health Plans,KY,2022,PDP,true,true,2022-01-01,
61291817,Summit Health Plans,KY,2023,PDP,true,true,2023-01-01,
61291817,Summit Health Plans,KY,2024,PDP,true,true,2024-01-01,
61291817,Summit Health Plans,KY,2025,ACA,true,true,2025-01-01,
61291817,Summit Health Plans,KY,2025,MA,true,true,2025-01-01,
61291817,Summit Health Plans,KY,2025,PDP,true,true,2025-01-01,
61291817,Summit Health Plans,KY,2026,ACA,true,true,2026-01-01,
61291817,Summit Health Plans,KY,2026,MA,true,true,2026-01-01,
61291817,Summit Health Plans,KY,2026,PDP,true,true,2026-01-01,
61291817,Summit Health Plans,WI,2023,MEDSUPP,true,true,2023-01-01,
61291817,Summit Health Plans,WI,2023,PDP,true,true,2023-01-01,
61291817,Summit Health Plans,WI,2024,MA,true,true,2024-01-01,
61291817,Summit Health Plans,WI,2024,MEDSUPP,true,true,2024-01-01,
61291817,Summit Health Plans,WI,2024,PDP,true,true,2024-01-01,
61291817,Summit Health Plans,WI,2025,MA,true,true,2025-01-01,
61291817,Summit Health Plans,WI,2025,MEDSUPP,true,true,2025-01-01,
61291817,Summit Health Plans,WI,2025,PDP,true,true,2025-01-01,
61291817,Summit Health Plans,WI,2026,MA,true,true,2026-01-01,
61291817,Summit Health Plans,WI,2026,MEDSUPP,true,true,2026-01-01,
61291817,Summit Health Plans,WI,2026,PDP,true,true,2026-01-01,
61855700,Bluepeak,GA,2024,ACA,true,true,2024-01-01,
61855700,Bluepeak,GA,2024,MA,true,true,2024-01-01,
61855700,Bluepeak,GA,2025,ACA,true,true,2025-01-01,
61855700,Bluepeak,GA,2025,MA,true,true,2025-01-01,
61855700,Bluepeak,GA,2026,ACA,true,true,2026-01-01,
61855700,Bluepeak,GA,2026,MA,true,true,2026-01-01,
61855700,Bluepeak,ID,2023,MA,true,true,2023-01-01,
61855700,Bluepeak,ID,2024,ACA,true,true,2024-01-01,
61855700,Bluepeak,ID,2024,MA,true,true,2024-01-01,
61855700,Bluepeak,ID,2025,ACA,true,true,2025-01-01,
61855700,Bluepeak,ID,2025,MA,true,true,2025-01-01,
61855700,Bluepeak,ID,2026,ACA,true,true,2026-01-01,
61855700,Bluepeak,ID,2026,MA,true,true,2026-01-01,
61855700,Bluepeak,MI,2022,MA,true,true,2022-01-01,
61855700,Bluepeak,MI,2023,MA,true,true,2023-01-01,
61855700,Bluepeak,MI,2024,MA,true,true,2024-01-01,
61855700,Bluepeak,MI,2025,MA,true,true,2025-01-01,
61855700,Bluepeak,MI,2025,MEDSUPP,true,true,2025-01-01,
61855700,Bluepeak,MI,2025,PDP,true,true,2025-01-01,
61855700,Bluepeak,MI,2026,MA,true,true,2026-01-01,
61855700,Bluepeak,MI,2026,MEDSUPP,true,true,2026-01-01,
61855700,Bluepeak,MI,2026,PDP,true,true,2026-01-01,
61855700,Bluepeak,MN,2023,MA,true,true,2023-01-01,
61855700,Bluepeak,MN,2024,MA,true,true,2024-01-01,
61855700,Bluepeak,MN,2024,MEDSUPP,true,true,2024-01-01,
61855700,Bluepeak,MN,2024,PDP,true,true,2024-01-01,
61855700,Bluepeak,MN,2025,MA,true,true,2025-01-01,
61855700,Bluepeak,MN,2025,MEDSUPP,true,true,2025-01-01,
61855700,Bluepeak,MN,2025,PDP,true,true,2025-01-01,
61855700,Bluepeak,MN,2026,MA,true,true,2026-01-01,
61855700,Bluepeak,MN,2026,MEDSUPP,true,true,2026-01-01,
61855700,Bluepeak,MN,2026,PDP,true,true,2026-01-01,
61855700,Cardinal Mutual,GA,2024,MA,true,true,2024-01-01,
61855700,Cardinal Mutual,GA,2025,ACA,true,true,2025-01-01,
61855700,Cardinal Mutual,GA,2025,MA,true,true,2025-01-01,
61855700,Cardinal Mutual,GA,2026,ACA,true,true,2026-01-01,
61855700,Cardinal Mutual,GA,2026,MA,true,true,2026-01-01,
61855700,Cardinal Mutual,ID,2024,MA,true,true,2024-01-01,
61855700,Cardinal Mutual,ID,2025,ACA,true,true,2025-01-01,
61855700,Cardinal Mutual,ID,2025,MA,true,true,2025-01-01,
61855700,Cardinal Mutual,ID,2026,ACA,true,true,2026-01-01,
61855700,Cardinal Mutual,ID,2026,MA,true,true,2026-01-01,
61855700,Cardinal Mutual,MI,2024,MA,true,true,2024-01-01,
61855700,Cardinal Mutual,MI,2025,MA,true,true,2025-01-01,
61855700,Cardinal Mutual,MN,2025,ACA,true,true,2025-01-01,
61855700,Cardinal Mutual,MN,2026,ACA,true,true,2026-01-01,
61855700,Harborline,GA,2022,MA,true,true,2022-01-01,
61855700,Harborline,GA,2023,MA,true,true,2023-01-01,
61855700,Harborline,GA,2024,ACA,true,true,2024-01-01,
61855700,Harborline,GA,2024,MA,true,true,2024-01-01,
61855700,Harborline,GA,2025,ACA,true,true,2025-01-01,
61855700,Harborline,GA,2025,MA,true,true,2025-01-01,
61855700,Harborline,GA,2026,ACA,true,true,2026-01-01,
61855700,Harborline,GA,2026,MA,true,true,2026-01-01,
61855700,Harborline,ID,2022,MA,true,true,2022-01-01,
61855700,Harborline,ID,2023,MA,true,true,2023-01-01,
61855700,Harborline,ID,2024,MA,true,true,2024-01-01,
61855700,Harborline,ID,2025,MA,true,true,2025-01-01,
61855700,Harborline,ID,2026,MA,true,true,2026-01-01,
61855700,Harborline,MI,2025,MA,true,true,2025-01-01,
61855700,Harborline,MI,2025,MEDSUPP,true,true,2025-01-01,
61855700,Harborline,MI,2025,PDP,true,true,2025-01-01,
61855700,Harborline,MI,2026,MA,true,true,2026-01-01,
61855700,Harborline,MI,2026,MEDSUPP,true,true,2026-01-01,
61855700,Harborline,MI,2026,PDP,true,true,2026-01-01,
61855700,Harborline,MN,2026,ACA,true,true,2026-01-01,
61855700,Harborline,MN,2026,MA,true,true,2026-01-01,
61855700,Meridian Care,GA,2022,MA,true,true,2022-01-01,
61855700,Meridian Care,GA,2023,MA,true,true,2023-01-01,
61855700,Meridian Care,GA,2024,MA,true,true,2024-01-01,
61855700,Meridian Care,GA,2025,ACA,true,true,2025-01-01,
61855700,Meridian Care,GA,2025,MA,true,true,2025-01-01,
61855700,Meridian Care,GA,2025,MEDSUPP,true,true,2025-01-01,
61855700,Meridian Care,GA,2025,PDP,true,true,2025-01-01,
61855700,Meridian Care,GA,2026,ACA,true,true,2026-01-01,
61855700,Meridian Care,GA,2026,MA,true,true,2026-01-01,
61855700,Meridian Care,GA,2026,MEDSUPP,true,true,2026-01-01,
61855700,Meridian Care,GA,2026,PDP,true,true,2026-01-01,
61855700,Meridian Care,ID,2024,MA,true,true,2024-01-01,
61855700,Meridian Care,ID,2025,MA,true,true,2025-01-01,
61855700,Meridian Care,ID,2026,ACA,true,true,2026-01-01,
61855700,Meridian Care,ID,2026,MA,true,true,2026-01-01,
61855700,Meridian Care,MI,2023,MA,true,true,2023-01-01,
61855700,Meridian Care,MI,2024,MA,true,true,2024-01-01,
61855700,Meridian Care,MI,2025,MA,true,true,2025-01-01,
61855700,Meridian Care,MI,2025,MEDSUPP,true,true,2025-01-01,
61855700,Meridian Care,MI,2025,PDP,true,true,2025-01-01,
61855700,Meridian Care,MI,2026,MA,true,true,2026-01-01,
61855700,Meridian Care,MI,2026,MEDSUPP,true,true,2026-01-01,
61855700,Meridian Care,MI,2026,PDP,true,true,2026-01-01,
61855700,Northwind Health,GA,2023,MA,true,true,2023-01-01,
61855700,Northwind Health,GA,2024,MA,true,true,2024-01-01,
61855700,Northwind Health,GA,2025,MA,true,true,2025-01-01,
61855700,Northwind Health,GA,2026,MA,true,true,2026-01-01,
61855700,Northwind Health,ID,2026,ACA,true,true,2026-01-01,
61855700,Northwind Health,ID,2026,MA,true,true,2026-01-01,
61855700,Northwind Health,MI,2022,MEDSUPP,true,true,2022-01-01,
61855700,Northwind Health,MI,2022,PDP,true,true,2022-01-01,
61855700,Northwind Health,MI,2023,MEDSUPP,true,true,2023-01-01,
61855700,Northwind Health,MI,2023,PDP,true,true,2023-01-01,
61855700,Northwind Health,MI,2024,MEDSUPP,true,true,2024-01-01,
61855700,Northwind Health,MI,2024,PDP,true,true,2024-01-01,
61855700,Northwind Health,MI,2025,MEDSUPP,true,true,2025-01-01,
61855700,Northwind Health,MI,2025,PDP,true,true,2025-01-01,
61855700,Northwind Health,MI,2026,MEDSUPP,true,true,2026-01-01,
61855700,Northwind Health,MI,2026,PDP,true,true,2026-01-01,
61855700,Northwind Health,MI,2027,ACA,true,true,2027-01-01,
61855700,Northwind Health,MN,2025,MA,true,true,2025-01-01,
61855700,Northwind Health,MN,2025,MEDSUPP,true,true,2025-01-01,
61855700,Northwind Health,MN,2025,PDP,true,true,2025-01-01,
61855700,Northwind Health,MN,2026,ACA,true,true,2026-01-01,
61855700,Northwind Health,MN,2026,MA,true,true,2026-01-01,
61855700,Northwind Health,MN,2026,MEDSUPP,true,true,2026-01-01,
61855700,Northwind Health,MN,2026,PDP,true,true,2026-01-01,
61855700,Summit Health Plans,GA,2023,MA,true,true,2023-01-01,
61855700,Summit Health Plans,GA,2024,MA,true,true,2024-01-01,
61855700,Summit Health Plans,GA,2025,MA,true,true,2025-01-01,
61855700,Summit Health Plans,GA,2026,ACA,true,true,2026-01-01,
61855700,Summit Health Plans,GA,2026,MA,true,true,2026-01-01,
61855700,Summit Health Plans,ID,2024,MA,true,true,2024-01-01,
61855700,Summit Health Plans,ID,2025,MA,true,true,2025-01-01,
61855700,Summit Health Plans,ID,2026,MA,true,true,2026-01-01,
61855700,Summit Health Plans,MI,2024,ACA,true,true,2024-01-01,
61855700,Summit Health Plans,MI,2025,ACA,true,true,2025-01-01,
61855700,Summit Health Plans,MI,2026,ACA,true,true,2026-01-01,
61855700,Summit Health Plans,MN,2024,MEDSUPP,true,true,2024-01-01,
61855700,Summit Health Plans,MN,2025,MEDSUPP,true,true,2025-01-01,
61855700,Summit Health Plans,MN,2026,ACA,true,true,2026-01-01,
61855700,Summit Health Plans,MN,2026,MEDSUPP,true,true,2026-01-01,
6831819,Bluepeak,DC,2022,MA,true,true,2022-01-01,
6831819,Bluepeak,DC,2022,MEDSUPP,true,true,2022-01-01,
6831819,Bluepeak,DC,2022,PDP,true,true,2022-01-01,
6831819,Bluepeak,DC,2023,MA,true,true,2023-01-01,
6831819,Bluepeak,DC,2023,MEDSUPP,true,true,2023-01-01,
6831819,Bluepeak,DC,2023,PDP,true,true,2023-01-01,
6831819,Bluepeak,DC,2024,MA,true,true,2024-01-01,
6831819,Bluepeak,DC,2024,MEDSUPP,true,true,2024-01-01,
6831819,Bluepeak,DC,2024,PDP,true,true,2024-01-01,
6831819,Bluepeak,DC,2025,MA,true,true,2025-01-01,
6831819,Bluepeak,DC,2025,MEDSUPP,true,true,2025-01-01,
6831819,Bluepeak,DC,2025,PDP,true,true,2025-01-01,
6831819,Bluepeak,DC,2026,ACA,true,true,2026-01-01,
6831819,Bluepeak,DC,2026,MA,true,true,2026-01-01,
6831819,Bluepeak,DC,2026,MEDSUPP,true,true,2026-01-01,
6831819,Bluepeak,DC,2026,PDP,true,true,2026-01-01,
6831819,Bluepeak,MO,2022,MA,true,true,2022-01-01,
6831819,Bluepeak,MO,2023,MA,true,true,2023-01-01,
6831819,Bluepeak,MO,2024,MA,true,true,2024-01-01,
6831819,Bluepeak,MO,2025,MA,true,true,2025-01-01,
6831819,Bluepeak,MO,2026,ACA,true,true,2026-01-01,
6831819,Bluepeak,MO,2026,MA,true,true,2026-01-01,
6831819,Bluepeak,NE,2025,ACA,true,true,2025-01-01,
6831819,Bluepeak,NE,2025,MA,true,true,2025-01-01,
6831819,Bluepeak,NE,2026,ACA,true,true,2026-01-01,
6831819,Bluepeak,NE,2026,MA,true,true,2026-01-01,
6831819,Bluepeak,NY,2022,MA,true,true,2022-01-01,
6831819,Bluepeak,NY,2022,MEDSUPP,true,true,2022-01-01,
6831819,Bluepeak,NY,2022,PDP,true,true,2022-01-01,
6831819,Bluepeak,NY,2023,MA,true,true,2023-01-01,
6831819,Bluepeak,NY,2023,MEDSUPP,true,true,2023-01-01,
6831819,Bluepeak,NY,2023,PDP,true,true,2023-01-01,
6831819,Bluepeak,NY,2024,ACA,true,true,2024-01-01,
6831819,Bluepeak,NY,2024,MA,true,true,2024-01-01,
6831819,Bluepeak,NY,2024,MEDSUPP,true,true,2024-01-01,
6831819,Bluepeak,NY,2024,PDP,true,true,2024-01-01,
6831819,Bluepeak,NY,2025,ACA,true,true,2025-01-01,
6831819,Bluepeak,NY,2025,MA,true,true,2025-01-01,
6831819,Bluepeak,NY,2025,MEDSUPP,true,true,2025-01-01,
6831819,Bluepeak,NY,2025,PDP,true,true,2025-01-01,
6831819,Bluepeak,NY,2026,ACA,true,true,2026-01-01,
6831819,Bluepeak,NY,2026,MA,true,true,2026-01-01,
6831819,Bluepeak,NY,2026,MEDSUPP,true,true,2026-01-01,
6831819,Bluepeak,NY,2026,PDP,true,true,2026-01-01,
6831819,Bluepeak,NY,2027,ACA,true,true,2027-01-01,
6831819,Cardinal Mutual,DC,2025,ACA,true,true,2025-01-01,
6831819,Cardinal Mutual,DC,2026,ACA,true,true,2026-01-01,
6831819,Cardinal Mutual,MO,2022,MA,true,true,2022-01-01,
6831819,Cardinal Mutual,MO,2023,MA,true,true,2023-01-01,
6831819,Cardinal Mutual,MO,2024,MA,true,true,2024-01-01,
6831819,Cardinal Mutual,MO,2025,ACA,true,true,2025-01-01,
6831819,Cardinal Mutual,MO,2025,MA,true,true,2025-01-01,
6831819,Cardinal Mutual,MO,2026,ACA,true,true,2026-01-01,
6831819,Cardinal Mutual,MO,2026,MA,true,true,2026-01-01,
6831819,Cardinal Mutual,NE,2023,MA,true,true,2023-01-01,
6831819,Cardinal Mutual,NE,2024,MA,true,true,2024-01-01,
6831819,Cardinal Mutual,NE,2025,MA,true,true,2025-01-01,
6831819,Cardinal Mutual,NE,2026,MA,true,true,2026-01-01,
6831819,Cardinal Mutual,NY,2023,MA,true,true,2023-01-01,
6831819,Cardinal Mutual,NY,2024,MA,true,true,2024-01-01,
6831819,Cardinal Mutual,NY,2025,MA,true,true,2025-01-01,
6831819,Cardinal Mutual,NY,2026,MA,true,true,2026-01-01,
6831819,Harborline,DC,2022,MA,true,true,2022-01-01,
6831819,Harborline,DC,2023,MA,true,true,2023-01-01,
6831819,Harborline,DC,2026,ACA,true,true,2026-01-01,
6831819,Harborline,DC,2026,MA,true,true,2026-01-01,
6831819,Harborline,MO,2022,MA,true,true,2022-01-01,
6831819,Harborline,MO,2023,MA,true,true,2023-01-01,
6831819,Harborline,MO,2024,MA,true,true,2024-01-01,
6831819,Harborline,MO,2025,ACA,true,true,2025-01-01,
6831819,Harborline,MO,2026,MEDSUPP,true,true,2026-01-01,
6831819,Harborline,MO,2026,PDP,true,true,2026-01-01,
6831819,Harborline,NE,2022,MEDSUPP,true,true,2022-01-01,
6831819,Harborline,NE,2022,PDP,true,true,2022-01-01,
6831819,Harborline,NE,2023,MA,true,true,2023-01-01,
6831819,Harborline,NE,2023,MEDSUPP,true,true,2023-01-01,
6831819,Harborline,NE,2023,PDP,true,true,2023-01-01,
6831819,Harborline,NE,2024,MA,true,true,2024-01-01,
6831819,Harborline,NE,2024,MEDSUPP,true,true,2024-01-01,
6831819,Harborline,NE,2024,PDP,true,true,2024-01-01,
6831819,Harborline,NE,2025,MA,true,true,2025-01-01,
6831819,Harborline,NE,2025,MEDSUPP,true,true,2025-01-01,
6831819,Harborline,NE,2025,PDP,true,true,2025-01-01,
6831819,Harborline,NE,2026,MA,true,true,2026-01-01,
6831819,Harborline,NE,2026,MEDSUPP,true,true,2026-01-01,
6831819,Harborline,NE,2026,PDP,true,true,2026-01-01,
6831819,Harborline,NY,2023,MA,true,true,2023-01-01,
6831819,Harborline,NY,2024,MA,true,true,2024-01-01,
6831819,Harborline,NY,2024,MEDSUPP,true,true,2024-01-01,
6831819,Harborline,NY,2024,PDP,true,true,2024-01-01,
6831819,Harborline,NY,2025,MA,true,true,2025-01-01,
6831819,Harborline,NY,2025,MEDSUPP,true,true,2025-01-01,
6831819,Harborline,NY,2025,PDP,true,true,2025-01-01,
6831819,Harborline,NY,2026,ACA,true,true,2026-01-01,
6831819,Harborline,NY,2026,MA,true,true,2026-01-01,
6831819,Harborline,NY,2026,MEDSUPP,true,true,2026-01-01,
6831819,Harborline,NY,2026,PDP,true,true,2026-01-01,
6831819,Meridian Care,DC,2023,MEDSUPP,true,true,2023-01-01,
6831819,Meridian Care,DC,2023,PDP,true,true,2023-01-01,
6831819,Meridian Care,DC,2024,MEDSUPP,true,true,2024-01-01,
6831819,Meridian Care,DC,2024,PDP,true,true,2024-01-01,
6831819,Meridian Care,DC,2025,MEDSUPP,true,true,2025-01-01,
6831819,Meridian Care,DC,2025,PDP,true,true,2025-01-01,
6831819,Meridian Care,DC,2026,MEDSUPP,true,true,2026-01-01,
6831819,Meridian Care,DC,2026,PDP,true,true,2026-01-01,
6831819,Meridian Care,MO,2024,MA,true,true,2024-01-01,
6831819,Meridian Care,MO,2025,ACA,true,true,2025-01-01,
6831819,Meridian Care,MO,2025,MA,true,true,2025-01-01,
6831819,Meridian Care,MO,2026,MA,true,true,2026-01-01,
6831819,Meridian Care,NE,2022,MA,true,true,2022-01-01,
6831819,Meridian Care,NE,2023,MA,true,true,2023-01-01,
6831819,Meridian Care,NE,2023,MEDSUPP,true,true,2023-01-01,
6831819,Meridian Care,NE,2023,PDP,true,true,2023-01-01,
6831819,Meridian Care,NE,2024,MA,true,true,2024-01-01,
6831819,Meridian Care,NE,2024,MEDSUPP,true,true,2024-01-01,
6831819,Meridian Care,NE,2024,PDP,true,true,2024-01-01,
6831819,Meridian Care,NE,2025,ACA,true,true,2025-01-01,
6831819,Meridian Care,NE,2025,MA,true,true,2025-01-01,
6831819,Meridian Care,NE,2025,MEDSUPP,true,true,2025-01-01,
6831819,Meridian Care,NE,2025,PDP,true,true,2025-01-01,
6831819,Meridian Care,NE,2026,MA,true,true,2026-01-01,
6831819,Meridian Care,NE,2026,MEDSUPP,true,true,2026-01-01,
6831819,Meridian Care,NE,2026,PDP,true,true,2026-01-01,
6831819,Meridian Care,NY,2024,MA,true,true,2024-01-01,
6831819,Meridian Care,NY,2025,MA,true,true,2025-01-01,
6831819,Meridian Care,NY,2026,MA,true,true,2026-01-01,
6831819,Northwind Health,DC,2024,MA,true,true,2024-01-01,
6831819,Northwind Health,DC,2025,MA,true,true,2025-01-01,
6831819,Northwind Health,DC,2026,MA,true,true,2026-01-01,
6831819,Northwind Health,MO,2022,MA,true,true,2022-01-01,
6831819,Northwind Health,MO,2023,MA,true,true,2023-01-01,
6831819,Northwind Health,MO,2024,MA,true,true,2024-01-01,
6831819,Northwind Health,MO,2025,ACA,true,true,2025-01-01,
6831819,Northwind Health,MO,2025,MA,true,true,2025-01-01,
6831819,Northwind Health,MO,2026,ACA,true,true,2026-01-01,
6831819,Northwind Health,MO,2026,MA,true,true,2026-01-01,
6831819,Northwind Health,NE,2022,MA,true,true,2022-01-01,
6831819,Northwind Health,NE,2023,MA,true,true,2023-01-01,
6831819,Northwind Health,NE,2024,MA,true,true,2024-01-01,
6831819,Northwind Health,NE,2024,PDP,true,true,2024-01-01,
6831819,Northwind Health,NE,2025,MA,true,true,2025-01-01,
6831819,Northwind Health,NE,2025,PDP,true,true,2025-01-01,
6831819,Northwind Health,NE,2026,ACA,true,true,2026-01-01,
6831819,Northwind Health,NE,2026,MA,true,true,2026-01-01,
6831819,Northwind Health,NE,2026,PDP,true,true,2026-01-01,
6831819,Northwind Health,NY,2023,MA,true,true,2023-01-01,
6831819,Northwind Health,NY,2023,PDP,true,true,2023-01-01,
6831819,Northwind Health,NY,2024,ACA,true,true,2024-01-01,
6831819,Northwind Health,NY,2024,MA,true,true,2024-01-01,
6831819,Northwind Health,NY,2024,MEDSUPP,true,true,2024-01-01,
6831819,Northwind Health,NY,2024,PDP,true,true,2024-01-01,
6831819,Northwind Health,NY,2025,ACA,true,true,2025-01-01,
6831819,Northwind Health,NY,2025,MA,true,true,2025-01-01,
6831819,Northwind Health,NY,2025,MEDSUPP,true,true,2025-01-01,
6831819,Northwind Health,NY,2025,PDP,true,true,2025-01-01,
6831819,Northwind Health,NY,2026,ACA,true,true,2026-01-01,
6831819,Northwind Health,NY,2026,MA,true,true,2026-01-01,
6831819,Northwind Health,NY,2026,MEDSUPP,true,true,2026-01-01,
6831819,Northwind Health,NY,2026,PDP,true,true,2026-01-01,
6831819,Summit Health Plans,DC,2023,MA,true,true,2023-01-01,
6831819,Summit Health Plans,DC,2024,MA,true,true,2024-01-01,
6831819,Summit Health Plans,DC,2025,ACA,true,true,2025-01-01,
6831819,Summit Health Plans,DC,2025,MA,true,true,2025-01-01,
6831819,Summit Health Plans,DC,2026,MA,true,true,2026-01-01,
6831819,Summit Health Plans,MO,2024,MA,true,true,2024-01-01,
6831819,Summit Health Plans,MO,2025,ACA,true,true,2025-01-01,
6831819,Summit Health Plans,MO,2025,MA,true,true,2025-01-01,
6831819,Summit Health Plans,MO,2026,ACA,true,true,2026-01-01,
6831819,Summit Health Plans,MO,2026,MA,true,true,2026-01-01,
6831819,Summit Health Plans,NE,2022,MEDSUPP,true,true,2022-01-01,
6831819,Summit Health Plans,NE,2022,PDP,true,true,2022-01-01,
6831819,Summit Health Plans,NE,2023,MA,true,true,2023-01-01,
6831819,Summit Health Plans,NE,2023,MEDSUPP,true,true,2023-01-01,
6831819,Summit Health Plans,NE,2023,PDP,true,true,2023-01-01,
6831819,Summit Health Plans,NE,2024,MA,true,true,2024-01-01,
6831819,Summit Health Plans,NE,2024,MEDSUPP,true,true,2024-01-01,
6831819,Summit Health Plans,NE,2024,PDP,true,true,2024-01-01,
6831819,Summit Health Plans,NE,2025,MA,true,true,2025-01-01,
6831819,Summit Health Plans,NE,2025,MEDSUPP,true,true,2025-01-01,
6831819,Summit Health Plans,NE,2025,PDP,true,true,2025-01-01,
6831819,Summit Health Plans,NE,2026,ACA,true,true,2026-01-01,
6831819,Summit Health Plans,NE,2026,MA,true,true,2026-01-01,
6831819,Summit Health Plans,NE,2026,MEDSUPP,true,true,2026-01-01,
6831819,Summit Health Plans,NE,2026,PDP,true,true,2026-01-01,
6831819,Summit Health Plans,NY,2023,MA,true,true,2023-01-01,
6831819,Summit Health Plans,NY,2024,MA,true,true,2024-01-01,
6831819,Summit Health Plans,NY,2025,ACA,true,true,2025-01-01,
6831819,Summit Health Plans,NY,2025,MA,true,true,2025-01-01,
6831819,Summit Health Plans,NY,2026,MA,true,true,2026-01-01,
6831819,Summit Health Plans,NY,2026,MEDSUPP,true,true,2026-01-01,
7150444,Bluepeak,CO,2025,ACA,true,true,2025-01-01,
7150444,Bluepeak,CO,2025,MA,true,true,2025-01-01,
7150444,Bluepeak,CO,2026,ACA,true,true,2026-01-01,
7150444,Bluepeak,CO,2026,MA,true,true,2026-01-01,
7150444,Bluepeak,IL,2022,MA,true,true,2022-01-01,
7150444,Bluepeak,IL,2023,MA,true,true,2023-01-01,
7150444,Bluepeak,IL,2024,MA,true,true,2024-01-01,
7150444,Bluepeak,IL,2025,MA,true,true,2025-01-01,
7150444,Bluepeak,IL,2026,MA,true,true,2026-01-01,
7150444,Bluepeak,LA,2023,MA,true,true,2023-01-01,
7150444,Bluepeak,LA,2024,MA,true,true,2024-01-01,
7150444,Bluepeak,LA,2025,ACA,true,true,2025-01-01,
7150444,Bluepeak,LA,2025,MA,true,true,2025-01-01,
7150444,Bluepeak,LA,2026,ACA,true,true,2026-01-01,
7150444,Bluepeak,LA,2026,MA,true,true,2026-01-01,
7150444,Bluepeak,LA,2026,PDP,true,true,2026-01-01,
7150444,Bluepeak,WV,2025,MA,true,true,2025-01-01,
7150444,Bluepeak,WV,2026,MA,true,true,2026-01-01,
7150444,Bluepeak,WV,2026,MEDSUPP,true,true,2026-01-01,
7150444,Bluepeak,WV,2026,PDP,true,true,2026-01-01,
7150444,Cardinal Mutual,CO,2025,MA,true,true,2025-01-01,
7150444,Cardinal Mutual,CO,2025,MEDSUPP,true,true,2025-01-01,
7150444,Cardinal Mutual,CO,2025,PDP,true,true,2025-01-01,
7150444,Cardinal Mutual,CO,2026,ACA,true,true,2026-01-01,
7150444,Cardinal Mutual,CO,2026,MA,true,true,2026-01-01,
7150444,Cardinal Mutual,CO,2026,MEDSUPP,true,true,2026-01-01,
7150444,Cardinal Mutual,CO,2026,PDP,true,true,2026-01-01,
7150444,Cardinal Mutual,IL,2025,MA,true,true,2025-01-01,
7150444,Cardinal Mutual,IL,2026,MA,true,true,2026-01-01,
7150444,Cardinal Mutual,LA,2023,MEDSUPP,true,true,2023-01-01,
7150444,Cardinal Mutual,LA,2023,PDP,true,true,2023-01-01,
7150444,Cardinal Mutual,LA,2024,ACA,true,true,2024-01-01,
7150444,Cardinal Mutual,LA,2024,MA,true,true,2024-01-01,
7150444,Cardinal Mutual,LA,2024,MEDSUPP,true,true,2024-01-01,
7150444,Cardinal Mutual,LA,2024,PDP,true,true,2024-01-01,
7150444,Cardinal Mutual,LA,2025,ACA,true,true,2025-01-01,
7150444,Cardinal Mutual,LA,2025,MA,true,true,2025-01-01,
7150444,Cardinal Mutual,LA,2025,MEDSUPP,true,true,2025-01-01,
7150444,Cardinal Mutual,LA,2025,PDP,true,true,2025-01-01,
7150444,Cardinal Mutual,LA,2026,ACA,true,true,2026-01-01,
7150444,Cardinal Mutual,LA,2026,MA,true,true,2026-01-01,
7150444,Cardinal Mutual,LA,2026,MEDSUPP,true,true,2026-01-01,
7150444,Cardinal Mutual,LA,2026,PDP,true,true,2026-01-01,
7150444,Cardinal Mutual,WV,2022,MA,true,true,2022-01-01,
7150444,Cardinal Mutual,WV,2023,MA,true,true,2023-01-01,
7150444,Cardinal Mutual,WV,2024,MA,true,true,2024-01-01,
7150444,Cardinal Mutual,WV,2025,ACA,true,true,2025-01-01,
7150444,Cardinal Mutual,WV,2025,MA,true,true,2025-01-01,
7150444,Cardinal Mutual,WV,2025,PDP,true,true,2025-01-01,
7150444,Cardinal Mutual,WV,2026,MA,true,true,2026-01-01,
7150444,Cardinal Mutual,WV,2026,MEDSUPP,true,true,2026-01-01,
7150444,Cardinal Mutual,WV,2026,PDP,true,true,2026-01-01,
7150444,Harborline,IL,2024,MA,true,true,2024-01-01,
7150444,Harborline,IL,2025,MA,true,true,2025-01-01,
7150444,Harborline,IL,2026,ACA,true,true,2026-01-01,
7150444,Harborline,IL,2026,MA,true,true,2026-01-01,
7150444,Harborline,IL,2026,MEDSUPP,true,true,2026-01-01,
7150444,Harborline,IL,2026,PDP,true,true,2026-01-01,
7150444,Harborline,LA,2022,MEDSUPP,true,true,2022-01-01,
7150444,Harborline,LA,2022,PDP,true,true,2022-01-01,
7150444,Harborline,LA,2023,MA,true,true,2023-01-01,
7150444,Harborline,LA,2023,MEDSUPP,true,true,2023-01-01,
7150444,Harborline,LA,2023,PDP,true,true,2023-01-01,
7150444,Harborline,LA,2024,ACA,true,true,2024-01-01,
7150444,Harborline,LA,2024,MA,true,true,2024-01-01,
7150444,Harborline,LA,2024,MEDSUPP,true,true,2024-01-01,
7150444,Harborline,LA,2024,PDP,true,true,2024-01-01,
7150444,Harborline,LA,2025,ACA,true,true,2025-01-01,
7150444,Harborline,LA,2025,MA,true,true,2025-01-01,
7150444,Harborline,LA,2025,MEDSUPP,true,true,2025-01-01,
7150444,Harborline,LA,2025,PDP,true,true,2025-01-01,
7150444,Harborline,LA,2026,ACA,true,true,2026-01-01,
7150444,Harborline,LA,2026,MA,true,true,2026-01-01,
7150444,Harborline,LA,2026,MEDSUPP,true,true,2026-01-01,
7150444,Harborline,LA,2026,PDP,true,true,2026-01-01,
7150444,Harborline,WV,2022,MA,true,true,2022-01-01,
7150444,Harborline,WV,2023,MA,true,true,2023-01-01,
7150444,Harborline,WV,2024,MA,true,true,2024-01-01,
7150444,Harborline,WV,2024,MEDSUPP,true,true,2024-01-01,
7150444,Harborline,WV,2024,PDP,true,true,2024-01-01,
7150444,Harborline,WV,2025,MA,true,true,2025-01-01,
7150444,Harborline,WV,2025,MEDSUPP,true,true,2025-01-01,
7150444,Harborline,WV,2025,PDP,true,true,2025-01-01,
7150444,Harborline,WV,2026,ACA,true,true,2026-01-01,
7150444,Harborline,WV,2026,MA,true,true,2026-01-01,
7150444,Harborline,WV,2026,MEDSUPP,true,true,2026-01-01,
7150444,Harborline,WV,2026,PDP,true,true,2026-01-01,
7150444,Meridian Care,CO,2023,MA,true,true,2023-01-01,
7150444,Meridian Care,CO,2024,MA,true,true,2024-01-01,
7150444,Meridian Care,CO,2025,ACA,true,true,2025-01-01,
7150444,Meridian Care,CO,2025,MA,true,true,2025-01-01,
7150444,Meridian Care,CO,2026,MA,true,true,2026-01-01,
7150444,Meridian Care,IL,2024,MEDSUPP,true,true,2024-01-01,
7150444,Meridian Care,IL,2024,PDP,true,true,2024-01-01,
7150444,Meridian Care,IL,2025,ACA,true,true,2025-01-01,
7150444,Meridian Care,IL,2025,MEDSUPP,true,true,2025-01-01,
7150444,Meridian Care,IL,2025,PDP,true,true,2025-01-01,
7150444,Meridian Care,IL,2026,ACA,true,true,2026-01-01,
7150444,Meridian Care,IL,2026,MEDSUPP,true,true,2026-01-01,
7150444,Meridian Care,IL,2026,PDP,true,true,2026-01-01,
7150444,Meridian Care,LA,2023,MEDSUPP,true,true,2023-01-01,
7150444,Meridian Care,LA,2023,PDP,true,true,2023-01-01,
7150444,Meridian Care,LA,2024,MA,true,true,2024-01-01,
7150444,Meridian Care,LA,2024,MEDSUPP,true,true,2024-01-01,
7150444,Meridian Care,LA,2024,PDP,true,true,2024-01-01,
7150444,Meridian Care,LA,2025,MA,true,true,2025-01-01,
7150444,Meridian Care,LA,2025,MEDSUPP,true,true,2025-01-01,
7150444,Meridian Care,LA,2025,PDP,true,true,2025-01-01,
7150444,Meridian Care,LA,2026,MA,true,true,2026-01-01,
7150444,Meridian Care,LA,2026,MEDSUPP,true,true,2026-01-01,
7150444,Meridian Care,LA,2026,PDP,true,true,2026-01-01,
7150444,Meridian Care,WV,2023,MA,true,true,2023-01-01,
7150444,Meridian Care,WV,2024,MA,true,true,2024-01-01,
7150444,Meridian Care,WV,2025,MA,true,true,2025-01-01,
7150444,Meridian Care,WV,2026,MA,true,true,2026-01-01,
7150444,Northwind Health,CO,2025,ACA,true,true,2025-01-01,
7150444,Northwind Health,CO,2025,MEDSUPP,true,true,2025-01-01,
7150444,Northwind Health,CO,2025,PDP,true,true,2025-01-01,
7150444,Northwind Health,CO,2026,MEDSUPP,true,true,2026-01-01,
7150444,Northwind Health,CO,2026,PDP,true,true,2026-01-01,
7150444,Northwind Health,IL,2023,MA,true,true,2023-01-01,
7150444,Northwind Health,IL,2024,MA,true,true,2024-01-01,
7150444,Northwind Health,IL,2025,MA,true,true,2025-01-01,
7150444,Northwind Health,IL,2026,ACA,true,true,2026-01-01,
7150444,Northwind Health,IL,2026,MA,true,true,2026-01-01,
7150444,Northwind Health,IL,2026,MEDSUPP,true,true,2026-01-01,2026-01-31
7150444,Northwind Health,IL,2026,PDP,true,true,2026-01-01,
7150444,Northwind Health,LA,2023,MA,true,true,2023-01-01,
7150444,Northwind Health,LA,2024,MA,true,true,2024-01-01,
7150444,Northwind Health,LA,2025,MA,true,true,2025-01-01,
7150444,Northwind Health,LA,2026,MA,true,true,2026-01-01,
7150444,Northwind Health,WV,2022,MA,true,true,2022-01-01,
7150444,Northwind Health,WV,2023,MA,true,true,2023-01-01,
7150444,Northwind Health,WV,2023,MEDSUPP,true,true,2023-01-01,
7150444,Northwind Health,WV,2023,PDP,true,true,2023-01-01,
7150444,Northwind Health,WV,2024,ACA,true,true,2024-01-01,
7150444,Northwind Health,WV,2024,MA,true,true,2024-01-01,
7150444,Northwind Health,WV,2024,MEDSUPP,true,true,2024-01-01,
7150444,Northwind Health,WV,2024,PDP,true,true,2024-01-01,
7150444,Northwind Health,WV,2025,ACA,true,true,2025-01-01,
7150444,Northwind Health,WV,2025,MA,true,true,2025-01-01,
7150444,Northwind Health,WV,2025,MEDSUPP,true,true,2025-01-01,
7150444,Northwind Health,WV,2025,PDP,true,true,2025-01-01,
7150444,Northwind Health,WV,2026,ACA,true,true,2026-01-01,
7150444,Northwind Health,WV,2026,MA,true,true,2026-01-01,
7150444,Northwind Health,WV,2026,MEDSUPP,true,true,2026-01-01,
7150444,Northwind Health,WV,2026,PDP,true,true,2026-01-01,
7150444,Summit Health Plans,CO,2022,MA,true,true,2022-01-01,
7150444,Summit Health Plans,CO,2023,MA,true,true,2023-01-01,
7150444,Summit Health Plans,CO,2024,MA,true,true,2024-01-01,
7150444,Summit Health Plans,CO,2024,MEDSUPP,true,true,2024-01-01,
7150444,Summit Health Plans,CO,2024,PDP,true,true,2024-01-01,
7150444,Summit Health Plans,CO,2025,MA,true,true,2025-01-01,
7150444,Summit Health Plans,CO,2025,MEDSUPP,true,true,2025-01-01,
7150444,Summit Health Plans,CO,2025,PDP,true,true,2025-01-01,
7150444,Summit Health Plans,CO,2026,ACA,true,true,2026-01-01,
7150444,Summit Health Plans,CO,2026,MA,true,true,2026-01-01,
7150444,Summit Health Plans,CO,2026,MEDSUPP,true,true,2026-01-01,
7150444,Summit Health Plans,CO,2026,PDP,true,true,2026-01-01,
7150444,Summit Health Plans,IL,2022,MA,true,true,2022-01-01,
7150444,Summit Health Plans,IL,2023,MA,true,true,2023-01-01,
7150444,Summit Health Plans,IL,2024,MA,true,true,2024-01-01,
7150444,Summit Health Plans,IL,2025,MA,true,true,2025-01-01,
7150444,Summit Health Plans,IL,2026,MA,true,true,2026-01-01,
7150444,Summit Health Plans,LA,2023,MA,true,true,2023-01-01,
7150444,Summit Health Plans,LA,2024,MA,true,true,2024-01-01,
7150444,Summit Health Plans,LA,2025,MA,true,true,2025-01-01,
7150444,Summit Health Plans,LA,2026,ACA,true,true,2026-01-01,
7150444,Summit Health Plans,LA,2026,MA,true,true,2026-01-01,
7150444,Summit Health Plans,WV,2026,MA,true,true,2026-01-01,2026-01-31
74197857,Bluepeak,NC,2022,MA,true,true,2022-01-01,
74197857,Bluepeak,NC,2022,MEDSUPP,true,true,2022-01-01,
74197857,Bluepeak,NC,2022,PDP,true,true,2022-01-01,
74197857,Bluepeak,NC,2023,MA,true,true,2023-01-01,
74197857,Bluepeak,NC,2023,MEDSUPP,true,true,2023-01-01,
74197857,Bluepeak,NC,2023,PDP,true,true,2023-01-01,
74197857,Bluepeak,NC,2024,ACA,true,true,2024-01-01,
74197857,Bluepeak,NC,2024,MA,true,true,2024-01-01,
74197857,Bluepeak,NC,2024,MEDSUPP,true,true,2024-01-01,
74197857,Bluepeak,NC,2024,PDP,true,true,2024-01-01,
74197857,Bluepeak,NC,2025,ACA,true,true,2025-01-01,
74197857,Bluepeak,NC,2025,MA,true,true,2025-01-01,
74197857,Bluepeak,NC,2025,MEDSUPP,true,true,2025-01-01,
74197857,Bluepeak,NC,2025,PDP,true,true,2025-01-01,
74197857,Bluepeak,NC,2026,ACA,true,true,2026-01-01,
74197857,Bluepeak,NC,2026,MA,true,true,2026-01-01,
74197857,Bluepeak,NC,2026,MEDSUPP,true,true,2026-01-01,
74197857,Bluepeak,NC,2026,PDP,true,true,2026-01-01,
74197857,Bluepeak,OR,2022,MA,true,true,2022-01-01,
74197857,Bluepeak,OR,2023,MA,true,true,2023-01-01,
74197857,Bluepeak,OR,2023,MEDSUPP,true,true,2023-01-01,
74197857,Bluepeak,OR,2023,PDP,true,true,2023-01-01,
74197857,Bluepeak,OR,2024,MA,true,true,2024-01-01,
74197857,Bluepeak,OR,2024,MEDSUPP,true,true,2024-01-01,
74197857,Bluepeak,OR,2024,PDP,true,true,2024-01-01,
74197857,Bluepeak,OR,2025,MA,true,true,2025-01-01,
74197857,Bluepeak,OR,2025,MEDSUPP,true,true,2025-01-01,
74197857,Bluepeak,OR,2025,PDP,true,true,2025-01-01,
74197857,Bluepeak,OR,2026,ACA,true,true,2026-01-01,
74197857,Bluepeak,OR,2026,MA,true,true,2026-01-01,
74197857,Bluepeak,OR,2026,MEDSUPP,true,true,2026-01-01,
74197857,Bluepeak,OR,2026,PDP,true,true,2026-01-01,
74197857,Cardinal Mutual,NC,2023,MEDSUPP,true,true,2023-01-01,
74197857,Cardinal Mutual,NC,2023,PDP,true,true,2023-01-01,
74197857,Cardinal Mutual,NC,2024,MA,true,true,2024-01-01,
74197857,Cardinal Mutual,NC,2024,MEDSUPP,true,true,2024-01-01,
74197857,Cardinal Mutual,NC,2024,PDP,true,true,2024-01-01,
74197857,Cardinal Mutual,NC,2025,MA,true,true,2025-01-01,
74197857,Cardinal Mutual,NC,2025,MEDSUPP,true,true,2025-01-01,
74197857,Cardinal Mutual,NC,2025,PDP,true,true,2025-01-01,
74197857,Cardinal Mutual,NC,2026,MA,true,true,2026-01-01,
74197857,Cardinal Mutual,NC,2026,MEDSUPP,true,true,2026-01-01,
74197857,Cardinal Mutual,NC,2026,PDP,true,true,2026-01-01,
74197857,Cardinal Mutual,OR,2022,MA,true,true,2022-01-01,
74197857,Cardinal Mutual,OR,2023,MA,true,true,2023-01-01,
74197857,Cardinal Mutual,OR,2024,MA,true,true,2024-01-01,
74197857,Cardinal Mutual,OR,2025,ACA,true,true,2025-01-01,
74197857,Cardinal Mutual,OR,2025,MA,true,true,2025-01-01,
74197857,Cardinal Mutual,OR,2025,MEDSUPP,true,true,2025-01-01,
74197857,Cardinal Mutual,OR,2025,PDP,true,true,2025-01-01,
74197857,Cardinal Mutual,OR,2026,ACA,true,true,2026-01-01,
74197857,Cardinal Mutual,OR,2026,MA,true,true,2026-01-01,
74197857,Cardinal Mutual,OR,2026,MEDSUPP,true,true,2026-01-01,
74197857,Cardinal Mutual,OR,2026,PDP,true,true,2026-01-01,
74197857,Harborline,NC,2022,MA,true,true,2022-01-01,
74197857,Harborline,NC,2023,MA,true,true,2023-01-01,
74197857,Harborline,NC,2024,MA,true,true,2024-01-01,
74197857,Harborline,NC,2025,ACA,true,true,2025-01-01,
74197857,Harborline,NC,2025,MA,true,true,2025-01-01,
74197857,Harborline,NC,2026,MA,true,true,2026-01-01,
74197857,Harborline,OR,2022,MA,true,true,2022-01-01,
74197857,Harborline,OR,2023,MA,true,true,2023-01-01,
74197857,Harborline,OR,2024,ACA,true,true,2024-01-01,
74197857,Harborline,OR,2024,MA,true,true,2024-01-01,
74197857,Harborline,OR,2025,ACA,true,true,2025-01-01,
74197857,Harborline,OR,2025,MA,true,true,2025-01-01,
74197857,Harborline,OR,2026,ACA,true,true,2026-01-01,
74197857,Harborline,OR,2026,MA,true,true,2026-01-01,
74197857,Meridian Care,NC,2022,MA,true,true,2022-01-01,
74197857,Meridian Care,NC,2023,MA,true,true,2023-01-01,
74197857,Meridian Care,NC,2024,MA,true,true,2024-01-01,
74197857,Meridian Care,NC,2025,MA,true,true,2025-01-01,
74197857,Meridian Care,NC,2026,ACA,true,true,2026-01-01,
74197857,Meridian Care,NC,2026,MA,true,true,2026-01-01,
74197857,Meridian Care,NC,2026,MEDSUPP,true,true,2026-01-01,
74197857,Meridian Care,NC,2026,PDP,true,true,2026-01-01,
74197857,Meridian Care,OR,2022,MA,true,true,2022-01-01,
74197857,Meridian Care,OR,2022,MEDSUPP,true,true,2022-01-01,
74197857,Meridian Care,OR,2022,PDP,true,true,2022-01-01,
74197857,Meridian Care,OR,2023,MA,true,true,2023-01-01,
74197857,Meridian Care,OR,2023,MEDSUPP,true,true,2023-01-01,
74197857,Meridian Care,OR,2023,PDP,true,true,2023-01-01,
74197857,Meridian Care,OR,2024,ACA,true,true,2024-01-01,
74197857,Meridian Care,OR,2024,MA,true,true,2024-01-01,
74197857,Meridian Care,OR,2024,MEDSUPP,true,true,2024-01-01,
74197857,Meridian Care,OR,2024,PDP,true,true,2024-01-01,
74197857,Meridian Care,OR,2025,ACA,true,true,2025-01-01,
74197857,Meridian Care,OR,2025,MA,true,true,2025-01-01,
74197857,Meridian Care,OR,2025,MEDSUPP,true,true,2025-01-01,
74197857,Meridian Care,OR,2025,PDP,true,true,2025-01-01,
74197857,Meridian Care,OR,2026,ACA,true,true,2026-01-01,
74197857,Meridian Care,OR,2026,MA,true,true,2026-01-01,
74197857,Meridian Care,OR,2026,MEDSUPP,true,true,2026-01-01,
74197857,Meridian Care,OR,2026,PDP,true,true,2026-01-01,
74197857,Northwind Health,NC,2022,MA,true,true,2022-01-01,
74197857,Northwind Health,NC,2023,MA,true,true,2023-01-01,
74197857,Northwind Health,NC,2024,MA,true,true,2024-01-01,
74197857,Northwind Health,NC,2024,MEDSUPP,true,true,2024-01-01,
74197857,Northwind Health,NC,2024,PDP,true,true,2024-01-01,
74197857,Northwind Health,NC,2025,ACA,true,true,2025-01-01,
74197857,Northwind Health,NC,2025,MA,true,true,2025-01-01,
74197857,Northwind Health,NC,2025,MEDSUPP,true,true,2025-01-01,
74197857,Northwind Health,NC,2025,PDP,true,true,2025-01-01,
74197857,Northwind Health,NC,2026,ACA,true,true,2026-01-01,
74197857,Northwind Health,NC,2026,MA,true,true,2026-01-01,
74197857,Northwind Health,NC,2026,MEDSUPP,true,true,2026-01-01,
74197857,Northwind Health,NC,2026,PDP,true,true,2026-01-01,
74197857,Northwind Health,OR,2025,MA,true,true,2025-01-01,
74197857,Northwind Health,OR,2026,ACA,true,true,2026-01-01,
74197857,Northwind Health,OR,2026,MA,true,true,2026-01-01,
74197857,Summit Health Plans,NC,2022,MA,true,true,2022-01-01,
74197857,Summit Health Plans,NC,2023,MA,true,true,2023-01-01,
74197857,Summit Health Plans,NC,2024,MA,true,true,2024-01-01,
74197857,Summit Health Plans,NC,2024,PDP,true,true,2024-01-01,
74197857,Summit Health Plans,NC,2025,ACA,true,true,2025-01-01,
74197857,Summit Health Plans,NC,2025,MA,true,true,2025-01-01,
74197857,Summit Health Plans,NC,2025,PDP,true,true,2025-01-01,
74197857,Summit Health Plans,NC,2026,MA,true,true,2026-01-01,
74197857,Summit Health Plans,NC,2026,PDP,true,true,2026-01-01,
74197857,Summit Health Plans,OR,2022,MEDSUPP,true,true,2022-01-01,
74197857,Summit Health Plans,OR,2022,PDP,true,true,2022-01-01,
74197857,Summit Health Plans,OR,2023,MA,true,true,2023-01-01,
74197857,Summit Health Plans,OR,2023,MEDSUPP,true,true,2023-01-01,
74197857,Summit Health Plans,OR,2023,PDP,true,true,2023-01-01,
74197857,Summit Health Plans,OR,2024,ACA,true,true,2024-01-01,
74197857,Summit Health Plans,OR,2024,MA,true,true,2024-01-01,
74197857,Summit Health Plans,OR,2024,MEDSUPP,true,true,2024-01-01,
74197857,Summit Health Plans,OR,2024,PDP,true,true,2024-01-01,
74197857,Summit Health Plans,OR,2025,ACA,true,true,2025-01-01,
74197857,Summit Health Plans,OR,2025,MA,true,true,2025-01-01,
74197857,Summit Health Plans,OR,2025,MEDSUPP,true,true,2025-01-01,
74197857,Summit Health Plans,OR,2025,PDP,true,true,2025-01-01,
74197857,Summit Health Plans,OR,2026,ACA,true,true,2026-01-01,
74197857,Summit Health Plans,OR,2026,MA,true,true,2026-01-01,
74197857,Summit Health Plans,OR,2026,MEDSUPP,true,true,2026-01-01,
74197857,Summit Health Plans,OR,2026,PDP,true,true,2026-01-01,
77125617,Bluepeak,ID,2022,MA,true,true,2022-01-01,
77125617,Bluepeak,ID,2023,MA,true,true,2023-01-01,
77125617,Bluepeak,ID,2024,MA,true,true,2024-01-01,
77125617,Bluepeak,ID,2025,ACA,true,true,2025-01-01,
77125617,Bluepeak,ID,2025,MA,true,true,2025-01-01,
77125617,Bluepeak,ID,2026,MA,true,true,2026-01-01,
77125617,Bluepeak,MD,2023,MA,true,true,2023-01-01,
77125617,Bluepeak,MD,2024,ACA,true,true,2024-01-01,
77125617,Bluepeak,MD,2024,MA,true,true,2024-01-01,
77125617,Bluepeak,MD,2024,PDP,true,true,2024-01-01,
77125617,Bluepeak,MD,2025,ACA,true,true,2025-01-01,
77125617,Bluepeak,MD,2025,MA,true,true,2025-01-01,
77125617,Bluepeak,MD,2025,PDP,true,true,2025-01-01,
77125617,Bluepeak,MD,2026,ACA,true,true,2026-01-01,
77125617,Bluepeak,MD,2026,MA,true,true,2026-01-01,
77125617,Bluepeak,MD,2026,PDP,true,true,2026-01-01,
77125617,Bluepeak,SD,2024,ACA,true,true,2024-01-01,
77125617,Bluepeak,SD,2025,ACA,true,true,2025-01-01,
77125617,Bluepeak,SD,2025,MA,true,true,2025-01-01,
77125617,Bluepeak,SD,2026,ACA,true,true,2026-01-01,
77125617,Bluepeak,SD,2026,MA,true,true,2026-01-01,
77125617,Cardinal Mutual,ID,2023,MA,true,true,2023-01-01,
77125617,Cardinal Mutual,ID,2024,MA,true,true,2024-01-01,
77125617,Cardinal Mutual,ID,2025,MA,true,true,2025-01-01,
77125617,Cardinal Mutual,ID,2026,MA,true,true,2026-01-01,
77125617,Cardinal Mutual,MD,2022,MA,true,true,2022-01-01,
77125617,Cardinal Mutual,MD,2023,MA,true,true,2023-01-01,
77125617,Cardinal Mutual,MD,2024,MA,true,true,2024-01-01,
77125617,Cardinal Mutual,MD,2025,MA,true,true,2025-01-01,
77125617,Cardinal Mutual,MD,2026,MA,true,true,2026-01-01,
77125617,Cardinal Mutual,NJ,2024,MA,true,true,2024-01-01,
77125617,Cardinal Mutual,NJ,2024,MEDSUPP,true,true,2024-01-01,
77125617,Cardinal Mutual,NJ,2024,PDP,true,true,2024-01-01,
77125617,Cardinal Mutual,NJ,2025,MA,true,true,2025-01-01,
77125617,Cardinal Mutual,NJ,2025,MEDSUPP,true,true,2025-01-01,
77125617,Cardinal Mutual,NJ,2025,PDP,true,true,2025-01-01,
77125617,Cardinal Mutual,NJ,2026,ACA,true,true,2026-01-01,
77125617,Cardinal Mutual,NJ,2026,MA,true,true,2026-01-01,
77125617,Cardinal Mutual,NJ,2026,MEDSUPP,true,true,2026-01-01,
77125617,Cardinal Mutual,NJ,2026,PDP,true,true,2026-01-01,
77125617,Cardinal Mutual,SD,2024,ACA,true,true,2024-01-01,
77125617,Cardinal Mutual,SD,2025,ACA,true,true,2025-01-01,
77125617,Cardinal Mutual,SD,2025,MA,true,true,2025-01-01,
77125617,Cardinal Mutual,SD,2026,ACA,true,true,2026-01-01,
77125617,Cardinal Mutual,SD,2026,MA,true,true,2026-01-01,
77125617,Harborline,ID,2022,MA,true,true,2022-01-01,
77125617,Harborline,ID,2023,MA,true,true,2023-01-01,
77125617,Harborline,ID,2024,ACA,true,true,2024-01-01,
77125617,Harborline,ID,2024,MA,true,true,2024-01-01,
77125617,Harborline,ID,2025,ACA,true,true,2025-01-01,
77125617,Harborline,ID,2025,MA,true,true,2025-01-01,
77125617,Harborline,ID,2026,ACA,true,true,2026-01-01,
77125617,Harborline,ID,2026,MA,true,true,2026-01-01,
77125617,Harborline,MD,2024,MA,true,true,2024-01-01,
77125617,Harborline,MD,2025,MA,true,true,2025-01-01,
77125617,Harborline,MD,2026,MA,true,true,2026-01-01,
77125617,Harborline,NJ,2023,MA,true,true,2023-01-01,
77125617,Harborline,NJ,2024,MA,true,true,2024-01-01,
77125617,Harborline,NJ,2025,ACA,true,true,2025-01-01,
77125617,Harborline,NJ,2025,MA,true,true,2025-01-01,
77125617,Harborline,NJ,2026,ACA,true,true,2026-01-01,
77125617,Harborline,NJ,2026,MA,true,true,2026-01-01,
77125617,Harborline,SD,2026,ACA,true,true,2026-01-01,
77125617,Meridian Care,ID,2022,MA,true,true,2022-01-01,
77125617,Meridian Care,ID,2023,MA,true,true,2023-01-01,
77125617,Meridian Care,ID,2023,PDP,true,true,2023-01-01,
77125617,Meridian Care,ID,2024,MA,true,true,2024-01-01,
77125617,Meridian Care,ID,2024,PDP,true,true,2024-01-01,
77125617,Meridian Care,ID,2025,MA,true,true,2025-01-01,
77125617,Meridian Care,ID,2025,PDP,true,true,2025-01-01,
77125617,Meridian Care,ID,2026,MA,true,true,2026-01-01,
77125617,Meridian Care,ID,2026,MEDSUPP,true,true,2026-01-01,
77125617,Meridian Care,ID,2026,PDP,true,true,2026-01-01,
77125617,Meridian Care,MD,2022,MA,true,true,2022-01-01,
77125617,Meridian Care,MD,2023,MA,true,true,2023-01-01,
77125617,Meridian Care,MD,2024,MA,true,true,2024-01-01,
77125617,Meridian Care,MD,2025,MA,true,true,2025-01-01,
77125617,Meridian Care,MD,2026,MA,true,true,2026-01-01,
77125617,Meridian Care,NJ,2024,ACA,true,true,2024-01-01,
77125617,Meridian Care,NJ,2024,MEDSUPP,true,true,2024-01-01,
77125617,Meridian Care,NJ,2024,PDP,true,true,2024-01-01,
77125617,Meridian Care,NJ,2025,ACA,true,true,2025-01-01,
77125617,Meridian Care,NJ,2025,MEDSUPP,true,true,2025-01-01,
77125617,Meridian Care,NJ,2025,PDP,true,true,2025-01-01,
77125617,Meridian Care,NJ,2026,ACA,true,true,2026-01-01,
77125617,Meridian Care,NJ,2026,MEDSUPP,true,true,2026-01-01,
77125617,Meridian Care,NJ,2026,PDP,true,true,2026-01-01,
77125617,Meridian Care,SD,2022,MA,true,true,2022-01-01,
77125617,Meridian Care,SD,2023,MA,true,true,2023-01-01,
77125617,Meridian Care,SD,2024,MA,true,true,2024-01-01,
77125617,Meridian Care,SD,2025,MA,true,true,2025-01-01,
77125617,Meridian Care,SD,2025,PDP,true,true,2025-01-01,
77125617,Meridian Care,SD,2026,MA,true,true,2026-01-01,
77125617,Meridian Care,SD,2026,PDP,true,true,2026-01-01,
77125617,Northwind Health,ID,2023,MA,true,true,2023-01-01,
77125617,Northwind Health,ID,2023,PDP,true,true,2023-01-01,
77125617,Northwind Health,ID,2024,MA,true,true,2024-01-01,
77125617,Northwind Health,ID,2024,PDP,true,true,2024-01-01,
77125617,Northwind Health,ID,2025,ACA,true,true,2025-01-01,
77125617,Northwind Health,ID,2025,MA,true,true,2025-01-01,
77125617,Northwind Health,ID,2025,PDP,true,true,2025-01-01,
77125617,Northwind Health,ID,2026,ACA,true,true,2026-01-01,
77125617,Northwind Health,ID,2026,MA,true,true,2026-01-01,
77125617,Northwind Health,ID,2026,PDP,true,true,2026-01-01,
77125617,Northwind Health,MD,2022,MA,true,true,2022-01-01,
77125617,Northwind Health,MD,2023,MA,true,true,2023-01-01,
77125617,Northwind Health,MD,2024,MA,true,true,2024-01-01,
77125617,Northwind Health,MD,2025,MA,true,true,2025-01-01,
77125617,Northwind Health,MD,2026,MA,true,true,2026-01-01,
77125617,Northwind Health,NJ,2024,MA,true,true,2024-01-01,
77125617,Northwind Health,NJ,2025,ACA,true,true,2025-01-01,
77125617,Northwind Health,NJ,2025,MA,true,true,2025-01-01,
77125617,Northwind Health,NJ,2026,MA,true,true,2026-01-01,
77125617,Northwind Health,SD,2022,MA,true,true,2022-01-01,
77125617,Northwind Health,SD,2022,PDP,true,true,2022-01-01,
77125617,Northwind Health,SD,2023,MA,true,true,2023-01-01,
77125617,Northwind Health,SD,2023,PDP,true,true,2023-01-01,
77125617,Northwind Health,SD,2024,MA,true,true,2024-01-01,
77125617,Northwind Health,SD,2024,PDP,true,true,2024-01-01,
77125617,Northwind Health,SD,2025,ACA,true,true,2025-01-01,
77125617,Northwind Health,SD,2025,MA,true,true,2025-01-01,
77125617,Northwind Health,SD,2025,PDP,true,true,2025-01-01,
77125617,Northwind Health,SD,2026,MA,true,true,2026-01-01,
77125617,Northwind Health,SD,2026,PDP,true,true,2026-01-01,
77125617,Summit Health Plans,ID,2022,MA,true,true,2022-01-01,
77125617,Summit Health Plans,ID,2023,MA,true,true,2023-01-01,
77125617,Summit Health Plans,ID,2024,MA,true,true,2024-01-01,
77125617,Summit Health Plans,ID,2025,MA,true,true,2025-01-01,
77125617,Summit Health Plans,ID,2026,MA,true,true,2026-01-01,
77125617,Summit Health Plans,ID,2026,PDP,true,true,2026-01-01,2026-01-31
77125617,Summit Health Plans,MD,2022,MA,true,true,2022-01-01,
77125617,Summit Health Plans,MD,2023,MA,true,true,2023-01-01,
77125617,Summit Health Plans,MD,2023,MEDSUPP,true,true,2023-01-01,
77125617,Summit Health Plans,MD,2023,PDP,true,true,2023-01-01,
77125617,Summit Health Plans,MD,2024,MA,true,true,2024-01-01,
77125617,Summit Health Plans,MD,2024,MEDSUPP,true,true,2024-01-01,
77125617,Summit Health Plans,MD,2024,PDP,true,true,2024-01-01,
77125617,Summit Health Plans,MD,2025,MA,true,true,2025-01-01,
77125617,Summit Health Plans,MD,2025,MEDSUPP,true,true,2025-01-01,
77125617,Summit Health Plans,MD,2025,PDP,true,true,2025-01-01,
77125617,Summit Health Plans,MD,2026,MA,true,true,2026-01-01,
77125617,Summit Health Plans,MD,2026,MEDSUPP,true,true,2026-01-01,
77125617,Summit Health Plans,MD,2026,PDP,true,true,2026-01-01,
77125617,Summit Health Plans,NJ,2026,ACA,true,true,2026-01-01,
77125617,Summit Health Plans,SD,2025,MA,true,true,2025-01-01,
77125617,Summit Health Plans,SD,2025,MEDSUPP,true,true,2025-01-01,
77125617,Summit Health Plans,SD,2025,PDP,true,true,2025-01-01,
77125617,Summit Health Plans,SD,2026,MA,true,true,2026-01-01,
77125617,Summit Health Plans,SD,2026,MEDSUPP,true,true,2026-01-01,
77125617,Summit Health Plans,SD,2026,PDP,true,true,2026-01-01,
78490893,Bluepeak,CA,2024,ACA,true,true,2024-01-01,
78490893,Bluepeak,CA,2024,MA,true,true,2024-01-01,
78490893,Bluepeak,CA,2025,ACA,true,true,2025-01-01,
78490893,Bluepeak,CA,2025,MA,true,true,2025-01-01,
78490893,Bluepeak,CA,2026,ACA,true,true,2026-01-01,
78490893,Bluepeak,CA,2026,MA,true,true,2026-01-01,
78490893,Bluepeak,VA,2022,MA,true,true,2022-01-01,
78490893,Bluepeak,VA,2022,MEDSUPP,true,true,2022-01-01,
78490893,Bluepeak,VA,2022,PDP,true,true,2022-01-01,
78490893,Bluepeak,VA,2023,MA,true,true,2023-01-01,
78490893,Bluepeak,VA,2023,MEDSUPP,true,true,2023-01-01,
78490893,Bluepeak,VA,2023,PDP,true,true,2023-01-01,
78490893,Bluepeak,VA,2024,MA,true,true,2024-01-01,
78490893,Bluepeak,VA,2024,MEDSUPP,true,true,2024-01-01,
78490893,Bluepeak,VA,2024,PDP,true,true,2024-01-01,
78490893,Bluepeak,VA,2025,MA,true,true,2025-01-01,
78490893,Bluepeak,VA,2025,MEDSUPP,true,true,2025-01-01,
78490893,Bluepeak,VA,2025,PDP,true,true,2025-01-01,
78490893,Bluepeak,VA,2026,MA,true,true,2026-01-01,
78490893,Bluepeak,VA,2026,MEDSUPP,true,true,2026-01-01,
78490893,Bluepeak,VA,2026,PDP,true,true,2026-01-01,
78490893,Cardinal Mutual,CA,2023,MA,true,true,2023-01-01,
78490893,Cardinal Mutual,CA,2024,MA,true,true,2024-01-01,
78490893,Cardinal Mutual,CA,2025,ACA,true,true,2025-01-01,
78490893,Cardinal Mutual,CA,2025,MA,true,true,2025-01-01,
78490893,Cardinal Mutual,CA,2026,ACA,true,true,2026-01-01,
78490893,Cardinal Mutual,CA,2026,MA,true,true,2026-01-01,
78490893,Cardinal Mutual,CA,2026,PDP,true,true,2026-01-01,
78490893,Cardinal Mutual,VA,2022,MA,true,true,2022-01-01,
78490893,Cardinal Mutual,VA,2023,MA,true,true,2023-01-01,
78490893,Cardinal Mutual,VA,2023,MEDSUPP,true,true,2023-01-01,
78490893,Cardinal Mutual,VA,2023,PDP,true,true,2023-01-01,
78490893,Cardinal Mutual,VA,2024,MA,true,true,2024-01-01,
78490893,Cardinal Mutual,VA,2024,MEDSUPP,true,true,2024-01-01,
78490893,Cardinal Mutual,VA,2024,PDP,true,true,2024-01-01,
78490893,Cardinal Mutual,VA,2025,MA,true,true,2025-01-01,
78490893,Cardinal Mutual,VA,2025,MEDSUPP,true,true,2025-01-01,
78490893,Cardinal Mutual,VA,2025,PDP,true,true,2025-01-01,
78490893,Cardinal Mutual,VA,2026,MA,true,true,2026-01-01,
78490893,Cardinal Mutual,VA,2026,MEDSUPP,true,true,2026-01-01,
78490893,Cardinal Mutual,VA,2026,PDP,true,true,2026-01-01,
78490893,Harborline,CA,2022,MA,true,true,2022-01-01,
78490893,Harborline,CA,2022,MEDSUPP,true,true,2022-01-01,
78490893,Harborline,CA,2022,PDP,true,true,2022-01-01,
78490893,Harborline,CA,2023,MA,true,true,2023-01-01,
78490893,Harborline,CA,2023,MEDSUPP,true,true,2023-01-01,
78490893,Harborline,CA,2023,PDP,true,true,2023-01-01,
78490893,Harborline,CA,2024,MA,true,true,2024-01-01,
78490893,Harborline,CA,2024,MEDSUPP,true,true,2024-01-01,
78490893,Harborline,CA,2024,PDP,true,true,2024-01-01,
78490893,Harborline,CA,2025,ACA,true,true,2025-01-01,
78490893,Harborline,CA,2025,MA,true,true,2025-01-01,
78490893,Harborline,CA,2025,MEDSUPP,true,true,2025-01-01,
78490893,Harborline,CA,2025,PDP,true,true,2025-01-01,
78490893,Harborline,CA,2026,ACA,true,true,2026-01-01,
78490893,Harborline,CA,2026,MA,true,true,2026-01-01,
78490893,Harborline,CA,2026,MEDSUPP,true,true,2026-01-01,
78490893,Harborline,CA,2026,PDP,true,true,2026-01-01,
78490893,Harborline,VA,2022,MA,true,true,2022-01-01,
78490893,Harborline,VA,2023,MA,true,true,2023-01-01,
78490893,Harborline,VA,2024,MA,true,true,2024-01-01,
78490893,Harborline,VA,2025,MA,true,true,2025-01-01,
78490893,Harborline,VA,2025,MEDSUPP,true,true,2025-01-01,
78490893,Harborline,VA,2025,PDP,true,true,2025-01-01,
78490893,Harborline,VA,2026,ACA,true,true,2026-01-01,
78490893,Harborline,VA,2026,MA,true,true,2026-01-01,
78490893,Harborline,VA,2026,MEDSUPP,true,true,2026-01-01,
78490893,Harborline,VA,2026,PDP,true,true,2026-01-01,
78490893,Meridian Care,CA,2023,MA,true,true,2023-01-01,
78490893,Meridian Care,CA,2024,MA,true,true,2024-01-01,
78490893,Meridian Care,CA,2025,MA,true,true,2025-01-01,
78490893,Meridian Care,CA,2026,MA,true,true,2026-01-01,
78490893,Meridian Care,VA,2022,PDP,true,true,2022-01-01,
78490893,Meridian Care,VA,2023,MA,true,true,2023-01-01,
78490893,Meridian Care,VA,2023,PDP,true,true,2023-01-01,
78490893,Meridian Care,VA,2024,MA,true,true,2024-01-01,
78490893,Meridian Care,VA,2024,PDP,true,true,2024-01-01,
78490893,Meridian Care,VA,2025,MA,true,true,2025-01-01,
78490893,Meridian Care,VA,2025,PDP,true,true,2025-01-01,
78490893,Meridian Care,VA,2026,ACA,true,true,2026-01-01,
78490893,Meridian Care,VA,2026,MA,true,true,2026-01-01,
78490893,Meridian Care,VA,2026,PDP,true,true,2026-01-01,
78490893,Northwind Health,CA,2023,MA,true,true,2023-01-01,
78490893,Northwind Health,CA,2024,MA,true,true,2024-01-01,
78490893,Northwind Health,CA,2024,MEDSUPP,true,true,2024-01-01,
78490893,Northwind Health,CA,2024,PDP,true,true,2024-01-01,
78490893,Northwind Health,CA,2025,ACA,true,true,2025-01-01,
78490893,Northwind Health,CA,2025,MA,true,true,2025-01-01,
78490893,Northwind Health,CA,2025,MEDSUPP,true,true,2025-01-01,
78490893,Northwind Health,CA,2025,PDP,true,true,2025-01-01,
78490893,Northwind Health,CA,2026,ACA,true,true,2026-01-01,
78490893,Northwind Health,CA,2026,MA,true,true,2026-01-01,
78490893,Northwind Health,CA,2026,MEDSUPP,true,true,2026-01-01,
78490893,Northwind Health,CA,2026,PDP,true,true,2026-01-01,
78490893,Northwind Health,VA,2022,MA,true,true,2022-01-01,
78490893,Northwind Health,VA,2023,MA,true,true,2023-01-01,
78490893,Northwind Health,VA,2024,MA,true,true,2024-01-01,
78490893,Northwind Health,VA,2025,MA,true,true,2025-01-01,
78490893,Northwind Health,VA,2025,MEDSUPP,true,true,2025-01-01,
78490893,Northwind Health,VA,2025,PDP,true,true,2025-01-01,
78490893,Northwind Health,VA,2026,MA,true,true,2026-01-01,
78490893,Northwind Health,VA,2026,MEDSUPP,true,true,2026-01-01,
78490893,Northwind Health,VA,2026,PDP,true,true,2026-01-01,
78490893,Summit Health Plans,CA,2022,MA,true,true,2022-01-01,
78490893,Summit Health Plans,CA,2023,MA,true,true,2023-01-01,
78490893,Summit Health Plans,CA,2023,PDP,true,true,2023-01-01,
78490893,Summit Health Plans,CA,2024,MA,true,true,2024-01-01,
78490893,Summit Health Plans,CA,2024,PDP,true,true,2024-01-01,
78490893,Summit Health Plans,CA,2025,MA,true,true,2025-01-01,
78490893,Summit Health Plans,CA,2025,PDP,true,true,2025-01-01,
78490893,Summit Health Plans,CA,2026,ACA,true,true,2026-01-01,
78490893,Summit Health Plans,CA,2026,MA,true,true,2026-01-01,
78490893,Summit Health Plans,CA,2026,PDP,true,true,2026-01-01,
78490893,Summit Health Plans,VA,2022,MA,true,true,2022-01-01,
78490893,Summit Health Plans,VA,2023,MA,true,true,2023-01-01,
78490893,Summit Health Plans,VA,2024,MA,true,true,2024-01-01,
78490893,Summit Health Plans,VA,2024,PDP,true,true,2024-01-01,
78490893,Summit Health Plans,VA,2025,MA,true,true,2025-01-01,
78490893,Summit Health Plans,VA,2025,PDP,true,true,2025-01-01,
78490893,Summit Health Plans,VA,2026,MA,true,true,2026-01-01,
78490893,Summit Health Plans,VA,2026,PDP,true,true,2026-01-01,
90949389,Bluepeak,SD,2022,MA,true,true,2022-01-01,
90949389,Bluepeak,SD,2023,MA,true,true,2023-01-01,
90949389,Bluepeak,SD,2024,MA,true,true,2024-01-01,
90949389,Bluepeak,SD,2025,MA,true,true,2025-01-01,
90949389,Bluepeak,SD,2026,MA,true,true,2026-01-01,
90949389,Bluepeak,SD,2026,MEDSUPP,true,true,2026-01-01,
90949389,Bluepeak,SD,2026,PDP,true,true,2026-01-01,2026-01-31
90949389,Bluepeak,TX,2023,MA,true,true,2023-01-01,
90949389,Bluepeak,TX,2024,MA,true,true,2024-01-01,
90949389,Bluepeak,TX,2025,MA,true,true,2025-01-01,
90949389,Bluepeak,TX,2026,MA,true,true,2026-01-01,
90949389,Bluepeak,TX,2027,ACA,true,true,2027-01-01,
90949389,Bluepeak,UT,2025,ACA,true,true,2025-01-01,
90949389,Bluepeak,UT,2025,MA,true,true,2025-01-01,
90949389,Bluepeak,UT,2026,ACA,true,true,2026-01-01,
90949389,Bluepeak,UT,2026,MA,true,true,2026-01-01,
90949389,Cardinal Mutual,SD,2024,ACA,true,true,2024-01-01,
90949389,Cardinal Mutual,SD,2024,MA,true,true,2024-01-01,
90949389,Cardinal Mutual,SD,2025,ACA,true,true,2025-01-01,
90949389,Cardinal Mutual,SD,2025,MA,true,true,2025-01-01,
90949389,Cardinal Mutual,SD,2026,ACA,true,true,2026-01-01,
90949389,Cardinal Mutual,SD,2026,MA,true,true,2026-01-01,
90949389,Cardinal Mutual,TX,2022,MEDSUPP,true,true,2022-01-01,
90949389,Cardinal Mutual,TX,2022,PDP,true,true,2022-01-01,
90949389,Cardinal Mutual,TX,2023,MEDSUPP,true,true,2023-01-01,
90949389,Cardinal Mutual,TX,2023,PDP,true,true,2023-01-01,
90949389,Cardinal Mutual,TX,2024,MA,true,true,2024-01-01,
90949389,Cardinal Mutual,TX,2024,MEDSUPP,true,true,2024-01-01,
90949389,Cardinal Mutual,TX,2024,PDP,true,true,2024-01-01,
90949389,Cardinal Mutual,TX,2025,MA,true,true,2025-01-01,
90949389,Cardinal Mutual,TX,2025,MEDSUPP,true,true,2025-01-01,
90949389,Cardinal Mutual,TX,2025,PDP,true,true,2025-01-01,
90949389,Cardinal Mutual,TX,2026,ACA,true,true,2026-01-01,
90949389,Cardinal Mutual,TX,2026,MA,true,true,2026-01-01,
90949389,Cardinal Mutual,TX,2026,MEDSUPP,true,true,2026-01-01,
90949389,Cardinal Mutual,TX,2026,PDP,true,true,2026-01-01,
90949389,Cardinal Mutual,UT,2022,MA,true,true,2022-01-01,
90949389,Cardinal Mutual,UT,2023,MA,true,true,2023-01-01,
90949389,Cardinal Mutual,UT,2024,MA,true,true,2024-01-01,
90949389,Cardinal Mutual,UT,2025,ACA,true,true,2025-01-01,
90949389,Cardinal Mutual,UT,2025,MA,true,true,2025-01-01,
90949389,Cardinal Mutual,UT,2025,PDP,true,true,2025-01-01,
90949389,Cardinal Mutual,UT,2026,ACA,true,true,2026-01-01,
90949389,Cardinal Mutual,UT,2026,PDP,true,true,2026-01-01,
90949389,Harborline,SD,2022,MA,true,true,2022-01-01,
90949389,Harborline,SD,2022,MEDSUPP,true,true,2022-01-01,
90949389,Harborline,SD,2022,PDP,true,true,2022-01-01,
90949389,Harborline,SD,2023,MA,true,true,2023-01-01,
90949389,Harborline,SD,2023,MEDSUPP,true,true,2023-01-01,
90949389,Harborline,SD,2023,PDP,true,true,2023-01-01,
90949389,Harborline,SD,2024,MA,true,true,2024-01-01,
90949389,Harborline,SD,2024,MEDSUPP,true,true,2024-01-01,
90949389,Harborline,SD,2024,PDP,true,true,2024-01-01,
90949389,Harborline,SD,2025,MA,true,true,2025-01-01,
90949389,Harborline,SD,2025,MEDSUPP,true,true,2025-01-01,
90949389,Harborline,SD,2025,PDP,true,true,2025-01-01,
90949389,Harborline,SD,2026,MA,true,true,2026-01-01,
90949389,Harborline,SD,2026,MEDSUPP,true,true,2026-01-01,
90949389,Harborline,SD,2026,PDP,true,true,2026-01-01,
90949389,Harborline,TX,2022,MA,true,true,2022-01-01,
90949389,Harborline,TX,2023,MA,true,true,2023-01-01,
90949389,Harborline,TX,2023,MEDSUPP,true,true,2023-01-01,
90949389,Harborline,TX,2023,PDP,true,true,2023-01-01,
90949389,Harborline,TX,2024,ACA,true,true,2024-01-01,
90949389,Harborline,TX,2024,MA,true,true,2024-01-01,
90949389,Harborline,TX,2024,MEDSUPP,true,true,2024-01-01,
90949389,Harborline,TX,2024,PDP,true,true,2024-01-01,
90949389,Harborline,TX,2025,ACA,true,true,2025-01-01,
90949389,Harborline,TX,2025,MA,true,true,2025-01-01,
90949389,Harborline,TX,2025,MEDSUPP,true,true,2025-01-01,
90949389,Harborline,TX,2025,PDP,true,true,2025-01-01,
90949389,Harborline,TX,2026,ACA,true,true,2026-01-01,
90949389,Harborline,TX,2026,MA,true,true,2026-01-01,
90949389,Harborline,TX,2026,MEDSUPP,true,true,2026-01-01,
90949389,Harborline,TX,2026,PDP,true,true,2026-01-01,
90949389,Harborline,UT,2023,MA,true,true,2023-01-01,
90949389,Harborline,UT,2024,MA,true,true,2024-01-01,
90949389,Harborline,UT,2025,MA,true,true,2025-01-01,
90949389,Harborline,UT,2026,MA,true,true,2026-01-01,
90949389,Meridian Care,SD,2025,MA,true,true,2025-01-01,
90949389,Meridian Care,SD,2026,MA,true,true,2026-01-01,
90949389,Meridian Care,TX,2024,ACA,true,true,2024-01-01,
90949389,Meridian Care,TX,2024,MA,true,true,2024-01-01,
90949389,Meridian Care,TX,2025,ACA,true,true,2025-01-01,
90949389,Meridian Care,TX,2025,MA,true,true,2025-01-01,
90949389,Meridian Care,TX,2026,ACA,true,true,2026-01-01,
90949389,Meridian Care,UT,2023,MA,true,true,2023-01-01,
90949389,Meridian Care,UT,2024,MA,true,true,2024-01-01,
90949389,Meridian Care,UT,2025,MA,true,true,2025-01-01,
90949389,Meridian Care,UT,2026,ACA,true,true,2026-01-01,
90949389,Meridian Care,UT,2026,MA,true,true,2026-01-01,
90949389,Northwind Health,SD,2022,MA,true,true,2022-01-01,
90949389,Northwind Health,SD,2022,MEDSUPP,true,true,2022-01-01,
90949389,Northwind Health,SD,2022,PDP,true,true,2022-01-01,
90949389,Northwind Health,SD,2023,MA,true,true,2023-01-01,
90949389,Northwind Health,SD,2023,MEDSUPP,true,true,2023-01-01,
90949389,Northwind Health,SD,2023,PDP,true,true,2023-01-01,
90949389,Northwind Health,SD,2024,MA,true,true,2024-01-01,
90949389,Northwind Health,SD,2024,MEDSUPP,true,true,2024-01-01,
90949389,Northwind Health,SD,2024,PDP,true,true,2024-01-01,
90949389,Northwind Health,SD,2025,ACA,true,true,2025-01-01,
90949389,Northwind Health,SD,2025,MA,true,true,2025-01-01,
90949389,Northwind Health,SD,2025,MEDSUPP,true,true,2025-01-01,
90949389,Northwind Health,SD,2025,PDP,true,true,2025-01-01,
90949389,Northwind Health,SD,2026,ACA,true,true,2026-01-01,
90949389,Northwind Health,SD,2026,MA,true,true,2026-01-01,
90949389,Northwind Health,SD,2026,MEDSUPP,true,true,2026-01-01,
90949389,Northwind Health,SD,2026,PDP,true,true,2026-01-01,
90949389,Northwind Health,TX,2022,PDP,true,true,2022-01-01,
90949389,Northwind Health,TX,2023,PDP,true,true,2023-01-01,
90949389,Northwind Health,TX,2024,MA,true,true,2024-01-01,
90949389,Northwind Health,TX,2024,MEDSUPP,true,true,2024-01-01,
90949389,Northwind Health,TX,2024,PDP,true,true,2024-01-01,
90949389,Northwind Health,TX,2025,ACA,true,true,2025-01-01,
90949389,Northwind Health,TX,2025,MA,true,true,2025-01-01,
90949389,Northwind Health,TX,2025,MEDSUPP,true,true,2025-01-01,
90949389,Northwind Health,TX,2025,PDP,true,true,2025-01-01,
90949389,Northwind Health,TX,2026,ACA,true,true,2026-01-01,
90949389,Northwind Health,TX,2026,MA,true,true,2026-01-01,
90949389,Northwind Health,TX,2026,MEDSUPP,true,true,2026-01-01,
90949389,Northwind Health,TX,2026,PDP,true,true,2026-01-01,
90949389,Northwind Health,UT,2022,MA,true,true,2022-01-01,
90949389,Northwind Health,UT,2023,MA,true,true,2023-01-01,
90949389,Northwind Health,UT,2023,MEDSUPP,true,true,2023-01-01,
90949389,Northwind Health,UT,2023,PDP,true,true,2023-01-01,
90949389,Northwind Health,UT,2024,MA,true,true,2024-01-01,
90949389,Northwind Health,UT,2024,MEDSUPP,true,true,2024-01-01,
90949389,Northwind Health,UT,2024,PDP,true,true,2024-01-01,
90949389,Northwind Health,UT,2025,ACA,true,true,2025-01-01,
90949389,Northwind Health,UT,2025,MA,true,true,2025-01-01,
90949389,Northwind Health,UT,2025,MEDSUPP,true,true,2025-01-01,
90949389,Northwind Health,UT,2025,PDP,true,true,2025-01-01,
90949389,Northwind Health,UT,2026,MA,true,true,2026-01-01,
90949389,Northwind Health,UT,2026,MEDSUPP,true,true,2026-01-01,
90949389,Northwind Health,UT,2026,PDP,true,true,2026-01-01,
90949389,Summit Health Plans,SD,2022,MEDSUPP,true,true,2022-01-01,
90949389,Summit Health Plans,SD,2022,PDP,true,true,2022-01-01,
90949389,Summit Health Plans,SD,2023,MA,true,true,2023-01-01,
90949389,Summit Health Plans,SD,2023,MEDSUPP,true,true,2023-01-01,
90949389,Summit Health Plans,SD,2023,PDP,true,true,2023-01-01,
90949389,Summit Health Plans,SD,2024,MA,true,true,2024-01-01,
90949389,Summit Health Plans,SD,2024,MEDSUPP,true,true,2024-01-01,
90949389,Summit Health Plans,SD,2024,PDP,true,true,2024-01-01,
90949389,Summit Health Plans,SD,2025,ACA,true,true,2025-01-01,
90949389,Summit Health Plans,SD,2025,MA,true,true,2025-01-01,
90949389,Summit Health Plans,SD,2025,MEDSUPP,true,true,2025-01-01,
90949389,Summit Health Plans,SD,2025,PDP,true,true,2025-01-01,
90949389,Summit Health Plans,SD,2026,ACA,true,true,2026-01-01,
90949389,Summit Health Plans,SD,2026,MA,true,true,2026-01-01,
90949389,Summit Health Plans,SD,2026,MEDSUPP,true,true,2026-01-01,
90949389,Summit Health Plans,SD,2026,PDP,true,true,2026-01-01,
90949389,Summit Health Plans,TX,2022,MA,true,true,2022-01-01,
90949389,Summit Health Plans,TX,2023,MA,true,true,2023-01-01,
90949389,Summit Health Plans,TX,2024,MA,true,true,2024-01-01,
90949389,Summit Health Plans,TX,2025,MA,true,true,2025-01-01,
90949389,Summit Health Plans,TX,2026,ACA,true,true,2026-01-01,
90949389,Summit Health Plans,TX,2026,MA,true,true,2026-01-01,
90949389,Summit Health Plans,UT,2025,ACA,true,true,2025-01-01,
90949389,Summit Health Plans,UT,2025,MA,true,true,2025-01-01,
90949389,Summit Health Plans,UT,2025,MEDSUPP,true,true,2025-01-01,
90949389,Summit Health Plans,UT,2025,PDP,true,true,2025-01-01,
90949389,Summit Health Plans,UT,2026,ACA,true,true,2026-01-01,
90949389,Summit Health Plans,UT,2026,MA,true,true,2026-01-01,
90949389,Summit Health Plans,UT,2026,MEDSUPP,true,true,2026-01-01,
90949389,Summit Health Plans,UT,2026,PDP,true,true,2026-01-01,
94702683,Bluepeak,FL,2022,MA,true,true,2022-01-01,
94702683,Bluepeak,FL,2022,MEDSUPP,true,true,2022-01-01,
94702683,Bluepeak,FL,2022,PDP,true,true,2022-01-01,
94702683,Bluepeak,FL,2023,MA,true,true,2023-01-01,
94702683,Bluepeak,FL,2023,MEDSUPP,true,true,2023-01-01,
94702683,Bluepeak,FL,2023,PDP,true,true,2023-01-01,
94702683,Bluepeak,FL,2024,MA,true,true,2024-01-01,
94702683,Bluepeak,FL,2024,MEDSUPP,true,true,2024-01-01,
94702683,Bluepeak,FL,2024,PDP,true,true,2024-01-01,
94702683,Bluepeak,FL,2025,MA,true,true,2025-01-01,
94702683,Bluepeak,FL,2025,MEDSUPP,true,true,2025-01-01,
94702683,Bluepeak,FL,2025,PDP,true,true,2025-01-01,
94702683,Bluepeak,FL,2026,MA,true,true,2026-01-01,
94702683,Bluepeak,FL,2026,MEDSUPP,true,true,2026-01-01,
94702683,Bluepeak,FL,2026,PDP,true,true,2026-01-01,
94702683,Bluepeak,KY,2023,MA,true,true,2023-01-01,
94702683,Bluepeak,KY,2023,MEDSUPP,true,true,2023-01-01,
94702683,Bluepeak,KY,2023,PDP,true,true,2023-01-01,
94702683,Bluepeak,KY,2024,ACA,true,true,2024-01-01,
94702683,Bluepeak,KY,2024,MA,true,true,2024-01-01,
94702683,Bluepeak,KY,2024,MEDSUPP,true,true,2024-01-01,
94702683,Bluepeak,KY,2024,PDP,true,true,2024-01-01,
94702683,Bluepeak,KY,2025,ACA,true,true,2025-01-01,
94702683,Bluepeak,KY,2025,MA,true,true,2025-01-01,
94702683,Bluepeak,KY,2025,MEDSUPP,true,true,2025-01-01,
94702683,Bluepeak,KY,2025,PDP,true,true,2025-01-01,
94702683,Bluepeak,KY,2026,ACA,true,true,2026-01-01,
94702683,Bluepeak,KY,2026,MA,true,true,2026-01-01,
94702683,Bluepeak,KY,2026,MEDSUPP,true,true,2026-01-01,
94702683,Bluepeak,KY,2026,PDP,true,true,2026-01-01,
94702683,Bluepeak,ME,2022,MA,true,true,2022-01-01,
94702683,Bluepeak,ME,2023,MA,true,true,2023-01-01,
94702683,Bluepeak,ME,2024,MA,true,true,2024-01-01,
94702683,Bluepeak,ME,2025,MA,true,true,2025-01-01,
94702683,Bluepeak,ME,2026,ACA,true,true,2026-01-01,
94702683,Bluepeak,ME,2026,MA,true,true,2026-01-01,
94702683,Cardinal Mutual,FL,2022,MA,true,true,2022-01-01,
94702683,Cardinal Mutual,FL,2023,MA,true,true,2023-01-01,
94702683,Cardinal Mutual,FL,2024,MA,true,true,2024-01-01,
94702683,Cardinal Mutual,FL,2025,ACA,true,true,2025-01-01,
94702683,Cardinal Mutual,FL,2025,MA,true,true,2025-01-01,
94702683,Cardinal Mutual,FL,2026,MA,true,true,2026-01-01,
94702683,Cardinal Mutual,KY,2022,MA,true,true,2022-01-01,
94702683,Cardinal Mutual,KY,2023,MA,true,true,2023-01-01,
94702683,Cardinal Mutual,KY,2024,MA,true,true,2024-01-01,
94702683,Cardinal Mutual,KY,2025,ACA,true,true,2025-01-01,
94702683,Cardinal Mutual,KY,2025,MA,true,true,2025-01-01,
94702683,Cardinal Mutual,KY,2025,MEDSUPP,true,true,2025-01-01,
94702683,Cardinal Mutual,KY,2025,PDP,true,true,2025-01-01,
94702683,Cardinal Mutual,KY,2026,ACA,true,true,2026-01-01,
94702683,Cardinal Mutual,KY,2026,MA,true,true,2026-01-01,
94702683,Cardinal Mutual,KY,2026,MEDSUPP,true,true,2026-01-01,
94702683,Cardinal Mutual,KY,2026,PDP,true,true,2026-01-01,
94702683,Cardinal Mutual,ME,2024,MA,true,true,2024-01-01,
94702683,Cardinal Mutual,ME,2025,MA,true,true,2025-01-01,
94702683,Cardinal Mutual,ME,2026,MA,true,true,2026-01-01,
94702683,Cardinal Mutual,ME,2026,PDP,true,true,2026-01-01,
94702683,Harborline,FL,2022,MA,true,true,2022-01-01,
94702683,Harborline,FL,2023,MA,true,true,2023-01-01,
94702683,Harborline,FL,2023,MEDSUPP,true,true,2023-01-01,
94702683,Harborline,FL,2023,PDP,true,true,2023-01-01,
94702683,Harborline,FL,2024,ACA,true,true,2024-01-01,
94702683,Harborline,FL,2024,MA,true,true,2024-01-01,
94702683,Harborline,FL,2024,MEDSUPP,true,true,2024-01-01,
94702683,Harborline,FL,2024,PDP,true,true,2024-01-01,
94702683,Harborline,FL,2025,ACA,true,true,2025-01-01,
94702683,Harborline,FL,2025,MA,true,true,2025-01-01,
94702683,Harborline,FL,2025,MEDSUPP,true,true,2025-01-01,
94702683,Harborline,FL,2025,PDP,true,true,2025-01-01,
94702683,Harborline,FL,2026,ACA,true,true,2026-01-01,
94702683,Harborline,FL,2026,MA,true,true,2026-01-01,
94702683,Harborline,FL,2026,MEDSUPP,true,true,2026-01-01,
94702683,Harborline,FL,2026,PDP,true,true,2026-01-01,
94702683,Harborline,KY,2022,MA,true,true,2022-01-01,
94702683,Harborline,KY,2023,MA,true,true,2023-01-01,
94702683,Harborline,KY,2024,MA,true,true,2024-01-01,
94702683,Harborline,KY,2025,MA,true,true,2025-01-01,
94702683,Harborline,KY,2026,ACA,true,true,2026-01-01,
94702683,Harborline,KY,2026,MA,true,true,2026-01-01,
94702683,Harborline,ME,2022,MA,true,true,2022-01-01,
94702683,Harborline,ME,2022,PDP,true,true,2022-01-01,
94702683,Harborline,ME,2023,MA,true,true,2023-01-01,
94702683,Harborline,ME,2023,PDP,true,true,2023-01-01,
94702683,Harborline,ME,2024,ACA,true,true,2024-01-01,
94702683,Harborline,ME,2024,MA,true,true,2024-01-01,
94702683,Harborline,ME,2024,PDP,true,true,2024-01-01,
94702683,Harborline,ME,2025,ACA,true,true,2025-01-01,
94702683,Harborline,ME,2025,MA,true,true,2025-01-01,
94702683,Harborline,ME,2025,PDP,true,true,2025-01-01,
94702683,Harborline,ME,2026,ACA,true,true,2026-01-01,
94702683,Harborline,ME,2026,MA,true,true,2026-01-01,
94702683,Harborline,ME,2026,PDP,true,true,2026-01-01,
94702683,Meridian Care,FL,2022,MA,true,true,2022-01-01,
94702683,Meridian Care,FL,2023,MA,true,true,2023-01-01,
94702683,Meridian Care,FL,2024,MA,true,true,2024-01-01,
94702683,Meridian Care,FL,2025,MA,true,true,2025-01-01,
94702683,Meridian Care,FL,2026,ACA,true,true,2026-01-01,
94702683,Meridian Care,FL,2026,MA,true,true,2026-01-01,
94702683,Meridian Care,KY,2022,MA,true,true,2022-01-01,
94702683,Meridian Care,KY,2023,MA,true,true,2023-01-01,
94702683,Meridian Care,KY,2023,MEDSUPP,true,true,2023-01-01,
94702683,Meridian Care,KY,2023,PDP,true,true,2023-01-01,
94702683,Meridian Care,KY,2024,ACA,true,true,2024-01-01,
94702683,Meridian Care,KY,2024,MA,true,true,2024-01-01,
94702683,Meridian Care,KY,2024,MEDSUPP,true,true,2024-01-01,
94702683,Meridian Care,KY,2024,PDP,true,true,2024-01-01,
94702683,Meridian Care,KY,2025,ACA,true,true,2025-01-01,
94702683,Meridian Care,KY,2025,MA,true,true,2025-01-01,
94702683,Meridian Care,KY,2025,MEDSUPP,true,true,2025-01-01,
94702683,Meridian Care,KY,2025,PDP,true,true,2025-01-01,
94702683,Meridian Care,KY,2026,ACA,true,true,2026-01-01,
94702683,Meridian Care,KY,2026,MA,true,true,2026-01-01,
94702683,Meridian Care,KY,2026,MEDSUPP,true,true,2026-01-01,
94702683,Meridian Care,KY,2026,PDP,true,true,2026-01-01,
94702683,Meridian Care,ME,2022,MA,true,true,2022-01-01,
94702683,Meridian Care,ME,2023,MA,true,true,2023-01-01,
94702683,Meridian Care,ME,2023,PDP,true,true,2023-01-01,
94702683,Meridian Care,ME,2024,MA,true,true,2024-01-01,
94702683,Meridian Care,ME,2024,MEDSUPP,true,true,2024-01-01,
94702683,Meridian Care,ME,2024,PDP,true,true,2024-01-01,
94702683,Meridian Care,ME,2025,MA,true,true,2025-01-01,
94702683,Meridian Care,ME,2025,MEDSUPP,true,true,2025-01-01,
94702683,Meridian Care,ME,2025,PDP,true,true,2025-01-01,
94702683,Meridian Care,ME,2026,MA,true,true,2026-01-01,
94702683,Meridian Care,ME,2026,MEDSUPP,true,true,2026-01-01,
94702683,Meridian Care,ME,2026,PDP,true,true,2026-01-01,
94702683,Meridian Care,ME,2027,ACA,true,true,2027-01-01,
94702683,Northwind Health,FL,2023,MA,true,true,2023-01-01,
94702683,Northwind Health,FL,2024,MA,true,true,2024-01-01,
94702683,Northwind Health,FL,2024,MEDSUPP,true,true,2024-01-01,
94702683,Northwind Health,FL,2024,PDP,true,true,2024-01-01,
94702683,Northwind Health,FL,2025,ACA,true,true,2025-01-01,
94702683,Northwind Health,FL,2025,MA,true,true,2025-01-01,
94702683,Northwind Health,FL,2025,MEDSUPP,true,true,2025-01-01,
94702683,Northwind Health,FL,2025,PDP,true,true,2025-01-01,
94702683,Northwind Health,FL,2026,ACA,true,true,2026-01-01,
94702683,Northwind Health,FL,2026,MA,true,true,2026-01-01,
94702683,Northwind Health,FL,2026,MEDSUPP,true,true,2026-01-01,
94702683,Northwind Health,FL,2026,PDP,true,true,2026-01-01,
94702683,Northwind Health,KY,2022,MEDSUPP,true,true,2022-01-01,
94702683,Northwind Health,KY,2022,PDP,true,true,2022-01-01,
94702683,Northwind Health,KY,2023,MA,true,true,2023-01-01,
94702683,Northwind Health,KY,2023,MEDSUPP,true,true,2023-01-01,
94702683,Northwind Health,KY,2023,PDP,true,true,2023-01-01,
94702683,Northwind Health,KY,2024,MA,true,true,2024-01-01,
94702683,Northwind Health,KY,2024,MEDSUPP,true,true,2024-01-01,
94702683,Northwind Health,KY,2024,PDP,true,true,2024-01-01,
94702683,Northwind Health,KY,2025,ACA,true,true,2025-01-01,
94702683,Northwind Health,KY,2025,MA,true,true,2025-01-01,
94702683,Northwind Health,KY,2025,MEDSUPP,true,true,2025-01-01,
94702683,Northwind Health,KY,2025,PDP,true,true,2025-01-01,
94702683,Northwind Health,KY,2026,ACA,true,true,2026-01-01,
94702683,Northwind Health,KY,2026,MA,true,true,2026-01-01,
94702683,Northwind Health,KY,2026,MEDSUPP,true,true,2026-01-01,
94702683,Northwind Health,KY,2026,PDP,true,true,2026-01-01,
94702683,Northwind Health,ME,2024,MA,true,true,2024-01-01,
94702683,Northwind Health,ME,2025,ACA,true,true,2025-01-01,
94702683,Northwind Health,ME,2025,MA,true,true,2025-01-01,
94702683,Northwind Health,ME,2026,ACA,true,true,2026-01-01,
94702683,Northwind Health,ME,2026,MA,true,true,2026-01-01,
94702683,Summit Health Plans,FL,2025,MA,true,true,2025-01-01,
94702683,Summit Health Plans,FL,2026,ACA,true,true,2026-01-01,
94702683,Summit Health Plans,FL,2026,MA,true,true,2026-01-01,
94702683,Summit Health Plans,KY,2023,MA,true,true,2023-01-01,
94702683,Summit Health Plans,KY,2024,ACA,true,true,2024-01-01,
94702683,Summit Health Plans,KY,2024,MA,true,true,2024-01-01,
94702683,Summit Health Plans,KY,2025,ACA,true,true,2025-01-01,
94702683,Summit Health Plans,KY,2025,MA,true,true,2025-01-01,
94702683,Summit Health Plans,KY,2026,ACA,true,true,2026-01-01,
94702683,Summit Health Plans,KY,2026,MA,true,true,2026-01-01,
94702683,Summit Health Plans,ME,2023,MA,true,true,2023-01-01,
94702683,Summit Health Plans,ME,2024,MA,true,true,2024-01-01,
94702683,Summit Health Plans,ME,2025,MA,true,true,2025-01-01,
94702683,Summit Health Plans,ME,2026,MA,true,true,2026-01-01,
97102525,Bluepeak,IL,2022,MA,true,true,2022-01-01,
97102525,Bluepeak,IL,2023,MA,true,true,2023-01-01,
97102525,Bluepeak,IL,2023,MEDSUPP,true,true,2023-01-01,
97102525,Bluepeak,IL,2023,PDP,true,true,2023-01-01,
97102525,Bluepeak,IL,2024,ACA,true,true,2024-01-01,
97102525,Bluepeak,IL,2024,MA,true,true,2024-01-01,
97102525,Bluepeak,IL,2024,MEDSUPP,true,true,2024-01-01,
97102525,Bluepeak,IL,2024,PDP,true,true,2024-01-01,
97102525,Bluepeak,IL,2025,ACA,true,true,2025-01-01,
97102525,Bluepeak,IL,2025,MA,true,true,2025-01-01,
97102525,Bluepeak,IL,2025,MEDSUPP,true,true,2025-01-01,
97102525,Bluepeak,IL,2025,PDP,true,true,2025-01-01,
97102525,Bluepeak,IL,2026,ACA,true,true,2026-01-01,
97102525,Bluepeak,IL,2026,MA,true,true,2026-01-01,
97102525,Bluepeak,IL,2026,MEDSUPP,true,true,2026-01-01,
97102525,Bluepeak,IL,2026,PDP,true,true,2026-01-01,
97102525,Bluepeak,MT,2022,MA,true,true,2022-01-01,
97102525,Bluepeak,MT,2023,MA,true,true,2023-01-01,
97102525,Bluepeak,MT,2023,PDP,true,true,2023-01-01,
97102525,Bluepeak,MT,2024,MA,true,true,2024-01-01,
97102525,Bluepeak,MT,2024,PDP,true,true,2024-01-01,
97102525,Bluepeak,MT,2025,MA,true,true,2025-01-01,
97102525,Bluepeak,MT,2025,PDP,true,true,2025-01-01,
97102525,Bluepeak,MT,2026,MA,true,true,2026-01-01,
97102525,Bluepeak,MT,2026,PDP,true,true,2026-01-01,
97102525,Bluepeak,NY,2022,MA,true,true,2022-01-01,
97102525,Bluepeak,NY,2023,MA,true,true,2023-01-01,
97102525,Bluepeak,NY,2024,MA,true,true,2024-01-01,
97102525,Bluepeak,NY,2025,MA,true,true,2025-01-01,
97102525,Bluepeak,NY,2026,MA,true,true,2026-01-01,
97102525,Bluepeak,UT,2022,MA,true,true,2022-01-01,
97102525,Bluepeak,UT,2023,MA,true,true,2023-01-01,
97102525,Bluepeak,UT,2023,PDP,true,true,2023-01-01,
97102525,Bluepeak,UT,2024,MA,true,true,2024-01-01,
97102525,Bluepeak,UT,2024,PDP,true,true,2024-01-01,
97102525,Bluepeak,UT,2025,MA,true,true,2025-01-01,
97102525,Bluepeak,UT,2025,PDP,true,true,2025-01-01,
97102525,Bluepeak,UT,2026,MA,true,true,2026-01-01,
97102525,Bluepeak,UT,2026,PDP,true,true,2026-01-01,
97102525,Cardinal Mutual,IL,2023,MA,true,true,2023-01-01,
97102525,Cardinal Mutual,IL,2024,MA,true,true,2024-01-01,
97102525,Cardinal Mutual,IL,2025,ACA,true,true,2025-01-01,
97102525,Cardinal Mutual,IL,2025,MA,true,true,2025-01-01,
97102525,Cardinal Mutual,IL,2026,ACA,true,true,2026-01-01,
97102525,Cardinal Mutual,IL,2026,MA,true,true,2026-01-01,
97102525,Cardinal Mutual,MT,2022,MA,true,true,2022-01-01,
97102525,Cardinal Mutual,MT,2023,MA,true,true,2023-01-01,
97102525,Cardinal Mutual,MT,2024,MA,true,true,2024-01-01,
97102525,Cardinal Mutual,MT,2025,ACA,true,true,2025-01-01,
97102525,Cardinal Mutual,MT,2026,ACA,true,true,2026-01-01,
97102525,Cardinal Mutual,MT,2026,MA,true,true,2026-01-01,
97102525,Cardinal Mutual,NY,2022,MA,true,true,2022-01-01,
97102525,Cardinal Mutual,NY,2023,MA,true,true,2023-01-01,
97102525,Cardinal Mutual,NY,2024,MA,true,true,2024-01-01,
97102525,Cardinal Mutual,NY,2025,ACA,true,true,2025-01-01,
97102525,Cardinal Mutual,NY,2025,MA,true,true,2025-01-01,
97102525,Cardinal Mutual,NY,2026,ACA,true,true,2026-01-01,
97102525,Cardinal Mutual,NY,2026,MA,true,true,2026-01-01,
97102525,Cardinal Mutual,UT,2022,MA,true,true,2022-01-01,
97102525,Cardinal Mutual,UT,2023,MA,true,true,2023-01-01,
97102525,Cardinal Mutual,UT,2023,MEDSUPP,true,true,2023-01-01,
97102525,Cardinal Mutual,UT,2023,PDP,true,true,2023-01-01,
97102525,Cardinal Mutual,UT,2024,MA,true,true,2024-01-01,
97102525,Cardinal Mutual,UT,2024,MEDSUPP,true,true,2024-01-01,
97102525,Cardinal Mutual,UT,2024,PDP,true,true,2024-01-01,
97102525,Cardinal Mutual,UT,2025,ACA,true,true,2025-01-01,
97102525,Cardinal Mutual,UT,2025,MA,true,true,2025-01-01,
97102525,Cardinal Mutual,UT,2025,MEDSUPP,true,true,2025-01-01,
97102525,Cardinal Mutual,UT,2025,PDP,true,true,2025-01-01,
97102525,Cardinal Mutual,UT,2026,ACA,true,true,2026-01-01,
97102525,Cardinal Mutual,UT,2026,MA,true,true,2026-01-01,
97102525,Cardinal Mutual,UT,2026,MEDSUPP,true,true,2026-01-01,
97102525,Cardinal Mutual,UT,2026,PDP,true,true,2026-01-01,
97102525,Harborline,IL,2023,MA,true,true,2023-01-01,
97102525,Harborline,IL,2024,MA,true,true,2024-01-01,
97102525,Harborline,IL,2025,MA,true,true,2025-01-01,
97102525,Harborline,IL,2026,MA,true,true,2026-01-01,
97102525,Harborline,MT,2024,MA,true,true,2024-01-01,
97102525,Harborline,MT,2025,MA,true,true,2025-01-01,
97102525,Harborline,MT,2026,ACA,true,true,2026-01-01,
97102525,Harborline,MT,2026,MA,true,true,2026-01-01,
97102525,Harborline,UT,2022,MA,true,true,2022-01-01,
97102525,Harborline,UT,2023,MA,true,true,2023-01-01,
97102525,Harborline,UT,2024,MA,true,true,2024-01-01,
97102525,Harborline,UT,2024,MEDSUPP,true,true,2024-01-01,
97102525,Harborline,UT,2024,PDP,true,true,2024-01-01,
97102525,Harborline,UT,2025,MA,true,true,2025-01-01,
97102525,Harborline,UT,2025,MEDSUPP,true,true,2025-01-01,
97102525,Harborline,UT,2025,PDP,true,true,2025-01-01,
97102525,Harborline,UT,2026,MA,true,true,2026-01-01,
97102525,Harborline,UT,2026,MEDSUPP,true,true,2026-01-01,
97102525,Harborline,UT,2026,PDP,true,true,2026-01-01,
97102525,Meridian Care,IL,2022,MA,true,true,2022-01-01,
97102525,Meridian Care,IL,2023,MA,true,true,2023-01-01,
97102525,Meridian Care,IL,2024,MA,true,true,2024-01-01,
97102525,Meridian Care,IL,2025,MA,true,true,2025-01-01,
97102525,Meridian Care,IL,2026,MA,true,true,2026-01-01,
97102525,Meridian Care,MT,2023,MA,true,true,2023-01-01,
97102525,Meridian Care,MT,2024,MA,true,true,2024-01-01,
97102525,Meridian Care,MT,2024,MEDSUPP,true,true,2024-01-01,
97102525,Meridian Care,MT,2024,PDP,true,true,2024-01-01,
97102525,Meridian Care,MT,2025,MA,true,true,2025-01-01,
97102525,Meridian Care,MT,2025,MEDSUPP,true,true,2025-01-01,
97102525,Meridian Care,MT,2025,PDP,true,true,2025-01-01,
97102525,Meridian Care,MT,2026,MA,true,true,2026-01-01,
97102525,Meridian Care,MT,2026,MEDSUPP,true,true,2026-01-01,
97102525,Meridian Care,MT,2026,PDP,true,true,2026-01-01,
97102525,Meridian Care,NY,2022,MA,true,true,2022-01-01,
97102525,Meridian Care,NY,2023,MA,true,true,2023-01-01,
97102525,Meridian Care,NY,2024,MA,true,true,2024-01-01,
97102525,Meridian Care,NY,2025,MA,true,true,2025-01-01,
97102525,Meridian Care,NY,2025,MEDSUPP,true,true,2025-01-01,
97102525,Meridian Care,NY,2026,MA,true,true,2026-01-01,
97102525,Meridian Care,NY,2026,MEDSUPP,true,true,2026-01-01,
97102525,Meridian Care,UT,2023,MA,true,true,2023-01-01,
97102525,Meridian Care,UT,2024,MA,true,true,2024-01-01,
97102525,Meridian Care,UT,2025,ACA,true,true,2025-01-01,
97102525,Meridian Care,UT,2025,MA,true,true,2025-01-01,
97102525,Meridian Care,UT,2026,ACA,true,true,2026-01-01,
97102525,Meridian Care,UT,2026,MA,true,true,2026-01-01,
97102525,Northwind Health,IL,2024,MA,true,true,2024-01-01,
97102525,Northwind Health,IL,2025,MA,true,true,2025-01-01,
97102525,Northwind Health,IL,2025,MEDSUPP,true,true,2025-01-01,
97102525,Northwind Health,IL,2025,PDP,true,true,2025-01-01,
97102525,Northwind Health,IL,2026,ACA,true,true,2026-01-01,
97102525,Northwind Health,IL,2026,MA,true,true,2026-01-01,
97102525,Northwind Health,IL,2026,MEDSUPP,true,true,2026-01-01,
97102525,Northwind Health,IL,2026,PDP,true,true,2026-01-01,
97102525,Northwind Health,MT,2022,MA,true,true,2022-01-01,
97102525,Northwind Health,MT,2023,MA,true,true,2023-01-01,
97102525,Northwind Health,MT,2024,MA,true,true,2024-01-01,
97102525,Northwind Health,MT,2024,MEDSUPP,true,true,2024-01-01,
97102525,Northwind Health,MT,2024,PDP,true,true,2024-01-01,
97102525,Northwind Health,MT,2025,ACA,true,true,2025-01-01,
97102525,Northwind Health,MT,2025,MA,true,true,2025-01-01,
97102525,Northwind Health,MT,2025,MEDSUPP,true,true,2025-01-01,
97102525,Northwind Health,MT,2025,PDP,true,true,2025-01-01,
97102525,Northwind Health,MT,2026,MA,true,true,2026-01-01,
97102525,Northwind Health,MT,2026,MEDSUPP,true,true,2026-01-01,
97102525,Northwind Health,MT,2026,PDP,true,true,2026-01-01,
97102525,Northwind Health,NY,2022,MA,true,true,2022-01-01,
97102525,Northwind Health,NY,2022,PDP,true,true,2022-01-01,
97102525,Northwind Health,NY,2023,MA,true,true,2023-01-01,
97102525,Northwind Health,NY,2023,PDP,true,true,2023-01-01,
97102525,Northwind Health,NY,2024,MA,true,true,2024-01-01,
97102525,Northwind Health,NY,2024,PDP,true,true,2024-01-01,
97102525,Northwind Health,NY,2025,MA,true,true,2025-01-01,
97102525,Northwind Health,NY,2025,PDP,true,true,2025-01-01,
97102525,Northwind Health,NY,2026,MA,true,true,2026-01-01,
97102525,Northwind Health,NY,2026,PDP,true,true,2026-01-01,
97102525,Northwind Health,UT,2023,MEDSUPP,true,true,2023-01-01,
97102525,Northwind Health,UT,2023,PDP,true,true,2023-01-01,
97102525,Northwind Health,UT,2024,MEDSUPP,true,true,2024-01-01,
97102525,Northwind Health,UT,2024,PDP,true,true,2024-01-01,
97102525,Northwind Health,UT,2025,MA,true,true,2025-01-01,
97102525,Northwind Health,UT,2025,MEDSUPP,true,true,2025-01-01,
97102525,Northwind Health,UT,2025,PDP,true,true,2025-01-01,
97102525,Northwind Health,UT,2026,ACA,true,true,2026-01-01,
97102525,Northwind Health,UT,2026,MA,true,true,2026-01-01,
97102525,Northwind Health,UT,2026,MEDSUPP,true,true,2026-01-01,
97102525,Northwind Health,UT,2026,PDP,true,true,2026-01-01,
97102525,Summit Health Plans,IL,2022,MA,true,true,2022-01-01,
97102525,Summit Health Plans,IL,2023,MA,true,true,2023-01-01,
97102525,Summit Health Plans,IL,2024,MA,true,true,2024-01-01,
97102525,Summit Health Plans,IL,2025,ACA,true,true,2025-01-01,
97102525,Summit Health Plans,IL,2025,MA,true,true,2025-01-01,
97102525,Summit Health Plans,IL,2026,MA,true,true,2026-01-01,
97102525,Summit Health Plans,MT,2022,PDP,true,true,2022-01-01,
97102525,Summit Health Plans,MT,2023,MA,true,true,2023-01-01,
97102525,Summit Health Plans,MT,2023,PDP,true,true,2023-01-01,
97102525,Summit Health Plans,MT,2024,MA,true,true,2024-01-01,
97102525,Summit Health Plans,MT,2024,PDP,true,true,2024-01-01,
97102525,Summit Health Plans,MT,2025,ACA,true,true,2025-01-01,
97102525,Summit Health Plans,MT,2025,MA,true,true,2025-01-01,
97102525,Summit Health Plans,MT,2025,PDP,true,true,2025-01-01,
97102525,Summit Health Plans,MT,2026,MA,true,true,2026-01-01,
97102525,Summit Health Plans,MT,2026,PDP,true,true,2026-01-01,
97102525,Summit Health Plans,NY,2024,MEDSUPP,true,true,2024-01-01,
97102525,Summit Health Plans,NY,2024,PDP,true,true,2024-01-01,
97102525,Summit Health Plans,NY,2025,MA,true,true,2025-01-01,
97102525,Summit Health Plans,NY,2025,MEDSUPP,true,true,2025-01-01,
97102525,Summit Health Plans,NY,2025,PDP,true,true,2025-01-01,
97102525,Summit Health Plans,NY,2026,ACA,true,true,2026-01-01,
97102525,Summit Health Plans,NY,2026,MA,true,true,2026-01-01,
97102525,Summit Health Plans,NY,2026,MEDSUPP,true,true,2026-01-01,
97102525,Summit Health Plans,NY,2026,PDP,true,true,2026-01-01,
97102525,Summit Health Plans,UT,2022,MA,true,true,2022-01-01,
97102525,Summit Health Plans,UT,2023,MA,true,true,2023-01-01,
97102525,Summit Health Plans,UT,2024,ACA,true,true,2024-01-01,
97102525,Summit Health Plans,UT,2024,MA,true,true,2024-01-01,
97102525,Summit Health Plans,UT,2025,ACA,true,true,2025-01-01,
97102525,Summit Health Plans,UT,2025,MA,true,true,2025-01-01,
97102525,Summit Health Plans,UT,2026,ACA,true,true,2026-01-01,
97102525,Summit Health Plans,UT,2026,MA,true,true,2026-01-01,
99847493,Bluepeak,TX,2023,MA,true,true,2023-01-01,
99847493,Bluepeak,TX,2023,PDP,true,true,2023-01-01,
99847493,Bluepeak,TX,2024,MA,true,true,2024-01-01,
99847493,Bluepeak,TX,2024,MEDSUPP,true,true,2024-01-01,
99847493,Bluepeak,TX,2024,PDP,true,true,2024-01-01,
99847493,Bluepeak,TX,2025,ACA,true,true,2025-01-01,
99847493,Bluepeak,TX,2025,MA,true,true,2025-01-01,
99847493,Bluepeak,TX,2025,MEDSUPP,true,true,2025-01-01,
99847493,Bluepeak,TX,2025,PDP,true,true,2025-01-01,
99847493,Bluepeak,TX,2026,ACA,true,true,2026-01-01,
99847493,Bluepeak,TX,2026,MA,true,true,2026-01-01,
99847493,Bluepeak,TX,2026,MEDSUPP,true,true,2026-01-01,
99847493,Bluepeak,TX,2026,PDP,true,true,2026-01-01,
99847493,Bluepeak,WA,2022,MEDSUPP,true,true,2022-01-01,
99847493,Bluepeak,WA,2022,PDP,true,true,2022-01-01,
99847493,Bluepeak,WA,2023,MEDSUPP,true,true,2023-01-01,
99847493,Bluepeak,WA,2023,PDP,true,true,2023-01-01,
99847493,Bluepeak,WA,2024,ACA,true,true,2024-01-01,
99847493,Bluepeak,WA,2024,MEDSUPP,true,true,2024-01-01,
99847493,Bluepeak,WA,2024,PDP,true,true,2024-01-01,
99847493,Bluepeak,WA,2025,ACA,true,true,2025-01-01,
99847493,Bluepeak,WA,2025,MA,true,true,2025-01-01,
99847493,Bluepeak,WA,2025,MEDSUPP,true,true,2025-01-01,
99847493,Bluepeak,WA,2025,PDP,true,true,2025-01-01,
99847493,Bluepeak,WA,2026,ACA,true,true,2026-01-01,
99847493,Bluepeak,WA,2026,MA,true,true,2026-01-01,
99847493,Bluepeak,WA,2026,MEDSUPP,true,true,2026-01-01,
99847493,Bluepeak,WA,2026,PDP,true,true,2026-01-01,
99847493,Cardinal Mutual,TX,2022,MEDSUPP,true,true,2022-01-01,
99847493,Cardinal Mutual,TX,2022,PDP,true,true,2022-01-01,
99847493,Cardinal Mutual,TX,2023,MA,true,true,2023-01-01,
99847493,Cardinal Mutual,TX,2023,MEDSUPP,true,true,2023-01-01,
99847493,Cardinal Mutual,TX,2023,PDP,true,true,2023-01-01,
99847493,Cardinal Mutual,TX,2024,MA,true,true,2024-01-01,
99847493,Cardinal Mutual,TX,2024,MEDSUPP,true,true,2024-01-01,
99847493,Cardinal Mutual,TX,2024,PDP,true,true,2024-01-01,
99847493,Cardinal Mutual,TX,2025,ACA,true,true,2025-01-01,
99847493,Cardinal Mutual,TX,2025,MA,true,true,2025-01-01,
99847493,Cardinal Mutual,TX,2025,MEDSUPP,true,true,2025-01-01,
99847493,Cardinal Mutual,TX,2025,PDP,true,true,2025-01-01,
99847493,Cardinal Mutual,TX,2026,ACA,true,true,2026-01-01,
99847493,Cardinal Mutual,TX,2026,MA,true,true,2026-01-01,
99847493,Cardinal Mutual,TX,2026,MEDSUPP,true,true,2026-01-01,
99847493,Cardinal Mutual,TX,2026,PDP,true,true,2026-01-01,
99847493,Cardinal Mutual,WA,2022,MEDSUPP,true,true,2022-01-01,
99847493,Cardinal Mutual,WA,2022,PDP,true,true,2022-01-01,
99847493,Cardinal Mutual,WA,2023,MEDSUPP,true,true,2023-01-01,
99847493,Cardinal Mutual,WA,2023,PDP,true,true,2023-01-01,
99847493,Cardinal Mutual,WA,2024,ACA,true,true,2024-01-01,
99847493,Cardinal Mutual,WA,2024,MA,true,true,2024-01-01,
99847493,Cardinal Mutual,WA,2024,MEDSUPP,true,true,2024-01-01,
99847493,Cardinal Mutual,WA,2024,PDP,true,true,2024-01-01,
99847493,Cardinal Mutual,WA,2025,ACA,true,true,2025-01-01,
99847493,Cardinal Mutual,WA,2025,MA,true,true,2025-01-01,
99847493,Cardinal Mutual,WA,2025,MEDSUPP,true,true,2025-01-01,
99847493,Cardinal Mutual,WA,2025,PDP,true,true,2025-01-01,
99847493,Cardinal Mutual,WA,2026,ACA,true,true,2026-01-01,
99847493,Cardinal Mutual,WA,2026,MA,true,true,2026-01-01,
99847493,Cardinal Mutual,WA,2026,MEDSUPP,true,true,2026-01-01,
99847493,Cardinal Mutual,WA,2026,PDP,true,true,2026-01-01,
99847493,Harborline,TX,2022,MA,true,true,2022-01-01,
99847493,Harborline,TX,2023,MA,true,true,2023-01-01,
99847493,Harborline,TX,2024,MA,true,true,2024-01-01,
99847493,Harborline,TX,2025,ACA,true,true,2025-01-01,
99847493,Harborline,TX,2025,MA,true,true,2025-01-01,
99847493,Harborline,TX,2026,ACA,true,true,2026-01-01,
99847493,Harborline,TX,2026,MA,true,true,2026-01-01,
99847493,Harborline,WA,2022,MA,true,true,2022-01-01,
99847493,Harborline,WA,2023,MA,true,true,2023-01-01,
99847493,Harborline,WA,2024,MA,true,true,2024-01-01,
99847493,Harborline,WA,2025,ACA,true,true,2025-01-01,
99847493,Harborline,WA,2025,MA,true,true,2025-01-01,
99847493,Harborline,WA,2026,ACA,true,true,2026-01-01,
99847493,Harborline,WA,2026,MA,true,true,2026-01-01,
99847493,Meridian Care,TX,2022,MA,true,true,2022-01-01,
99847493,Meridian Care,TX,2023,MA,true,true,2023-01-01,
99847493,Meridian Care,TX,2023,MEDSUPP,true,true,2023-01-01,
99847493,Meridian Care,TX,2023,PDP,true,true,2023-01-01,
99847493,Meridian Care,TX,2024,ACA,true,true,2024-01-01,
99847493,Meridian Care,TX,2024,MA,true,true,2024-01-01,
99847493,Meridian Care,TX,2024,MEDSUPP,true,true,2024-01-01,
99847493,Meridian Care,TX,2024,PDP,true,true,2024-01-01,
99847493,Meridian Care,TX,2025,ACA,true,true,2025-01-01,
99847493,Meridian Care,TX,2025,MA,true,true,2025-01-01,
99847493,Meridian Care,TX,2025,MEDSUPP,true,true,2025-01-01,
99847493,Meridian Care,TX,2025,PDP,true,true,2025-01-01,
99847493,Meridian Care,TX,2026,ACA,true,true,2026-01-01,
99847493,Meridian Care,TX,2026,MA,true,true,2026-01-01,
99847493,Meridian Care,TX,2026,MEDSUPP,true,true,2026-01-01,
99847493,Meridian Care,TX,2026,PDP,true,true,2026-01-01,
99847493,Meridian Care,WA,2022,MA,true,true,2022-01-01,
99847493,Meridian Care,WA,2022,MEDSUPP,true,true,2022-01-01,
99847493,Meridian Care,WA,2022,PDP,true,true,2022-01-01,
99847493,Meridian Care,WA,2023,MA,true,true,2023-01-01,
99847493,Meridian Care,WA,2023,MEDSUPP,true,true,2023-01-01,
99847493,Meridian Care,WA,2023,PDP,true,true,2023-01-01,
99847493,Meridian Care,WA,2024,ACA,true,true,2024-01-01,
99847493,Meridian Care,WA,2024,MA,true,true,2024-01-01,
99847493,Meridian Care,WA,2024,MEDSUPP,true,true,2024-01-01,
99847493,Meridian Care,WA,2024,PDP,true,true,2024-01-01,
99847493,Meridian Care,WA,2025,ACA,true,true,2025-01-01,
99847493,Meridian Care,WA,2025,MA,true,true,2025-01-01,
99847493,Meridian Care,WA,2025,MEDSUPP,true,true,2025-01-01,
99847493,Meridian Care,WA,2025,PDP,true,true,2025-01-01,
99847493,Meridian Care,WA,2026,ACA,true,true,2026-01-01,
99847493,Meridian Care,WA,2026,MA,true,true,2026-01-01,
99847493,Meridian Care,WA,2026,MEDSUPP,true,true,2026-01-01,
99847493,Meridian Care,WA,2026,PDP,true,true,2026-01-01,
99847493,Northwind Health,TX,2024,MA,true,true,2024-01-01,
99847493,Northwind Health,TX,2025,ACA,true,true,2025-01-01,
99847493,Northwind Health,TX,2025,MA,true,true,2025-01-01,
99847493,Northwind Health,TX,2025,PDP,true,true,2025-01-01,
99847493,Northwind Health,TX,2026,ACA,true,true,2026-01-01,
99847493,Northwind Health,TX,2026,MA,true,true,2026-01-01,
99847493,Northwind Health,TX,2026,PDP,true,true,2026-01-01,
99847493,Northwind Health,WA,2023,MA,true,true,2023-01-01,
99847493,Northwind Health,WA,2023,PDP,true,true,2023-01-01,
99847493,Northwind Health,WA,2024,ACA,true,true,2024-01-01,
99847493,Northwind Health,WA,2024,MA,true,true,2024-01-01,
99847493,Northwind Health,WA,2024,PDP,true,true,2024-01-01,
99847493,Northwind Health,WA,2025,ACA,true,true,2025-01-01,
99847493,Northwind Health,WA,2025,MA,true,true,2025-01-01,
99847493,Northwind Health,WA,2025,PDP,true,true,2025-01-01,
99847493,Northwind Health,WA,2026,ACA,true,true,2026-01-01,
99847493,Northwind Health,WA,2026,MA,true,true,2026-01-01,
99847493,Northwind Health,WA,2026,PDP,true,true,2026-01-01,
99847493,Summit Health Plans,TX,2023,MA,true,true,2023-01-01,
99847493,Summit Health Plans,TX,2024,MA,true,true,2024-01-01,
99847493,Summit Health Plans,TX,2025,ACA,true,true,2025-01-01,
99847493,Summit Health Plans,TX,2025,MA,true,true,2025-01-01,
99847493,Summit Health Plans,TX,2025,PDP,true,true,2025-01-01,
99847493,Summit Health Plans,TX,2026,MA,true,true,2026-01-01,
99847493,Summit Health Plans,TX,2026,PDP,true,true,2026-01-01,
99847493,Summit Health Plans,WA,2022,MA,true,true,2022-01-01,
99847493,Summit Health Plans,WA,2023,MA,true,true,2023-01-01,
99847493,Summit Health Plans,WA,2023,MEDSUPP,true,true,2023-01-01,
99847493,Summit Health Plans,WA,2023,PDP,true,true,2023-01-01,
99847493,Summit Health Plans,WA,2024,MA,true,true,2024-01-01,
99847493,Summit Health Plans,WA,2024,MEDSUPP,true,true,2024-01-01,
99847493,Summit Health Plans,WA,2024,PDP,true,true,2024-01-01,
99847493,Summit Health Plans,WA,2025,MA,true,true,2025-01-01,
99847493,Summit Health Plans,WA,2025,MEDSUPP,true,true,2025-01-01,
99847493,Summit Health Plans,WA,2025,PDP,true,true,2025-01-01,
99847493,Summit Health Plans,WA,2026,ACA,true,true,2026-01-01,
99847493,Summit Health Plans,WA,2026,MA,true,true,2026-01-01,
99847493,Summit Health Plans,WA,2026,MEDSUPP,true,true,2026-01-01,
99847493,Summit Health Plans,WA,2026,PDP,true,true,2026-01-01,
44524491,Summit Health Plans,WI,2026,MA,true,true,2026-01-01,
44524491,Summit Health Plans,GA,2022,PDP,true,true,2022-01-01,
44524491,Summit Health Plans,GA,2023,PDP,true,true,2023-01-01,
44524491,Summit Health Plans,GA,2024,PDP,true,true,2024-01-01,
44524491,Summit Health Plans,GA,2025,PDP,true,true,2025-01-01,
44524491,Summit Health Plans,GA,2026,PDP,true,true,2026-01-01,
32244663,Cardinal Mutual,LA,2024,MA,true,true,2024-01-01,
32244663,Cardinal Mutual,LA,2025,MA,true,true,2025-01-01,
13981052,Harborline,AR,2025,ACA,true,true,2025-01-01,
13981052,Harborline,AR,2026,ACA,true,true,2026-01-01,
74197857,Summit Health Plans,IL,2024,MA,true,true,2024-01-01,
74197857,Summit Health Plans,IL,2025,MA,true,true,2025-01-01,
74197857,Summit Health Plans,IL,2026,MA,true,true,2026-01-01,
90949389,Harborline,CA,2023,PDP,true,true,2023-01-01,
90949389,Harborline,CA,2024,PDP,true,true,2024-01-01,
90949389,Harborline,CA,2025,PDP,true,true,2025-01-01,
90949389,Harborline,CA,2026,PDP,true,true,2026-01-01,
78490893,Cardinal Mutual,SC,2022,MA,true,true,2022-01-01,
78490893,Cardinal Mutual,SC,2023,MA,true,true,2023-01-01,
78490893,Cardinal Mutual,SC,2024,MA,true,true,2024-01-01,
78490893,Cardinal Mutual,SC,2025,MA,true,true,2025-01-01,
78490893,Cardinal Mutual,SC,2026,MA,true,true,2026-01-01,
94702683,Bluepeak,RI,2023,MEDSUPP,true,true,2023-01-01,
94702683,Bluepeak,RI,2024,MEDSUPP,true,true,2024-01-01,
94702683,Bluepeak,RI,2025,MEDSUPP,true,true,2025-01-01,
94702683,Bluepeak,RI,2026,MEDSUPP,true,true,2026-01-01,
29898923,Meridian Care,IA,2024,PDP,true,true,2024-01-01,
29898923,Meridian Care,IA,2025,PDP,true,true,2025-01-01,
29898923,Meridian Care,IA,2026,PDP,true,true,2026-01-01,
97102525,Northwind Health,WV,2024,MA,true,true,2024-01-01,
97102525,Northwind Health,WV,2025,MA,true,true,2025-01-01,
97102525,Northwind Health,WV,2026,MA,true,true,2026-01-01,
77125617,Bluepeak,FL,2026,MA,true,true,2026-01-01,
1884412,Harborline,OR,2025,MA,true,true,2025-01-01,
1884412,Harborline,OR,2026,MA,true,true,2026-01-01,
44524491,Bluepeak,CA,2023,MA,true,true,2023-01-01,
44524491,Bluepeak,CA,2024,MA,true,true,2024-01-01,
44524491,Bluepeak,CA,2025,MA,true,true,2025-01-01,
44524491,Bluepeak,CA,2026,MA,true,true,2026-01-01,
