Client ID,Client Name,Mbr DOB,Primary Phone,Email,Address,City,State,Zip,Medicare ID,Household,Policy #,Carrier Name,Plan,Product,Policy State,Eligibility,Member ID,Eff Date,Term Date,Status,Writing Agent NPN,Premium,Notes
C-00001,"Tate, Brian",21269,(865) 555-0121,brian.tate1@example.com,3419 Amanda Gardens Apt. 764,Lake Mark,GA,39838,5JR1EA3UD29,H-00001,P-00001,Summit Health Plans,H5371-027-003,MA,GA,AGE,SH-542828,06/01/2024,,Active,61291817,9.87,
C-00002,"Thomas, Donald",05/01/1949,(292) 555-0193,donald.thomas2@example.com,6413 Lewis Parks,Wilkersonmouth,GA,30749,3FD8XA9GT53,H-00002,P-00002,Meridian Care,H8433-028,MA,GA,AGE,MC-190898,2025-05-01,,ACTIVE,61855700,17.79,
C-00003,"Becker, Candace",28603,(454) 555-0135,candace.becker3@example.com,969 Cox Dam Suite 101,Lake Ernest,AL,36993,,H-00003,P-00003,Bluepeak,23947AL9284454,ACA,AL,,BP-916808,01/01/25,12/31/25,chk w/ carrier,1884412,523.45,
C-00003,"Becker, Candace",28603,(454) 555-0135,candace.becker3@example.com,969 Cox Dam Suite 101,Lake Ernest,AL,36993,,H-00003,P-00004,Northwind Health,76542AL5060836,ACA,AL,,NW-642899,01/01/2026,,Active,1884412,419.28,
C-00004,"Becker, Paul",11/05/1950,(594) 555-0144,,969 Cox Dam Suite 101,Lake Ernest,AL,36993,4UQ1JU9DV05,H-00003,P-00005,Bluepeak,H3266-012,MA,AL,AGE,BP-816116,2023-09-01,,ACTIVE,1884412,44.75,
C-00005,"Mckay, Nancy",21064,(608) 555-0164,nancy.mckay5@example.com,480 Erin Plain Suite 514,Mooretown,GA,30075,9RR6D08WY24,H-00004,P-00006,Northwind Health,H5040-018,MA,GA,AGE,NW-509711,02/01/23,10/31/24,terminated,61855700,26.76,
C-00005,"Mckay, Nancy",21064,(608) 555-0164,nancy.mckay5@example.com,480 Erin Plain Suite 514,Mooretown,GA,30075,9RR6D08WY24,H-00004,P-00007,Meridian Care,H8433-024,MA,GA,AGE,MC-160718,11/01/2024,,Active,61855700,19.54,
C-00006,"Mckay, Jose",11/22/1945,(517) 555-0185,jose.mckay6@example.com,480 Erin Plain Suite 514,Mooretown,GA,30075,3EA2AG7PV84,H-00004,P-00008,Harborline,H3504-024,MA,GA,AGE,HL-908903,2022-11-01,,ACTIVE,61855700,9.67,
C-00007,"Mckay, Vincent",30737,(270) 555-0101,vincent.mckay7@example.com,480 Erin Plain Suite 514,Mooretown,GA,30075,,H-00004,P-00009,Meridian Care,76540GA9674609,ACA,GA,,MC-620248,01/01/25,12/31/25,terminated,61855700,251.01,
C-00007,"Mckay, Vincent",30737,(270) 555-0101,vincent.mckay7@example.com,480 Erin Plain Suite 514,Mooretown,GA,30075,,H-00004,P-00010,Cardinal Mutual,49117GA8569497,ACA,GA,,CM-158132,01/01/2026,,Active,61855700,622.02,
C-00008,"Nielsen, Samantha",10/21/1941,(434) 555-0194,samantha.nielsen8@example.com,148 Eric Track,New Stephanie,MO,64420,1AJ0UP6FG08,H-00005,P-00011,Meridian Care,K,MEDSUPP,MO,AGE,MC-437433,2026-04-01,,ACTIVE,33857966,163.56,
C-00008,"Nielsen, Samantha",10/21/1941,(434) 555-0194,samantha.nielsen8@example.com,148 Eric Track,New Stephanie,MO,64420,1AJ0UP6FG08,H-00005,P-00012,Meridian Care,S3927-009-003,PDP,MO,AGE,MC-699298,04/01/26,,active,33857966,17.76,
C-00009,"Arroyo, Frederick",05/10/1946,(519) 555-0141,frederick.arroyo9@example.com,0154 Brian Wells Apt. 171,East Donna,CO,80528,8AP3MX4YJ75,H-00006,P-00013,Cardinal Mutual,H7252-005,MA,CO,AGE,CM-529954,02/01/2025,,Active,5265799,0.52,
C-00010,"Hall, Jeffrey",03/23/1939,(945) 555-0139,jeffrey.hall10@example.com,83465 Lam Mission Apt. 331,Andrewside,ME,04481,9JR7CF4DC38,H-00007,P-00014,Cardinal Mutual,S2876-015,PDP,ME,AGE,CM-708982,2026-11-01,,PENDING,94702683,18.91,
C-00011,"Lewis, Dave",23219,(807) 555-0172,david.lewis11@example.com,031 Michele Cliffs,West Elizabeth,SD,57609,,H-00008,P-00015,Cardinal Mutual,49117SD5473593,ACA,SD,,CM-574751,01/01/25,,active,90949389,566.88,
C-00012,"Lewis, Selena",20430,(807) 555-0172,selena.lewis12@example.com,031 Michele Cliffs,West Elizabeth,SD,57609,8TN6EW5HT47,H-00008,P-00016,Northwind Health,S6930-027-003,PDP,SD,AGE,NW-325465,05/01/2023,,Active,90949389,11.60,
C-00013,"Wright, James",37184,(606) 555-0165,,76311 Gomez Loop Suite 010,Chandlerville,AL,35845,,H-00009,P-00017,Bluepeak,23947AL0521470,ACA,AL,,BP-996114,2025-01-01,2024-11-23,TERMINATED,1884412,680.04,
C-00013,"Wright, James",37184,(606) 555-0165,,76311 Gomez Loop Suite 010,Chandlerville,AL,35845,,H-00009,P-00018,Summit Health Plans,93748AL9327356,ACA,AL,,SH-361989,01/01/26,,active,1884412,871.05,
C-00014,"Russell, Timothy",06/10/1936,(325) 555-0101,,62473 Scott Wall Apt. 080,Port Melindaburgh,KY,42617,6BX9K91AD37,H-00010,P-00019,Bluepeak,G,MEDSUPP,KY,AGE,BP-228479,04/01/2026,,Active,32244663,198.64,
C-00014,"Russell, Timothy",06/10/1936,(325) 555-0101,,62473 Scott Wall Apt. 080,Port Melindaburgh,KY,42617,6BX9K91AD37,H-00010,P-00020,Bluepeak,S2489-006-002,PDP,KY,AGE,BP-961599,2026-04-01,,ACTIVE,32244663,75.96,
C-00015,"Daniels, Julie",30481,(482) 555-0135,julie.daniels15@example.com,26064 Mitchell Square Suite 234,North Beth,GA,31287,,H-00011,P-00021,Bluepeak,23947GA0581321,ACA,GA,,BP-778720,01/01/25,12/31/25,XFER,61855700,472.15,
C-00015,"Daniels, Julie",30481,(482) 555-0135,julie.daniels15@example.com,26064 Mitchell Square Suite 234,North Beth,GA,31287,,H-00011,P-00022,Cardinal Mutual,49117GA8370012,ACA,GA,,CM-677438,01/01/2026,,Active,61855700,690.00,
C-00016,"Daniels, Brian",03/19/1950,(637) 555-0122,brian.daniels16@example.com,26064 Mitchell Square Suite 234,North Beth,GA,31287,9J08AQ5UW75,H-00011,P-00023,Harborline,H3504-020-001,MA,GA,AGE,HL-130726,2025-01-01,2026-04-30,TERMINATED,61855700,17.94,
C-00016,"Daniels, Brian",03/19/1950,(637) 555-0122,brian.daniels16@example.com,26064 Mitchell Square Suite 234,North Beth,GA,31287,9J08AQ5UW75,H-00011,P-00024,Cardinal Mutual,H8668-017,MA,GA,AGE,CM-904092,05/01/26,,active,61855700,29.28,
C-00017,"Harvey, Robert",09/03/1937,(425) 555-0173,,820 Melissa Cliff Apt. 361,New Brooke,FL,32331,7P92GJ9NP90,H-00012,P-00025,Meridian Care,H3591-019,MA,FL,AGE,MC-977340,10/01/2025,,Active,94702683,15.42,
C-00018,"Ferrell, Charles",21921,(239) 555-0111,charles.ferrell18@example.com,3534 Anderson Rue Suite 751,South Christineshire,SC,29262,4FN2NC0FX21,H-00013,P-00026,Northwind Health,H9830-019,MA,SC,AGE,NW-452909,2026-01-01,,ACTIVE,10583482,8.27,
C-00019,"Ferrell, Jason",31252,(950) 555-0155,jason.ferrell19@example.com,3534 Anderson Rue Suite 751,South Christineshire,SC,29262,,H-00013,P-00027,Cardinal Mutual,49117SC5323132,ACA,SC,,CM-841535,01/01/25,12/31/25,terminated,10583482,378.33,
C-00019,"Ferrell, Jason",31252,(950) 555-0155,jason.ferrell19@example.com,3534 Anderson Rue Suite 751,South Christineshire,SC,29262,,H-00013,P-00028,Meridian Care,76540SC5986539,ACA,SC,,MC-797860,01/01/2026,,Active,10583482,442.60,
C-00020,"Mcmillan, Dennis",12/12/1937,(906) 555-0137,,51354 Samuel Plains Suite 980,Sarahville,UT,84493,1GY5YJ9EU25,H-00014,P-00029,Northwind Health,H9830-006,MA,UT,AGE,NW-193035,2025-12-01,,ACTIVE,97102525,52.11,
C-00021,"Whitehead, Meghan",08/07/1952,(250) 555-0149,meghan.whitehead21@example.com,82449 Jennifer Ford,Williamview,KY,40826,7G86U86PW61,H-00015,P-00030,Summit Health Plans,N,MEDSUPP,KY,AGE,SH-573209,07/01/24,,active,32244663,143.29,
C-00021,"Whitehead, Meghan",08/07/1952,(250) 555-0149,meghan.whitehead21@example.com,82449 Jennifer Ford,Williamview,KY,40826,7G86U86PW61,H-00015,P-00031,Summit Health Plans,S8123-001-001,PDP,KY,AGE,SH-373812,07/01/2024,,Active,32244663,57.21,
C-00022,"Arnold, Ronald",21286,(365) 555-0193,ronald.arnold22@example.com,640 Matthew Curve,Evanmouth,OR,97248,8AR2Y86GC15,H-00016,P-00032,Bluepeak,H3266-022,MA,OR,AGE,BP-411847,2024-06-01,,ACTIVE,74197857,23.06,
C-00023,"Nolan, Jason",09/30/1947,(763) 555-0162,jason.nolan23@example.com,12805 Russell Canyon,Michaelton,CO,81273,8HE0HG4DU14,H-00017,P-00033,Cardinal Mutual,H8668-006-003,MA,CO,AGE,CM-499974,02/01/24,04/30/26,??,5265799,30.39,
C-00023,"Nolan, Jason",09/30/1947,(763) 555-0162,jason.nolan23@example.com,12805 Russell Canyon,Michaelton,CO,81273,8HE0HG4DU14,H-00017,P-00034,Harborline,H3504-015,MA,CO,AGE,HL-376195,05/01/2026,,Active,5265799,38.09,
C-00024,"Cherry, Lisa",21117,(971) 555-0189,lisa.cherry24@example.com,158 Dickson Summit,East Michelle,MO,63119,4WC6VR8UX37,H-00018,P-00035,Northwind Health,K,MEDSUPP,MO,AGE,NW-626491,2024-06-01,,ACTIVE,29898923,101.37,
C-00024,"Cherry, Lisa",21117,(971) 555-0189,lisa.cherry24@example.com,158 Dickson Summit,East Michelle,MO,63119,4WC6VR8UX37,H-00018,P-00036,Northwind Health,S7543-004,PDP,MO,AGE,NW-281276,06/01/24,,active,29898923,78.57,
C-00025,"Bailey, Lori",11/14/1933,(634) 555-0110,lori.bailey25@example.com,25634 Kristin Coves Suite 073,Port Samantha,GA,30405,6DD6WQ8NK87,H-00019,P-00037,Meridian Care,R5315-004,MA,GA,AGE,MC-256911,01/01/2022,,Active,61291817,33.95,
C-00026,"Frazier, Megan",03/05/1947,(304) 555-0136,megan.frazier26@example.com,03654 Tammy Harbors,Darlenefurt,MO,63472,8CG4QF9YQ06,H-00020,P-00038,Northwind Health,H9830-001,MA,MO,AGE,NW-957091,2023-10-01,2025-04-30,TERMINATED,33857966,27.67,
C-00026,"Frazier, Megan",03/05/1947,(304) 555-0136,megan.frazier26@example.com,03654 Tammy Harbors,Darlenefurt,MO,63472,8CG4QF9YQ06,H-00020,P-00039,Cardinal Mutual,H7252-028-002,MA,MO,AGE,CM-240913,05/01/25,,active,33857966,18.67,
C-00027,"Scott, Jeanne",08/17/1938,(476) 555-0193,jeanne.scott27@example.com,14294 Daniel Mews Suite 569,South Rachelborough,NE,69341,7U48P60VG14,H-00021,P-00040,Bluepeak,H4593-006,MA,NE,AGE,BP-973390,09/01/2024,07/29/2024,Terminated,54100814,15.79,
C-00027,"Scott, Jeanne",08/17/1938,(476) 555-0193,jeanne.scott27@example.com,14294 Daniel Mews Suite 569,South Rachelborough,NE,69341,7U48P60VG14,H-00021,P-00041,Harborline,H2796-030-002,MA,NE,AGE,HL-838862,2026-03-01,,ACTIVE,54100814,29.52,
C-00028,"Cortez, Kevin",03/25/1953,(607) 555-0181,kevin.cortez28@example.com,835 Jones Shores,Cindyville,CT,06764,8XW5PG4DM06,H-00022,P-00042,Bluepeak,R9348-028,MA,CT,AGE,BP-778827,04/01/22,,active,29898923,18.13,
C-00029,"Torres, Jason",35097,(863) 555-0122,jason.torres29@example.com,656 Spencer Fields Suite 629,Richardtown,CA,91883,1JK9M24RQ57,H-00023,P-00043,Cardinal Mutual,H8668-019,MA,CA,DISABILITY,CM-107704,05/01/2023,,Active,43339391,8.38,
C-00029,"Torres, Jason",35097,(863) 555-0122,jason.torres29@example.com,656 Spencer Fields Suite 629,Richardtown,CA,91883,1JK9M24RQ57,H-00023,P-00043,Cardinal Mutual,H8668-019,MA,CA,DISABILITY,CM-107704,2023-05-01,,ACTIVE,43339391,8.38,
C-00030,"Chambers, Jeffrey",08/30/1945,(809) 555-0177,jeffrey.chambers30@example.com,7738 Leon Underpass Apt. 148,Clarencebury,ID,83682,6KK4HF8JC96,H-00024,P-00044,Harborline,H3504-010,MA,ID,AGE,HL-538897,07/01/25,,active,43339391,21.25,
C-00031,"Chambers, James",37597,(786) 555-0124,james.chambers31@example.com,7738 Leon Underpass Apt. 148,Clarencebury,ID,83682,,H-00024,P-00045,Bluepeak,23947ID8969688,ACA,ID,,BP-804505,01/01/2026,,Active,43339391,773.55,
C-00032,"Snyder, John",27603,(943) 555-0171,john.snyder32@example.com,37917 Mercado Ports,Lake Heather,TX,75984,,H-00025,P-00046,Meridian Care,76540TX5630978,ACA,TX,,MC-333049,2024-01-01,,ACTIVE,90949389,267.04,Asked about dental add-ons at renewal.
C-00033,"Contreras, Vanessa",20854,(540) 555-0147,vanessa.contreras33@example.com,63287 Angela Vista,South Dennismouth,ME,04353,2U83VE6VM60,H-00026,P-00047,Bluepeak,H3266-005,MA,ME,AGE,BP-850432,12/01/22,,active,94702683,25.91,
C-00034,"Contreras, Caitlin",04/14/1943,(382) 555-0140,caitlin.contreras34@example.com,63287 Angela Vista,South Dennismouth,ME,04353,1TK3GX2UD29,H-00026,P-00048,Cardinal Mutual,H8668-013,MA,ME,AGE,CM-139557,04/01/2024,01/31/2026,Terminated,94702683,0.38,
C-00034,"Contreras, Caitlin",04/14/1943,(382) 555-0140,caitlin.contreras34@example.com,63287 Angela Vista,South Dennismouth,ME,04353,1TK3GX2UD29,H-00026,P-00049,Meridian Care,H3591-029,MA,ME,AGE,MC-893612,2026-02-01,,ACTIVE,94702683,26.39,Met at the café seminar in the spring.
C-00035,"Washington, John",04/25/1949,(952) 555-0131,john.washington35@example.com,868 Merritt Summit Suite 743,Katiehaven,AK,99580,5GD0MM7VY85,H-00027,P-00050,Meridian Care,G,MEDSUPP,AK,AGE,MC-613989,04/01/24,,active,61291817,202.30,
C-00035,"Washington, John",04/25/1949,(952) 555-0131,john.washington35@example.com,868 Merritt Summit Suite 743,Katiehaven,AK,99580,5GD0MM7VY85,H-00027,P-00051,Meridian Care,S9201-006,PDP,AK,AGE,MC-120053,04/01/2024,,Active,61291817,71.09,
C-00036,"Washington, Scott",20621,(804) 555-0164,scott.washington36@example.com,868 Merritt Summit Suite 743,Katiehaven,AK,99580,6CQ4WY0YC10,H-00027,P-00052,Meridian Care,G,MEDSUPP,AK,AGE,MC-565897,2022-04-01,,ACTIVE,61291817,226.56,
C-00036,"Washington, Scott",20621,(804) 555-0164,scott.washington36@example.com,868 Merritt Summit Suite 743,Katiehaven,AK,99580,6CQ4WY0YC10,H-00027,P-00053,Meridian Care,S3927-016,PDP,AK,AGE,MC-315477,04/01/22,,active,61291817,30.08,
C-00037,"Perry, Jamie",07/23/1936,(733) 555-0134,,45581 Edward Lights Apt. 316,Riveramouth,MI,48384,9YE4E51UH93,H-00028,P-00054,Bluepeak,H3266-006,MA,MI,AGE,BP-674765,05/01/2023,08/31/2025,See notes,13981052,3.22,
C-00037,"Perry, Jamie",07/23/1936,(733) 555-0134,,45581 Edward Lights Apt. 316,Riveramouth,MI,48384,9YE4E51UH93,H-00028,P-00055,Summit Health Plans,H5371-011,MA,MI,AGE,SH-102871,2025-09-01,,ACTIVE,13981052,19.21,
C-00038,"Graham, Anthony",36539,(788) 555-0185,anthony.graham38@example.com,9096 Smith Knoll Suite 668,South Jeffrey,CA,96014,,H-00029,P-00056,Meridian Care,76540CA3878226,ACA,CA,,MC-410401,01/01/25,,active,43339391,748.67,
C-00039,"Graham, Matthew",20343,(569) 555-0186,matthew.graham39@example.com,9096 Smith Knoll Suite 668,South Jeffrey,CA,96014,2E70A72GN57,H-00029,P-00057,Harborline,H3504-006,MA,CA,AGE,HL-520245,04/01/2025,,Active,43339391,9.32,
C-00040,"Gray, Jason",08/05/1953,(690) 555-0153,jason.gray40@example.com,272 Rebecca Ramp Apt. 162,Whiteview,MO,64588,3ER9U59TG96,H-00030,P-00058,Meridian Care,H8433-004,MA,MO,AGE,MC-562094,2023-11-01,2024-10-31,N/A,32244663,33.69,
C-00040,"Gray, Jason",08/05/1953,(690) 555-0153,jason.gray40@example.com,272 Rebecca Ramp Apt. 162,Whiteview,MO,64588,3ER9U59TG96,H-00030,P-00059,Northwind Health,H5040-023-002,MA,MO,AGE,NW-650311,11/01/24,09/08/26,active,32244663,55.53,
C-00041,"Gray, Mark",10/24/1952,(732) 555-0166,mark.gray41@example.com,272 Rebecca Ramp Apt. 162,Whiteview,MO,64588,2R13UP6FW90,H-00030,P-00060,Meridian Care,G,MEDSUPP,MO,AGE,MC-990079,01/01/2022,,Active,32244663,255.66,
C-00041,"Gray, Mark",10/24/1952,(732) 555-0166,mark.gray41@example.com,272 Rebecca Ramp Apt. 162,Whiteview,MO,64588,2R13UP6FW90,H-00030,P-00061,Meridian Care,S3927-028,PDP,MO,AGE,MC-178501,2022-01-01,,ACTIVE,32244663,32.09,
C-00042,"Howell, John",06/03/1948,(252) 555-0164,john.howell42@example.com,6417 Kaitlyn Center Suite 310,East Jamestown,MO,64135,8D77TN1UA16,H-00031,P-00062,Northwind Health,H5040-026,MA,MO,AGE,NW-749137,03/01/24,,active,6831819,49.49,
C-00043,"Rodriguez, Anthony",21710,(540) 555-0171,anthony.rodriguez43@example.com,193 Lyons Trafficway Suite 299,Port Loriport,UT,84383,8P27EE3AN54,H-00032,P-00063,Summit Health Plans,H9797-029,MA,UT,AGE,SH-616342,12/01/2025,,Active,90949389,13.44,
C-00044,"Reed, Ross",29385,(826) 555-0125,ross.reed44@example.com,663 Brittany Village Apt. 149,Port Tonyaton,SD,57132,,H-00033,P-00064,Harborline,91959SD1808009,ACA,SD,,HL-148759,2026-01-01,,ACTIVE,77125617,693.25,
C-00045,"Reed, Mitchell",10/29/1945,(826) 555-0125,mitchell.reed45@example.com,663 Brittany Village Apt. 149,Port Tonyaton,SD,57132,8AV0W96XU82,H-00033,P-00065,Summit Health Plans,H9797-004,MA,SD,AGE,SH-789461,09/01/25,,active,77125617,31.73,
C-00046,"Adams, Melissa",03/12/1952,(502) 555-0157,,67165 Zimmerman Mews Apt. 849,Marshallshire,TX,78149,,H-00034,P-00066,Summit Health Plans,H9797-023,MA,TX,AGE,SH-286450,02/01/2023,,Cancelled,37231783,53.25,Met at the café seminar in the spring.
C-00047,"Adams, Mariah",08/03/1938,(776) 555-0161,mariah.adams47@example.com,67165 Zimmerman Mews Apt. 849,Marshallshire,TX,78149,7WM6AV1AQ20,H-00034,P-00067,Northwind Health,H9830-022-001,MA,TX,AGE,NW-253541,2025-07-01,,ACTIVE,37231783,20.52,
C-00048,"Kelly, Jonathan",28347,(892) 555-0194,jonathan.kelly48@example.com,7379 Rogers Park,Hunterborough,NJ,07696,,H-00035,P-00068,Meridian Care,76540NJ9416557,ACA,NJ,,MC-349136,01/01/24,,active,77125617,659.72,
C-00049,"Kelly, Joshua",10/12/1950,(591) 555-0149,joshua.kelly49@example.com,7379 Rogers Park,Hunterborough,NJ,07696,6WC0KH9TJ59,H-00035,P-00069,Meridian Care,S9201-010,PDP,NJ,AGE,MC-286044,11/01/2024,,Active,77125617,78.53,Call after 2pm.
C-00050,"Davis, Jeffrey",20647,(587) 555-0105,jeffrey.davis50@example.com,083 John Lodge Suite 837,Westtown,MT,59815,6T22CF5YC94,H-00036,P-00070,Summit Health Plans,H5371-017,MA,MT,AGE,SH-292800,2024-08-01,,ACTIVE,97102525,18.01,
C-00051,"Davis, Heather",12/27/1946,(587) 555-0105,heather.davis51@example.com,083 John Lodge Suite 837,Westtown,MT,59815,4H15NP4HY87,H-00036,P-00071,Meridian Care,H8433-008-002,MA,MT,AGE,MC-743512,12/01/24,,active,97102525,52.61,
C-00052,"Davis, Kevin",03/20/1950,(317) 555-0149,kevin.davis52@example.com,083 John Lodge Suite 837,Westtown,MT,59815,5A98PV8TU04,H-00036,P-00072,Bluepeak,H4593-006,MA,MT,AGE,BP-659106,06/01/2025,,Active,97102525,44.07,
C-00053,"Newton, Stephanie",02/26/1939,(411) 555-0168,,8856 Bell Motorway Suite 443,Lake Jamesville,AR,71985,7D32AT5CD10,H-00037,P-00073,Harborline,A,MEDSUPP,AR,AGE,HL-702891,2022-12-01,,ACTIVE,44524491,113.08,
C-00053,"Newton, Stephanie",02/26/1939,(411) 555-0168,,8856 Bell Motorway Suite 443,Lake Jamesville,AR,71985,7D32AT5CD10,H-00037,P-00074,Harborline,S7304-014,PDP,AR,AGE,HL-573039,12/01/22,,active,44524491,68.57,
C-00054,"Newton, Hannah",08/02/1939,(845) 555-0199,hannah.newton54@example.com,8856 Bell Motorway Suite 443,Lake Jamesville,AR,71985,2XC1P98EM49,H-00037,P-00075,Northwind Health,H9830-013,MA,AR,AGE,NW-962057,11/01/2026,,Pending,44524491,32.36,
C-00055,"White, Alexis",26056,(348) 555-0138,alexis.white55@example.com,74989 Hooper Village,West Jeremy,ID,83628,,H-00038,P-00076,Meridian Care,76540ID6260091,ACA,ID,,MC-680412,2026-01-01,,ACTIVE,61855700,164.61,
C-00056,"Andrews, Taylor",08/19/1943,(787) 555-0176,taylor.andrews56@example.com,0084 Dana Terrace,Garciatown,AL,35100,6HR8FG2JY43,H-00039,P-00077,Bluepeak,B,MEDSUPP,AL,AGE,BP-992744,08/01/22,,active,1884412,107.82,
C-00056,"Andrews, Taylor",08/19/1943,(787) 555-0176,taylor.andrews56@example.com,0084 Dana Terrace,Garciatown,AL,35100,6HR8FG2JY43,H-00039,P-00078,Bluepeak,S1771-021,PDP,AL,AGE,BP-404771,08/01/2022,,Active,18O4412,16.98,
C-00057,"Avery, Christopher",10/31/1938,(795) 555-0162,christopher.avery57@example.com,2047 Lynn Locks Suite 190,East Lisa,CO,80692,2HN7TN9MX29,H-00040,P-00079,Harborline,H2796-001,MA,CO,AGE,HL-358133,2025-01-01,,ACTIVE,29898923,25.65,
C-00058,"Dalton, Veronica",02/15/1946,(338) 555-0186,veronica.dalton58@example.com,86999 Kimberly Light,Kerrport,SD,57446,9EG9D64FW34,H-00041,P-00080,Meridian Care,S9201-028-001,PDP,SD,AGE,MC-762308,11/01/25,,active,77125617,88.09,
C-00059,"Moore, Ricky",25931,(418) 555-0104,ricky.moore59@example.com,909 Stacey Fords Apt. 412,East Andrea,NE,69375,,H-00042,P-00081,Cardinal Mutual,49117NE3746463,ACA,NE,,CM-240384,01/01/2025,,Active,33857966,531.41,
C-00060,"Kerr, Margaret",31423,(573) 555-0164,margaret.kerr60@example.com,0344 Jones Fort Suite 936,New Jeffreyberg,UT,84150,3UP0J47JD45,H-00043,P-00082,Meridian Care,H8433-013,MA,UT,DISABILITY,MC-576728,2023-03-01,,ACTIVE,90949389,38.47,
C-00061,"Mason, Troy",10/12/1951,(734) 555-0181,troy.mason61@example.com,24994 Martinez Spurs,Hollyview,WA,98190,7PX1VK6JV65,H-00044,P-00083,Harborline,H2796-017,MA,WA,AGE,HL-561267,05/01/26,,active,99847493,11.38,
C-00062,"Mason, Christopher",33473,(734) 555-0181,christopher.mason62@example.com,24994 Martinez Spurs,Hollyview,WA,98190,,H-00044,P-00084,Bluepeak,23947WA3135756,ACA,WA,,BP-479818,01/01/2025,12/31/2025,Terminated,99847493,356.25,
C-00062,"Mason, Christopher",33473,(734) 555-0181,christopher.mason62@example.com,24994 Martinez Spurs,Hollyview,WA,98190,,H-00044,P-00085,Meridian Care,76540WA1985251,ACA,WA,,MC-534753,2026-01-01,,ACTIVE,99847493,451.91,
C-00063,"Jhnston, Kathryn",20032,(223) 555-0131,kathryn.johnston63@example.com,5940 Jeremy Spring,Port Emilyview,DE,19886,3F08C89FC24,H-00045,P-00086,Summit Health Plans,K,MEDSUPP,DE,AGE,SH-690982,12/01/22,,active,54100814,286.39,
C-00063,"Jhnston, Kathryn",20032,(223) 555-0131,kathryn.johnston63@example.com,5940 Jeremy Spring,Port Emilyview,DE,19886,3F08C89FC24,H-00045,P-00087,Summit Health Plans,S8123-003,PDP,DE,AGE,SH-571023,12/01/2022,,Active,54100814,40.48,
C-00063,"Jhnston, Kathryn",20032,(223) 555-0131,kathryn.johnston63@example.com,5940 Jeremy Spring,Port Emilyview,DE,19886,3F08C89FC24,H-00045,P-00087,Summit Health Plans,S8123-003,PDP,DE,AGE,SH-571023,2022-12-01,,ACTIVE,54100814,52.48,
C-00064,"Morris, Daniel",25019,(724) 555-0133,daniel.morris64@example.com,8742 Walters Overpass,South Michaelmouth,MN,55628,,H-00046,P-00088,Harborline,91959MN7607966,ACA,MN,,HL-340977,01/01/26,,active,61855700,240.23,
C-00065,"Hancock, Mallory",26588,(408) 555-0166,mallory.hancock65@example.com,6746 Shawn Island,Marcusfurt,CA,90602,,H-00047,P-00089,Bluepeak,23947CA7983760,ACA,CA,,BP-921945,01/01/2024,,Active,78490893,201.16,
C-00066,"Hancock, Aaron",10/29/1944,(408) 555-0166,aaron.hancock66@example.com,6746 Shawn Island,Marcusfurt,CA,90602,1RV6P70VR37,H-00047,P-00090,Cardinal Mutual,S1188-014,PDP,CA,AGE,CM-366881,2026-03-01,,ACTIVE,78490893,26.93,
C-00067,"Wolfe, David",09/28/1937,(757) 555-0152,david.wolfe67@example.com,0385 Garrett Trace Apt. 348,West Samuel,FL,32976,1Q03NR5EF69,H-00048,P-00091,Harborline,H3504-019,MA,FL,AGE,HL-741603,11/01/26,,pending,94702683,29.95,
C-00068,"Wolfe, Teresa",03/04/1954,(757) 555-0152,teresa.wolfe68@example.com,0385 Garrett Trace Apt. 348,West Samuel,FL,32976,3PW8UK4XP62,H-00048,P-00092,Northwind Health,H5040-004,MA,FL,AGE,NW-633036,07/01/2025,,Active,94702683,17.56,
C-00069,"Wolfe, Chelsea",12/24/1934,(901) 555-0190,chelsea.wolfe69@example.com,0385 Garrett Trace Apt. 348,West Samuel,FL,32976,7A51FU9RD14,H-00048,P-00093,Harborline,G,MEDSUPP,FL,AGE,HL-139589,2023-03-01,,ACTIVE,94702683,289.56,
C-00069,"Wolfe, Chelsea",12/24/1934,(901) 555-0190,chelsea.wolfe69@example.com,0385 Garrett Trace Apt. 348,West Samuel,FL,32976,7A51FU9RD14,H-00048,P-00094,Harborline,S7304-020,PDP,FL,AGE,HL-846172,03/01/23,,cancelled,94702683,51.93,
C-00070,"Murray, David",33907,(731) 555-0136,david.murray70@example.com,248 Andrea Course,Port Robin,TX,78963,,H-00049,P-00095,Summit Health Plans,93748TX8565571,ACA,TX,,SH-832377,01/01/2025,12/31/2025,Terminated,99847493,826.08,
C-00070,"Murray, David",33907,(731) 555-0136,david.murray70@example.com,248 Andrea Course,Port Robin,TX,78963,,H-00049,P-00096,Bluepeak,23947TX2843451,ACA,TX,,BP-477214,2026-01-01,,ACTIVE,99847493,197.26,
C-00071,"Lee, Carol",29315,(616) 555-0175,carol.lee71@example.com,4846 Baird Gardens,Arnoldfurt,AR,71811,,H-00050,P-00097,Northwind Health,76542AR1151205,ACA,AR,,NW-676289,01/01/25,12/31/25,terminated,44524491,268.18,
C-00071,"Lee, Carol",29315,(616) 555-0175,carol.lee71@example.com,4846 Baird Gardens,Arnoldfurt,AR,71811,,H-00050,P-00098,Cardinal Mutual,49117AR9380374,ACA,AR,,CM-464354,01/01/2026,,Active,44524491,606.25,
C-00072,"Lee, Julie",09/03/1946,(483) 555-0199,julie.lee72@example.com,4846 Baird Gardens,Arnoldfurt,AR,71811,7VE8DV4NE84,H-00050,P-00099,Summit Health Plans,S8123-019-002,PDP,AR,AGE,SH-907369,2024-11-01,,ACTIVE,44524491,84.23,
C-00073,"Ryan, Michael",08/28/1950,(801) 555-0103,michael.ryan73@example.com,46584 Justin Hills,Grimesmouth,NY,14258,4J55RP8WA43,H-00051,P-00100,Cardinal Mutual,H8668-011-001,MA,NY,AGE,CM-329183,07/01/23,08/31/24,terminated,6831819,28.96,
C-00073,"Ryan, Michael",08/28/1950,(801) 555-0103,michael.ryan73@example.com,46584 Justin Hills,Grimesmouth,NY,14258,4J55RP8WA43,H-00051,P-00101,Meridian Care,H3591-016-003,MA,NY,AGE,MC-346269,09/01/2024,,Active,6831819,16.35,
C-00074,"Simpson, Benjamin",08/08/1936,(456) 555-0179,benjamin.simpson74@example.com,5339 Hall Trail Suite 057,Hughesberg,CO,80725,8YA8C77PY57,H-00052,P-00102,Harborline,L,MEDSUPP,CO,AGE,HL-901387,2025-01-01,,ACTIVE,29898923,149.92,
C-00074,"Simpson, Benjamin",08/08/1936,(456) 555-0179,benjamin.simpson74@example.com,5339 Hall Trail Suite 057,Hughesberg,CO,80725,8YA8C77PY57,H-00052,P-00103,Harborline,S7304-013,PDP,CO,AGE,HL-886609,01/01/25,,active,29898923,41.38,
C-00075,"Santos, Melissa",31087,(916) 555-0166,melissa.santos75@example.com,71870 Robert Shoal Apt. 174,Cindyfurt,AL,36754,1A13QX1NP94,H-00053,P-00104,Harborline,H3504-012-003,MA,AL,ESRD,HL-622998,12/01/2022,,Active,1884412,15.06,
C-00076,"Wallace, Heather",10/15/1941,(611) 555-0135,heather.wallace76@example.com,7809 Jimmy Spur Suite 316,Port Cynthiaville,WI,54346,5JW6QH2FU02,H-00054,P-00105,Cardinal Mutual,H8668-026,MA,WI,AGE,CM-414608,2024-03-01,,ACTIVE,61291817,39.86,
C-00077,"Jacson, Christian",11/13/1944,(908) 555-0120,christian.jackson77@example.com,50455 Thomas Pines,Knightburgh,GA,31212,5PP8W94PA61,H-00055,P-00106,Meridian Care,R1053-025-003,MA,GA,AGE,MC-472358,11/01/23,,active,10583482,23.31,
C-00077,"Jacson, Christian",11/13/1944,(908) 555-0120,christian.jackson77@example.com,50455 Thomas Pines,Knightburgh,GA,31212,5PP8W94PA61,H-00055,P-00106,Meridian Care,R1053-025-003,MA,GA,AGE,MC-472358,11/01/2023,,Active,10583482,23.31,
C-00078,"Moore, Scott",11/22/1947,(955) 555-0157,scott.moore78@example.com,379 Jesse Route Suite 740,Santanaside,KY,41599,3G05R09XQ11,H-00056,P-00107,Harborline,N,MEDSUPP,KY,AGE,HL-432270,2022-11-01,,ACTIVE,43339391,192.72,
C-00078,"Moore, Scott",11/22/1947,(955) 555-0157,scott.moore78@example.com,379 Jesse Route Suite 740,Santanaside,KY,41599,3G05R09XQ11,H-00056,P-00108,Harborline,S7304-020,PDP,KY,AGE,HL-384424,11/01/22,,active,43339391,69.79,
C-00079,"Moore, Mike",12/05/1936,(955) 555-0157,michael.moore79@example.com,379 Jesse Route Suite 740,Santanaside,KY,41599,3G70F33KD32,H-00056,P-00109,Northwind Health,H5040-001-002,MA,KY,AGE,NW-649435,02/01/2024,,Active,43339391,32.52,
C-00080,"Moore, Briana",21124,(600) 555-0139,briana.moore80@example.com,379 Jesse Route Suite 740,Santanaside,KY,41599,5T02FV2AC55,H-00056,P-00110,Cardinal Mutual,H8668-005,MA,KY,AGE,CM-665484,2025-05-01,,ACTIVE,43339391,57.14,
C-00081,"Johnson, Maria",04/26/1943,(694) 555-0169,maria.johnson81@example.com,474 Yvonne Walk Suite 136,Baileyport,NE,69195,2TM5RK2MA08,H-00057,P-00111,Bluepeak,H4593-023-003,MA,NE,AGE,BP-892170,05/01/26,,active,33857966,40.29,
C-00082,"Campos, Katrina",25651,(812) 555-0129,,0909 Wall Heights Apt. 953,New John,KS,67437,,H-00058,P-00112,Cardinal Mutual,49117KS4192561,ACA,KS,,CM-849666,01/01/2025,,Active,13981052,364.00,"Card on file ends in 0029, client read the full number aloud."
C-00083,"Murphy, Bob",10/11/1940,(492) 555-0183,robert.murphy83@example.com,104 Johnson Lakes,North Renee,CA,91710,5RH1GF4ET97,H-00059,P-00113,Meridian Care,R5315-001,MA,CA,AGE,MC-152042,2023-06-01,,ACTIVE,78490893,12.46,Call after 2pm.
C-00084,"Francis, Matt",08/16/1953,(476) 555-0116,matthew.francis84@example.com,85884 Jonathan Views,Coffeyport,IL,60336,6RM7PT0ND20,H-00060,P-00114,Cardinal Mutual,H7252-007,MA,IL,AGE,CM-956949,06/01/23,,active,4356886,20.48,
C-00085,"Richardson, Kaitlyn",21723,(595) 555-0198,kaitlyn.richardson85@example.com,1236 Davis Locks,West Amandamouth,DE,19931,9HU6M95GC88,H-00061,P-00115,Harborline,H2796-012,MA,DE,AGE,HL-799080,10/01/2024,,Active,4356886,4.26,
C-00086,"Banks, Darryl",05/30/1948,(216) 555-0121,darryl.banks86@example.com,651 Thomas River Suite 931,Blankenshipport,CO,81341,8YF5DJ2UD95,H-00062,P-00116,Meridian Care,H3591-023-003,MA,CO,AGE,MC-929912,2026-01-01,,ACTIVE,5265799,43.93,
C-00087,"Banks, Brandon",04/22/1953,(861) 555-0196,brandon.banks87@example.com,651 Thomas River Suite 931,Blankenshipport,CO,81341,8HA6P32KC77,H-00062,P-00117,Harborline,A,MEDSUPP,CO,AGE,HL-613898,12/01/24,,active,5265799,318.40,
C-00087,"Banks, Brandon",04/22/1953,(861) 555-0196,brandon.banks87@example.com,651 Thomas River Suite 931,Blankenshipport,CO,81341,8HA6P32KC77,H-00062,P-00118,Harborline,S7304-011-001,PDP,CO,AGE,HL-388698,12/01/2024,,Active,5265799,81.74,
C-00088,"Banks, Benjamin",07/11/1943,(216) 555-0121,benjamin.banks88@example.com,651 Thomas River Suite 931,Blankenshipport,CO,81341,5KW5TA8QG09,H-00062,P-00119,Summit Health Plans,N,MEDSUPP,CO,AGE,SH-856027,2023-12-01,,ACTIVE,5265799,195.08,
C-00088,"Banks, Benjamin",07/11/1943,(216) 555-0121,benjamin.banks88@example.com,651 Thomas River Suite 931,Blankenshipport,CO,81341,5KW5TA8QG09,H-00062,P-00120,Summit Health Plans,S8123-007-003,PDP,CO,AGE,SH-902930,12/01/23,,active,5265799,86.51,
C-00089,"Crosby, Joshua",21437,(333) 555-0122,,13826 Watson Summit Suite 926,Port Tracychester,OH,44052,4EU3EC9QU89,H-00063,P-00121,Northwind Health,H5040-001-003,MA,OH,AGE,NW-787603,02/01/2025,,Active,1884412,17.09,
C-00090,"Holloway, Christopher",28941,(260) 555-0178,christopher.holloway90@example.com,77351 Stephens Rue Suite 064,North Stacy,OR,97046,,H-00064,P-00122,Meridian Care,76540OR1180916,ACA,OR,,MC-181721,2024-01-01,,ACTIVE,74197857,548.33,
C-00091,"Holloway, Jason",06/05/1937,(772) 555-0195,jason.holloway91@example.com,77351 Stephens Rue Suite 064,North Stacy,OR,97046,9JX2W38RE95,H-00064,P-00123,Cardinal Mutual,S2876-029,PDP,OR,AGE,CM-274912,08/01/25,,active,74197857,22.05,
C-00092,"Kane, Mark",04/23/1949,(874) 555-0120,,53293 Maria Plaza,New Jason,VT,05943,6R46NY3XW36,H-00065,P-00124,Summit Health Plans,H5371-015,MA,VT,AGE,SH-100205,02/01/2026,,Active,10583482,32.52,
C-00093,"Kane, Dylan",09/23/1941,(874) 555-0120,,53293 Maria Plaza,New Jason,VT,05943,5AM3H75AK88,H-00065,P-00125,Summit Health Plans,B,MEDSUPP,VT,AGE,SH-198867,2024-12-01,,ACTIVE,10583482,140.69,
C-00093,"Kane, Dylan",09/23/1941,(874) 555-0120,,53293 Maria Plaza,New Jason,VT,05943,5AM3H75AK88,H-00065,P-00126,Summit Health Plans,S5808-005-002,PDP,VT,AGE,SH-484914,12/01/24,,active,10583482,48.41,
C-00094,"Chapman, Alfred",33839,(695) 555-0122,alfred.chapman94@example.com,2284 Daniel Way,East Alexisbury,FL,32838,,H-00066,P-00127,Meridian Care,76540FL9667576,ACA,FL,,MC-724145,01/01/2026,,Active,94702683,274.99,
C-00095,"Chapman, Joseph",25282,(295) 555-0173,joseph.chapman95@example.com,2284 Daniel Way,East Alexisbury,FL,32838,,H-00066,P-00128,Harborline,91959FL7286418,ACA,FL,,HL-226395,2025-01-01,,ACTIVE,94702683,695.94,
C-00096,"Hayes, Jeffrey",12/29/1949,(848) 555-0148,jeffrey.hayes96@example.com,681 Thomas Tunnel,Williamville,DE,19999,4FC6T49XV13,H-00067,P-00129,Harborline,H2796-016-002,MA,DE,AGE,HL-881519,04/01/24,,active,54100814,46.81,
C-00097,"Henry, Renee",07/24/1936,(609) 555-0164,renee.henry97@example.com,847 Bruce Neck,Simmonsville,VT,05410,7XH8Y38JJ14,H-00068,P-00130,Cardinal Mutual,H7252-004,MA,VT,AGE,CM-533672,02/01/2026,,Active,10583482,55.02,
C-00098,"Phillips, Bill",31600,(832) 555-0156,william.phillips98@example.com,59212 Weber Prairie,Oscarhaven,RI,02841,,H-00069,P-00131,Northwind Health,76542RI3917305,ACA,RI,,NW-818651,2025-01-01,,ACTIVE,11576383,411.73,
C-00099,"Brooks, Elijah",24306,(495) 555-0101,elijah.brooks99@example.com,18367 Robert Views Suite 661,Ronaldview,AL,35494,,H-00070,P-00132,Northwind Health,76542AL5119031,ACA,AL,,NW-594078,01/01/25,12/31/25,terminated,1884412,739.90,
C-00099,"Brooks, Elijah",24306,(495) 555-0101,elijah.brooks99@example.com,18367 Robert Views Suite 661,Ronaldview,AL,35494,,H-00070,P-00133,Bluepeak,23947AL5567967,ACA,AL,,BP-875959,01/01/2026,,Active,1884412,423.95,
C-00100,"Gomez, Elizabeth",20374,(219) 555-0148,elizabeth.gomez100@example.com,11161 Cain Point Apt. 988,Elizabethchester,GA,31766,9CK2CM3YK07,H-00071,P-00134,Northwind Health,H9830-022,MA,GA,AGE,NW-477717,2025-06-01,,ACTIVE,61291817,54.07,
C-00101,"Gomez, Karen",26455,(721) 555-0190,karen.gomez101@example.com,11161 Cain Point Apt. 988,Elizabethchester,GA,31766,6U79WD2HV78,H-00071,P-00135,Northwind Health,H9830-011,MA,GA,DISABILITY,NW-512509,10/01/25,,active,61291817,40.13,
C-00102,"Bruce, Michael",32891,(841) 555-0138,michael.bruce102@example.com,9451 Eric Orchard,Port Daniel,IN,47145,,H-00072,P-00136,Harborline,91959IN6495644,ACA,IN,,HL-681896,01/01/2025,12/31/2025,Terminated,4356886,188.62,
C-00102,"Bruce, Michael",32891,(841) 555-0138,michael.bruce102@example.com,9451 Eric Orchard,Port Daniel,IN,47145,,H-00072,P-00137,Cardinal Mutual,49117IN3784649,ACA,IN,,CM-458388,2026-01-01,,ACTIVE,4356886,348.84,
C-00103,"Smith, Molly",24061,(628) 555-0130,molly.smith103@example.com,368 Chelsea Shoals Suite 024,Sandrastad,CA,90593,,H-00073,P-00138,Harborline,91959CA5524481,ACA,CA,,HL-668573,01/01/25,,active,43339391,738.73,
C-00104,"Craig, Joe",31334,(737) 555-0117,joseph.craig104@example.com,20183 Barnes Junctions Apt. 545,North Ericton,GA,31869,,H-00074,P-00139,Meridian Care,76540GA9476514,ACA,GA,,MC-432918,01/01/2024,,Active,61291817,357.15,
C-00105,"Craig, Ebony",35975,(901) 555-0125,,20183 Barnes Junctions Apt. 545,North Ericton,GA,31869,,H-00074,P-00140,Northwind Health,76542GA5346688,ACA,GA,,NW-531228,2026-01-01,,ACTIVE,61291817,692.69,
C-00106,"Williams, Randall",35610,(393) 555-0113,,764 Kari Crescent Suite 614,Roseport,MO,63599,,H-00075,P-00141,Summit Health Plans,93748MO4477211,ACA,MO,,SH-742108,01/01/25,12/31/25,terminated,32244663,893.23,
C-00106,"Williams, Randall",35610,(393) 555-0113,,764 Kari Crescent Suite 614,Roseport,MO,63599,,H-00075,P-00142,Bluepeak,23947MO3895376,ACA,MO,,BP-820767,01/01/2026,,Active,32244663,452.66,
C-00107,"Williams, Carol",07/25/1945,(393) 555-0113,carol.williams107@example.com,764 Kari Crescent Suite 614,Roseport,MO,63599,6L76UU2GH30,H-00075,P-00143,Northwind Health,H5040-024,MA,MO,AGE,NW-312686,2024-03-01,,ACTIVE,32244663,54.99,
C-00108,"Patel, Jerry",02/25/1953,(702) 555-0188,jerry.patel108@example.com,43244 Wilson Parks,Thompsonfurt,NC,28478,7NQ9XY8VC81,H-00076,P-00144,Cardinal Mutual,H7252-017,MA,NC,AGE,CM-514828,05/01/24,,active,74197857,44.06,
C-00109,"Burch, George",03/12/1944,(493) 555-0159,george.burch109@example.com,60607 Michelle Ports Suite 966,Dariustown,VT,05997,5Y90V82TT18,H-00077,P-00145,Summit Health Plans,H5371-015-002,MA,VT,AGE,SH-287567,08/01/2022,06/30/2024,Terminated,10583482,2.04,
C-00109,"Burch, George",03/12/1944,(493) 555-0159,george.burch109@example.com,60607 Michelle Ports Suite 966,Dariustown,VT,05997,5Y90V82TT18,H-00077,P-00146,Cardinal Mutual,R9669-029,MA,VT,AGE,CM-194560,2024-07-01,,ACTIVE,10583482,37.24,
C-00110,"Cook, Gary",08/19/1949,(327) 555-0111,gary.cook110@example.com,516 John Radial Suite 816,Juliebury,MO,65593,9YG6WQ0GN92,H-00078,P-00147,Bluepeak,H4593-014,MA,MO,AGE,BP-424553,11/01/22,,active,6831819,25.23,
C-00111,"Cook, William",08/02/1953,(408) 555-0100,william.cook111@example.com,516 John Radial Suite 816,Juliebury,MO,65593,5AT7UW0YU33,H-00078,P-00148,Cardinal Mutual,H7252-008,MA,MO,AGE,CM-391622,02/01/2025,04/30/2026,Terminated,6831819,44.83,
C-00111,"Cook, William",08/02/1953,(408) 555-0100,william.cook111@example.com,516 John Radial Suite 816,Juliebury,MO,65593,5AT7UW0YU33,H-00078,P-00149,Meridian Care,H3591-002,MA,MO,AGE,MC-255457,2026-05-01,,ACTIVE,6831819,15.14,Asked about dental add-ons at renewal.
C-00112,"Cook, Daniel",23473,(327) 555-0111,,516 John Radial Suite 816,Juliebury,MO,65593,,H-00078,P-00150,Meridian Care,76540MO9698786,ACA,MO,,MC-447195,01/01/25,12/31/25,terminated,6831819,541.17,
C-00112,"Cook, Daniel",23473,(327) 555-0111,,516 John Radial Suite 816,Juliebury,MO,65593,,H-00078,P-00151,Northwind Health,76542MO0822609,ACA,MO,,NW-537211,01/01/2026,,Active,6831819,292.72,
C-00113,"Jones, Stephanie",20130,(569) 555-0104,stephanie.jones113@example.com,5231 Jonathan Extensions,Port Katherine,NY,13884,,H-00079,P-00152,Northwind Health,S6930-011,PDP,NY,AGE,NW-650131,2022-09-01,,ACTIVE,97102525,72.79,
C-00114,"Jones, Courtney",24352,(909) 555-0189,courtney.jones114@example.com,5231 Jonathan Extensions,Port Katherine,NY,13884,,H-00079,P-00153,Summit Health Plans,93748NY1470854,ACA,NY,,SH-859246,01/01/26,,active,97102525,783.94,
C-00115,"Hogan, Brittany",04/03/1941,(830) 555-0172,brittany.hogan115@example.com,979 Lin Road Suite 271,Ramosport,NJ,08377,8U52YJ4HA10,H-00080,P-00154,Meridian Care,G,MEDSUPP,NJ,AGE,MC-938403,06/01/2024,,Active,77125617,157.93,
C-00115,"Hogan, Brittany",04/03/1941,(830) 555-0172,brittany.hogan115@example.com,979 Lin Road Suite 271,Ramosport,NJ,08377,8U52YJ4HA10,H-00080,P-00155,Meridian Care,S3927-014,PDP,NJ,AGE,MC-450006,2024-06-01,,ACTIVE,77125617,12.45,
C-00116,"Best, Joanne",05/01/1951,(407) 555-0188,joanne.best116@example.com,147 Johnson Land Suite 119,Fordside,NY,00581,1E15NQ9YA23,H-00081,P-00156,Harborline,H2796-021,MA,NY,AGE,HL-604884,10/01/23,,active,10583482,11.12,
C-00117,"Haas, Christopher",09/03/1937,(507) 555-0172,christopher.haas117@example.com,9359 Mason Circle,Garciamouth,IL,62968,6WW0HX5PD24,H-00082,P-00157,Harborline,H2796-019,MA,IL,AGE,HL-508489,02/01/2022,,Active,44524491,49.61,
C-00118,"Shlton, Brian",37756,(516) 555-0190,brian.shelton118@example.com,37788 Michael Haven,Ortizmouth,IL,62896,,H-00083,P-00158,Harborline,91959IL7581730,ACA,IL,,HL-326639,2024-01-01,,ACTIVE,37231783,546.66,
C-00119,"Shelton, Crystal",09/12/1935,(295) 555-0156,crystal.shelton119@example.com,37788 Michael Haven,Ortizmouth,IL,62896,8VF3N97VM52,H-00083,P-00159,Northwind Health,H5040-007,MA,IL,AGE,NW-138328,02/01/26,,active,37231783,59.35,
C-00120,"Douglas, Eileen",02/04/1950,(306) 555-0166,eileen.douglas120@example.com,51864 Cummings Shoals Apt. 519,West Kyle,CA,53439,5AX4HN3HM48,H-00084,P-00160,Cardinal Mutual,H8668-004-001,MA,CA,AGE,CM-753205,09/01/2023,,Active,78490893,1.24,
C-00121,"Valentie, Wendy",34979,(788) 555-0131,wendy.valentine121@example.com,148 Schneider Isle,Lake Jacqueline,SD,57369,,H-00085,P-00161,Summit Health Plans,93748SD5683095,ACA,SD,,SH-565198,2025-01-01,,ACTIVE,90949389,858.54,
C-00122,"Tucker, Jeremy",07/02/1948,(807) 555-0180,,685 Michael Falls,West Stacey,AL,36686,8YP4N63WD79,H-00086,P-00162,Northwind Health,H9830-016-002,MA,AL,AGE,NW-334665,09/01/22,,active,1884412,18.98,
C-00123,"Martin, Marie",30790,(388) 555-0189,marie.martin123@example.com,14188 Ebony Wells,New Nicholas,TX,77250,,H-00087,P-00163,Northwind Health,76542TX5896198,ACA,TX,,NW-583646,01/01/2025,,Active,37231783,777.37,
C-00124,"Martin, Kellie",11/26/1948,(388) 555-0189,kellie.martin124@example.com,14188 Ebony Wells,New Nicholas,TX,77250,7EN8D54WT69,H-00087,P-00164,Bluepeak,B,MEDSUPP,TX,AGE,BP-674566,2024-03-01,,ACTIVE,37231783,169.85,
C-00124,"Martin, Kellie",11/26/1948,(388) 555-0189,kellie.martin124@example.com,14188 Ebony Wells,New Nicholas,TX,77250,7EN8D54WT69,H-00087,P-00165,Bluepeak,S1771-003-002,PDP,TX,AGE,BP-318353,03/01/24,,active,37231783,60.82,
C-00125,"Young, John",21095,(758) 555-0188,john.young125@example.com,706 Rhodes Freeway,Bishopmouth,WV,26543,8NW1TG4QD91,H-00088,P-00166,Cardinal Mutual,H7252-003,MA,WV,AGE,CM-956721,01/01/2026,,Active,7150444,17.82,
C-00126,"Sawyer, Angela",31852,(658) 555-0125,angela.sawyer126@example.com,59774 Shaw Manor Apt. 392,Brettfort,MO,65718,,H-00089,P-00167,Harborline,91959MO9567650,ACA,MO,,HL-555844,2025-01-01,,ACTIVE,33857966,549.17,
C-00127,"Guerra, Christopher",37341,(255) 555-0100,christopher.guerra127@example.com,814 Kathryn Groves,Whiteheadberg,NC,28965,,H-00090,P-00168,Northwind Health,76542NC4734685,ACA,NC,,NW-346668,01/01/25,,active,74197857,190.87,
C-00128,"Guerra, Renee",10/02/1949,(614) 555-0116,renee.guerra128@example.com,814 Kathryn Groves,Whiteheadberg,NC,28965,9H12UF3WQ56,H-00090,P-00169,Harborline,H2796-005-001,MA,NC,AGE,HL-610343,10/01/2022,,Active,74197857,59.09,
C-00129,"Moody, Devin",11/26/1937,(839) 555-0123,devin.moody129@example.com,0606 Young Common Suite 305,Port Jennifermouth,AL,35582,7W67QP3GR90,H-00091,P-00170,Cardinal Mutual,N,MEDSUPP,AL,AGE,CM-382329,2025-01-01,,ACTIVE,1884412,254.40,
C-00129,"Moody, Devin",11/26/1937,(839) 555-0123,devin.moody129@example.com,0606 Young Common Suite 305,Port Jennifermouth,AL,35582,7W67QP3GR90,H-00091,P-00171,Cardinal Mutual,S2876-002,PDP,AL,AGE,CM-695748,01/01/25,,active,1884412,11.20,
C-00130,"Moody, Justin",10/13/1944,(626) 555-0158,justin.moody130@example.com,0606 Young Common Suite 305,Port Jennifermouth,AL,35582,9KT8DV9DJ71,H-00091,P-00172,Meridian Care,H8433-020,MA,AL,AGE,MC-460234,08/01/2025,,Active,1884412,4.32,
C-00131,"Young, David",04/04/1945,(502) 555-0137,david.young131@example.com,277 Rebecca Brook Suite 328,Rodriguezport,KY,41465,5XK0UX2XC49,H-00092,P-00173,Cardinal Mutual,H8668-009-001,MA,KY,AGE,CM-745710,2022-02-01,2024-07-31,TERMINATED,4356886,10.85,
C-00131,"Young, David",04/04/1945,(502) 555-0137,david.young131@example.com,277 Rebecca Brook Suite 328,Rodriguezport,KY,41465,5XK0UX2XC49,H-00092,P-00174,Harborline,H2796-024,MA,KY,AGE,HL-733152,08/01/24,,active,4356886,9.13,Client prefers materials en español.
C-00132,"Young, John",25035,(579) 555-0122,john.young132@example.com,277 Rebecca Brook Suite 328,Rodriguezport,KY,41465,,H-00092,P-00175,Meridian Care,76540KY3962709,ACA,KY,,MC-289592,01/01/2025,12/31/2025,Terminated,4356886,785.59,Call after 2pm.
C-00132,"Young, John",25035,(579) 555-0122,john.young132@example.com,277 Rebecca Brook Suite 328,Rodriguezport,KY,41465,,H-00092,P-00176,Summit Health Plans,93748KY0555166,ACA,KY,,SH-188501,2026-01-01,,ACTIVE,4356886,599.37,
C-00133,"Beck, Christopher",10/28/1952,(971) 555-0152,christopher.beck133@example.com,17980 Jennifer Highway Suite 095,New Robert,OH,45663,4X35C04EC27,H-00093,P-00177,Cardinal Mutual,N,MEDSUPP,OH,AGE,CM-882395,02/01/24,,active,37231783,246.06,
C-00133,"Beck, Christopher",10/28/1952,(971) 555-0152,christopher.beck133@example.com,17980 Jennifer Highway Suite 095,New Robert,OH,45663,4X35C04EC27,H-00093,P-00178,Cardinal Mutual,S1188013,PDP,OH,AGE,CM-597643,02/01/2024,,Active,37231783,68.90,
C-00134,"Beck, Theresa",09/25/1947,(971) 555-0152,theresa.beck134@example.com,17980 Jennifer Highway Suite 095,New Robert,OH,45663,7NV0E98PR94,H-00093,P-00179,Harborline,N,MEDSUPP,OH,AGE,HL-367747,2023-10-01,,ACTIVE,37231783,122.20,
C-00134,"Beck, Theresa",09/25/1947,(971) 555-0152,theresa.beck134@example.com,17980 Jennifer Highway Suite 095,New Robert,OH,45663,7NV0E98PR94,H-00093,P-00180,Harborline,S7304-015,PDP,OH,AGE,HL-869983,10/01/23,,active,37231783,44.61,
C-00135,"King, Allen",22916,(213) 555-0152,allen.king135@example.com,888 Peter Mountains,Lake Paulstad,KY,42288,,H-00094,P-00181,Meridian Care,76540KY7481668,ACA,KY,,MC-330074,01/01/2024,,Active,61291817,610.73,
C-00136,"King, Kristina",08/15/1941,(385) 555-0140,kristina.king136@example.com,888 Peter Mountains,Lake Paulstad,KY,42288,4Y01ED9FQ92,H-00094,P-00182,Meridian Care,H3591-021-002,MA,KY,AGE,MC-389809,2022-08-01,,ACTIVE,61291817,37.14,
C-00137,"Acevedo, Benjamin",09/10/1950,(276) 555-0135,,19520 Payne Via Apt. 772,North Jennifer,NJ,07820,3TD7HY6GU12,H-00095,P-00183,Cardinal Mutual,H7252-030,MA,NJ,AGE,CM-850151,11/01/24,,active,77125617,36.17,
C-00138,"Acevedo, James",05/26/1942,(220) 555-0163,james.acevedo138@example.com,19520 Payne Via Apt. 772,North Jennifer,NJ,07820,1C16KF5QX08,H-00095,P-00184,Cardinal Mutual,H7252-018,MA,NJ,AGE,CM-103468,10/01/2025,,Active,77125617,18.50,
C-00139,"Norman, Michelle",03/10/1949,(749) 555-0145,,54868 King Terrace,West Michael,SD,57172,2PW5D67MH28,H-00096,P-00185,Meridian Care,H3591-021-002,MA,SD,AGE,MC-476712,2022-03-01,2025-02-28,TERMINATED,77125617,56.42,
C-00139,"Norman, Michelle",03/10/1949,(749) 555-0145,,54868 King Terrace,West Michael,SD,57172,2PW5D67MH28,H-00096,P-00186,Cardinal Mutual,H8668-024,MA,SD,AGE,CM-246740,03/01/25,,active,77125617,15.52,
C-00140,"Adams, Christopher",11/06/1940,(701) 555-0149,christopher.adams140@example.com,1566 Kline Lights Suite 277,Sandrahaven,AK,99930,8AC5CN0QE38,H-00097,P-00187,Summit Health Plans,H9797-030,MA,AK,AGE,SH-138669,06/01/2024,03/31/2026,XFER,61291817,5.90,
C-00140,"Adams, Christopher",11/06/1940,(701) 555-0149,christopher.adams140@example.com,1566 Kline Lights Suite 277,Sandrahaven,AK,99930,8AC5CN0QE38,H-00097,P-00188,Bluepeak,H3266-030,MA,AK,AGE,BP-148026,2026-04-01,,ACTIVE,61291817,50.65,
C-00141,"Bell, Bobby",20861,(806) 555-0108,,69284 Garcia Islands Suite 479,Jacksonmouth,MD,20622,2EU9YJ1HR56,H-00098,P-00189,Northwind Health,R8019-027,MA,MD,AGE,NW-901351,11/01/23,,active,77125617,17.46,
C-00142,"Bel, Molly",20954,(848) 555-0106,molly.bell142@example.com,69284 Garcia Islands Suite 479,Jacksonmouth,MD,20622,6WG7J99CF19,H-00098,P-00190,Bluepeak,S2489-001-002,PDP,MD,AGE,BP-288128,06/01/2024,,Active,77125617,6.18,Client prefers materials en español.
C-00143,"Harrington, Austin",01/08/1952,(688) 555-0188,austin.harrington143@example.com,640 Emily Lodge Suite 820,Port Cathy,NJ,08388,3Y20YG7YD45,H-00099,P-00191,Northwind Health,H5040-020-001,MA,NJ,AGE,NW-898100,2024-03-01,,ACTIVE,77125617,29.64,
C-00144,"Berry, Alyssa",37431,(842) 555-0184,alyssa.berry144@example.com,55690 Erika Land,Scottland,SD,57798,,H-00100,P-00192,Cardinal Mutual,49117SD2958222,ACA,SD,,CM-802695,01/01/25,,active,90949389,359.40,
C-00145,"Berry, Raymond",02/12/1954,(842) 555-0184,raymond.berry145@example.com,55690 Erika Land,Scottland,SD,57798,8CE0WG2AU81,H-00100,P-00193,Bluepeak,H3266-014,MA,SD,AGE,BP-883377,05/01/2022,,Active,90949389,16.28,
C-00146,"Gonzalez, Derek",06/11/1948,(301) 555-0130,derek.gonzalez146@example.com,10278 Mcintyre Crest Suite 473,Heatherfort,FL,33029,1RF3YT2QP27,H-00101,P-00194,Bluepeak,H4593-011,MA,FL,AGE,BP-133653,2025-11-01,,ACTIVE,94702683,10.42,Met at the café seminar in the spring.
C-00147,"Joseph, Sara",05/03/1953,(854) 555-0178,,2715 Mckinney Plaza,Patriciaburgh,WA,98214,9JD6VU3XU74,H-00102,P-00195,Meridian Care,H3591-008,MA,WA,AGE,MC-555342,01/01/22,,active,99847493,26.81,
C-00148,"Joseph, Dana",25036,(206) 555-0153,,2715 Mckinney Plaza,Patriciaburgh,WA,98214,,H-00102,P-00196,Cardinal Mutual,49117WA8459346,ACA,WA,,CM-546376,01/01/2024,,Active,99847493,194.06,
C-00149,"Anderson, Nicole",09/25/1936,(617) 555-0127,nicole.anderson149@example.com,313 Joel Park Apt. 589,Tannerside,VA,24489,5J01AU4GT99,H-00103,P-00197,Cardinal Mutual,H8668-006,MA,VA,AGE,CM-757258,2022-02-01,,ACTIVE,78490893,30.34,
C-00150,"Anderson, Cameron",08/26/1940,(301) 555-0157,cameron.anderson150@example.com,313 Joel Park Apt. 589,Tannerside,VA,24489,9CM6K29WX31,H-00103,P-00198,Summit Health Plans,H9797-017,MA,VA,AGE,SH-481671,11/01/26,,pending,78490893,55.26,
C-00151,"Anderson, Maria",11/04/1952,(834) 555-0105,maria.anderson151@example.com,786 Morrow Cliffs Apt. 517,Frazierstad,ID,83459,4FN3WE7XH35,H-00104,P-00199,Summit Health Plans,H5371012-001,MA,ID,AGE,SH-609845,11/01/2023,06/30/2025,Terminated,5265799,37.06,
C-00151,"Anderson, Maria",11/04/1952,(834) 555-0105,maria.anderson151@example.com,786 Morrow Cliffs Apt. 517,Frazierstad,ID,83459,4FN3WE7XH35,H-00104,P-00200,Meridian Care,H8433-023,MA,ID,AGE,MC-811257,2025-07-01,,CANCELLED,5265799,43.57,Client prefers materials en español.
C-00152,"Reed, Shelley",21363,(669) 555-0111,shelley.reed152@example.com,68018 Kevin Estates,Sarahbury,MI,49947,3MD1GK1FU23,H-00105,P-00201,Meridian Care,H3591-016-003,MA,MI,AGE,MC-540538,04/01/26,,active,13981052,28.40,
C-00153,"Winters, Matthew",33246,(622) 555-0174,matthew.winters153@example.com,43842 Mendez Course Apt. 992,Lake Claudia,DE,19824,,H-00106,P-00202,Meridian Care,76540DE5474513,ACA,DE,,MC-722180,01/01/2025,12/31/2025,Terminated,54100814,787.20,
C-00153,"Winters, Matthew",33246,(622) 555-0174,matthew.winters153@example.com,43842 Mendez Course Apt. 992,Lake Claudia,DE,19824,,H-00106,P-00202,Meridian Care,76540DE5474513,ACA,DE,,MC-722180,2025-01-01,2025-12-31,TERMINATED,54100814,799.20,
C-00153,"Winters, Matthew",33246,(622) 555-0174,matthew.winters153@example.com,43842 Mendez Course Apt. 992,Lake Claudia,DE,19824,,H-00106,P-00203,Summit Health Plans,93748DE9201778,ACA,DE,,SH-580255,01/01/26,,active,54100814,733.60,
C-00154,"Winters, Sandra",07/06/1951,(433) 555-0161,sandra.winters154@example.com,43842 Mendez Course Apt. 992,Lake Claudia,DE,19824,5CF5MT2YG84,H-00106,P-00204,Bluepeak,H4593-011-001,MA,DE,AGE,BP-232617,12/01/2022,,Active,54100814,47.06,
C-00155,"Roberts, Sue",27228,(776) 555-0190,sue.roberts155@example.com,10943 Montgomery Burgs,Smallside,CT,06226,3WM1AQ7FT52,H-00107,P-00205,Summit Health Plans,S8123-016,PDP,CT,ESRD,SH-890795,2022-01-01,,ACTIVE,29898923,52.48,
C-00156,"Roberts, Timothy",02/17/1937,(776) 555-0190,timothy.roberts156@example.com,10943 Montgomery Burgs,Smallside,CT,06226,8CF8EM0QY37,H-00107,P-00206,Northwind Health,H5040-019-003,MA,CT,AGE,NW-332934,11/01/23,,active,29898923,43.12,
C-00157,"Gross, Michelle",03/14/1944,(657) 555-0186,michelle.gross157@example.com,7102 Perry Mountain Apt. 592,Michellemouth,AK,99568,9C95QF6PQ50,H-00108,P-00207,Harborline,H3504-028,MA,AK,AGE,HL-191853,07/01/2023,,Active,61291817,45.95,
C-00158,"Gross, Theresa",02/17/1947,(657) 555-0186,,7102 Perry Mountain Apt. 592,Michellemouth,AK,99568,7RF9YD2HM78,H-00108,P-00208,Northwind Health,R5304-001,MA,AK,AGE,NW-769836,2023-10-01,,ACTIVE,61291817,33.54,
C-00159,"Williams, Sonia",20627,(928) 555-0172,sonia.williams159@example.com,8815 Steven Grove,Wrightville,IL,61759,9UC4XM7WT30,H-00109,P-00209,Northwind Health,G,MEDSUPP,IL,AGE,NW-414750,03/01/26,,active,7150444,176.07,
C-00159,"Williams, Sonia",20627,(928) 555-0172,sonia.williams159@example.com,8815 Steven Grove,Wrightville,IL,61759,9UC4XM7WT30,H-00109,P-00210,Northwind Health,S6930-004,PDP,IL,AGE,NW-537420,03/01/2026,,Active,7150444,52.13,
C-00160,"Bryant, John",20423,(796) 555-0161,john.bryant160@example.com,25953 Tyrone Passage Suite 747,North Sierrahaven,ID,83215,5U21PV9AK29,H-00110,P-00211,Harborline,H2796-012,MA,ID,AGE,HL-155457,2022-04-01,2023-12-31,XFER,61855700,13.37,
C-00160,"Bryant, John",20423,(796) 555-0161,john.bryant160@example.com,25953 Tyrone Passage Suite 747,North Sierrahaven,ID,83215,5U21PV9AK29,H-00110,P-00212,Cardinal Mutual,H8668002,MA,ID,AGE,CM-405831,01/01/24,,active,61855700,23.74,
C-00161,"Bryant, Brandy",20466,(984) 555-0135,brandy.bryant161@example.com,25953 Tyrone Passage Suite 747,North Sierrahaven,ID,83215,2Y42WN5MK51,H-00110,P-00213,Harborline,H3504-012-003,MA,ID,AGE,HL-532007,11/01/2024,02/28/2026,Terminated,61855700,39.72,
C-00161,"Bryant, Brandy",20466,(984) 555-0135,brandy.bryant161@example.com,25953 Tyrone Passage Suite 747,North Sierrahaven,ID,83215,2Y42WN5MK51,H-00110,P-00214,Cardinal Mutual,H7252-027-001,MA,ID,AGE,CM-933729,2026-03-01,,ACTIVE,61855700,15.43,
C-00162,"Bryant, Brandon",01/03/1944,(920) 555-0196,,25953 Tyrone Passage Suite 747,North Sierrahaven,ID,83215,7T91E62AU54,H-00110,P-00215,Harborline,H3504-006,MA,ID,AGE,HL-419484,09/01/25,,active,61855700,58.15,
C-00163,"Hudson, Jim",07/27/1954,(636) 555-0188,james.hudson163@example.com,9748 Melanie Meadows Apt. 456,Brandonton,DE,19716,2DA7RC3EC89,H-00111,P-00216,Cardinal Mutual,H7252-003,MA,DE,AGE,CM-800015,04/01/2022,,Active,54100814,24.71,
C-00164,"Morrison, Richard",38215,(405) 555-0123,richard.morrison164@example.com,68784 David Court Suite 558,Kariborough,CO,80675,,H-00112,P-00217,Summit Health Plans,93748CO5835728,ACA,CO,,SH-268356,2025-01-01,,ACTIVE,5265799,611.63,
C-00165,"Morrison, Billy",12/15/1943,(405) 555-0123,,68784 David Court Suite 558,Kariborough,CO,80675,1VH3MG8AE38,H-00112,P-00218,Cardinal Mutual,H7252-015,MA,CO,AGE,CM-212537,10/01/25,,active,5265799,55.17,
C-00166,"Morrison, Benjamin",29643,(405) 555-0123,benjamin.morrison166@example.com,68784 David Court Suite 558,Kariborough,CO,80675,,H-00112,P-00219,Harborline,91959CO2073922,ACA,CO,,HL-215674,01/01/2024,,Active,5265799,760.66,
C-00167,"Clayton, Amanda",08/03/1945,(496) 555-0171,amanda.clayton167@example.com,8729 Mark Ridge Suite 269,Brittneyhaven,PA,17390,5TJ8RM6HD75,H-00113,P-00220,Northwind Health,H9830-015,MA,PA,AGE,NW-790537,2022-12-01,,ACTIVE,1884412,42.81,
C-00168,"Castillo, Alexandria",07/07/1937,(912) 555-0175,,0551 Silva Underpass Apt. 974,Lake Brett,CO,81251,6HY6EJ6UK99,H-00114,P-00221,Meridian Care,K,MEDSUPP,CO,AGE,MC-598940,06/01/23,09/29/26,active,5265799,206.68,
C-00168,"Castillo, Alexandria",07/07/1937,(912) 555-0175,,0551 Silva Underpass Apt. 974,Lake Brett,CO,81251,6HY6EJ6UK99,H-00114,P-00222,Meridian Care,S3927-016,PDP,CO,AGE,MC-392438,06/01/2023,,Active,5265799,88.79,
C-00169,"Castillo, Jen",01/25/1952,(912) 555-0175,jennifer.castillo169@example.com,0551 Silva Underpass Apt. 974,Lake Brett,CO,81251,3AE0DU0GQ95,H-00114,P-00223,Harborline,R3621-022,MA,CO,AGE,HL-904857,2022-10-01,,ACTIVE,5265799,42.59,
C-00170,"Thornton, April",04/09/1943,(754) 555-0169,april.thornton170@example.com,30913 Scott Manor Apt. 636,Salaston,KY,40984,1R81QT5QT70,H-00115,P-00224,Bluepeak,A,MEDSUPP,KY,AGE,BP-917241,03/01/22,,active,32244663,306.07,Asked about dental add-ons at renewal.
C-00170,"Thornton, April",04/09/1943,(754) 555-0169,april.thornton170@example.com,30913 Scott Manor Apt. 636,Salaston,KY,40984,1R81QT5QT70,H-00115,P-00225,Bluepeak,S2489-016,PDP,KY,AGE,BP-241021,03/01/2022,,Active,32244663,75.56,
C-00171,"Ramirez, Kenneth",12/29/1938,(313) 555-0172,kenneth.ramirez171@example.com,786 Frye Mount Suite 854,Leebury,SD,57797,3VC6KU9QY54,H-00116,P-00226,Northwind Health,H5040-027,MA,SD,AGE,NW-465823,2023-09-01,,ACTIVE,77125617,30.01,
C-00172,"Cardenas, Stephanie",28950,(639) 555-0144,stephanie.cardenas172@example.com,3757 Castro Underpass Suite 419,Huangfurt,IN,47212,,H-00117,P-00227,Meridian Care,76540IN5236161,ACA,IN,,MC-821411,01/01/24,,active,4356886,261.33,
C-00173,"Nelson, Anna",10/30/1945,(782) 555-0165,,0415 Douglas Summit,Lewisside,KS,67121,5A27XA5QX65,H-00118,P-00228,Northwind Health,L,MEDSUPP,KS,AGE,NW-824423,01/01/2025,,Active,13981052,122.78,
C-00173,"Nelson, Anna",10/30/1945,(782) 555-0165,,0415 Douglas Summit,Lewisside,KS,67121,5A27XA5QX65,H-00118,P-00229,Northwind Health,S6930-016,PDP,KS,AGE,NW-950874,2025-01-01,,ACTIVE,13981052,87.37,
C-00174,"Nelson, Joseph",34659,(221) 555-0168,,0415 Douglas Summit,Lewisside,KS,67121,,H-00118,P-00230,Bluepeak,23947KS8337466,ACA,KS,,BP-981202,01/01/25,12/31/25,terminated,13981052,248.72,
C-00174,"Nelson, Joseph",34659,(221) 555-0168,,0415 Douglas Summit,Lewisside,KS,67121,,H-00118,P-00231,Meridian Care,76540KS3591668,ACA,KS,,MC-378035,01/01/2026,,Active,13981052,526.64,
C-00175,"Garcia, Mark",08/14/1942,(840) 555-0195,mark.garcia175@example.com,933 Elizabeth Pines,Lake Jesse,PA,17528,9UR3P51MV46,H-00119,P-00232,Summit Health Plans,H5371-020-002,MA,PA,AGE,SH-575244,2025-07-01,,ACTIVE,13981052,42.21,
C-00175,"Garcia, Mark",08/14/1942,(840) 555-0195,mark.garcia175@example.com,933 Elizabeth Pines,Lake Jesse,PA,17528,9UR3P51MV46,H-00119,P-00232,Summit Health Plans,H5371-020-002,MA,PA,AGE,SH-575244,07/01/25,,active,13981052,42.21,
C-00176,"Garcia, Thomas",01/10/1938,(791) 555-0163,thomas.garcia176@example.com,933 Elizabeth Pines,Lake Jesse,PA,17528,8K98Y76XC83,H-00119,P-00233,Harborline,H3504-028-001,MA,PA,AGE,HL-530189,11/01/2026,,Pending,13981052,35.66,
C-00177,"Garcia, Erin",21135,(840) 555-0195,erin.garcia177@example.com,933 Elizabeth Pines,Lake Jesse,PA,17528,5GK9JQ3EF30,H-00119,P-00234,Harborline,L,MEDSUPP,PA,AGE,HL-687019,2024-03-01,,ACTIVE,13981052,249.05,
C-00177,"Garcia, Erin",21135,(840) 555-0195,erin.garcia177@example.com,933 Elizabeth Pines,Lake Jesse,PA,17528,5GK9JQ3EF30,H-00119,P-00235,Harborline,S7304-021,PDP,PA,AGE,HL-311802,03/01/24,,active,13981052,11.06,
C-00178,"Velez, Christopher",21576,(257) 555-0110,christopher.velez178@example.com,82677 Katelyn Heights,Justinton,CO,80033,5D86P11QF31,H-00120,P-00236,Meridian Care,H8433-016,MA,CO,AGE,MC-349641,08/01/2025,,Active,29898923,7.39,
C-00179,"Zuniga, Suzanne",06/12/1947,(955) 555-0149,suzanne.zuniga179@example.com,026 Sarah Camp,Frenchburgh,ID,83474,5TR4XC7WP15,H-00121,P-00237,Cardinal Mutual,H8668-029,MA,ID,AGE,CM-480631,2024-11-01,,ACTIVE,5265799,11.87,
C-00180,"Rivera, Jessica",37556,(256) 555-0188,,04991 Mitchell Row Suite 287,Jamesville,NJ,07902,,H-00122,P-00238,Meridian Care,76540NJ4021093,ACA,NJ,,MC-679577,01/01/25,12/31/25,terminated,77125617,481.58,
C-00180,"Rivera, Jessica",37556,(256) 555-0188,,04991 Mitchell Row Suite 287,Jamesville,NJ,07902,,H-00122,P-00239,Cardinal Mutual,49117NJ5188664,ACA,NJ,,CM-951706,01/01/2026,,Active,77125617,625.60,
C-00181,"Rivera, Debbie",32921,(861) 555-0177,,04991 Mitchell Row Suite 287,Jamesville,NJ,07902,,H-00122,P-00240,Harborline,91959NJ5048065,ACA,NJ,,HL-962671,2025-01-01,,ACTIVE,77125617,268.29,
C-00182,"Lopez, Donald",23443,(481) 555-0110,,54932 Wilcox Passage,Christopherville,KS,66656,,H-00123,P-00241,Cardinal Mutual,49117KS6928341,ACA,KS,,CM-852233,01/01/25,,active,13981052,586.10,
C-00183,"Moore, Gina",25675,(268) 555-0145,gina.moore183@example.com,04637 Finley Hollow Apt. 453,Lake Davidport,CO,80864,,H-00124,P-00242,Meridian Care,76540CO3082639,ACA,CO,,MC-929443,01/01/2024,,Active,5265799,731.17,
C-00184,"Durham, Kate",01/10/1953,(987) 555-0183,katherine.durham184@example.com,145 Jeffrey Dale Suite 279,Robertside,KY,40680,7NT7FK2XN43,H-00125,P-00243,Cardinal Mutual,H7252-001-002,MA,KY,AGE,CM-685661,2022-06-01,,ACTIVE,4356886,1.88,
C-00185,"Durham, Laurie",36564,(513) 555-0140,laurie.durham185@example.com,145 Jeffrey Dale Suite 279,Robertside,KY,40680,,H-00125,P-00244,Northwind Health,76542KY6728249,ACA,KY,,NW-729557,01/01/24,,active,4356886,712.17,
C-00186,"Harris, Amanda",23063,(665) 555-0186,amanda.harris186@example.com,91878 Miller Port,North Mariahaven,AL,36221,4HH4M37QF63,H-00126,P-00245,Harborline,N,MEDSUPP,AL,DISABILITY,HL-289131,03/01/2025,,Active,1884412,227.07,
C-00186,"Harris, Amanda",23063,(665) 555-0186,amanda.harris186@example.com,91878 Miller Port,North Mariahaven,AL,36221,4HH4M37QF63,H-00126,P-00246,Harborline,S2040-001,PDP,AL,DISABILITY,HL-374516,2025-03-01,,ACTIVE,1884412,52.54,
C-00187,"Harris, Franklin",03/26/1953,(781) 555-0115,franklin.harris187@example.com,91878 Miller Port,North Mariahaven,AL,36221,2AU2N26HQ69,H-00126,P-00247,Northwind Health,G,MEDSUPP,AL,AGE,NW-161606,05/01/23,,active,1884412,272.51,
C-00187,"Harris, Franklin",03/26/1953,(781) 555-0115,franklin.harris187@example.com,91878 Miller Port,North Mariahaven,AL,36221,2AU2N26HQ69,H-00126,P-00248,Northwind Health,S6930-030-001,PDP,AL,AGE,NW-735829,05/01/2023,,Active,1884412,63.04,
C-00188,"Cummings, Randy",03/26/1939,(717) 555-0179,,39718 Stokes Motorway Apt. 867,New Stevenport,ID,83232,1XG4GV7NT21,H-00127,P-00249,Meridian Care,S9201-009,PDP,ID,AGE,MC-428486,2023-09-01,,ACTIVE,77125617,24.14,"Daughter Robin Testperson is the contact, cell (555) 555-0145."
C-00189,"Cummings, Lisa",05/11/1934,(641) 555-0136,,39718 Stokes Motorway Apt. 867,New Stevenport,ID,83232,5Y64VN6GN72,H-00127,P-00250,Meridian Care,H3591-008-001,MA,ID,AGE,MC-137604,12/01/24,,active,77125617,15.00,
C-00190,"Johnson, Robert",30227,(319) 555-0163,robert.johnson190@example.com,106 Graves Plains,North Valeriefort,CO,81455,,H-00128,P-00251,Meridian Care,76540CO2483929,ACA,CO,,MC-466586,01/01/2024,,Active,29898923,312.07,
C-00191,"Johnson, Kayla",07/07/1934,(480) 555-0172,,106 Graves Plains,North Valeriefort,CO,81455,4XA8XG6DJ71,H-00128,P-00252,Northwind Health,H5040-013,MA,CO,AGE,NW-719014,2023-10-01,,ACTIVE,29898923,30.60,
C-00192,"Davenport, Katelyn",12/02/1951,(538) 555-0105,katelyn.davenport192@example.com,6766 Felicia Shore Apt. 512,Ricebury,MO,63010,8N39FH0MN01,H-00129,P-00253,Summit Health Plans,H9797-008-002,MA,MO,AGE,SH-193520,12/01/24,,active,6831819,32.67,
C-00193,"Allen, Carlos",20668,(613) 555-0136,,8686 John Key Apt. 431,Port Donnatown,GA,31299,5YF5E65VH77,H-00130,P-00254,Cardinal Mutual,H8668-003,MA,GA,AGE,CM-950389,01/01/2024,,Active,61291817,34.61,
C-00194,"Brown, William",10/20/1945,(637) 555-0111,william.brown194@example.com,9030 Gonzales Plains,Port Michelle,OH,44380,3UV8DM7RD74,H-00131,P-00255,Bluepeak,H3266-010,MA,OH,AGE,BP-150046,2022-10-01,,ACTIVE,37231783,46.57,
C-00195,"Brown, Keith",20851,(637) 555-0111,keith.brown195@example.com,9030 Gonzales Plains,Port Michelle,OH,44380,5PK9D48AE72,H-00131,P-00256,Bluepeak,H3266-011-002,MA,OH,AGE,BP-859268,04/01/26,,active,37231783,48.10,Met at the café seminar in the spring.
C-00196,"Brown, Lisa",05/19/1935,(637) 555-0111,,9030 Gonzales Plains,Port Michelle,OH,44380,3HG1YK1RW00,H-00131,P-00257,Northwind Health,H9830-023-002,MA,OH,AGE,NW-789666,02/01/2024,,Active,37231783,33.18,
C-00197,"Garrett, Ronald",22718,(290) 555-0116,ronald.garrett197@example.com,953 Walter Shore Apt. 644,New Stacyburgh,NE,68579,,H-00132,P-00258,Northwind Health,76542NE0266510,ACA,NE,,NW-128117,2024-01-01,,ACTIVE,54100814,396.70,
C-00198,"Thomas, Steven",26110,(647) 555-0180,steven.thomas198@example.com,56856 Hernandez Lane Apt. 873,West Meredith,ID,83730,,H-00133,P-00259,Bluepeak,23947ID7952217,ACA,ID,,BP-122876,01/01/25,12/31/25,terminated,61855700,702.96,
C-00198,"Thomas, Steven",26110,(647) 555-0180,steven.thomas198@example.com,56856 Hernandez Lane Apt. 873,West Meredith,ID,83730,,H-00133,P-00260,Northwind Health,76542ID2786787,ACA,ID,,NW-874668,01/01/2026,,Active,61855700,349.78,
C-00199,"Nielsen, Melanie",03/15/1942,(800) 555-0131,melanie.nielsen199@example.com,668 Paul Glens,West Deborah,MN,55057,7R77XY8MC76,H-00134,P-00261,Summit Health Plans,B,MEDSUPP,MN,AGE,SH-811634,2024-08-01,,ACTIVE,61855700,290.37,
C-00199,"Nielsen, Melanie",03/15/1942,(800) 555-0131,melanie.nielsen199@example.com,668 Paul Glens,West Deborah,MN,55057,7R77XY8MC76,H-00134,P-00262,Summit Health Plans,S8123-008,PDP,MN,AGE,SH-653971,08/01/24,,active,61855700,14.94,
C-00200,"Nielsen, Chris",31038,(800) 555-0131,,668 Paul Glens,West Deborah,MN,55057,,H-00134,P-00263,Cardinal Mutual,49117MN1961940,ACA,MN,,CM-752944,01/01/2025,,Active,61855700,798.52,
C-00201,"Meadows, Kevin",01/15/1953,(495) 555-0192,,46990 Jacob Trace,South Jason,MO,63020,6Y77F84QR57,H-00135,P-00264,Bluepeak,R9348-022-003,MA,MO,AGE,BP-235367,2026-04-01,,ACTIVE,32244663,39.55,
C-00202,"Meadows, Regina",24495,(495) 555-0192,regina.meadows202@example.com,46990 Jacob Trace,South Jason,MO,63020,,H-00135,P-00265,Harborline,91959MO3937929,ACA,MO,,HL-683879,01/01/25,,active,32244663,424.50,
C-00203,"Owens, Deborah",26922,(546) 555-0155,deborah.owens203@example.com,17393 Herman Plaza,Kimberlyfurt,IN,46845,,H-00136,P-00266,Northwind Health,76542IN9428484,ACA,IN,,NW-609990,01/01/2024,,Active,4356886,443.72,
C-00204,"Owens, Kyle",30567,(771) 555-0134,,17393 Herman Plaza,Kimberlyfurt,IN,46845,,H-00136,P-00267,Summit Health Plans,93748IN1747213,ACA,IN,,SH-559094,2026-01-01,,ACTIVE,43O6886,216.08,
C-00205,"Smith, Angela",03/30/1954,(243) 555-0164,angela.smith205@example.com,771 Gill Island Apt. 556,New Michelleberg,CO,80371,8VU1F05NF13,H-00137,P-00268,Cardinal Mutual,H8668-010-002,MA,CO,AGE,CM-279581,05/01/24,,active,5265799,41.37,
C-00206,"Murray, Jessica",02/29/1944,(342) 555-0154,jessica.murray206@example.com,2353 Hudson Gardens Suite 854,Levyfort,CT,06646,7T78PA7FA81,H-00138,P-00269,Harborline,H2796-014,MA,CT,AGE,HL-512369,06/01/2022,,Active,29898923,5.03,
C-00207,"Jones, Edward",05/03/1944,(260) 555-0180,,28728 Alexandria Villages Apt. 006,Port Crystal,KY,40473,9M35PA4VY26,H-00139,P-00270,Meridian Care,H8433-023,MA,KY,AGE,MC-951266,2024-05-01,,ACTIVE,43339391,28.28,
C-00208,"Jones, Jeffery",21441,(260) 555-0180,jeffery.jones208@example.com,28728 Alexandria Villages Apt. 006,Port Crystal,KY,40473,3VW4HD8WM85,H-00139,P-00271,Northwind Health,H9830008,MA,KY,AGE,NW-861800,08/01/24,,active,43339391,24.89,
C-00209,"Jones, Stephen",21634,(260) 555-0180,stephen.jones209@example.com,28728 Alexandria Villages Apt. 006,Port Crystal,KY,40473,2C41TM9AT53,H-00139,P-00272,Meridian Care,R1053-012,MA,KY,AGE,MC-398357,05/01/2026,,Active,43339391,24.51,
C-00210,"Bowen, Amanda",06/25/1942,(570) 555-0158,amanda.bowen210@example.com,977 Adam Plaza,Smithhaven,CA,94748,7RD1CR2UH71,H-00140,P-00273,Meridian Care,H8433-028,MA,CA,AGE,MC-712686,2023-12-01,,ACTIVE,3798272,21.60,
C-00211,"Cunningham, Veronica",20471,(702) 555-0193,veronica.cunningham211@example.com,86211 John River Suite 546,West Susanmouth,IL,61488,3V78E23TU02,H-00141,P-00274,Harborline,H3504-004,MA,IL,AGE,HL-487538,12/01/24,,active,44524491,9.90,
C-00212,"Miller, Megan",01/26/1951,(321) 555-0147,megan.miller212@example.com,1016 Bennett Mountains,Lake Albertburgh,KS,67719,7C94MH2UA18,H-00142,P-00275,Northwind Health,H9830-019,MA,KS,AGE,NW-454233,11/01/2023,,Active,13981052,37.05,
C-00213,"Miller, Deanna",24679,(717) 555-0181,deanna.miller213@example.com,1016 Bennett Mountains,Lake Albertburgh,KS,67719,,H-00142,P-00276,Meridian Care,76540KS7534223,ACA,KS,,MC-863220,2025-01-01,,ACTIVE,13981052,345.27,
C-00214,"Barrett, Harry",02/17/1939,(862) 555-0111,,180 Jason Ways Suite 401,Rachelshire,OR,97629,1X04W01WD39,H-00143,P-00277,Summit Health Plans,G,MEDSUPP,OR,AGE,SH-647098,11/01/24,,active,74197857,276.85,
C-00214,"Barrett, Harry",02/17/1939,(862) 555-0111,,180 Jason Ways Suite 401,Rachelshire,OR,97629,1X04W01WD39,H-00143,P-00278,Summit Health Plans,S5808-004-002,PDP,OR,AGE,SH-119895,11/01/2024,,Active,74197857,34.44,
C-00215,"Ramsey, Vincent",21573,(224) 555-0143,vincent.ramsey215@example.com,39261 Martin Garden Suite 856,Port Vanessa,GA,31856,7A78NQ4DE18,H-00144,P-00279,Harborline,H2796-010-001,MA,GA,AGE,HL-811572,2024-07-01,,ACTIVE,61291817,33.36,
C-00216,"Bennett, Jacob",20518,(465) 555-0148,,16315 Novak Islands Apt. 477,West Angela,WA,98203,2CH3YX3UV86,H-00145,P-00280,Harborline,H3504003,MA,WA,AGE,HL-130310,08/01/22,,active,99847493,39.66,Asked about dental add-ons at renewal.
C-00217,"Bennett, Brenda",38124,(931) 555-0107,brenda.bennett217@example.com,16315 Novak Islands Apt. 477,West Angela,WA,98203,,H-00145,P-00281,Bluepeak,23947WA9306446,ACA,WA,,BP-419409,01/01/2024,,Active,99847493,314.58,
C-00218,"Wallace, Kathleen",07/07/1943,(751) 555-0154,,94311 Moore Station Apt. 655,North Adamport,WV,24981,9TC0T69MG00,H-00146,P-00282,Harborline,R7916-012-003,MA,WV,AGE,HL-323088,2024-07-01,,ACTIVE,7150444,51.79,
C-00219,"Shields, Alexander",31641,(957) 555-0168,alexander.shields219@example.com,12678 Garcia Corners,Angelamouth,TX,75120,,H-00147,P-00283,Meridian Care,76540TX9336169,ACA,TX,,MC-552945,01/01/24,,active,90949389,516.29,
C-00220,"Shields, Robert",30972,(851) 555-0133,,12678 Garcia Corners,Angelamouth,TX,75120,,H-00147,P-00284,Cardinal Mutual,49117TX4580400,ACA,TX,,CM-794447,01/01/2026,,Active,90949389,472.34,
C-00221,"Snyder, Bryan",35374,(824) 555-0160,bryan.snyder221@example.com,839 Gina Extension,West Kevin,MO,64776,,H-00148,P-00285,Northwind Health,76542MO2911451,ACA,MO,,NW-682788,2025-01-01,2025-12-31,??,6831819,691.54,
C-00221,"Snyder, Bryan",35374,(824) 555-0160,bryan.snyder221@example.com,839 Gina Extension,West Kevin,MO,64776,,H-00148,P-00286,Summit Health Plans,93748MO6589940,ACA,MO,,SH-185090,01/01/26,,active,6831819,855.33,
C-00222,"Snyder, Ryan",26192,(888) 555-0156,ryan.snyder222@example.com,839 Gina Extension,West Kevin,MO,64776,,H-00148,P-00287,Harborline,91959MO6314548,ACA,MO,,HL-505537,01/01/2025,12/31/2025,Terminated,6831819,619.19,
C-00222,"Snyder, Ryan",26192,(888) 555-0156,ryan.snyder222@example.com,839 Gina Extension,West Kevin,MO,64776,,H-00148,P-00288,Bluepeak,23947MO0141455,ACA,MO,,BP-585168,2026-01-01,,ACTIVE,6831819,313.53,
C-00223,"Cok, Christine",04/01/1938,(961) 555-0102,,7154 Jennifer Park Apt. 712,Adamfurt,WI,53028,5JJ7PC4UY30,H-00149,P-00289,Meridian Care,H8433-006-002,MA,WI,AGE,MC-303182,01/01/23,,active,61291817,45.20,
C-00224,"Navaro, Cynthia",20597,(434) 555-0166,cynthia.navarro224@example.com,5692 Flores Square Apt. 752,Novakport,KY,42072,5H70WY4WT06,H-00150,P-00290,Meridian Care,H8433-014,MA,KY,AGE,MC-387347,06/01/2025,,Active,43339391,33.33,
C-00225,"Navarro, Tammy",01/10/1949,(939) 555-0128,tammy.navarro225@example.com,5692 Flores Square Apt. 752,Novakport,KY,42072,7WT5AQ3ND90,H-00150,P-00291,Bluepeak,H4593-007,MA,KY,AGE,BP-445217,2025-12-01,,ACTIVE,43339391,13.47,
C-00226,"Johnson, Jessica",05/26/1950,(643) 555-0103,jessica.johnson226@example.com,6465 Sarah Flats,Lake Katrina,NC,27061,6C65V53DY97,H-00151,P-00292,Northwind Health,H5040-002,MA,NC,AGE,NW-495727,01/01/26,,active,74197857,2.73,
C-00227,"Mccormick, Charles",11/15/1940,(264) 555-0156,charles.mccormick227@example.com,4167 Cynthia Garden,Donnachester,ID,83816,,H-00152,P-00293,Meridian Care,B,MEDSUPP,ID,AGE,MC-575436,03/01/2026,,Active,77125617,93.47,
C-00227,"Mccormick, Charles",11/15/1940,(264) 555-0156,charles.mccormick227@example.com,4167 Cynthia Garden,Donnachester,ID,83816,,H-00152,P-00294,Meridian Care,S3927-029,PDP,ID,AGE,MC-456113,2026-03-01,,ACTIVE,77125617,21.59,
C-00228,"Jackson, Cheyenne",30663,(311) 555-0113,cheyenne.jackson228@example.com,688 Stephens Turnpike Suite 891,Port Johnstad,MO,65124,6RU9TG3FC02,H-00153,P-00295,Cardinal Mutual,H8668-010,MA,MO,ESRD,CM-667430,08/01/23,,active,32244663,47.81,
C-00229,"Vaughn, Edward",10/30/1941,(259) 555-0130,edward.vaughn229@example.com,6101 Walker Summit Apt. 756,Bartonshire,PA,16977,9CR5HH3DN37,H-00154,P-00296,Meridian Care,S3927-020,PDP,PA,AGE,MC-993395,11/01/2026,,Pending,1884412,59.25,
C-00230,"Vaughn, Whitney",03/01/1951,(552) 555-0137,whitney.vaughn230@example.com,6101 Walker Summit Apt. 756,Bartonshire,PA,16977,1UJ0J23TY33,H-00154,P-00297,Meridian Care,H8433-007,MA,PA,AGE,MC-293194,2024-07-01,,ACTIVE,1884412,32.79,
C-00231,"Flores, Kevin",02/18/1949,(231) 555-0171,kevin.flores231@example.com,46112 Collins Motorway Apt. 875,Davismouth,LA,70145,6CA3HM2JK25,H-00155,P-00298,Bluepeak,H4593-001-002,MA,LA,AGE,BP-243910,12/01/24,12/31/25,terminated,11576383,55.49,
C-00231,"Flores, Kevin",02/18/1949,(231) 555-0171,kevin.flores231@example.com,46112 Collins Motorway Apt. 875,Davismouth,LA,70145,6CA3HM2JK25,H-00155,P-00299,Summit Health Plans,H9797-010,MA,LA,AGE,SH-351815,01/01/2026,,Active,11576383,37.37,
C-00232,"Salinas, Crystal",20663,(397) 555-0168,crystal.salinas232@example.com,51238 Andrea Isle,Mullenbury,MN,56779,6NY6J90YX38,H-00156,P-00300,Bluepeak,F,MEDSUPP,MN,AGE,BP-155846,2023-07-01,,ACTIVE,11576383,170.99,
C-00232,"Salinas, Crystal",20663,(397) 555-0168,crystal.salinas232@example.com,51238 Andrea Isle,Mullenbury,MN,56779,6NY6J90YX38,H-00156,P-00301,Bluepeak,S1771-028,PDP,MN,AGE,BP-992865,07/01/23,,active,11576383,25.71,
C-00233,"Harris, Karen",20103,(284) 555-0160,,660 Shannon Meadow,Smithborough,NE,68493,9PU8TG5PV77,H-00157,P-00302,Harborline,R3621-007,MA,NE,AGE,HL-312861,07/01/2024,,Active,33857966,17.98,
C-00234,"Harris, Lindsey",29384,(284) 555-0160,,660 Shannon Meadow,Smithborough,NE,68493,,H-00157,P-00303,Bluepeak,23947NE6276479,ACA,NE,,BP-677295,2026-01-01,,ACTIVE,33857966,483.61,
C-00235,"Rose, Danielle",11/18/1943,(732) 555-0145,danielle.rose235@example.com,182 Nguyen Mount,West Emilyfort,AL,36056,7RP7NK6AG73,H-00158,P-00304,Meridian Care,H3591-010,MA,AL,AGE,MC-637700,05/01/23,,active,1884412,41.10,
C-00236,"Rose, Candice",06/07/1950,(732) 555-0145,candice.rose236@example.com,182 Nguyen Mount,West Emilyfort,AL,36056,1WH5H15KM43,H-00158,P-00305,Meridian Care,H3591-025,MA,AL,AGE,MC-395536,03/01/2025,02/28/2026,Terminated,1884412,24.53,
C-00236,"Rose, Candice",06/07/1950,(732) 555-0145,candice.rose236@example.com,182 Nguyen Mount,West Emilyfort,AL,36056,1WH5H15KM43,H-00158,P-00306,Harborline,H2796-016,MA,AL,AGE,HL-637549,2026-03-01,,ACTIVE,1884412,53.58,
C-00237,"Torres, Isaac",12/23/1934,(940) 555-0159,isaac.torres237@example.com,155 Williamson Via Suite 991,West David,CA,91592,2N73R46HT78,H-00159,P-00307,Harborline,H2796-010,MA,CA,AGE,HL-624078,02/01/22,,active,78490893,0.79,
C-00238,"Torres, Heather",03/09/1939,(908) 555-0168,heather.torres238@example.com,155 Williamson Via Suite 991,West David,CA,91592,1X50FF5XY99,H-00159,P-00308,Cardinal Mutual,H7252-018,MA,CA,AGE,CM-297487,02/01/2024,,Active,78490893,31.65,
C-00239,"Wilkinson, Christine",36089,(855) 555-0138,christine.wilkinson239@example.com,9296 Lopez Roads Apt. 827,Donaldmouth,ID,83657,,H-00160,P-00309,Summit Health Plans,93748ID8197571,ACA,ID,,SH-295760,2026-01-01,,ACTIVE,5265799,185.17,
C-00240,"Carter, Joshua",20497,(439) 555-0137,joshua.carter240@example.com,72368 Ortiz Overpass Suite 772,New Anthonybury,OR,97426,3N76QG1FW67,H-00161,P-00310,Bluepeak,H3266-014,MA,OR,AGE,BP-797085,05/01/22,04/30/25,terminated,74197857,58.13,
C-00240,"Carter, Joshua",20497,(439) 555-0137,joshua.carter240@example.com,72368 Ortiz Overpass Suite 772,New Anthonybury,OR,97426,3N76QG1FW67,H-00161,P-00311,Summit Health Plans,H5371-019,MA,OR,AGE,SH-626883,05/01/2025,,Active,74197857,16.62,
C-00241,"Greer, Karen",01/05/1953,(657) 555-0108,karen.greer241@example.com,79788 Ashley Grove Suite 807,South Curtis,CO,80018,8TT9C31MT54,H-00162,P-00312,Summit Health Plans,H9797-029,MA,CO,AGE,SH-868862,2024-02-01,,ACTIVE,29898923,50.60,
C-00242,"Glover, Lisa",09/09/1936,(916) 555-0172,,74517 Kimberly Freeway Apt. 959,Martinberg,MO,65423,5WM1H97RW15,H-00163,P-00313,Summit Health Plans,H9797-009,MA,MO,AGE,SH-630647,05/01/22,10/31/23,terminated,32244663,16.98,
C-00242,"Glover, Lisa",09/09/1936,(916) 555-0172,,74517 Kimberly Freeway Apt. 959,Martinberg,MO,65423,5WM1H97RW15,H-00163,P-00314,Northwind Health,H9830-013-003,MA,MO,AGE,NW-882193,11/01/2023,,Active,32244663,28.15,
C-00243,"Farley, Wyatt",02/06/1939,(457) 555-0114,wyatt.farley243@example.com,584 Mario Squares,Keithview,WI,53101,9J27FU4GG09,H-00164,P-00315,Bluepeak,S1771-006-003,PDP,WI,AGE,BP-804005,2022-07-01,,ACTIVE,61291817,17.71,
C-00243,"Farley, Wyatt",02/06/1939,(457) 555-0114,wyatt.farley243@example.com,584 Mario Squares,Keithview,WI,53101,9J27FU4GG09,H-00164,P-00315,Bluepeak,S1771-006-003,PDP,WI,AGE,BP-804005,07/01/22,,active,61291817,29.71,
C-00244,"Farley, Rachel",35114,(457) 555-0114,rachel.farley244@example.com,584 Mario Squares,Keithview,WI,53101,,H-00164,P-00316,Meridian Care,76540WI8930492,ACA,WI,,MC-563531,01/01/2024,,Active,61291817,433.33,
C-00245,"Long, Douglas",38602,(986) 555-0125,,60422 Dustin Islands,Port Megan,AR,72288,,H-00165,P-00317,Bluepeak,23947AR3355203,ACA,AR,,BP-116817,2025-01-01,,ACTIVE,44524491,269.78,
C-00246,"Long, Cynthia",30608,(426) 555-0112,cynthia.long246@example.com,60422 Dustin Islands,Port Megan,AR,72288,3GC6VE5NW39,H-00165,P-00318,Summit Health Plans,H9797-008,MA,WI,DISABILITY,SH-211028,11/01/26,,pending,44524491,17.51,
C-00247,"Simon, Stephen",30192,(486) 555-0183,stephen.simon247@example.com,7116 Neal Wells Suite 775,Port Kimland,MO,63051,1D83RM9UE89,H-00166,P-00319,Northwind Health,R8019-022,MA,MO,DISABILITY,NW-239388,11/01/2022,,Active,6831819,56.82,
C-00248,"Kramer, Patricia",24917,(270) 555-0142,patricia.kramer248@example.com,86363 Adams Village Suite 589,New Melissa,NY,14161,9X20JA9EM36,H-00167,P-00320,Summit Health Plans,H5371-010-002,MA,NY,DISABILITY,SH-259038,2026-01-01,,ACTIVE,97102525,16.54,
C-00249,"Kramer, Kathryn",11/29/1936,(655) 555-0194,,86363 Adams Village Suite 589,New Melissa,NY,14161,3KN0V56MA35,H-00167,P-00321,Bluepeak,H4593-026,MA,NY,AGE,BP-830100,10/01/23,,active,97102525,56.30,
C-00250,"Khan, Kevin",23981,(254) 555-0181,,70127 Smith Meadow,Lake Regina,UT,84523,,H-00168,P-00322,Meridian Care,H3591-010-001,MA,UT,DISABILITY,MC-704422,06/01/2024,09/30/2025,Terminated,37231783,23.37,
C-00250,"Khan, Kevin",23981,(254) 555-0181,,70127 Smith Meadow,Lake Regina,UT,84523,,H-00168,P-00323,Cardinal Mutual,H7252-012-002,MA,UT,DISABILITY,CM-496065,2025-10-01,,ACTIVE,37231783,32.62,
C-00251,"Khan, Nancy",02/22/1941,(694) 555-0102,nancy.khan251@example.com,70127 Smith Meadow,Lake Regina,UT,84523,7D44YW2WG46,H-00168,P-00324,Harborline,H3504-003-003,MA,UT,AGE,HL-243294,06/01/24,,active,37231783,27.29,
C-00252,"Wheeler, April",03/03/1948,(961) 555-0147,april.wheeler252@example.com,54152 Randy Inlet Apt. 611,East Thomasberg,GA,30600,5XD6C91QX23,H-00169,P-00325,Cardinal Mutual,S2876-017,PDP,GA,AGE,CM-765824,01/01/2026,,Active,61291817,85.05,
C-00253,"Wheeler, Sean",23454,(954) 555-0131,sean.wheeler253@example.com,54152 Randy Inlet Apt. 611,East Thomasberg,GA,30600,,H-00169,P-00326,Harborline,91959GA0474058,ACA,GA,,HL-374025,2024-01-01,,ACTIVE,61291817,343.83,Met at the café seminar in the spring.
C-00254,"Garcia, Michael",22131,(860) 555-0191,,516 Tim Forks,Davisville,KY,40831,7X81V93RG64,H-00170,P-00327,Summit Health Plans,H5371-019,MA,KY,AGE,SH-869584,01/01/26,,active,32244663,25.22,
C-00255,"Garcia, Kevin",21404,(553) 555-0118,kevin.garcia255@example.com,516 Tim Forks,Davisville,KY,40831,4Q24AG7AE16,H-00170,P-00328,Meridian Care,H3591-006,MA,KY,AGE,MC-295454,11/01/2025,,Active,32244663,30.69,
C-00255,"Garcia, Kevin",21404,(553) 555-0118,kevin.garcia255@example.com,516 Tim Forks,Davisville,KY,40831,4Q24AG7AE16,H-00170,P-00328,Meridian Care,H3591-006,MA,KY,AGE,MC-295454,2025-11-01,,ACTIVE,32244663,30.69,
C-00256,"Mosley, Donald",09/01/1954,(978) 555-0124,donald.mosley256@example.com,21890 Scott Stravenue Apt. 269,Heathland,WI,53764,7T09E72DM16,H-00171,P-00329,Harborline,H2796-016,MA,WI,AGE,HL-805486,08/01/22,,active,61291817,39.74,
C-00257,"Tran, Carol",20986,(208) 555-0185,carol.tran257@example.com,656 Moody Gateway,Deannabury,DE,19896,9K97U45YR55,H-00172,P-00330,Harborline,H3504-022,MA,DE,AGE,HL-496818,02/01/2026,,Active,4356886,32.64,
C-00258,"Rice, Tiffany",03/10/1938,(343) 555-0103,tiffany.rice258@example.com,043 Julie Hill Apt. 376,East Victorland,WA,99442,9K23PT9UV63,H-00173,P-00331,Meridian Care,F,MEDSUPP,WA,AGE,MC-764563,2022-01-01,,ACTIVE,99847493,95.44,
C-00258,"Rice, Tiffany",03/10/1938,(343) 555-0103,tiffany.rice258@example.com,043 Julie Hill Apt. 376,East Victorland,WA,99442,9K23PT9UV63,H-00173,P-00332,Meridian Care,S9201-026,PDP,WA,AGE,MC-810860,01/01/22,,active,99847493,58.33,
C-00259,"Livingston, Stacy",10/29/1944,(303) 555-0193,stacy.livingston259@example.com,2696 Payne Extensions Suite 109,North Joseton,ME,04651,4F78X58CF71,H-00174,P-00333,Meridian Care,H8433-006,MA,ME,AGE,MC-221297,08/01/2023,,Active,94702683,36.55,
C-00260,"Herrera, Peter",21405,(417) 555-0121,peter.herrera260@example.com,486 Miles Corner Apt. 414,New Samanthaberg,KY,40731,3N86KJ4UE28,H-00175,P-00334,Northwind Health,H5040-021,MA,KY,AGE,NW-495323,2026-04-01,,ACTIVE,43339391,28.11,
C-00261,"Herrera, Cynthia",06/04/1947,(417) 555-0121,cynthia.herrera261@example.com,486 Miles Corner Apt. 414,New Samanthaberg,KY,40731,2ED5X93EX52,H-00175,P-00335,Cardinal Mutual,S1188-010,PDP,KY,AGE,CM-718722,09/01/23,,active,43339391,15.13,
C-00262,"Parker, Judith",11/27/1938,(574) 555-0186,judith.parker262@example.com,6303 Sandy Crescent,Salazarton,WI,54540,1W77NF4JU72,H-00176,P-00336,Harborline,S2040-020-003,PDP,WI,AGE,HL-423896,03/01/2025,,Active,61291817,57.45,
C-00263,"Brady, Morgan",01/22/1952,(788) 555-0161,,02027 Mills Tunnel,Garyberg,ID,83490,1NF3J20GU64,H-00177,P-00337,Summit Health Plans,H5371-012,MA,ID,AGE,SH-510059,2022-11-01,2023-10-31,TERMINATED,77125617,32.06,Client gave bank account 00046201 for the premium draft.
C-00263,"Brady, Morgan",01/22/1952,(788) 555-0161,,02027 Mills Tunnel,Garyberg,ID,83490,1NF3J20GU64,H-00177,P-00338,Northwind Health,H9830-023,MA,ID,AGE,NW-835165,11/01/23,,active,77125617,15.98,
C-00264,"Brown, Michele",04/29/1938,(971) 555-0174,michele.brown264@example.com,56481 Joseph Ports,South Spencerstad,CA,90841,3T27M82HH30,H-00178,P-00339,Meridian Care,R5315-014-001,MA,CA,AGE,MC-982544,12/01/2023,,Active,78490893,55.66,
C-00265,"Brown, Garrett",07/02/1945,(321) 555-0165,garrett.brown265@example.com,56481 Joseph Ports,South Spencerstad,CA,90841,7F06JC1JQ74,H-00178,P-00340,Summit Health Plans,S8123-025,PDP,CA,AGE,SH-915509,2025-09-01,,ACTIVE,78490893,19.68,
C-00265,"Brown, Garrett",07/02/1945,(321) 555-0165,garrett.brown265@example.com,56481 Joseph Ports,South Spencerstad,CA,90841,7F06JC1JQ74,H-00178,P-00340,Summit Health Plans,S8123-025,PDP,CA,AGE,SH-915509,09/01/25,,active,78490893,19.68,
C-00266,"Reyes, Edward",21397,(869) 555-0156,edward.reyes266@example.com,1913 Bradley Wall,East Brandonstad,IL,60880,9JA9XX7KE92,H-00179,P-00341,Cardinal Mutual,H7252-011-001,MA,IL,AGE,CM-848440,08/01/2025,,Active,44524491,5.20,
C-00267,"Reyes, Sarah",10/08/1933,(869) 555-0156,sarah.reyes267@example.com,1913 Bradley Wall,East Brandonstad,IL,60880,9VU1V69WE31,H-00179,P-00342,Summit Health Plans,G,MEDSUPP,IL,AGE,SH-681667,2022-12-01,,ACTIVE,44524491,91.74,
C-00267,"Reyes, Sarah",10/08/1933,(869) 555-0156,sarah.reyes267@example.com,1913 Bradley Wall,East Brandonstad,IL,60880,9VU1V69WE31,H-00179,P-00343,Summit Health Plans,S8123-004,PDP,GA,AGE,SH-235073,12/01/22,,active,44524491,11.41,
C-00268,"Duncan, David",23499,(463) 555-0196,david.duncan268@example.com,635 Robert Stravenue,Josephland,GA,30271,7AJ4CV4WT29,H-00180,P-00344,Summit Health Plans,H9797-023,MA,GA,DISABILITY,SH-794804,08/01/2024,,Active,61291817,8.11,Prefers mail over phone.
C-00269,"Bryant, Miguel",12/03/1953,(507) 555-0127,miguel.bryant269@example.com,38061 Cline Trail,Markside,FL,32618,7DW4KQ2QT14,H-00181,P-00345,Cardinal Mutual,H7252-021,MA,FL,AGE,CM-763874,2025-08-01,,ACTIVE,94702683,22.06,
C-00270,"Bryant, Kelly",10/30/1941,(724) 555-0177,kelly.bryant270@example.com,38061 Cline Trail,Markside,FL,32618,3N56QA9JD41,H-00181,P-00346,Northwind Health,A,MEDSUPP,FL,AGE,NW-169163,11/01/24,,active,94702683,223.29,
C-00270,"Bryant, Kelly",10/30/1941,(724) 555-0177,kelly.bryant270@example.com,38061 Cline Trail,Markside,FL,32618,3N56QA9JD41,H-00181,P-00347,Northwind Health,S7543-012,PDP,FL,AGE,NW-915866,11/01/2024,,Active,94702683,59.64,
C-00271,"Reed, Mary",21031,(301) 555-0148,mary.reed271@example.com,937 Vargas Park Apt. 832,South Andrewside,IA,50801,5X67EV5XM84,H-00182,P-00348,Northwind Health,H5040-012-002,MA,IA,AGE,NW-927061,2025-10-01,,ACTIVE,1884412,55.52,
C-00272,"Kaufman, Douglas",38275,(331) 555-0133,douglas.kaufman272@example.com,0641 Alyssa Freeway,Vasquezton,VT,05875,,H-00183,P-00349,Bluepeak,23947VT2393607,ACA,VT,,BP-695130,01/01/25,12/31/25,terminated,10583482,646.50,
C-00272,"Kaufman, Douglas",38275,(331) 555-0133,douglas.kaufman272@example.com,0641 Alyssa Freeway,Vasquezton,VT,05875,,H-00183,P-00350,Cardinal Mutual,49117VT0886921,ACA,VT,,CM-841870,01/01/2026,,Active,10583482,635.16,
C-00273,"Kaufman, Joshua",06/30/1946,(331) 555-0133,joshua.kaufman273@example.com,0641 Alyssa Freeway,Vasquezton,VT,05875,8VM4RV3MD46,H-00183,P-00351,Harborline,H2796-024,MA,VT,AGE,HL-198181,2026-02-01,,ACTIVE,10583482,19.66,
C-00274,"Kaufman, Bradley",12/22/1950,(211) 555-0154,bradley.kaufman274@example.com,0641 Alyssa Freeway,Vasquezton,VT,05875,3UU8W21QA93,H-00183,P-00352,Northwind Health,H9830-008,MA,VT,AGE,NW-963359,12/01/25,,active,10583482,54.16,
C-00275,"Jones, Ashley",01/07/1936,(380) 555-0109,ashley.jones275@example.com,657 Beverly Parkways,Lake Lori,KY,40177,3VP0RU6GP15,H-00184,P-00353,Bluepeak,A,MEDSUPP,KY,AGE,BP-404154,08/01/2025,,Active,43339391,128.62,
C-00275,"Jones, Ashley",01/07/1936,(380) 555-0109,ashley.jones275@example.com,657 Beverly Parkways,Lake Lori,KY,40177,3VP0RU6GP15,H-00184,P-00354,Bluepeak,S1771-007-002,PDP,KY,AGE,BP-873876,2025-08-01,,ACTIVE,43339391,5.36,
C-00276,"Joes, Ryan",01/12/1940,(237) 555-0159,,657 Beverly Parkways,Lake Lori,KY,40177,8CP0YT5MP10,H-00184,P-00355,Meridian Care,H3591-004,MA,KY,AGE,MC-615947,11/01/23,,active,43339391,35.29,Client gave bank account 00080490 for the premium draft.
C-00277,"Rodriguez, Daniel",05/26/1937,(700) 555-0100,daniel.rodriguez277@example.com,44565 Chavez Fort,East Derekshire,NC,28315,5PR2W54ET72,H-00185,P-00356,Meridian Care,H3591-004-003,MA,NC,AGE,MC-398739,09/01/2022,06/30/2025,Terminated,74197857,15.52,
C-00277,"Rodriguez, Daniel",05/26/1937,(700) 555-0100,daniel.rodriguez277@example.com,44565 Chavez Fort,East Derekshire,NC,28315,5PR2W54ET72,H-00185,P-00357,Northwind Health,H9830-029,MA,NC,AGE,NW-268099,2025-07-01,,ACTIVE,74197857,2.58,
C-00278,"Mckenzie, Heidi",22855,(701) 555-0170,heidi.mckenzie278@example.com,5618 Oconnell Fords Suite 474,North Ericport,MI,48353,,H-00186,P-00358,Summit Health Plans,93748MI6523795,ACA,MI,,SH-215063,01/01/25,,active,61855700,322.25,
C-00279,"Johnson, Rick",04/09/1939,(713) 555-0101,richard.johnson279@example.com,52135 Palmer Springs,Jorgeburgh,IL,60444,1RU4MU1RJ92,H-00187,P-00359,Summit Health Plans,S5808-028-002,PDP,IL,AGE,SH-835005,11/01/2025,,Active,4356886,48.17,
C-00280,"Morales, Gina",20267,(806) 555-0180,gina.morales280@example.com,831 Garcia Underpass Apt. 100,East James,ID,83360,4EF6CK3FR09,H-00188,P-00360,Northwind Health,H9830-023,MA,ID,AGE,NW-342669,2023-01-01,,ACTIVE,43339391,51.88,
C-00281,"Morales, Sharon",27637,(924) 555-0113,sharon.morales281@example.com,831 Garcia Underpass Apt. 100,East James,ID,83360,,H-00188,P-00361,Northwind Health,76542ID4517199,ACA,ID,,NW-394184,01/01/25,,active,43339391,626.54,Prefers mail over phone.
C-00282,"Sein, Maria",21486,(418) 555-0136,maria.stein282@example.com,941 Wendy Flat,Lambland,SD,57340,2RG4UP5ME10,H-00189,P-00362,Summit Health Plans,G,MEDSUPP,SD,AGE,SH-478083,08/01/2025,,Active,77125617,198.53,
C-00282,"Sein, Maria",21486,(418) 555-0136,maria.stein282@example.com,941 Wendy Flat,Lambland,SD,57340,2RG4UP5ME10,H-00189,P-00363,Summit Health Plans,S8123-024,PDP,SD,AGE,SH-349825,2025-08-01,,ACTIVE,77125617,65.88,
C-00283,"Lopez, Joshua",21073,(334) 555-0180,,07029 Underwood Locks Suite 066,West Jason,WI,53213,4H27ED8YN47,H-00190,P-00364,Summit Health Plans,G,MEDSUPP,WI,AGE,SH-234041,10/01/23,,active,61291817,104.35,
C-00283,"Lopez, Joshua",21073,(334) 555-0180,,07029 Underwood Locks Suite 066,West Jason,WI,53213,4H27ED8YN47,H-00190,P-00365,Summit Health Plans,S8123-029-003,PDP,WI,AGE,SH-483791,10/01/2023,,Active,61291817,61.90,
C-00284,"Lopez, Nicole",20871,(334) 555-0180,nicole.lopez284@example.com,07029 Underwood Locks Suite 066,West Jason,WI,53213,9AG9K22MC90,H-00190,P-00366,Meridian Care,N,MEDSUPP,WI,AGE,MC-619072,2026-05-01,,ACTIVE,61291817,220.25,
C-00284,"Lopez, Nicole",20871,(334) 555-0180,nicole.lopez284@example.com,07029 Underwood Locks Suite 066,West Jason,WI,53213,9AG9K22MC90,H-00190,P-00367,Meridian Care,S9201-006,PDP,WI,AGE,MC-887195,05/01/26,,active,61291817,76.72,
C-00285,"Lopez, Austin",11/26/1947,(334) 555-0180,austin.lopez285@example.com,07029 Underwood Locks Suite 066,West Jason,WI,53213,3XH9A88TV84,H-00190,P-00368,Bluepeak,H4593-006,MA,WI,AGE,BP-147828,08/01/2023,,Active,61291817,18.34,
C-00286,"Day, Laura",09/05/1935,(455) 555-0126,laura.day286@example.com,476 Brown Harbors,Taylorborough,KY,40181,1P09PN1WK26,H-00191,P-00369,Harborline,H2796-027,MA,KY,AGE,HL-329931,2025-04-01,,ACTIVE,94702683,29.12,Prefers mail over phone.
C-00287,"Shaw, Paul",08/08/1940,(905) 555-0148,,806 Castillo Tunnel,Coopershire,NY,10068,5YW3TJ5KH96,H-00192,P-00370,Bluepeak,H3266-003,MA,NY,AGE,BP-290330,10/01/22,01/31/26,terminated,97102525,40.62,
C-00287,"Shaw, Paul",08/08/1940,(905) 555-0148,,806 Castillo Tunnel,Coopershire,NY,10068,5YW3TJ5KH96,H-00192,P-00371,Summit Health Plans,H9797-007,MA,NY,AGE,SH-614345,02/01/2026,,Active,97102525,46.66,
C-00288,"Shaw, Hector",20273,(904) 555-0177,hector.shaw288@example.com,806 Castillo Tunnel,Coopershire,NY,10068,3DR3T96EV20,H-00192,P-00372,Summit Health Plans,H9797-004,MA,NY,AGE,SH-900530,2026-11-01,,chk w/ carrier,97102525,1.11,
C-94375,,,,,,,,,,,P-00373,Bluepeak,H3266-021-003,MA,IA,AGE,BP-229054,07/01/24,,active,1884412,44.53,
C-00290,"Ferguson, Jillian",08/10/1951,(475) 555-0118,,304 Lindsey Mountains Suite 932,East Dianeview,IA,52710,3A93AJ6QF54,H-00193,P-00374,Meridian Care,S9201-016,PDP,IA,AGE,MC-215485,03/01/2023,,Active,1884412,32.78,
C-00291,"Warner, Michael",21437,(383) 555-0154,michael.warner291@example.com,652 Joel Island,Robintown,ID,83409,3RF4Y64PE47,H-00194,P-00375,Harborline,S2040-026,PDP,ID,AGE,HL-255863,2025-09-01,,ACTIVE,5265799,5.35,
C-00292,"Warner, Ashley",29632,(690) 555-0108,ashley.warner292@example.com,652 Joel Island,Robintown,ID,83409,,H-00194,P-00376,Meridian Care,76540ID4672054,ACA,ID,,MC-194840,01/01/25,,active,5265799,339.61,
C-00293,"Warner, Douglas",34411,(831) 555-0142,douglas.warner293@example.com,652 Joel Island,Robintown,ID,83409,,H-00194,P-00377,Meridian Care,76540ID6944833,ACA,ID,,MC-244935,01/01/2025,,Active,5265799,587.07,
C-00294,"Smith, Samantha",06/06/1943,(752) 555-0168,samantha.smith294@example.com,8427 Christopher Fort,North Alisha,VA,23663,7VX3DJ5AH05,H-00195,P-00378,Cardinal Mutual,G,MEDSUPP,VA,AGE,CM-162471,2024-12-01,,ACTIVE,78490893,126.09,
C-00294,"Smith, Samantha",06/06/1943,(752) 555-0168,samantha.smith294@example.com,8427 Christopher Fort,North Alisha,VA,23663,7VX3DJ5AH05,H-00195,P-00379,Cardinal Mutual,S2876-028,PDP,VA,AGE,CM-409012,12/01/24,,active,78490893,27.83,
C-00295,"Smith, James",05/30/1947,(752) 555-0168,james.smith295@example.com,8427 Christopher Fort,North Alisha,VA,23663,3E22Q30RP01,H-00195,P-00380,Summit Health Plans,S5808-001-003,PDP,VA,AGE,SH-482986,07/01/2025,,Active,78490893,29.06,
C-00296,"Yu, Nathaniel",07/22/1937,(916) 555-0138,nathaniel.yu296@example.com,2500 Brenda Divide,Port Aliciastad,NC,27201,6T50ME2CC92,H-00196,P-00381,Bluepeak,H3266-022,MA,NC,AGE,BP-681074,2024-09-01,,ACTIVE,74197857,37.21,
C-00297,"Olsen, Nicholas",36739,(634) 555-0120,,154 Taylor Estate Suite 752,Jeffreyshire,NE,69229,,H-00197,P-00382,Bluepeak,23947NE6717637,ACA,NE,,BP-329540,01/01/26,,active,33857966,223.39,
C-00298,"Young, Toni",03/08/1940,(369) 555-0106,,20969 Ian Island Apt. 917,West Julie,IL,62788,7HK1ED5YN03,H-00198,P-00383,Bluepeak,A,MEDSUPP,IL,AGE,BP-168492,07/01/2023,,Cancelled,97102525,124.88,
C-00298,"Young, Toni",03/08/1940,(369) 555-0106,,20969 Ian Island Apt. 917,West Julie,IL,62788,7HK1ED5YN03,H-00198,P-00384,Bluepeak,S1771-007-001,PDP,IL,AGE,BP-769399,2023-07-01,,ACTIVE,97102525,38.05,
C-00299,"Young, Gary",12/16/1941,(680) 555-0161,,20969 Ian Island Apt. 917,West Julie,IL,62788,8CC5DM0PM68,H-00198,P-00385,Harborline,H2796-023,MA,IL,AGE,HL-202110,01/01/23,,active,97102525,55.27,
C-00300,"Le, Brandon",01/31/1948,(354) 555-0103,,570 Clark Square,West Jonathanville,CO,81699,5GF7D81JH22,H-00199,P-00386,Summit Health Plans,B,MEDSUPP,CO,AGE,SH-648706,09/01/2024,,Active,7150444,303.44,
C-00300,"Le, Brandon",01/31/1948,(354) 555-0103,,570 Clark Square,West Jonathanville,CO,81699,5GF7D81JH22,H-00199,P-00387,Summit Health Plans,S8123-015,PDP,CO,AGE,SH-455488,2024-09-01,,ACTIVE,7150444,26.49,
C-00301,"Lloyd, Arthur",24071,(900) 555-0149,arthur.lloyd301@example.com,626 Macias Keys Suite 179,East Shannon,SC,29091,,H-00200,P-00388,Cardinal Mutual,49117SC1634202,ACA,SC,,CM-249550,01/01/26,,active,11576383,169.58,
C-00302,"Lloyd, Andrew",36545,(900) 555-0149,andrew.lloyd302@example.com,626 Macias Keys Suite 179,East Shannon,SC,29091,,H-00200,P-00389,Bluepeak,23947SC1143565,ACA,SC,,BP-704516,01/01/2025,,Active,11576383,517.15,
C-00303,"Lawson, Ryan",02/18/1952,(344) 555-0115,,15262 Amy Course Suite 997,South Sherriburgh,LA,41422,8CP4QR9FT58,H-00201,P-00390,Harborline,H3504-009-002,MA,LA,AGE,HL-144748,2025-04-01,,ACTIVE,11576383,55.91,
C-00304,"Armstrong, Mary",28572,(917) 555-0171,mary.armstrong304@example.com,53368 Guerrero Hills,North Brandon,AR,72731,,H-00202,P-00391,Meridian Care,H8433-025,MA,AR,DISABILITY,MC-309160,06/01/22,,active,44524491,35.48,
C-00305,"Rowland, Thomas",20952,(819) 555-0162,thomas.rowland305@example.com,50614 Gonzalez Burg,East Danielle,DC,20343,8F03NX0YQ05,H-00203,P-00392,Cardinal Mutual,H8668-009-001,MA,DC,AGE,CM-766566,09/01/2024,,Active,6831819,20.64,
C-00306,"Wood, Sean",02/12/1938,(738) 555-0127,sean.wood306@example.com,6774 Darlene Loaf,West Nicole,NC,27235,5G60D86NM23,H-00204,P-00393,Cardinal Mutual,L,MEDSUPP,NC,AGE,CM-661519,2023-11-01,,ACTIVE,74197857,245.81,
C-00306,"Wood, Sean",02/12/1938,(738) 555-0127,sean.wood306@example.com,6774 Darlene Loaf,West Nicole,NC,27235,5G60D86NM23,H-00204,P-00394,Cardinal Mutual,S1188-023,PDP,NC,AGE,CM-471921,11/01/23,09/16/26,active,74197857,76.56,
C-00307,"Perez, Bruce",20564,(952) 555-0195,,7434 Edward Square Apt. 158,Arellanoshire,CA,93776,6AF7FU5ER48,H-00205,P-00395,Northwind Health,S7543-021,PDP,CA,AGE,NW-769952,11/01/2025,,Active,78490893,78.61,
C-00308,"Cole, Stacy",03/22/1941,(393) 555-0153,stacy.cole308@example.com,687 Thomas Common Suite 089,North Stacy,CO,80695,4XA5PA4MV17,H-00206,P-00396,Cardinal Mutual,H8668-027,MA,CO,AGE,CM-546535,2025-06-01,,ACTIVE,5265799,44.43,
C-00309,"Flores, Jessica",34325,(639) 555-0147,jessica.flores309@example.com,32061 Harris View,Port Brooke,DC,20258,,H-00207,P-00397,Cardinal Mutual,49117DC4781975,ACA,DC,,CM-764909,01/01/25,12/31/25,terminated,6831819,723.43,
C-00309,"Flores, Jessica",34325,(639) 555-0147,jessica.flores309@example.com,32061 Harris View,Port Brooke,DC,20258,,H-00207,P-00398,Harborline,91959DC1664720,ACA,DC,,HL-945089,01/01/2026,,Cancelled,6831819,264.84,
C-00310,"Mills, Robert",12/27/1940,(307) 555-0163,robert.mills310@example.com,68685 Stone Well,Port Isabellashire,NC,28952,1M76HJ7WQ13,H-00208,P-00399,Northwind Health,F,MEDSUPP,NC,AGE,NW-532993,2024-07-01,,ACTIVE,74197857,242.02,
C-00310,"Mills, Robert",12/27/1940,(307) 555-0163,robert.mills310@example.com,68685 Stone Well,Port Isabellashire,NC,28952,1M76HJ7WQ13,H-00208,P-00400,Northwind Health,S6930-001,PDP,NC,AGE,NW-920192,07/01/24,,active,74197857,66.38,
C-00311,"Armstrong, Tom",10/22/1946,(471) 555-0139,,29991 Anna Courts Suite 856,Patrickfort,TX,76684,7CA0F55VY55,H-00209,P-00401,Summit Health Plans,H9797-020-002,MA,TX,AGE,SH-512423,11/01/2022,,Active,90949389,52.79,
C-00312,"Mccall, Penny",07/12/1944,(600) 555-0193,penny.mccall312@example.com,6299 Williams Isle,North Julie,NE,68381,3VE9Q64WG53,H-00210,P-00402,Northwind Health,H5040-001,MA,NE,AGE,NW-841947,2022-06-01,,ACTIVE,33857966,50.63,
C-00313,"Ramos, Margaret",23693,(392) 555-0130,margaret.ramos313@example.com,4447 Teresa Forks,West Terri,OR,97095,,H-00211,P-00403,Harborline,91959OR3251909,ACA,OR,,HL-981282,01/01/24,,active,74197857,851.78,
C-00314,"Collins, William",09/20/1940,(794) 555-0113,william.collins314@example.com,691 Scott View Suite 785,New Laceyland,NE,69333,2EF4K82DD75,H-00212,P-00404,Cardinal Mutual,H7252-014,MA,NE,AGE,CM-610150,02/01/2023,,Active,54100814,6.02,
C-00315,"Hull, Janet",05/02/1953,(849) 555-0157,janet.hull315@example.com,902 Nancy Flats,East Antonioton,WI,54440,1EN5UY9WA28,H-00213,P-00405,Bluepeak,R9348-007-001,MA,WI,AGE,BP-220364,2023-05-01,2024-07-31,TERMINATED,61291817,29.89,
C-00315,"Hull, Janet",05/02/1953,(849) 555-0157,janet.hull315@example.com,902 Nancy Flats,East Antonioton,WI,54440,1EN5UY9WA28,H-00213,P-00406,Harborline,H2796-003,MA,WI,AGE,HL-825196,08/01/24,,active,61291817,59.61,
C-00316,"Curry, Haley",05/04/1940,(295) 555-0144,,7861 John Overpass Suite 279,Maxview,CT,06725,7VQ3KG3KQ19,H-00214,P-00407,Summit Health Plans,N,MEDSUPP,CT,AGE,SH-932673,03/01/2026,,Active,29898923,144.28,
C-00316,"Curry, Haley",05/04/1940,(295) 555-0144,,7861 John Overpass Suite 279,Maxview,CT,06725,7VQ3KG3KQ19,H-00214,P-00408,Summit Health Plans,S8123-014-003,PDP,CT,AGE,SH-544320,2026-03-01,,ACTIVE,29898923,78.09,
C-00317,"Curry, Justin",08/07/1941,(640) 555-0125,justin.curry317@example.com,7861 John Overpass Suite 279,Maxview,CT,06725,6DT2CV4XR49,H-00214,P-00409,Meridian Care,S3927-013,PDP,CT,AGE,MC-220219,05/01/26,,active,29898923,9.90,
C-00318,"Walker, Charlene",23095,(567) 555-0131,charlene.walker318@example.com,29333 Joseph Lodge Apt. 072,New Lauren,NY,14923,,H-00215,P-00410,Northwind Health,76542NY5345038,ACA,NY,,NW-851622,01/01/2024,,Active,6831819,164.28,
C-00319,"Hunt, Eileen",06/12/1944,(776) 555-0108,eileen.hunt319@example.com,466 Stevens Forge Suite 489,Silvatown,WI,54229,2X86RN5HH07,H-00216,P-00411,Northwind Health,H5040-015,MA,WI,AGE,NW-730645,2024-08-01,,ACTIVE,61291817,14.01,
C-00320,"Hunt, Megan",22045,(776) 555-0108,megan.hunt320@example.com,466 Stevens Forge Suite 489,Silvatown,WI,54229,1TM2QC8VC50,H-00216,P-00412,Cardinal Mutual,H8668-024,MA,WI,AGE,CM-388016,07/01/25,,active,61291817,24.65,
C-00321,"Lopez, Zachary",24357,(521) 555-0163,zachary.lopez321@example.com,994 Cohen Orchard Apt. 545,Joseport,SC,29171,,H-00217,P-00413,Cardinal Mutual,49117SC8276815,ACA,SC,,CM-984028,01/01/2025,12/31/2025,Terminated,11576383,309.13,
C-00321,"Lopez, Zachary",24357,(521) 555-0163,zachary.lopez321@example.com,994 Cohen Orchard Apt. 545,Joseport,SC,29171,,H-00217,P-00414,Harborline,91959SC1723751,ACA,SC,,HL-334896,2026-01-01,,ACTIVE,11576383,188.38,
C-00322,"Lopez, Jack",35651,(905) 555-0192,john.lopez322@example.com,994 Cohen Orchard Apt. 545,Joseport,SC,29171,,H-00217,P-00415,Northwind Health,76542SC3207127,ACA,SC,,NW-955792,01/01/24,,active,11576383,633.49,
C-00323,"Lopez, Brian",09/05/1936,(521) 555-0163,brian.lopez323@example.com,994 Cohen Orchard Apt. 545,Joseport,SC,29171,2CM1KN9QK22,H-00217,P-00416,Northwind Health,H5040-025,MA,SC,AGE,NW-991450,02/01/2025,04/30/2026,Terminated,11576383,47.85,
C-00452,"Cruz, Diane",10/29/1944,(806) 555-0112,,0948 Jessica Village Suite 138,North Jessicaside,TX,77884,2N98XX8VQ83,H-00306,P-00417,Harborline,H3504-024,MA,TX,AGE,HL-100417,2026-05-01,,ACTIVE,1884412,39.15,
C-00324,"Walker, Amanda",36620,(295) 555-0133,,520 Bright Green Suite 660,West Jessica,CT,06728,,H-00218,P-00418,Meridian Care,76540CT3454281,ACA,CT,,MC-178794,01/01/26,,active,29898923,252.25,
C-00325,"Walker, Kristen",21116,(295) 555-0133,,520 Bright Green Suite 660,West Jessica,CT,06728,4UE5H69VV54,H-00218,P-00419,Meridian Care,H3591-030,MA,CT,AGE,MC-329412,09/01/2024,03/31/2026,Terminated,29898923,10.65,
C-90209,,,,,,,,,,,P-00420,Harborline,H2796-025,MA,CT,AGE,HL-297083,2026-04-01,,ACTIVE,29898923,32.78,
C-00326,"Kelly, Julie",35103,(963) 555-0114,julie.kelly326@example.com,428 Kelly Mountains Apt. 482,Destinybury,CT,06287,,H-00219,P-00421,Bluepeak,23947CT4475434,ACA,CT,,BP-599374,01/01/25,,active,29898923,187.46,
C-00327,"Kelly, Kurt",32722,(287) 555-0145,kurt.kelly327@example.com,428 Kelly Mountains Apt. 482,Destinybury,CT,06287,,H-00219,P-00422,Cardinal Mutual,49117CT8425356,ACA,CT,,CM-632599,01/01/2024,,Active,29898923,714.72,Met at the café seminar in the spring.
C-00328,"Evans, Brian",02/27/1937,(301) 555-0106,brian.evans328@example.com,4947 Thomas Way Apt. 738,Port Erinhaven,WA,98447,3YK8YU8RE03,H-00220,P-00423,Bluepeak,G,MEDSUPP,WA,AGE,BP-137421,2022-08-01,,ACTIVE,99847493,107.41,
C-00328,"Evans, Brian",02/27/1937,(301) 555-0106,brian.evans328@example.com,4947 Thomas Way Apt. 738,Port Erinhaven,WA,98447,3YK8YU8RE03,H-00220,P-00424,Bluepeak,S2489-003,PDP,WA,AGE,BP-388840,08/01/22,,active,99847493,21.55,
C-00329,"Cook, Valerie",01/22/1952,(304) 555-0128,valerie.cook329@example.com,35697 Leslie Stravenue,Port Christopher,UT,84650,6M29M30EG89,H-00221,P-00425,Meridian Care,H3591-006,MA,UT,AGE,MC-814544,07/01/2024,,Active,37231783,25.81,
C-00330,"Powell, Tammy",04/13/1947,(346) 555-0101,,007 Clark Trail Apt. 927,East Christinachester,MT,59558,2G10YP7XA73,H-00222,P-00426,Northwind Health,G,MEDSUPP,MT,AGE,NW-694822,2024-07-01,,ACTIVE,97102525,95.69,
C-00330,"Powell, Tammy",04/13/1947,(346) 555-0101,,007 Clark Trail Apt. 927,East Christinachester,MT,59558,2G10YP7XA73,H-00222,P-00427,Northwind Health,S6930-027,PDP,MT,AGE,NW-650784,07/01/24,,active,97102525,42.40,
C-00331,"Collins, Curtis",12/26/1948,(512) 555-0194,curtis.collins331@example.com,08350 Sherman Pines Apt. 003,Lake Natalie,MT,59112,6TA5M25VY71,H-00223,P-00428,Meridian Care,H3591-005,MA,MT,AGE,MC-997859,06/01/2023,,Active,97102525,33.61,
C-00332,"Hull, Richard",03/31/1947,(232) 555-0131,richard.hull332@example.com,10447 Hamilton Spur Apt. 575,East Stacy,CA,92363,7EK8T88GK55,H-00224,P-00429,Summit Health Plans,S8123-010,PDP,CA,AGE,SH-143096,2024-02-01,,ACTIVE,43339391,36.22,
C-00333,"Wise, Cindy",04/07/1935,(326) 555-0155,,23098 David Station,South Nancyview,UT,84578,8FT2VM9WG47,H-00225,P-00430,Northwind Health,H5040-010-001,MA,UT,AGE,NW-229431,07/01/23,,active,90O49389,48.58,
C-00334,"Wise, Brittney",10/28/1948,(252) 555-0132,brittney.wise334@example.com,23098 David Station,South Nancyview,UT,84578,5V18FD4FH69,H-00225,P-00431,Northwind Health,H9830-008-002,MA,UT,AGE,NW-767989,11/01/2026,,Pending,90949389,55.58,
C-00335,"Wise, Brandon",28560,(301) 555-0133,,23098 David Station,South Nancyview,UT,84578,,H-00225,P-00432,Summit Health Plans,93748UT5213281,ACA,UT,,SH-691299,2025-01-01,2025-12-31,TERMINATED,90949389,377.15,
C-00335,"Wise, Brandon",28560,(301) 555-0133,,23098 David Station,South Nancyview,UT,84578,,H-00225,P-00433,Cardinal Mutual,49117UT5410314,ACA,UT,,CM-816514,01/01/26,,active,90949389,332.42,
C-00336,"Harris, Gina",31643,(405) 555-0138,,001 Wallace Crossing,Thomasberg,CO,81370,,H-00226,P-00434,Cardinal Mutual,49117CO9157519,ACA,CO,,CM-494228,01/01/2025,10/24/2024,Terminated,29898923,390.34,
C-00336,"Harris, Gina",31643,(405) 555-0138,,001 Wallace Crossing,Thomasberg,CO,81370,,H-00226,P-00435,Summit Health Plans,93748CO1611322,ACA,CO,,SH-652150,2026-01-01,,ACTIVE,29898923,331.67,
C-00337,"Harris, Albert",10/02/1938,(405) 555-0138,albert.harris337@example.com,001 Wallace Crossing,Thomasberg,CO,81370,8RR7A98AR12,H-00226,P-00436,Harborline,S7304-005,PDP,CO,AGE,HL-156136,04/01/25,,active,29898923,53.06,
C-00338,"Strickland, Marie",09/04/1944,(674) 555-0197,marie.strickland338@example.com,184 Robert Cove Apt. 411,Gonzalezborough,PA,19200,2NY1MX7NC19,H-00227,P-00437,Meridian Care,H8433-005,MA,PA,AGE,MC-808502,09/01/2024,08/31/2025,Terminated,1884412,18.31,
C-00338,"Strickland, Marie",09/04/1944,(674) 555-0197,marie.strickland338@example.com,184 Robert Cove Apt. 411,Gonzalezborough,PA,19200,2NY1MX7NC19,H-00227,P-00438,Bluepeak,H4593-026,MA,PA,AGE,BP-753959,2025-09-01,,ACTIVE,1884412,39.72,
C-00338,"Strickland, Marie",09/04/1944,(674) 555-0197,marie.strickland338@example.com,184 Robert Cove Apt. 411,Gonzalezborough,PA,19200,2NY1MX7NC19,H-00227,P-00438,Bluepeak,H4593-026,MA,PA,AGE,BP-753959,09/01/25,,active,1884412,39.72,
C-00339,"Strickland, Teresa",08/01/1941,(674) 555-0197,teresa.strickland339@example.com,184 Robert Cove Apt. 411,Gonzalezborough,PA,19200,2UA8TQ0EM67,H-00227,P-00439,Bluepeak,H3266-027,MA,PA,AGE,BP-814416,11/01/2026,,Pending,1884412,50.19,
C-00340,"Conley, Elizabeth",35003,(350) 555-0181,elizabeth.conley340@example.com,642 Amy Fords Suite 530,Lake Christopherville,KY,40355,,H-00228,P-00440,Meridian Care,76540KY9171785,ACA,KY,,MC-599288,2027-01-01,,PENDING,43339391,412.60,
C-00341,"Li, Morgan",29298,(310) 555-0159,morgan.li341@example.com,81143 Hinton Hill,Stevenville,MI,48375,,H-00229,P-00441,Bluepeak,23947MI0469269,ACA,MI,,BP-579285,01/01/25,,active,13981052,521.48,
C-00342,"Watson, Matthew",02/16/1941,(511) 555-0104,,5611 Alec Dam Apt. 557,Natalieland,NE,68074,3T87KA2PV83,H-00230,P-00442,Meridian Care,H3591-006,MA,NE,AGE,MC-258757,11/01/2023,,Active,33857966,53.73,
C-00343,"Barber, Tina",08/28/1948,(861) 555-0161,tina.barber343@example.com,6746 Marsh Run,North David,IL,61491,8Y12X28VK25,H-00231,P-00443,Summit Health Plans,H5371-003,MA,IL,AGE,SH-130955,2025-02-01,,ACTIVE,44524491,3.68,
C-00344,"Barber, Megan",10/19/1944,(344) 555-0135,megan.barber344@example.com,6746 Marsh Run,North David,IL,61491,4E82Q46DC94,H-00231,P-00444,Northwind Health,H9830-020,MA,IL,AGE,NW-981516,08/01/22,,active,44524491,51.71,
C-00345,"Webb, Tony",23723,(661) 555-0148,tony.webb345@example.com,9797 Cheryl Tunnel,Cherylberg,NY,10589,,H-00232,P-00445,Cardinal Mutual,49117NY4799782,ACA,NY,,CM-310965,01/01/2025,,Active,97102525,445.56,
C-00346,"Webb, Paige",06/25/1935,(661) 555-0148,paige.webb346@example.com,9797 Cheryl Tunnel,Cherylberg,NY,10589,2HC2AP6XW15,H-00232,P-00446,Meridian Care,H3591-019,MA,NY,AGE,MC-625179,2022-12-01,,ACTIVE,97102525,38.80,
C-00347,"Olson, Elizabeth",21394,(506) 555-0112,elizabeth.olson347@example.com,14508 Tiffany Skyway Suite 889,South Dorothybury,MN,83456,4CY8NA3MK65,H-00233,P-00447,Bluepeak,H4593-028-003,MA,MN,AGE,BP-740939,12/01/23,,active,11576383,42.41,
C-00348,"Olson, Darlene",10/09/1942,(797) 555-0160,,14508 Tiffany Skyway Suite 889,South Dorothybury,MN,55356,5AC5RK3NC23,H-00233,P-00448,Meridian Care,H3591-008,MA,MN,AGE,MC-176453,12/01/2024,,Active,11576383,40.43,
C-00349,"Walton, Malik",01/29/1943,(478) 555-0192,malik.walton349@example.com,900 William Mountains,Boothland,IL,61109,1UV3PR7MJ00,H-00234,P-00449,Bluepeak,H3266-022,MA,IL,AGE,BP-873768,2022-02-01,,ACTIVE,37231783,56.00,
C-00350,"West, David",10/07/1944,(985) 555-0148,david.west350@example.com,0838 Powell Freeway Apt. 779,Millerfort,VT,05049,8E89PP3NR03,H-00235,P-00450,Summit Health Plans,H9797-026-003,MA,VT,AGE,SH-854793,03/01/23,04/30/24,terminated,10583482,1.22,
C-00350,"West, David",10/07/1944,(985) 555-0148,david.west350@example.com,0838 Powell Freeway Apt. 779,Millerfort,VT,05049,8E89PP3NR03,H-00235,P-00451,Bluepeak,H3266-006-001,MA,VT,AGE,BP-145843,05/01/2024,,Active,10583482,23.15,
C-00351,"West, Tyler",05/05/1953,(985) 555-0148,tyler.west351@example.com,0838 Powell Freeway Apt. 779,Millerfort,VT,05049,2DD4WH7PJ74,H-00235,P-00452,Summit Health Plans,H9797-017,MA,VT,AGE,SH-434347,2023-12-01,,ACTIVE,10583482,21.91,
C-00352,"Clark, Emily",21355,(734) 555-0129,emily.clark352@example.com,66088 Margaret Turnpike,Pamelaside,SD,57044,9HE5FC3TT10,H-00236,P-00453,Northwind Health,H9830-027-002,MA,SD,AGE,NW-162621,02/01/26,,active,90949389,6.92,
C-00353,"Clark, Stephanie",29607,(621) 555-0190,stephanie.clark353@example.com,66088 Margaret Turnpike,Pamelaside,SD,57044,,H-00236,P-00454,Northwind Health,76542SD3765620,ACA,SD,,NW-497753,01/01/2025,,Active,90949389,419.65,
C-00354,"Clark, Michael",04/28/1939,(621) 555-0190,michael.clark354@example.com,66088 Margaret Turnpike,Pamelaside,SD,57044,1Y45K59HA59,H-00236,P-00455,Cardinal Mutual,H8668-024,MA,SD,AGE,CM-401380,2024-04-01,,ACTIVE,90949389,55.53,
C-00355,"Smith, Michael",02/05/1948,(444) 555-0116,,75899 Moran Lakes,Wilsonbury,MO,65192,5KD3WM5XQ09,H-00237,P-00456,Harborline,H2796-004,MA,MO,AGE,HL-696053,06/01/23,,active,32244663,25.14,Prefers mail over phone.
C-00356,"Phelps, Jason",34425,(218) 555-0156,,851 Penny Park Apt. 614,East David,CO,81459,4RC9DK9WN17,H-00238,P-00457,Harborline,H2796-005-003,MA,CO,DISABILITY,HL-787842,12/01/2022,07/31/2024,Terminated,29898923,50.62,
C-00356,"Phelps, Jason",34425,(218) 555-0156,,851 Penny Park Apt. 614,East David,CO,81459,4RC9DK9WN17,H-00238,P-00458,Northwind Health,H5040-022-001,MA,CO,DISABILITY,NW-561697,2024-08-01,,ACTIVE,29898923,41.51,
C-00357,"Barrett, Stephanie",09/23/1952,(562) 555-0169,stephanie.barrett357@example.com,516 Sara Villages,Port Patriciamouth,DC,20591,4PE1VT1VD33,H-00239,P-00459,Summit Health Plans,H5371-003,MA,DC,AGE,SH-547191,09/01/23,,active,6831819,52.58,
C-00358,"Cross, David",02/03/1949,(502) 555-0179,david.cross358@example.com,0808 Roberson Orchard,Lake Beth,AL,36177,6CM2XA1YH58,H-00240,P-00460,Meridian Care,H8433-007,MA,AL,AGE,MC-971080,10/01/2025,,Cancelled,1884412,31.03,
C-00359,"Taylor, Carrie",33223,(865) 555-0110,carrie.taylor359@example.com,995 Barnes Rest Apt. 465,Shawnberg,TX,77397,,H-00241,P-00461,Meridian Care,76540TX7014220,ACA,TX,,MC-868654,2026-01-01,,ACTIVE,99847493,856.43,
C-00360,"Taylor, Olivia",21514,(865) 555-0110,olivia.taylor360@example.com,995 Barnes Rest Apt. 465,Shawnberg,TX,77397,8NK3XM3NJ53,H-00241,P-00462,Harborline,H3504-024,MA,TX,AGE,HL-479459,02/01/25,,active,99847493,33.58,
C-00361,"Hart, Brandi",33283,(436) 555-0172,,858 James Road Suite 522,Jenniferstad,LA,70683,,H-00242,P-00463,Bluepeak,23947LA9019698,ACA,LA,,BP-914165,01/01/2025,12/31/2025,Terminated,11576383,471.05,
C-00361,"Hart, Brandi",33283,(436) 555-0172,,858 James Road Suite 522,Jenniferstad,LA,70683,,H-00242,P-00464,Summit Health Plans,93748LA9810566,ACA,LA,,SH-734960,2026-01-01,,CANCELLED,11576383,331.06,
C-00362,"Martin, Justin",01/21/1942,(403) 555-0123,,846 Alexandra Burg Suite 200,West Karen,MI,49015,1GE6K48UE20,H-00243,P-00465,Northwind Health,H5040-017,MA,MI,AGE,NW-506967,04/01/24,,active,13981052,43.36,
C-00363,"House, Paul",20922,(545) 555-0175,paul.house363@example.com,04380 Cervantes Cove Apt. 863,Heatherton,MN,56389,2CD5T96TR47,H-00244,P-00466,Bluepeak,G,MEDSUPP,MN,AGE,BP-959943,01/01/2026,,Active,11576383,283.18,
C-00363,"House, Paul",20922,(545) 555-0175,paul.house363@example.com,04380 Cervantes Cove Apt. 863,Heatherton,MN,56389,2CD5T96TR47,H-00244,P-00467,Bluepeak,S2489-005,PDP,MN,AGE,BP-722385,2026-01-01,,ACTIVE,11576383,6.27,
C-00364,"Lee, Shane",24969,(300) 555-0129,shane.lee364@example.com,004 Christine Tunnel Suite 359,Port Jenny,SC,29641,,H-00245,P-00468,Northwind Health,76542SC946455,ACA,SC,,NW-650705,01/01/25,,active,11576383,828.53,
C-00365,"Leee, Tonya",05/08/1945,(650) 555-0122,tonya.lee365@example.com,004 Christine Tunnel Suite 359,Port Jenny,SC,29641,3FC3RV4XY51,H-00245,P-00469,Bluepeak,H3266-008-002,MA,SC,AGE,BP-402491,11/01/2023,07/31/2025,Terminated,11576383,13.87,
C-00365,"Leee, Tonya",05/08/1945,(650) 555-0122,tonya.lee365@example.com,004 Christine Tunnel Suite 359,Port Jenny,SC,29641,3FC3RV4XY51,H-00245,P-00470,Cardinal Mutual,R9669-022,MA,SC,AGE,CM-247852,2025-08-01,,ACTIVE,11576383,22.82,
C-00366,"Lee, Charles",01/14/1934,(229) 555-0176,,004 Christine Tunnel Suite 359,Port Jenny,SC,29641,9W53AU0PH49,H-00245,P-00471,Meridian Care,L,MEDSUPP,SC,AGE,MC-232307,04/01/24,,active,11576383,260.68,Client prefers materials en español.
C-00366,"Lee, Charles",01/14/1934,(229) 555-0176,,004 Christine Tunnel Suite 359,Port Jenny,SC,29641,9W53AU0PH49,H-00245,P-00472,Meridian Care,S3927-030,PDP,SC,AGE,MC-851043,04/01/2024,,Active,11576383,22.95,
C-00367,"Singleton, Adam",23253,(281) 555-0195,adam.singleton367@example.com,816 Roy Point,Davidshire,MO,64833,,H-00246,P-00473,Northwind Health,76542MO5488091,ACA,MO,,NW-631691,2026-01-01,,ACTIVE,32244663,355.42,
C-00368,"Singleton, Steven",10/23/1943,(924) 555-0188,steven.singleton368@example.com,816 Roy Point,Davidshire,MO,64833,1RE8NH8CA32,H-00246,P-00474,Cardinal Mutual,H8668-016,MA,MO,AGE,CM-608042,02/01/25,,active,32244663,12.40,Asked about dental add-ons at renewal.
C-00369,"Fox, Susan",06/14/1937,(404) 555-0181,susan.fox369@example.com,25909 Henry Ports,Charlesmouth,NE,68516,9IH2CR4YQ93,H-00247,P-00475,Harborline,S2040-029,PDP,NE,AGE,HL-981529,05/01/2025,,Active,54100814,54.16,
C-00370,"Fox, Abigail",23037,(404) 555-0181,abigail.fox370@example.com,25909 Henry Ports,Charlesmouth,NE,68516,,H-00247,P-00476,Harborline,91959NE9116962,ACA,NE,,HL-409767,2026-01-01,,ACTIVE,54100814,780.40,
C-00371,"Robinson, Karen",02/26/1939,(495) 555-0153,karen.robinson371@example.com,8861 Walker Forest,Markport,FL,34797,6EP6F47UY63,H-00248,P-00477,Harborline,H3504-002,MA,FL,AGE,HL-909289,02/01/22,,active,94702683,46.06,
C-00372,"Johnson, Zachary",21687,(601) 555-0156,zachary.johnson372@example.com,015 Allen Row Apt. 056,South Jonathanport,MO,64152,1MT6JX2WH19,H-00249,P-00478,Harborline,H2796-024,MA,MO,AGE,HL-941390,01/01/2026,,Active,29898923,1.72,
C-00373,"Johnson, Kaylee",36440,(601) 555-0156,kaylee.johnson373@example.com,015 Allen Row Apt. 056,South Jonathanport,MO,64152,,H-00249,P-00479,Summit Health Plans,93748MO1064762,ACA,MO,,SH-643842,2025-01-01,2025-12-31,TERMINATED,29898923,214.50,
C-00373,"Johnson, Kaylee",36440,(601) 555-0156,kaylee.johnson373@example.com,015 Allen Row Apt. 056,South Jonathanport,MO,64152,,H-00249,P-00480,Bluepeak,23947MO6074992,ACA,MO,,BP-308079,01/01/26,,active,29898923,851.85,
C-00374,"Medina, Jacqueline",05/27/1937,(237) 555-0102,jacqueline.medina374@example.com,0435 Stacy Expressway Apt. 133,Houstonborough,VT,05337,9EV6UC2MM03,H-00250,P-00481,Meridian Care,H3591-027-003,MA,VT,AGE,MC-787106,05/01/2025,,Active,10583482,30.95,
C-00375,"Underwood, Rhonda",29119,(279) 555-0109,,120 Love Camp Apt. 102,Angelashire,OH,45710,,H-00251,P-00482,Bluepeak,23947OH1603174,ACA,OH,,BP-303721,2026-01-01,,ACTIVE,1884412,662.65,
C-00376,"Reilly, Daniel",20959,(791) 555-0160,daniel.reilly376@example.com,7665 Perry Crest Apt. 919,Lake Melaniestad,MI,49365,7DJ6WK7MW83,H-00252,P-00483,Northwind Health,H9830-025,MA,MI,AGE,NW-849290,06/01/24,,active,13981052,44.77,
C-00377,"Robles, Melissa",08/07/1942,(541) 555-0118,,147 Foster Shore Apt. 728,East Julie,KY,41803,2EW2H77XJ12,H-00253,P-00484,Summit Health Plans,H9797-002,MA,KY,AGE,SH-364266,02/01/2024,,Active,32244663,40.42,
C-00378,"Torres, Kaitlin",03/07/1941,(475) 555-0188,kaitlin.torres378@example.com,245 Angela Point Apt. 100,Medinaland,PA,17119,9UW7N03NT78,H-00254,P-00485,Meridian Care,G,MEDSUPP,PA,AGE,MC-546380,2024-12-01,,ACTIVE,13981052,124.42,
C-00378,"Torres, Kaitlin",03/07/1941,(475) 555-0188,kaitlin.torres378@example.com,245 Angela Point Apt. 100,Medinaland,PA,17119,9UW7N03NT78,H-00254,P-00486,Meridian Care,S3927-005,PDP,PA,AGE,MC-269966,12/01/24,,active,13981052,7.23,
C-00379,"Murray, Andrea",31366,(699) 555-0117,andrea.murray379@example.com,68222 Christina Glen Apt. 129,Port Karenside,DE,19725,9RQ0ME6MK85,H-00255,P-00487,Summit Health Plans,H9797-026-003,MA,DE,DISABILITY,SH-849181,04/01/2025,,Active,54100814,50.29,Call after 2pm.
C-00380,"Stewart, Shannon",30887,(674) 555-0126,shannon.stewart380@example.com,141 Jessica Oval Suite 523,West Christineborough,UT,84460,,H-00256,P-00488,Cardinal Mutual,49117UT0164772,ACA,UT,,CM-536525,2025-01-01,2025-12-31,TERMINATED,90949389,566.40,
C-00380,"Stewart, Shannon",30887,(674) 555-0126,shannon.stewart380@example.com,141 Jessica Oval Suite 523,West Christineborough,UT,84460,,H-00256,P-00489,Bluepeak,23947UT2522438,ACA,UT,,BP-170304,01/01/26,,active,90949389,766.68,
C-00381,"Stewart, Christina",08/14/1938,(674) 555-0126,christina.stewart381@example.com,141 Jessica Oval Suite 523,West Christineborough,UT,84460,1YT9GD5WJ50,H-00256,P-00490,Harborline,H3504-019,MA,UT,AGE,HL-420602,01/01/2023,,Active,90949389,59.74,
C-00382,"Graham, Mary",20677,(487) 555-0122,mary.graham382@example.com,929 Aguirre Meadow Apt. 053,Lake Jodi,UT,84471,2F58X06NX99,H-00257,P-00491,Meridian Care,R5315-007,MA,UT,AGE,MC-102800,2023-06-01,,ACTIVE,37231783,13.77,
C-00383,"Graham, Dennis",36486,(755) 555-0182,dennis.graham383@example.com,929 Aguirre Meadow Apt. 053,Lake Jodi,UT,84471,,H-00257,P-00492,Harborline,91959UT1305056,ACA,UT,,HL-243628,01/01/24,,active,37231783,218.40,
C-00384,"Sims, Jessica",03/14/1943,(535) 555-0138,jessica.sims384@example.com,7754 Arnold Extensions Apt. 428,West Jessica,MO,65460,8PM8NV1YH24,H-00258,P-00493,Bluepeak,H3266-023,MA,MO,AGE,BP-818660,10/01/2025,,Active,32244663,20.52,
C-00385,"Sms, Patricia",11/02/1944,(535) 555-0138,patricia.sims385@example.com,7754 Arnold Extensions Apt. 428,West Jessica,MO,65460,6T45RH9WH65,H-00258,P-00494,Meridian Care,H3591-001-002,MA,MO,AGE,MC-425468,2022-12-01,2026-04-30,TERMINATED,32244663,48.02,
C-00385,"Sms, Patricia",11/02/1944,(535) 555-0138,patricia.sims385@example.com,7754 Arnold Extensions Apt. 428,West Jessica,MO,65460,6T45RH9WH65,H-00258,P-00495,Harborline,H3504-017,MA,MO,AGE,HL-736249,05/01/26,,active,32244663,1.06,
C-00386,"Kennedy, Kimberly",11/16/1951,(608) 555-0105,kimberly.kennedy386@example.com,969 Rebecca Plaza,Amyside,WA,99161,1UY7UG7WE05,H-00259,P-00496,Summit Health Plans,H9797-028,MA,WA,AGE,SH-186847,02/01/2022,,Active,99847493,10.78,
C-00387,"Kennedy, Michael",11/09/1945,(522) 555-0112,,969 Rebecca Plaza,Amyside,WA,99161,5H09AN5GX58,H-00259,P-00497,Meridian Care,H3591-003,MA,WA,AGE,MC-965125,2022-01-01,,ACTIVE,99847493,15.80,
C-00388,"Todd, Donald",03/06/1944,(655) 555-0105,donald.todd388@example.com,427 Randy Parkway,Lake Johnburgh,OH,43222,1MK8PE5TX19,H-00260,P-00498,Northwind Health,H5040-024,MA,OH,AGE,NW-294677,06/01/24,,active,1884412,7.07,
C-00389,"Todd, Erik",24792,(986) 555-0121,erik.todd389@example.com,427 Randy Parkway,Lake Johnburgh,OH,43222,,H-00260,P-00499,Bluepeak,23947OH6283563,ACA,OH,,BP-185222,01/01/2025,12/31/2025,Terminated,1884412,753.38,
C-00389,"Todd, Erik",24792,(986) 555-0121,erik.todd389@example.com,427 Randy Parkway,Lake Johnburgh,OH,43222,,H-00260,P-00500,Harborline,91959OH5163730,ACA,OH,,HL-883714,2026-01-01,,ACTIVE,1884412,400.46,
C-00390,"Barnett, April",32346,(494) 555-0122,april.barnett390@example.com,750 Kathleen Fort,West Miketon,KS,67390,,H-00261,P-00501,Bluepeak,23947KS4576814,ACA,KS,,BP-285715,01/01/25,12/31/25,terminated,13981052,411.12,
C-00390,"Barnett, April",32346,(494) 555-0122,april.barnett390@example.com,750 Kathleen Fort,West Miketon,KS,67390,,H-00261,P-00502,Cardinal Mutual,49117KS4351239,ACA,KS,,CM-377395,01/01/2026,,Active,13981052,726.19,
C-00391,"Barnett, Lacey",11/07/1948,(494) 555-0122,,750 Kathleen Fort,West Miketon,KS,67390,3C69QF8XH65,H-00261,P-00503,Meridian Care,H8433-003-003,MA,KS,AGE,MC-910978,2025-06-01,,ACTIVE,13981052,42.04,
C-95048,,,,,,,,,,,P-00504,Harborline,H2796-006,MA,CO,AGE,HL-421153,07/01/24,,active,29898923,29.32,
C-00393,"Eaton, Adam",10/12/1939,(650) 555-0178,adam.eaton393@example.com,463 Gomez Ways,Tommyfort,KY,42502,4K35YN7QM03,H-00263,P-00505,Cardinal Mutual,H8668-019,MA,LA,AGE,CM-271993,09/01/2024,09/30/2025,Terminated,32244663,2.33,
C-00393,"Eaton, Adam",10/12/1939,(650) 555-0178,adam.eaton393@example.com,463 Gomez Ways,Tommyfort,KY,42502,4K35YN7QM03,H-00263,P-00506,Meridian Care,H3591-019,MA,KY,AGE,MC-236200,2025-10-01,,ACTIVE,32244663,11.43,
C-00394,"Eaton, Nicole",21301,(345) 555-0144,nicole.eaton394@example.com,463 Gomez Ways,Tommyfort,KY,42502,3TA2H82MM12,H-00263,P-00507,Bluepeak,H4593-022-001,MA,KY,AGE,BP-986747,08/01/24,,active,32244663,45.49,
C-00395,"Clark, Evan",02/02/1954,(675) 555-0190,evan.clark395@example.com,31843 Jacob Lake Apt. 365,South Emmafort,KY,40544,2QF5FQ5MR96,H-00264,P-00508,Northwind Health,H5040-008,MA,KY,AGE,NW-286814,11/01/2024,,Active,4356886,49.85,
C-00396,"Clark, Martha",10/01/1934,(970) 555-0150,,31843 Jacob Lake Apt. 365,South Emmafort,KY,40544,4BU3CH4RD56,H-00264,P-00509,Bluepeak,S1771-010,PDP,KY,AGE,BP-808074,2025-06-01,,ACTIVE,4356886,68.37,
C-00397,"Nielsen, Zachary",08/08/1934,(368) 555-0150,zachary.nielsen397@example.com,02992 Crystal Canyon,North Gabriel,WA,98622,2Q50GN2XV67,H-00265,P-00510,Cardinal Mutual,K,MEDSUPP,WA,AGE,CM-908829,01/01/22,,active,99847493,228.43,
C-00397,"Nielsen, Zachary",08/08/1934,(368) 555-0150,zachary.nielsen397@example.com,02992 Crystal Canyon,North Gabriel,WA,98622,2Q50GN2XV67,H-00265,P-00511,Cardinal Mutual,S2876-024-002,PDP,WA,AGE,CM-732958,01/01/2022,,Active,99847493,23.99,
C-00398,"Hoover, Hunter",08/05/1949,(635) 555-0168,hunter.hoover398@example.com,904 Jay Rest Suite 723,Burkeshire,TX,79860,2FA5XK3VY76,H-00266,P-00512,Cardinal Mutual,N,MEDSUPP,TX,AGE,CM-227455,2022-04-01,,ACTIVE,90949389,103.05,
C-00398,"Hoover, Hunter",08/05/1949,(635) 555-0168,hunter.hoover398@example.com,904 Jay Rest Suite 723,Burkeshire,TX,79860,2FA5XK3VY76,H-00266,P-00513,Cardinal Mutual,S2876-012,PDP,TX,AGE,CM-728441,04/01/22,,active,90949389,13.20,
C-00399,"Thompson, Rachel",05/18/1941,(504) 555-0198,rachel.thompson399@example.com,57991 Nicholas Curve Apt. 038,Serranoville,CT,06586,1TN4CY1PC86,H-00267,P-00514,Northwind Health,H5040-021-003,MA,CT,AGE,NW-552041,04/01/2023,08/31/2024,??,29898923,40.42,
C-00399,"Thompson, Rachel",05/18/1941,(504) 555-0198,rachel.thompson399@example.com,57991 Nicholas Curve Apt. 038,Serranoville,CT,06586,1TN4CY1PC86,H-00267,P-00515,Cardinal Mutual,H7252-030,MA,CT,AGE,CM-696711,2024-09-01,,ACTIVE,29898923,42.88,Prefers mail over phone.
C-00400,"Thompson, Carol",21749,(942) 555-0181,,57991 Nicholas Curve Apt. 038,Serranoville,CT,06586,2QV1N94RQ02,H-00267,P-00516,Meridian Care,H8433-004,MA,CT,AGE,MC-698626,04/01/25,,active,29898923,15.69,
C-00401,"Mays, Timothy",29932,(450) 555-0188,timothy.mays401@example.com,72980 Boyd Land,Lake Alyssabury,PA,18269,,H-00268,P-00517,Harborline,91959PA3115755,ACA,AR,,HL-625927,01/01/2025,,Active,13981052,512.87,
C-00402,"Fletcher, Kristine",25506,(492) 555-0134,kristine.fletcher402@example.com,9916 Jonathan Trafficway Apt. 149,Scotttown,UT,84286,6EJ3A25JD94,H-00269,P-00518,Cardinal Mutual,R5119-018,MA,UT,ESRD,CM-598705,2025-11-01,,ACTIVE,37231783,31.87,
C-00403,"King, Melissa",01/19/1937,(555) 555-0156,melissa.king403@example.com,063 Ortiz Coves,South Denise,IN,47040,7KQ0XD7WP13,H-00270,P-00519,Summit Health Plans,F,MEDSUPP,IN,AGE,SH-405998,12/01/25,,active,4356886,189.62,
C-00403,"King, Melissa",01/19/1937,(555) 555-0156,melissa.king403@example.com,063 Ortiz Coves,South Denise,IN,47040,7KQ0XD7WP13,H-00270,P-00520,Summit Health Plans,S8123-022,PDP,IN,AGE,SH-131000,12/01/2025,,Active,4356886,81.57,
C-00404,"Lane, Kim",09/20/1934,(491) 555-0171,kim.lane404@example.com,594 Fischer Loop Suite 258,Kingport,OH,44945,4Q98FQ9EE63,H-00271,P-00521,Summit Health Plans,H5371-018-001,MA,OH,AGE,SH-469124,2023-02-01,2024-04-30,TERMINATED,37231783,33.46,
C-00404,"Lane, Kim",09/20/1934,(491) 555-0171,kim.lane404@example.com,594 Fischer Loop Suite 258,Kingport,OH,44945,4Q98FQ9EE63,H-00271,P-00522,Bluepeak,H3266-011,MA,OH,AGE,BP-760891,05/01/24,,active,37231783,29.75,
C-00405,"Martin, Tamara",03/09/1953,(852) 555-0140,tamara.martin405@example.com,213 Logan Estates Apt. 386,Laurenton,KY,42197,8G92QM0WN72,H-00272,P-00523,Northwind Health,H9830-014,MA,KY,AGE,NW-298049,08/01/2025,,Active,43339391,33.61,
C-00406,"Martin, Adam",24267,(852) 555-0140,adam.martin406@example.com,213 Logan Estates Apt. 386,Laurenton,KY,42197,,H-00272,P-00524,Northwind Health,76542KY9572822,ACA,KY,,NW-123942,2025-01-01,2025-12-31,TERMINATED,43339391,685.78,
C-00406,"Martin, Adam",24267,(852) 555-0140,adam.martin406@example.com,213 Logan Estates Apt. 386,Laurenton,KY,42197,,H-00272,P-00525,Cardinal Mutual,49117KY4193310,ACA,KY,,CM-696960,01/01/26,,active,43339391,368.18,
C-00407,"Mendez, Abigail",03/16/1940,(961) 555-0176,,79611 Walker Common,Lake Patrickfurt,CA,92402,3TP3GU3NF41,H-00273,P-00526,Bluepeak,B,MEDSUPP,CA,AGE,BP-581498,02/01/2022,,Cancelled,43339391,241.11,
C-00407,"Mendez, Abigail",03/16/1940,(961) 555-0176,,79611 Walker Common,Lake Patrickfurt,CA,92402,3TP3GU3NF41,H-00273,P-00527,Bluepeak,S1771-008-003,PDP,CA,AGE,BP-583819,2022-02-01,,ACTIVE,43339391,33.97,
C-00408,"Johnson, John",21456,(899) 555-0186,john.johnson408@example.com,77038 Lee Tunnel,New Gavin,AR,72877,9U76D56KW19,H-00274,P-00528,Cardinal Mutual,H7252-010,MA,AR,AGE,CM-968543,11/01/23,,active,44524491,32.63,
C-00409,"Dunn, Jessica",20595,(794) 555-0196,jessica.dunn409@example.com,14656 Willis Path,Lake Janeland,SC,29880,3PR5F93UH41,H-00275,P-00529,Meridian Care,S3927-029,PDP,SC,AGE,MC-889056,10/01/2023,,Cancelled,11576383,85.53,
C-00410,"Morgan, Daryl",32492,(656) 555-0142,daryl.morgan410@example.com,4393 Spears Ports Apt. 426,New Charlesport,CT,06488,,H-00276,P-00530,Bluepeak,23947CT8754003,ACA,CT,,BP-127200,2024-01-01,,ACTIVE,29898923,528.05,Prefers mail over phone.
C-00411,"Morgan, William",05/05/1938,(656) 555-0142,william.morgan411@example.com,4393 Spears Ports Apt. 426,New Charlesport,CT,06488,5U27MF2FY46,H-00276,P-00531,Meridian Care,H8433-005-001,MA,CT,AGE,MC-112652,05/01/23,,active,29898923,47.86,
C-00412,"Reyes, Kristina",24856,(375) 555-0144,kristina.reyes412@example.com,947 Hart Trail Apt. 577,South Darrenland,SC,29779,,H-00277,P-00532,Meridian Care,76540SC2837377,ACA,SC,,MC-605468,01/01/2025,,Active,11576383,838.43,
C-00413,"Ross, Kaitlyn",06/09/1954,(267) 555-0143,kaitlyn.ross413@example.com,356 Black Branch,Johnland,MN,55085,2HP7TX0VJ35,H-00278,P-00533,Northwind Health,K,MEDSUPP,MN,AGE,NW-203641,2025-07-01,,ACTIVE,61855700,295.25,
C-00413,"Ross, Kaitlyn",06/09/1954,(267) 555-0143,kaitlyn.ross413@example.com,356 Black Branch,Johnland,MN,55085,2HP7TX0VJ35,H-00278,P-00534,Northwind Health,S7543-009,PDP,MN,AGE,NW-936677,07/01/25,,active,61855700,18.01,
C-00414,"Baker, Jermaine",06/07/1953,(668) 555-0122,jermaine.baker414@example.com,82755 Patricia Grove Apt. 373,Lake John,KY,40732,5WK1H31FV40,H-00279,P-00535,Bluepeak,H3266-015,MA,KY,AGE,BP-663015,02/01/2023,,Active,32244663,8.05,
C-00415,"Baker, Mary",01/30/1954,(958) 555-0123,mary.baker415@example.com,82755 Patricia Grove Apt. 373,Lake John,KY,40732,4EW9HY7MX09,H-00279,P-00536,Northwind Health,H5040-019,MA,KY,AGE,NW-744259,2024-04-01,,ACTIVE,32244663,52.01,Prefers mail over phone.
C-00416,"Melton, Travis",01/11/1945,(478) 555-0163,travis.melton416@example.com,11179 Kathryn Plains Apt. 759,Travisshire,IN,47376,5WJ5K18VM71,H-00280,P-00537,Bluepeak,H3266-016-003,MA,IN,AGE,BP-287480,01/01/26,,active,4356886,13.36,
C-00417,"Melton, Tracey",20868,(478) 555-0163,tracey.melton417@example.com,11179 Kathryn Plains Apt. 759,Travisshire,IN,47376,3H41JH4VM58,H-00280,P-00538,Northwind Health,H5040-019,MA,IN,AGE,NW-262107,09/01/2024,,Active,4356886,55.04,
C-00418,"Wolfe, Steve",23205,(362) 555-0178,steve.wolfe418@example.com,3920 Mendoza Plains Apt. 856,South Tiffany,MT,59621,,H-00281,P-00539,Cardinal Mutual,49117MT9986296,ACA,MT,,CM-917632,2025-01-01,2025-12-31,TERMINATED,97102525,696.45,
C-00418,"Wolfe, Steve",23205,(362) 555-0178,steve.wolfe418@example.com,3920 Mendoza Plains Apt. 856,South Tiffany,MT,59621,,H-00281,P-00540,Harborline,91959MT3837345,ACA,MT,,HL-594908,01/01/26,,active,97102525,494.52,
C-00419,"Wolfe, Hannah",04/03/1937,(523) 555-0157,hannah.wolfe419@example.com,3920 Mendoza Plains Apt. 856,South Tiffany,MT,59621,7RA6CR5FT40,H-00281,P-00541,Meridian Care,H8433-010-003,MA,MT,AGE,MC-124829,05/01/2026,,Active,97102525,30.59,
C-00420,"Young, Thomas",02/19/1944,(310) 555-0109,thomas.young420@example.com,369 Mark Ridge,Jacobview,WV,25771,6U39UC6UJ49,H-00282,P-00542,Cardinal Mutual,S2876-009-001,PDP,WV,AGE,CM-559406,2025-02-01,,ACTIVE,7150444,65.53,
C-00421,"Young, Christie",08/25/1937,(774) 555-0194,christie.young421@example.com,369 Mark Ridge,Jacobview,WV,25771,7F72XM9HW17,H-00282,P-00543,Harborline,R7916-018,MA,WV,AGE,HL-957011,04/01/23,,active,7150444,43.50,
C-00422,"Nelson, Joe",04/24/1937,(570) 555-0198,joe.nelson422@example.com,76365 Dickerson Harbors Suite 292,Port Cory,ID,83398,4GN7JT5NH44,H-00283,P-00544,Meridian Care,H8433-014-003,MA,ID,AGE,MC-945220,03/01/2025,,Active,77125617,32.46,
C-00423,"Nelson, Ryan",21562,(989) 555-0108,ryan.nelson423@example.com,76365 Dickerson Harbors Suite 292,Port Cory,ID,83398,1V75WU4XN11,H-00283,P-00545,Northwind Health,H5040-026,MA,ID,AGE,NW-987409,2025-08-01,,ACTIVE,77125617,42.06,
C-00424,"Brown, Lisa",02/23/1939,(677) 555-0157,,22702 Porter Vista Suite 744,South Coreyburgh,NE,69083,3ND2XN7VR06,H-00284,P-00546,Harborline,G,MEDSUPP,NE,AGE,HL-968454,01/01/25,,active,33857966,294.37,
C-00424,"Brown, Lisa",02/23/1939,(677) 555-0157,,22702 Porter Vista Suite 744,South Coreyburgh,NE,69083,3ND2XN7VR06,H-00284,P-00547,Harborline,S2040008,PDP,NE,AGE,HL-547898,01/01/2025,,Active,33857966,57.81,
C-00425,"Ray, Debra",25296,(933) 555-0173,debra.ray425@example.com,175 Ward Points Suite 506,West Michelleborough,CO,81068,,H-00285,P-00548,Bluepeak,23947CO5175463,ACA,CO,,BP-205797,2024-01-01,,ACTIVE,29898923,388.00,
C-00426,"Oneill, Danielle",06/06/1948,(407) 555-0138,danielle.oneill426@example.com,5587 Preston Light,Stevenberg,GA,30469,5J93PA2TE60,H-00286,P-00549,Meridian Care,H8433-015,MA,GA,AGE,MC-308286,05/01/24,03/31/26,terminated,10583482,32.70,
C-00426,"Oneill, Danielle",06/06/1948,(407) 555-0138,danielle.oneill426@example.com,5587 Preston Light,Stevenberg,GA,30469,5J93PA2TE60,H-00286,P-00550,Bluepeak,H4593-003,MA,GA,AGE,BP-631316,04/01/2026,,Active,10583482,14.34,
C-00427,"Norman, Sheila",11/26/1934,(415) 555-0115,,9961 Fernando Forks Suite 544,Nelsonmouth,DE,19796,7HH1VP7KV17,H-00287,P-00551,Cardinal Mutual,H7252-012,MA,DE,AGE,CM-425039,2022-02-01,2023-01-31,TERMINATED,54100814,29.52,
C-00427,"Norman, Sheila",11/26/1934,(415) 555-0115,,9961 Fernando Forks Suite 544,Nelsonmouth,DE,19796,7HH1VP7KV17,H-00287,P-00552,Northwind Health,H9830-008,MA,DE,AGE,NW-188553,02/01/23,,active,54100814,57.44,
C-00428,"Keley, Anthony",33057,(863) 555-0141,anthony.kelley428@example.com,2202 Ebony Summit Apt. 326,North Calebfort,GA,30893,,H-00288,P-00553,Bluepeak,23947GA7882149,ACA,GA,,BP-164153,01/01/2024,,Active,61855700,201.10,
C-00429,"Rose, George",01/09/1953,(960) 555-0185,george.rose429@example.com,114 Christopher Loaf Suite 334,Simsberg,KY,41179,2GA7HM6PK95,H-00289,P-00554,Harborline,H2796-024,MA,KY,AGE,HL-527456,2022-02-01,2023-02-28,TERMINATED,61291817,11.82,
C-00429,"Rose, George",01/09/1953,(960) 555-0185,george.rose429@example.com,114 Christopher Loaf Suite 334,Simsberg,KY,41179,2GA7HM6PK95,H-00289,P-00555,Northwind Health,H5040-006,MA,KY,AGE,NW-115664,03/01/23,,cancelled,61291817,8.20,
C-00430,"Rose, Austin",36586,(316) 555-0160,austin.rose430@example.com,114 Christopher Loaf Suite 334,Simsberg,KY,41179,,H-00289,P-00556,Summit Health Plans,93748KY7388951,ACA,KY,,SH-998541,01/01/2025,,Active,61291817,326.16,
C-00431,"Collins, Michael",11/21/1948,(299) 555-0161,michael.collins431@example.com,7784 Taylor Square Apt. 997,Millsside,AR,72060,4FJ8F52JD16,H-00290,P-00557,Summit Health Plans,H9797-024-002,MA,AR,AGE,SH-415734,2023-07-01,,ACTIVE,44524491,54.01,
C-00432,"Nichols, Gwendolyn",09/14/1942,(595) 555-0180,gwendolyn.nichols432@example.com,74564 Kevin Alley,West Justin,SD,57497,4GA2C63GQ50,H-00291,P-00558,Cardinal Mutual,H7252-021,MA,SD,AGE,CM-525362,01/01/25,,active,77125617,47.28,
C-00433,"Espinoza, Debbie",04/12/1944,(651) 555-0115,,4064 Laura Plaza Suite 368,Fosterburgh,WI,54069,5N57WT1NV41,H-00292,P-00559,Harborline,H2796-004,MA,WI,AGE,HL-579653,03/01/2026,,Active,61291817,18.60,
C-00434,"Espinoza, Maria",05/03/1936,(651) 555-0115,maria.espinoza434@example.com,4064 Laura Plaza Suite 368,Fosterburgh,WI,54069,8RW1VG6VH23,H-00292,P-00560,Meridian Care,H3591-019,MA,WI,AGE,MC-650549,2022-02-01,2024-01-31,XFER,61291817,43.46,
C-00434,"Espinoza, Maria",05/03/1936,(651) 555-0115,maria.espinoza434@example.com,4064 Laura Plaza Suite 368,Fosterburgh,WI,54069,8RW1VG6VH23,H-00292,P-00561,Northwind Health,H5040-023,MA,WI,AGE,NW-274853,02/01/24,,active,61291817,43.48,
C-00435,"White, Keith",07/16/1936,(851) 555-0181,,1638 Mitchell Summit,Robertland,IL,62221,7HK0QM6VR77,H-00293,P-00562,Bluepeak,H3266-007-002,MA,IL,AGE,BP-722838,09/01/2023,,Active,97102525,50.22,Met at the café seminar in the spring.
C-00436,"Martinez, Samuel",03/15/1953,(862) 555-0153,samuel.martinez436@example.com,749 Lopez Brook Apt. 080,North Julian,WA,98218,4J65DJ4FQ19,H-00294,P-00563,Bluepeak,H3266-025,MA,WA,AGE,BP-111292,2025-08-01,,ACTIVE,99847493,26.82,
C-00437,"Martinez, Alan",26521,(813) 555-0160,alan.martinez437@example.com,749 Lopez Brook Apt. 080,North Julian,WA,98218,,H-00294,P-00564,Harborline,91959WA2094878,ACA,WA,,HL-878999,01/01/25,,active,99847493,859.43,
C-00438,"Rivera, Megan",21629,(462) 555-0114,megan.rivera438@example.com,07356 Floyd Parks,Steventon,KY,40296,7XG7MJ8ED99,H-00295,P-00565,Bluepeak,H3266-014,MA,KY,AGE,BP-769054,03/01/2025,,Active,32244663,4.64,
C-00439,"Martinez, Kayla",10/25/1944,(566) 555-0110,kayla.martinez439@example.com,46187 James Ville,Lisatown,MO,65635,8JX7JX6KE78,H-00296,P-00566,Cardinal Mutual,R5119-002,MA,MO,AGE,CM-213034,2025-03-01,2026-04-30,N/A,29898923,49.28,
C-00439,"Martinez, Kayla",10/25/1944,(566) 555-0110,kayla.martinez439@example.com,46187 James Ville,Lisatown,MO,65635,8JX7JX6KE78,H-00296,P-00567,Meridian Care,H3591-025,MA,MO,AGE,MC-478222,05/01/26,,active,29898923,19.54,
C-00440,"Ali, Sharon",02/18/1935,(788) 555-0166,sharon.ali440@example.com,7303 Moss Court,South Paul,KY,42053,7R10HX2AN14,H-00297,P-00568,Northwind Health,H9830-012,MA,KY,AGE,NW-460762,03/01/2024,,Active,43339391,55.95,Client prefers materials en español.
C-00441,"Boyer, Jeff",07/11/1936,(533) 555-0158,jeff.boyer441@example.com,088 Jon Route,Jameston,KY,41406,9N36P42UD55,H-00298,P-00569,Summit Health Plans,H5371-004,MA,KY,AGE,SH-194825,2025-04-01,,ACTIVE,94702683,59.14,
C-00442,"Barker, Eric",04/05/1945,(975) 555-0148,eric.barker442@example.com,65024 Randy Gardens,North Biancafort,NY,13923,6GG5AE3XM88,H-00299,P-00570,Summit Health Plans,H9797-007-003,MA,NY,AGE,SH-194940,07/01/23,,active,6831819,7.64,
C-00443,"Rodriguez, Tony",20532,(350) 555-0191,,27195 Brian Rue,Lake Amanda,ID,83833,5YX1NJ7CJ82,H-00300,P-00571,Harborline,H2796-008,MA,ID,AGE,HL-561746,07/01/2025,,Active,43339391,18.50,
C-00444,"Rodriguez, Levi",05/30/1949,(827) 555-0161,,27195 Brian Rue,Lake Amanda,ID,83833,7WW9HR2VX69,H-00300,P-00572,Meridian Care,H8433-014,MA,ID,AGE,MC-482221,2024-01-01,2025-08-31,TERMINATED,43339391,30.32,
C-00444,"Rodriguez, Levi",05/30/1949,(827) 555-0161,,27195 Brian Rue,Lake Amanda,ID,83833,7WW9HR2VX69,H-00300,P-00573,Bluepeak,H4593-023,MA,ID,AGE,BP-437287,09/01/25,,active,43339391,11.01,
C-00445,"Stephens, Mario",11/26/1933,(926) 555-0160,mario.stephens445@example.com,3065 John Canyon Suite 784,Lopezburgh,NY,10564,9JT4X60TY77,H-00301,P-00574,Cardinal Mutual,H7252-001,MA,NY,AGE,CM-570253,02/01/2025,,Active,10583482,45.87,
C-00446,"Stephens, Taylor",10/05/1944,(926) 555-0160,taylor.stephens446@example.com,3065 John Canyon Suite 784,Lopezburgh,NY,10564,2KX4A29UR26,H-00301,P-00575,Meridian Care,H8433-011,MA,NY,AGE,MC-697538,2023-02-01,,ACTIVE,10583482,19.05,
C-00447,"Harvey, Michael",38314,(898) 555-0175,michael.harvey447@example.com,82744 Gibson Trail,Grosstown,IL,62569,,H-00302,P-00576,Northwind Health,76542IL1191407,ACA,IL,,NW-655506,01/01/26,,active,7150444,233.39,
C-00448,"Rodriguez, Alexandra",07/01/1934,(455) 555-0176,,1863 Cannon Drives,Marcusmouth,FL,34624,2ND1QX6RQ72,H-00303,P-00577,Bluepeak,H4593-023,MA,FL,AGE,BP-364255,10/01/2023,,Active,54100814,35.25,
C-00449,"Hanson, Brittany",11/11/1937,(406) 555-0129,brittany.hanson449@example.com,22031 Lee Bypass,Barretthaven,NC,27851,2VK0YC8CP12,H-00304,P-00578,Northwind Health,H9830-001,MA,NC,AGE,NW-690730,2022-01-01,2025-09-30,TERMINATED,74197857,46.53,
C-00449,"Hanson, Brittany",11/11/1937,(406) 555-0129,brittany.hanson449@example.com,22031 Lee Bypass,Barretthaven,NC,27851,2VK0YC8CP12,H-00304,P-00579,Cardinal Mutual,H7252-021,MA,NC,AGE,CM-622401,10/01/25,,active,74197857,50.86,
C-00450,"Ward, Julia",10/05/1945,(382) 555-0164,julia.ward450@example.com,3910 Diana Village,South Laurieton,NY,12112,8AY0W81MM15,H-00305,P-00580,Bluepeak,R9348-016,MA,NY,AGE,BP-732819,08/01/2025,,Active,10583482,15.82,
C-00451,"Cruz, Jim",35727,(762) 555-0149,james.cruz451@example.com,0948 Jessica Village Suite 138,North Jessicaside,TX,77884,,H-00306,P-00581,Bluepeak,23947TX4017327,ACA,TX,,BP-297488,2025-01-01,,ACTIVE,37231783,793.25,
C-00452,"Cruz, Diane",10/29/1944,(806) 555-0112,,0948 Jessica Village Suite 138,North Jessicaside,TX,77884,2N98XX8VQ83,H-00306,P-00582,Harborline,S7304-021-001,PDP,TX,AGE,HL-523874,07/01/23,,active,37231783,74.84,
C-00453,"Sparks, Andrea",11/23/1944,(704) 555-0113,andrea.sparks453@example.com,861 Craig Squares,Andradeburgh,CA,93303,5CV0HD4XX82,H-00307,P-00583,Harborline,G,MEDSUPP,CA,AGE,HL-129321,06/01/2025,,Active,78490893,265.07,
C-00453,"Sparks, Andrea",11/23/1944,(704) 555-0113,andrea.sparks453@example.com,861 Craig Squares,Andradeburgh,CA,93303,5CV0HD4XX82,H-00307,P-00584,Harborline,S7304-007-002,PDP,CA,AGE,HL-663886,2025-06-01,,ACTIVE,78490893,62.63,
C-00454,"Sparks, William",01/14/1947,(704) 555-0113,william.sparks454@example.com,861 Craig Squares,Andradeburgh,CA,93303,6C93ET2JN13,H-00307,P-00585,Bluepeak,R9348-002,MA,CA,AGE,BP-316037,08/01/24,,active,78490893,31.25,
C-00455,"Sparks, Diane",10/29/1952,(539) 555-0122,,861 Craig Squares,Andradeburgh,CA,93303,,H-00307,P-00586,Cardinal Mutual,R5119-007,MA,CA,AGE,CM-872416,11/01/2026,,??,78490893,53.52,
C-00456,"Howe, Jonathan",01/26/1936,(587) 555-0135,jonathan.howe456@example.com,5855 Duran Meadows Suite 939,South Katie,CO,81352,7C27F13DE12,H-00308,P-00587,Cardinal Mutual,H7252-024-002,MA,CO,AGE,CM-813981,2026-03-01,,ACTIVE,7150444,21.01,
C-00457,"Ellison, William",06/20/1934,(769) 555-0163,william.ellison457@example.com,6004 Zachary Hollow Apt. 433,Andrewview,PA,16836,9CU7EE3CQ21,H-00309,P-00588,Meridian Care,H8433-015-003,MA,PA,AGE,MC-563495,01/01/26,,active,13981052,11.69,
C-00458,"Ellison, Ashley",06/27/1944,(943) 555-0140,ashley.ellison458@example.com,6004 Zachary Hollow Apt. 433,Andrewview,PA,16836,1FN4GP7HC66,H-00309,P-00589,Harborline,H2796-011-001,MA,PA,AGE,HL-856213,10/01/2022,09/25/2026,Active,13981052,53.90,
C-00459,"Evans, Ashley",34882,(817) 555-0167,ashley.evans459@example.com,07522 Richardson Prairie,East Jonathan,KY,40231,,H-00310,P-00590,Meridian Care,76540KY1092722,ACA,KY,,MC-643211,2024-01-01,,ACTIVE,4356886,687.29,
C-00460,"Evans, Ashley",27845,(817) 555-0167,,07522 Richardson Prairie,East Jonathan,KY,40231,4AQ0XC6XE30,H-00310,P-00591,Northwind Health,H9830-030,MA,KY,ESRD,NW-776111,01/01/25,,active,4356886,46.81,
C-00461,"Cross, Barbara",04/08/1952,(852) 555-0158,barbara.cross461@example.com,157 Tracy Spurs,New Dawnton,PA,18949,3TW5JF4GQ42,H-00311,P-00592,Meridian Care,H8433-005,MA,PA,AGE,MC-582273,12/01/2023,,Active,13981052,3.48,
C-00462,"Cross, Christian",26091,(329) 555-0180,christian.cross462@example.com,157 Tracy Spurs,New Dawnton,PA,18949,,H-00311,P-00593,Cardinal Mutual,49117PA7065567,ACA,PA,,CM-582954,2025-01-01,2025-12-31,XFER,13981052,697.52,
C-00462,"Cross, Christian",26091,(329) 555-0180,christian.cross462@example.com,157 Tracy Spurs,New Dawnton,PA,18949,,H-00311,P-00594,Summit Health Plans,93748PA7447286,ACA,PA,,SH-586032,01/01/26,,active,13981052,659.13,
C-00463,"Brown, Alice",06/12/1953,(783) 555-0124,,5661 Julie Vista,Lake Kimberlyfurt,NE,69151,6TW6P04HQ27,H-00312,P-00595,Summit Health Plans,L,MEDSUPP,NE,AGE,SH-973346,07/01/2022,,Active,6831819,188.40,
C-00463,"Brown, Alice",06/12/1953,(783) 555-0124,,5661 Julie Vista,Lake Kimberlyfurt,NE,69151,6TW6P04HQ27,H-00312,P-00596,Summit Health Plans,S8123-002,PDP,NE,AGE,SH-327727,2022-07-01,,ACTIVE,6831819,37.67,
C-00464,"Hernandez, Matthew",09/19/1944,(596) 555-0172,matthew.hernandez464@example.com,925 Eric Spring Suite 799,East Ryanfurt,NY,14149,5X42QX3FR57,H-00313,P-00597,Bluepeak,H4593-022,MA,NY,AGE,BP-925189,04/01/23,02/28/26,terminated,10583482,7.95,
C-00464,"Hernandez, Matthew",09/19/1944,(596) 555-0172,matthew.hernandez464@example.com,925 Eric Spring Suite 799,East Ryanfurt,NY,14149,5X42QX3FR57,H-00313,P-00598,Northwind Health,H9830-028-001,MA,NY,AGE,NW-428512,03/01/2026,,Active,10583482,7.36,
C-00465,"Duncan, Ann",12/07/1949,(658) 555-0160,ann.duncan465@example.com,086 Miller Parkway Suite 227,South Randall,GA,30639,3MM1WG2GR18,H-00314,P-00599,Cardinal Mutual,G,MEDSUPP,GA,AGE,CM-679150,2025-04-01,,ACTIVE,61291817,274.04,
C-00465,"Duncan, Ann",12/07/1949,(658) 555-0160,ann.duncan465@example.com,086 Miller Parkway Suite 227,South Randall,GA,30639,3MM1WG2GR18,H-00314,P-00600,Cardinal Mutual,S2876-023,PDP,GA,AGE,CM-218867,04/01/25,,active,61291817,45.86,
C-00466,"Flores, Brittney",27581,(801) 555-0188,,14659 Daniel Loop,Diazborough,KY,42505,,H-00315,P-00601,Cardinal Mutual,49117KY9812846,ACA,KY,,CM-290666,01/01/2025,,Active,32244663,899.61,
C-00467,"Moore, Jessica",21369,(553) 555-0143,jessica.moore467@example.com,2597 Scott Viaduct,East Gina,KY,42272,7FE3NM1PY70,H-00316,P-00602,Bluepeak,H4593-017,MA,KY,AGE,BP-645712,2025-10-01,,ACTIVE,4356886,22.95,
C-00468,"Rivera, Jody",02/14/1950,(546) 555-0105,jody.rivera468@example.com,03924 Matthew Unions,West Shannontown,MI,48506,8DN8CF9AX04,H-00317,P-00603,Cardinal Mutual,H8668-023,MA,MI,AGE,CM-451938,01/01/24,06/30/25,terminated,61855700,30.73,
C-00468,"Rivera, Jody",02/14/1950,(546) 555-0105,jody.rivera468@example.com,03924 Matthew Unions,West Shannontown,MI,48506,8DN8CF9AX04,H-00317,P-00604,Harborline,H3504-014,MA,MI,AGE,HL-458747,07/01/2025,,Active,61855700,57.94,
C-00469,"Rivera, Jason",06/25/1943,(865) 555-0130,jason.rivera469@example.com,03924 Matthew Unions,West Shannontown,MI,48506,8D55V81AF13,H-00317,P-00605,Bluepeak,H4593-025-003,MA,MI,AGE,BP-179074,2022-05-01,,ACTIVE,61855700,7.15,
C-00470,"Brown, Diana",23781,(539) 555-0185,diana.brown470@example.com,792 Nicholas Shore Apt. 420,Jamesview,DE,19943,,H-00318,P-00606,Northwind Health,76542DE2327250,ACA,DE,,NW-882304,01/01/24,,active,54100814,411.51,
C-00471,"Romero, Jenna",21784,(204) 555-0155,jenna.romero471@example.com,64510 Dillon Run,Hallfurt,IL,62311,4U63UY2UM90,H-00319,P-00607,Bluepeak,H4593-009-001,MA,IL,AGE,BP-668326,11/01/2025,,Cancelled,97102525,11.78,
C-00472,"Garner, Andrew",11/11/1947,(504) 555-0176,andrew.garner472@example.com,9812 Vincent Mount Apt. 038,Matthewfurt,AK,99524,5HR4P33VA44,H-00320,P-00608,Bluepeak,H3266-029-002,MA,AK,AGE,BP-749954,2026-01-01,,ACTIVE,61291817,4.94,
C-00473,"Long, Derrick",10/09/1948,(895) 555-0108,derrick.long473@example.com,4384 Connie Wells Suite 084,East Matthew,OR,97095,6TP7PU4UN83,H-00321,P-00609,Summit Health Plans,H5371-015-002,MA,OR,AGE,SH-440124,03/01/23,,active,74197857,37.81,
C-00474,"Carpenter, Gabriella",22119,(591) 555-0180,gabriella.carpenter474@example.com,936 Ashley Meadow Suite 957,East Denise,MO,64719,6AR2FX2HE06,H-00322,P-00610,Bluepeak,H4593-016,MA,MO,AGE,BP-266006,03/01/2026,,Active,32244663,32.13,
C-00475,"Carpenter, James",06/07/1952,(346) 555-0194,james.carpenter475@example.com,936 Ashley Meadow Suite 957,East Denise,MO,64719,8RR2U10PE15,H-00322,P-00611,Cardinal Mutual,R5119-026-001,MA,MO,AGE,CM-536569,2025-10-01,,ACTIVE,32244663,17.72,
C-00476,"Carpenter, Devin",31513,(901) 555-0179,devin.carpenter476@example.com,936 Ashley Meadow Suite 957,East Denise,MO,64719,,H-00322,P-00612,Cardinal Mutual,H7252-011,MA,MO,DISABILITY,CM-344777,05/01/22,,active,32244663,56.38,
C-00477,"Acosta, Kathy",07/28/1954,(848) 555-0173,,2925 Angela Stravenue,East Lonnieberg,IL,62635,4XY3JU9UA58,H-00323,P-00613,Cardinal Mutual,S2876-003,PDP,IL,AGE,CM-585164,07/01/2022,,Active,44524491,85.43,
C-00478,"Acosta, Nicole",05/18/1937,(769) 555-0143,nicole.acosta478@example.com,2925 Angela Stravenue,East Lonnieberg,IL,62635,4K22P70UJ30,H-00323,P-00614,Harborline,B,MEDSUPP,IL,AGE,HL-689171,2023-09-01,,ACTIVE,44524491,248.12,
C-00478,"Acosta, Nicole",05/18/1937,(769) 555-0143,nicole.acosta478@example.com,2925 Angela Stravenue,East Lonnieberg,IL,62635,4K22P70UJ30,H-00323,P-00615,Harborline,S7304-016-002,PDP,IL,AGE,HL-734148,09/01/23,,active,44524491,56.47,
C-00479,"Mcdaniel, Michael",01/06/1954,(490) 555-0131,michael.mcdaniel479@example.com,4742 Daniel Ferry Apt. 994,New Jesse,GA,31977,7AM4HF4AA61,H-00324,P-00616,Cardinal Mutual,H8668-018,MA,GA,AGE,CM-722691,12/01/2023,,Active,61291817,12.85,
C-00480,"Mcdaniel, Hailey",02/11/1952,(324) 555-0137,hailey.mcdaniel480@example.com,4742 Daniel Ferry Apt. 994,New Jesse,GA,31977,8MG9FN0EC58,H-00324,P-00617,Harborline,H3504-018,MA,GA,AGE,HL-759439,2024-07-01,,ACTIVE,61291817,2.08,
C-00481,"Schaefer, Stephanie",37566,(535) 555-0178,stephanie.schaefer481@example.com,89752 Henry Dam Apt. 330,Durantown,IL,61222,,H-00325,P-00618,Summit Health Plans,93748IL0660711,ACA,IL,,SH-158572,01/01/25,12/31/25,N/A,44524491,820.70,
C-00481,"Schaefer, Stephanie",37566,(535) 555-0178,stephanie.schaefer481@example.com,89752 Henry Dam Apt. 330,Durantown,IL,61222,,H-00325,P-00619,Bluepeak,23947IL8332850,ACA,IL,,BP-171192,01/01/2026,,Active,44524491,233.72,
C-00482,"Schaefer, Jeffrey",26490,(441) 555-0111,jeffrey.schaefer482@example.com,89752 Henry Dam Apt. 330,Durantown,IL,61222,,H-00325,P-00620,Harborline,91959IL1361617,ACA,IL,,HL-460262,2025-01-01,,ACTIVE,44524491,690.85,
C-00483,"Franklin, Madison",08/17/1943,(660) 555-0120,madison.franklin483@example.com,12797 Delacruz Gateway,Sullivanton,MN,55167,5JJ0WA0JU00,H-00326,P-00621,Bluepeak,H4593-017,MA,MN,AGE,BP-438637,03/01/23,,active,61855700,26.17,
C-00484,"Grant, Zachary",10/10/1936,(984) 555-0137,zachary.grant484@example.com,9998 Abigail Mission Suite 038,Terrellton,IL,60065,4XC3JX7AP19,H-00327,P-00622,Bluepeak,H4593-030-003,MA,IL,AGE,BP-880406,12/01/2023,03/31/2026,Terminated,44524491,51.41,
C-00484,"Grant, Zachary",10/10/1936,(984) 555-0137,zachary.grant484@example.com,9998 Abigail Mission Suite 038,Terrellton,IL,60065,4XC3JX7AP19,H-00327,P-00623,Meridian Care,H8433-006-002,MA,IL,AGE,MC-890806,2026-04-01,,ACTIVE,44524491,16.51,
C-00485,"Ford, Debbie",21962,(868) 555-0185,debbie.ford485@example.com,47644 Jackson Hill,Lake Zacharyberg,CT,06341,7HG1CQ1HH94,H-00328,P-00624,Meridian Care,H8433-012,MA,CT,AGE,MC-157008,04/01/26,,active,29898923,37.99,
C-00486,"Ford, Christopher",06/12/1950,(467) 555-0150,christopher.ford486@example.com,47644 Jackson Hill,Lake Zacharyberg,CT,06341,4G75HU6NT69,H-00328,P-00625,Cardinal Mutual,H8668-026,MA,CT,AGE,CM-999006,11/01/2022,03/31/2026,Terminated,29898923,54.64,
C-00486,"Ford, Christopher",06/12/1950,(467) 555-0150,christopher.ford486@example.com,47644 Jackson Hill,Lake Zacharyberg,CT,06341,4G75HU6NT69,H-00328,P-00626,Bluepeak,H4593-028,MA,CT,AGE,BP-749358,2026-04-01,,ACTIVE,29898923,2.55,
C-00487,"Khan, Chris",21067,(656) 555-0148,christopher.khan487@example.com,98266 Hayes Fall,Garzaborough,IN,46038,7PD4R00MC14,H-00329,P-00627,Harborline,S2040-004,PDP,IN,AGE,HL-599651,07/01/23,,active,4356886,9.97,
C-00488,"Williams, George",24757,(441) 555-0158,george.williams488@example.com,211 Jasmin Roads Suite 186,South Andrea,DE,19792,,H-00330,P-00628,Summit Health Plans,93748DE8048449,ACA,DE,,SH-866964,01/01/2026,,Active,4356886,232.94,
C-00489,"Williams, Matthew",10/20/1947,(441) 555-0158,matthew.williams489@example.com,211 Jasmin Roads Suite 186,South Andrea,DE,19792,7TR2AX0DK47,H-00330,P-00629,Harborline,G,MEDSUPP,DE,AGE,HL-385173,2023-01-01,,ACTIVE,4356886,309.95,
C-00489,"Williams, Matthew",10/20/1947,(441) 555-0158,matthew.williams489@example.com,211 Jasmin Roads Suite 186,South Andrea,DE,19792,7TR2AX0DK47,H-00330,P-00630,Harborline,S2040-008,PDP,DE,AGE,HL-949717,01/01/23,,active,4356886,78.39,
C-00490,"Roach, Susan",09/07/1953,(646) 555-0171,susan.roach490@example.com,22064 Cross Mission,Courtneyville,AR,72972,6T67WG5PW82,H-00331,P-00631,Meridian Care,H8433-012,MA,AR,AGE,MC-464314,09/01/2023,,Active,44524491,38.29,
C-00491,"Robinson, Donna",07/23/1952,(618) 555-0146,donna.robinson491@example.com,407 Foley Plains,New Nicolebury,PA,19369,8T48G80NV29,H-00332,P-00632,Summit Health Plans,H9797-027,MA,PA,AGE,SH-964745,2023-10-01,,ACTIVE,1884412,16.86,
C-00492,"Johnson, Melissa",09/29/1942,(758) 555-0105,melissa.johnson492@example.com,7199 John Plaza Suite 983,East Eddiestad,OR,97164,3J15UE5PW68,H-00333,P-00633,Cardinal Mutual,N,MEDSUPP,OR,AGE,CM-468191,07/01/25,,active,74197857,279.07,
C-00492,"Johnson, Melissa",09/29/1942,(758) 555-0105,melissa.johnson492@example.com,7199 John Plaza Suite 983,East Eddiestad,OR,97164,3J15UE5PW68,H-00333,P-00634,Cardinal Mutual,S1188-008,PDP,OR,AGE,CM-263264,07/01/2025,,Active,74197857,79.32,
C-00493,"Richardson, Nicholas",05/31/1951,(511) 555-0126,nicholas.richardson493@example.com,1016 Evan Haven Apt. 795,North Kaylamouth,ID,83864,2HA0AM1HG11,H-00334,P-00635,Cardinal Mutual,H8668-022,MA,ID,AGE,CM-111081,2023-05-01,,ACTIVE,77125617,33.01,
C-00494,"Warren, Heather",01/31/1940,(808) 555-0105,heather.warren494@example.com,8147 David Wall,Markchester,MI,49247,1UN5AK7QW16,H-00335,P-00636,Meridian Care,H8433-002,MA,MI,AGE,MC-895921,02/01/25,03/31/26,terminated,13981052,39.93,
C-00494,"Warren, Heather",01/31/1940,(808) 555-0105,heather.warren494@example.com,8147 David Wall,Markchester,MI,49247,1UN5AK7QW16,H-00335,P-00637,Northwind Health,H5040-008-001,MA,MI,AGE,NW-970978,04/01/2026,,Active,13981052,59.33,
C-00495,"Carney, Michael",12/23/1950,(663) 555-0127,michael.carney495@example.com,98179 Simmons Vista,Jordanshire,MO,65643,2A12X70VT18,H-00336,P-00638,Cardinal Mutual,H8668-026,MA,MO,AGE,CM-785456,2022-12-01,,ACTIVE,32244663,43.88,
C-00496,"Carney, David",35712,(448) 555-0177,david.carney496@example.com,98179 Simmons Vista,Jordanshire,MO,65643,,H-00336,P-00639,Harborline,91959MO2730427,ACA,MO,,HL-404387,01/01/25,,active,32244663,202.18,
C-00497,"Gutierrez, Matthew",27176,(359) 555-0109,matthew.gutierrez497@example.com,772 Jeanette Fields Apt. 107,Lake Melaniechester,NY,10687,,H-00337,P-00640,Bluepeak,23947NY6320306,ACA,NY,,BP-416960,01/01/2026,,Active,6831819,207.50,
C-00498,"Gutierrez, Ann",22622,(435) 555-0191,ann.gutierrez498@example.com,772 Jeanette Fields Apt. 107,Lake Melaniechester,NY,10687,,H-00337,P-00641,Northwind Health,76542NY1703520,ACA,NY,,NW-245967,2026-01-01,,ACTIVE,6831819,365.52,
C-00499,"Foster, Ashley",01/06/1938,(578) 555-0181,ashley.foster499@example.com,34414 Hunter Islands,North Ginamouth,DE,19863,7UC4RW6DD14,H-00338,P-00642,Harborline,L,MEDSUPP,DE,AGE,HL-631747,07/01/25,,active,54100814,221.50,
C-00499,"Foster, Ashley",01/06/1938,(578) 555-0181,ashley.foster499@example.com,34414 Hunter Islands,North Ginamouth,DE,19863,7UC4RW6DD14,H-00338,P-00643,Harborline,S2040-004,PDP,DE,AGE,HL-269864,07/01/2025,,Active,54100814,8.95,
C-00500,"Foster, Susan",23185,(576) 555-0189,,34414 Hunter Islands,North Ginamouth,DE,19863,,H-00338,P-00644,Summit Health Plans,93748DE4412519,ACA,DE,,SH-170064,2025-01-01,,ACTIVE,54100814,776.36,
C-00501,"Huang, Steven",10/07/1936,(241) 555-0129,steven.huang501@example.com,55770 Timothy Road,Mcclainside,NE,68171,9AE8KX8AM25,H-00339,P-00645,Cardinal Mutual,H8668-016-002,MA,NE,AGE,CM-203858,04/01/23,,active,33857966,17.54,
C-00502,"Huang, Lisa",08/26/1943,(241) 555-0129,lisa.huang502@example.com,55770 Timothy Road,Mcclainside,NE,68171,9F71UV1XG36,H-00339,P-00646,Harborline,H3504-002,MA,NE,AGE,HL-144993,05/01/2025,,Active,33857966,35.37,
C-00503,"Jones, Edward",06/08/1941,(331) 555-0161,edward.jones503@example.com,495 Jared Spur,Laurenstad,CA,91385,9R02JY8MU16,H-00340,P-00647,Northwind Health,K,MEDSUPP,CA,AGE,NW-688971,2025-03-01,,ACTIVE,78490893,111.73,
C-00503,"Jones, Edward",06/08/1941,(331) 555-0161,edward.jones503@example.com,495 Jared Spur,Laurenstad,CA,91385,9R02JY8MU16,H-00340,P-00648,Northwind Health,S7543-012-001,PDP,CA,AGE,NW-512370,03/01/25,,active,78490893,50.44,
C-00504,"Jones, Mary",04/29/1950,(820) 555-0141,,495 Jared Spur,Laurenstad,CA,91385,8VU6X28YY92,H-00340,P-00649,Harborline,H3504-018,MA,CA,AGE,HL-746307,07/01/2024,,Active,78490893,42.35,
C-00505,"Watson, Maria",06/01/1950,(496) 555-0176,maria.watson505@example.com,8299 Lopez Crescent Suite 504,Millerbury,MO,63934,5H65V16KK96,H-00341,P-00650,Meridian Care,H3591-026,MA,MO,AGE,MC-409345,2025-07-01,,ACTIVE,29898923,56.38,
C-00506,"Watson, Kevin",12/22/1942,(496) 555-0176,kevin.watson506@example.com,8299 Lopez Crescent Suite 504,Millerbury,MO,63934,9SE4JH9NG75,H-00341,P-00651,Cardinal Mutual,H8668-018,MA,MO,AGE,CM-253448,04/01/23,,active,29898923,27.96,
C-00507,"Collins, Mark",05/24/1954,(666) 555-0170,mark.collins507@example.com,15031 Hunter Union Suite 823,Sandrahaven,IL,60815,5VX6HK0RU91,H-00342,P-00652,Cardinal Mutual,H7252-005,MA,IL,AGE,CM-228887,11/01/2026,,Pending,39159004,14.83,
C-00508,"Mcdaniel, Brooke",20743,(311) 555-0170,brooke.mcdaniel508@example.com,230 Hughes Way,North Larryton,TX,75335,1AE5Y34MR33,H-00343,P-00653,Summit Health Plans,R2827-030,MA,TX,AGE,SH-470725,2023-03-01,,ACTIVE,99847493,45.27,
C-00509,"Mcdaniel, Christopher",35328,(311) 555-0170,christopher.mcdaniel509@example.com,230 Hughes Way,North Larryton,TX,75335,,H-00343,P-00654,Bluepeak,23947TX2883035,ACA,TX,,BP-313008,01/01/25,12/31/25,terminated,99847493,652.36,
C-00509,"Mcdaniel, Christopher",35328,(311) 555-0170,christopher.mcdaniel509@example.com,230 Hughes Way,North Larryton,TX,75335,,H-00343,P-00655,Meridian Care,76540TX0292604,ACA,TX,,MC-195606,01/01/2026,,Active,99847493,360.23,
C-00510,"Mcdaniel, Steven",01/27/1952,(311) 555-0170,steven.mcdaniel510@example.com,230 Hughes Way,North Larryton,TX,75335,,H-00343,P-00656,Meridian Care,N,MEDSUPP,TX,AGE,MC-707794,2023-04-01,,ACTIVE,99847493,232.60,
C-00510,"Mcdaniel, Steven",01/27/1952,(311) 555-0170,steven.mcdaniel510@example.com,230 Hughes Way,North Larryton,TX,75335,,H-00343,P-00657,Meridian Care,S3927-015,PDP,TX,AGE,MC-343459,04/01/23,,active,99847493,39.96,
C-00511,"Mejia, Emily",03/21/1936,(354) 555-0194,emily.mejia511@example.com,84094 Manuel Fields,Joshuamouth,OR,97756,4UR8NN0UV96,H-00344,P-00658,Summit Health Plans,H9797-020,MA,OR,AGE,SH-816469,05/01/2024,,Active,74197857,57.25,
C-00512,"Mejia, Joseph",04/24/1954,(354) 555-0194,joseph.mejia512@example.com,84094 Manuel Fields,Joshuamouth,OR,97756,5JQ9UA9JD70,H-00344,P-00659,Summit Health Plans,H9797-016,MA,IL,AGE,SH-859356,2024-01-01,,ACTIVE,74197857,35.74,
C-00513,"Andrews, George",01/30/1952,(557) 555-0129,george.andrews513@example.com,1098 Jamie Keys,Josephport,CO,81332,,H-00345,P-00660,Summit Health Plans,H5371-015-001,MA,CO,AGE,SH-407393,06/01/22,,active,7150444,12.20,
C-00514,"Soto, Hannah",21142,(620) 555-0139,hannah.soto514@example.com,587 David Mountains Apt. 160,South Philipshire,LA,70329,3MW7R82JA39,H-00346,P-00661,Northwind Health,H5040-025-001,MA,LA,AGE,NW-680322,04/01/2023,,Active,7150444,37.89,
C-00515,"Davis, Lance",20224,(392) 555-0131,lance.davis515@example.com,545 Jennifer Skyway Apt. 792,Port Leahmouth,FL,32468,9CQ2GC7FF39,H-00347,P-00662,Summit Health Plans,H5371-006,MA,FL,AGE,SH-215213,2023-12-01,,ACTIVE,54100814,58.18,
C-00516,"Rodriguez, Timothy",10/20/1944,(764) 555-0169,timothy.rodriguez516@example.com,3329 Durham Lock Apt. 557,Johnsonfort,IL,60248,9T08P59XQ48,H-00348,P-00663,Bluepeak,H4593-026,MA,IL,AGE,BP-316943,03/01/24,,active,97102525,2.98,
C-00517,"Rodriguez, Megan",30073,(340) 555-0100,,3329 Durham Lock Apt. 557,Johnsonfort,IL,60248,,H-00348,P-00664,Cardinal Mutual,49117IL5025077,ACA,IL,,CM-125035,01/01/2025,,Active,97102525,639.71,
C-00518,"Garza, John",35109,(977) 555-0195,john.garza518@example.com,9928 Richard Station Apt. 581,Amandafurt,ID,83802,,H-00349,P-00665,Cardinal Mutual,49117ID4101891,ACA,ID,,CM-117173,2025-01-01,,ACTIVE,61855700,336.53,
C-00519,"Bradley, Matt",07/27/1946,(678) 555-0191,matthew.bradley519@example.com,276 Matthew Via,Muellerchester,MO,64851,3EM5CP7QR19,H-00350,P-00666,Harborline,H2796-030,MA,MO,AGE,HL-171046,07/01/23,,active,32244663,39.27,
C-00520,"Jones, Daniel",34975,(370) 555-0101,daniel.jones520@example.com,19719 Nguyen Court,Thompsonfurt,MO,64064,,H-00351,P-00667,Bluepeak,23947MO8742456,ACA,MO,,BP-125312,01/01/2026,,Active,6831819,636.62,Asked about dental add-ons at renewal.
C-00521,"West, Jamie",21560,(672) 555-0144,,7013 Paige Throughway Apt. 227,Petershire,VA,31678,8R48C18XV12,H-00352,P-00668,Cardinal Mutual,S2876-024,PDP,VA,AGE,CM-250944,2026-04-01,,ACTIVE,78490893,48.76,
C-00522,"Smith, Ann",20939,(483) 555-0150,ann.smith522@example.com,9465 Brandi Ridge Suite 240,Rachelton,AK,99949,7XH6FR8XK30,H-00353,P-00669,Northwind Health,H5040-008,MA,AK,AGE,NW-273648,09/01/22,06/30/24,terminated,61291817,38.36,
C-00522,"Smith, Ann",20939,(483) 555-0150,ann.smith522@example.com,9465 Brandi Ridge Suite 240,Rachelton,AK,99949,7XH6FR8XK30,H-00353,P-00670,Summit Health Plans,H5371-020-002,MA,AK,AGE,SH-490192,07/01/2024,,Active,61291817,59.63,
C-00523,"Smith, Tiffany",12/11/1951,(483) 555-0150,,9465 Brandi Ridge Suite 240,Rachelton,AK,99949,6NV2XV4YJ30,H-00353,P-00671,Cardinal Mutual,N,MEDSUPP,AK,AGE,CM-633552,2024-04-01,,ACTIVE,61291817,197.52,
C-00523,"Smith, Tiffany",12/11/1951,(483) 555-0150,,9465 Brandi Ridge Suite 240,Rachelton,AK,99949,6NV2XV4YJ30,H-00353,P-00672,Cardinal Mutual,S2876-002,PDP,AK,AGE,CM-940615,04/01/24,,active,61291817,54.20,
C-00524,"Gardner, Elaine",12/28/1937,(455) 555-0159,elaine.gardner524@example.com,0369 Garrett Station,Sullivanchester,CO,80728,7RX5MD3GY71,H-00354,P-00673,Harborline,H3504-005,MA,CO,AGE,HL-596159,02/01/2026,,Active,5265799,33.93,
C-00525,"Barrett, Theresa",12/05/1947,(442) 555-0162,theresa.barrett525@example.com,38656 Keith Well Apt. 201,East Jenniferfort,NE,68139,4MJ9GN2YN96,H-00355,P-00674,Northwind Health,H5040-005-003,MA,NE,AGE,NW-549359,2022-06-01,,ACTIVE,6831819,44.26,
C-00526,"Lopez, Cassandra",26591,(917) 555-0145,cassandra.lopez526@example.com,26796 Shawn Manors,Cruzbury,NC,27100,2CG4NE0XD09,H-00356,P-00675,Bluepeak,H3266-004,MA,NC,DISABILITY,BP-722193,01/01/22,,active,74197857,21.89,
C-00527,"Carpenter, Suzanne",07/13/1952,(917) 555-0165,suzanne.carpenter527@example.com,384 House Ports Suite 009,Bushville,IL,62778,4MC6N12UT58,H-00357,P-00676,Harborline,S7304-014,PDP,IL,AGE,HL-932839,08/01/2023,,Active,37231783,43.52,
C-00528,"Carpenter, Christopher",07/17/1946,(238) 555-0110,christopher.carpenter528@example.com,384 House Ports Suite 009,Bushville,IL,62778,2FE7FF1MN59,H-00357,P-00677,Meridian Care,H3591-030,MA,IL,AGE,MC-800731,2023-04-01,,ACTIVE,37231783,52.78,
C-00529,"Harrison, William",06/25/1946,(872) 555-0104,william.harrison529@example.com,8189 John Roads Apt. 894,West Amandatown,KS,66760,5QG7T16NT25,H-00358,P-00678,Harborline,R3621-001,MA,KS,AGE,HL-362773,04/01/24,01/31/26,terminated,54100814,13.44,
C-00529,"Harrison, William",06/25/1946,(872) 555-0104,william.harrison529@example.com,8189 John Roads Apt. 894,West Amandatown,KS,66760,5QG7T16NT25,H-00358,P-00679,Summit Health Plans,H5371-005,MA,KS,AGE,SH-247158,02/01/2026,,Active,54100814,3.44,
C-00530,"Harrison, Taylor",06/20/1952,(628) 555-0104,taylor.harrison530@example.com,8189 John Roads Apt. 894,West Amandatown,KS,66760,6N59PN0EU83,H-00358,P-00680,Bluepeak,H3266-017,MA,KS,AGE,BP-654418,2023-02-01,,ACTIVE,54100814,32.00,
C-00531,"Williams, Veronica",12/03/1936,(949) 555-0105,veronica.williams531@example.com,5442 Heather Ranch Suite 940,Laneshire,OH,44398,8CM5AR9DU67,H-00359,P-00681,Summit Health Plans,N,MEDSUPP,OH,AGE,SH-975353,03/01/25,,active,37231783,193.27,
C-00531,"Williams, Veronica",12/03/1936,(949) 555-0105,veronica.williams531@example.com,5442 Heather Ranch Suite 940,Laneshire,OH,44398,8CM5AR9DU67,H-00359,P-00682,Summit Health Plans,S8123-009,PDP,OH,AGE,SH-783728,03/01/2025,,Active,37231783,54.19,
C-00532,"Hill, Jonathan",29995,(605) 555-0133,jonathan.hill532@example.com,7128 Melissa Harbors,Davidview,ME,04832,1D54W68RA84,H-00360,P-00683,Meridian Care,H3591-018,MA,ME,ESRD,MC-679190,2026-02-01,,ACTIVE,94702683,54.17,
C-00533,"Washington, Lauren",21840,(944) 555-0142,lauren.washington533@example.com,292 Wood Extensions,Kimberlybury,CO,81271,4UA1F94GM46,H-00361,P-00684,Cardinal Mutual,H8668-004,MA,CO,AGE,CM-424526,04/01/25,,active,5265799,23.65,
C-00534,"Barber, Gary",05/16/1936,(317) 555-0197,gary.barber534@example.com,1292 Mullins Loop,Youngmouth,ID,83219,2V48TV1UY41,H-00362,P-00685,Northwind Health,S6930-026,PDP,ID,AGE,NW-671793,11/01/2023,,Active,77125617,36.01,
C-00535,"Smith, Sara",10/14/1943,(289) 555-0108,sara.smith535@example.com,41027 Alvarez Mountains Apt. 667,Dustinchester,DE,19998,6AN6RE8QH23,H-00363,P-00686,Meridian Care,H3591-024,MA,DE,AGE,MC-975048,2025-04-01,,ACTIVE,54100814,18.57,Prefers mail over phone.
C-00536,"Murray, Emma",06/27/1946,(858) 555-0147,emma.murray536@example.com,5801 Blanchard Meadows Suite 544,West Destinyfurt,VT,05741,6NR0N77DF19,H-00364,P-00687,Summit Health Plans,H5371-016,MA,VT,AGE,SH-678399,10/01/24,,active,10583482,45.34,
C-00537,"Murray, John",37569,(858) 555-0147,john.murray537@example.com,5801 Blanchard Meadows Suite 544,West Destinyfurt,VT,05741,,H-00364,P-00688,Harborline,91959VT0653284,ACA,VT,,HL-157580,01/01/2025,,Active,10583482,289.68,
C-00538,"Garcia, Sean",21188,(589) 555-0119,sean.garcia538@example.com,525 Emily Village,North Roberthaven,CA,94633,5RA0MN2DF89,H-00365,P-00689,Northwind Health,H9830-011-002,MA,CA,AGE,NW-291489,2026-04-01,,ACTIVE,43339391,10.13,
C-00539,"Sampson, Danielle",12/28/1942,(282) 555-0191,danielle.sampson539@example.com,443 Andrew Course,New Dianeborough,AK,99606,9M98ME6CM61,H-00366,P-00690,Harborline,N,MEDSUPP,AK,AGE,HL-243541,07/01/25,,active,61291817,107.05,
C-00539,"Sampson, Danielle",12/28/1942,(282) 555-0191,danielle.sampson539@example.com,443 Andrew Course,New Dianeborough,AK,99606,9M98ME6CM61,H-00366,P-00691,Harborline,S2040-004-003,PDP,AK,AGE,HL-144590,07/01/2025,,Active,61291817,83.14,
C-00540,"Sampson, Jean",12/29/1947,(484) 555-0139,jean.sampson540@example.com,443 Andrew Course,New Dianeborough,AK,99606,9JD5GG9EA73,H-00366,P-00692,Meridian Care,G,MEDSUPP,AK,AGE,MC-873704,2025-11-01,,ACTIVE,61291817,145.49,
C-00540,"Sampson, Jean",12/29/1947,(484) 555-0139,jean.sampson540@example.com,443 Andrew Course,New Dianeborough,AK,99606,9JD5GG9EA73,H-00366,P-00693,Meridian Care,S9201-014,PDP,AK,AGE,MC-814511,11/01/25,,active,61291817,5.86,Met at the café seminar in the spring.
C-00541,"Fowler, Sandra",11/22/1953,(398) 555-0167,sandra.fowler541@example.com,92692 Heather Glen,Stevenland,MO,65893,3QX6XM4JY16,H-00367,P-00694,Meridian Care,R1053-013,MA,MO,AGE,MC-300450,05/01/2023,,Active,29898923,48.39,
C-00542,"Vasquez, Sarah",05/27/1937,(857) 555-0174,sarah.vasquez542@example.com,5421 Waters Light Suite 504,Gregoryland,MD,21623,4C31QF3KE90,H-00368,P-00695,Northwind Health,H9830-007,MA,MD,AGE,NW-251397,2023-02-01,2025-11-30,TERMINATED,77125617,36.62,
C-00542,"Vasquez, Sarah",05/27/1937,(857) 555-0174,sarah.vasquez542@example.com,5421 Waters Light Suite 504,Gregoryland,MD,21623,4C31QF3KE90,H-00368,P-00696,Harborline,H3504-014,MA,MD,AGE,HL-791557,12/01/25,,active,78508051,31.02,
C-00543,"Waters, Andrew",10/26/1953,(879) 555-0131,andrew.waters543@example.com,71286 Christina Coves Suite 410,North Ashleyview,ID,83584,5RC4AR7GC07,H-00369,P-00697,Harborline,H3504-005,MA,ID,AGE,HL-392896,10/01/2024,,Active,43339391,23.21,
C-00544,"Fernandez, Aaron",06/09/1940,(743) 555-0108,aaron.fernandez544@example.com,00642 Conway Ports Apt. 877,Powellland,CO,81597,5UQ4GU3TF03,H-00370,P-00698,Cardinal Mutual,H7252-004-003,MA,CO,AGE,CM-856277,2025-06-01,,ACTIVE,7150444,21.92,
C-00545,"Fernandez, Stephanie",10/30/1951,(743) 555-0108,stephanie.fernandez545@example.com,00642 Conway Ports Apt. 877,Powellland,CO,81597,7AD9EJ4KJ89,H-00370,P-00699,Summit Health Plans,H9797-005,MA,CO,AGE,SH-443279,01/01/25,,active,7150444,1.60,
C-00546,"Holland, Gregory",02/27/1936,(399) 555-0123,,98554 Brown Rue Apt. 585,Port Steveport,LA,70061,4Q19XX5EQ79,H-00371,P-00700,Bluepeak,H3266-016-002,MA,LA,AGE,BP-658352,01/01/2023,,Active,7150444,19.75,
C-00547,"Holland, Benjamin",09/23/1943,(306) 555-0172,,98554 Brown Rue Apt. 585,Port Steveport,LA,70061,4R70HT6WD18,H-00371,P-00701,Meridian Care,H3591-012-001,MA,LA,AGE,MC-138394,2024-05-01,,ACTIVE,7150444,7.93,
C-00548,"Cortez, Brittany",21285,(827) 555-0115,brittany.cortez548@example.com,346 Crystal Knolls Suite 173,North James,KY,40335,5YW3CU4WG07,H-00372,P-00702,Cardinal Mutual,H7252-030-003,MA,KY,AGE,CM-391158,06/01/24,,active,4356886,47.15,
C-00549,"Ellis, Erika",20773,(664) 555-0171,erika.ellis549@example.com,1847 Levy Brook Apt. 505,South Davidhaven,LA,63996,4G62J30GH33,H-00373,P-00703,Bluepeak,S1771008-001,PDP,LA,AGE,BP-133020,11/01/2026,,Pending,7150444,27.03,
C-00550,"Ellis, Morgan",11/14/1948,(980) 555-0138,,1847 Levy Brook Apt. 505,South Davidhaven,LA,70696,7F21GU6AG50,H-00373,P-00704,Bluepeak,H4593-003-001,MA,LA,AGE,BP-535214,2024-11-01,,ACTIVE,7150444,12.59,
C-00551,"Sanchez, Deborah",01/03/1939,(806) 555-0174,,931 Jill Overpass,South Rebeccaton,IL,62321,,H-00374,P-00705,Cardinal Mutual,H7252-030,MA,IL,AGE,CM-305803,04/01/25,,active,7150444,1.64,
C-00552,"Sanchez, Alexis",08/16/1946,(319) 555-0188,alexis.sanchez552@example.com,931 Jill Overpass,South Rebeccaton,IL,62321,1J38EW7QX20,H-00374,P-00706,Bluepeak,H4593-008,MA,IL,AGE,BP-633112,10/01/2024,,Active,7150444,4.15,
C-00553,"Brown, Jim",05/21/1952,(766) 555-0110,james.brown553@example.com,1792 Lisa Coves,South Brookebury,GA,30768,3CR7HF3DV29,H-00375,P-00707,Northwind Health,H5040-024,MA,GA,AGE,NW-583287,2024-05-01,,ACTIVE,10583482,26.36,
C-00554,"Brown, Matthew",09/16/1950,(766) 555-0110,matthew.brown554@example.com,1792 Lisa Coves,South Brookebury,GA,30768,1A70DN2XD13,H-00375,P-00708,Northwind Health,L,MEDSUPP,GA,AGE,NW-779002,07/01/24,,active,10583482,266.62,
C-00554,"Brown, Matthew",09/16/1950,(766) 555-0110,matthew.brown554@example.com,1792 Lisa Coves,South Brookebury,GA,30768,1A70DN2XD13,H-00375,P-00709,Northwind Health,S7543-024,PDP,GA,AGE,NW-470500,07/01/2024,,Active,10583482,29.53,
C-00555,"Thomas, Robert",31918,(862) 555-0137,robert.thomas555@example.com,1982 Copeland Underpass Apt. 092,Bryanview,CA,95264,,H-00376,P-00710,Bluepeak,23947CA9670135,ACA,CA,,BP-599938,2025-01-01,2025-12-31,TERMINATED,78490893,857.80,
C-00555,"Thomas, Robert",31918,(862) 555-0137,robert.thomas555@example.com,1982 Copeland Underpass Apt. 092,Bryanview,CA,95264,,H-00376,P-00711,Cardinal Mutual,49117CA8239948,ACA,CA,,CM-905292,01/01/26,,active,78490893,834.48,
C-00556,"Thomas, Heather",01/18/1951,(244) 555-0140,heather.thomas556@example.com,1982 Copeland Underpass Apt. 092,Bryanview,CA,95264,1VR7AC9CA43,H-00376,P-00712,Harborline,H3504-017-003,MA,CA,AGE,HL-524865,01/01/2024,,Active,78490893,12.28,
C-00557,"Hobbs, Chris",10/28/1948,(353) 555-0134,christopher.hobbs557@example.com,3902 Kylie Roads,Stricklandtown,MO,63852,3XQ0W20UC63,H-00377,P-00713,Cardinal Mutual,R5119-020,MA,MO,AGE,CM-924729,2023-04-01,,ACTIVE,33857966,29.08,
C-00558,"Allen, Greg",05/25/1948,(328) 555-0171,,19467 Jamie Route,Alexandrachester,OH,43408,1K04GW7UJ83,H-00378,P-00714,Meridian Care,H3591-013,MA,OH,AGE,MC-353993,01/01/24,,active,37231783,21.93,
C-00559,"Grant, James",07/06/1935,(610) 555-0179,james.grant559@example.com,279 Courtney Tunnel,Michaeltown,CA,91089,5RM2AJ6FP86,H-00379,P-00715,Harborline,H3504-010-001,MA,CA,AGE,HL-508819,02/01/2023,04/30/2024,Terminated,43339391,51.74,
C-00559,"Grant, James",07/06/1935,(610) 555-0179,james.grant559@example.com,279 Courtney Tunnel,Michaeltown,CA,91089,5RM2AJ6FP86,H-00379,P-00716,Bluepeak,H3266-025,MA,CA,AGE,BP-144374,2024-05-01,,ACTIVE,43339391,23.80,
C-00560,"Rodriguez, Edward",20213,(578) 555-0143,,588 Steven Road,West Brian,CA,94886,1DU6MR4MV98,H-00380,P-00717,Northwind Health,N,MEDSUPP,CA,AGE,NW-486265,09/01/24,09/09/26,active,78490893,125.70,
C-00560,"Rodriguez, Edward",20213,(578) 555-0143,,588 Steven Road,West Brian,CA,94886,1DU6MR4MV98,H-00380,P-00718,Northwind Health,S7543-027-003,PDP,CA,AGE,NW-447656,09/01/2024,,Active,78490893,50.12,
C-00561,"Rodriguez, Megan",10/10/1933,(578) 555-0143,megan.rodriguez561@example.com,588 Steven Road,West Brian,CA,94886,1M10MJ3HH53,H-00380,P-00719,Harborline,B,MEDSUPP,CA,AGE,HL-843312,2024-10-01,,ACTIVE,78490893,193.24,
C-00561,"Rodriguez, Megan",10/10/1933,(578) 555-0143,megan.rodriguez561@example.com,588 Steven Road,West Brian,CA,94886,1M10MJ3HH53,H-00380,P-00720,Harborline,S2040-026-003,PDP,CA,AGE,HL-945097,10/01/24,,active,78490893,28.16,
C-00562,"Thompson, Kristen",09/07/1943,(404) 555-0130,kristen.thompson562@example.com,2200 Mitchell Mews Suite 597,North Joyside,NC,28958,4UH2Q05JC60,H-00381,P-00721,Northwind Health,H9830-025,MA,NC,AGE,NW-508253,11/01/2025,,Active,74197857,26.82,
C-00563,"Thompson, Todd",26730,(938) 555-0167,,2200 Mitchell Mews Suite 597,North Joyside,NC,28958,,H-00381,P-00722,Bluepeak,23947NC3501464,ACA,NC,,BP-950067,2024-01-01,,ACTIVE,74197857,184.82,
C-00564,"Nguyen, Corey",09/25/1944,(625) 555-0114,corey.nguyen564@example.com,37995 Gonzalez Springs,Jerryville,MO,64199,,H-00382,P-00723,Summit Health Plans,H9797-010-001,MA,MO,AGE,SH-174357,12/01/23,,active,33857966,49.45,
C-00564,"Nguyen, Corey",09/25/1944,(625) 555-0114,corey.nguyen564@example.com,37995 Gonzalez Springs,Jerryville,MO,64199,,H-00382,P-00723,Summit Health Plans,H9797-010-001,MA,MO,AGE,SH-174357,12/01/2023,,Active,33857966,49.45,
C-00565,"Nguyen, Joan",05/08/1942,(625) 555-0114,joan.nguyen565@example.com,37995 Gonzalez Springs,Jerryville,MO,64199,4QV7N60XF63,H-00382,P-00724,Meridian Care,S9201-003-001,PDP,MO,AGE,MC-573213,2022-11-01,,ACTIVE,33857966,44.34,
C-00566,"Gibson, Paul",05/04/1936,(295) 555-0132,paul.gibson566@example.com,3179 Brown Mews,East Sarah,NE,68709,1P00NJ7QR60,H-00383,P-00725,Northwind Health,H5040-002,MA,NE,AGE,NW-158077,10/01/24,10/31/25,terminated,6831819,15.80,
C-00566,"Gibson, Paul",05/04/1936,(295) 555-0132,paul.gibson566@example.com,3179 Brown Mews,East Sarah,NE,68709,1P00NJ7QR60,H-00383,P-00726,Meridian Care,H8433-029,MA,NE,AGE,MC-192672,11/01/2025,,Cancelled,6831819,49.76,
C-00567,"Ellis, George",20252,(275) 555-0141,george.ellis567@example.com,3543 Martinez Square,West Derekmouth,CA,94558,,H-00384,P-00727,Summit Health Plans,H5371-010,MA,CA,AGE,SH-221455,2026-01-01,,ACTIVE,78490893,3.30,
C-00568,"Fitzgerald, John",06/02/1951,(659) 555-0199,john.fitzgerald568@example.com,49292 Christopher Walks Suite 397,Ramirezchester,PA,15067,9VF6CH3PY10,H-00385,P-00728,Meridian Care,F,MEDSUPP,PA,AGE,MC-824679,07/01/22,,active,13981052,237.95,
C-00568,"Fitzgerald, John",06/02/1951,(659) 555-0199,john.fitzgerald568@example.com,49292 Christopher Walks Suite 397,Ramirezchester,PA,15067,9VF6CH3PY10,H-00385,P-00729,Meridian Care,S9201-017,PDP,PA,AGE,MC-691881,07/01/2022,,Active,13981052,65.33,
C-00569,"Pacheco, Heather",05/24/1946,(493) 555-0173,heather.pacheco569@example.com,9392 Robert Cape Apt. 780,Schmidtfort,ID,83837,7YX6M68YY71,H-00386,P-00730,Summit Health Plans,S8123-019-003,PDP,ID,AGE,SH-767709,2026-11-01,,PENDING,77125617,67.93,
C-00570,"Pacheco, Corey",20944,(493) 555-0173,corey.pacheco570@example.com,9392 Robert Cape Apt. 780,Schmidtfort,ID,83837,5XY3G83EG34,H-00386,P-00731,Cardinal Mutual,H7252-014,MA,ID,AGE,CM-833665,03/01/23,,active,77125617,50.97,
C-00571,"Hudson, Brandy",09/16/1947,(379) 555-0195,brandy.hudson571@example.com,18063 Michael Garden Apt. 074,Lake Stephen,VT,05250,9JV9JN9PJ82,H-00387,P-00732,Summit Health Plans,G,MEDSUPP,VT,AGE,SH-968235,07/01/2025,,Active,10583482,183.29,
C-00571,"Hudson, Brandy",09/16/1947,(379) 555-0195,brandy.hudson571@example.com,18063 Michael Garden Apt. 074,Lake Stephen,VT,05250,9JV9JN9PJ82,H-00387,P-00733,Summit Health Plans,S8123-029-002,PDP,VT,AGE,SH-249376,2025-07-01,,ACTIVE,10583482,24.30,
C-00572,"Hudson, Tiffany",30941,(856) 555-0115,,18063 Michael Garden Apt. 074,Lake Stephen,VT,05250,,H-00387,P-00734,Cardinal Mutual,49117VT9907149,ACA,VT,,CM-670950,01/01/24,09/07/26,active,10583482,620.18,
C-00573,"Johnston, Jamie",29684,(592) 555-0173,jamie.johnston573@example.com,62570 Paul Spurs Suite 804,Mullinsside,LA,70170,,H-00388,P-00735,Bluepeak,23947LA0250535,ACA,LA,,BP-605339,01/01/2025,12/31/2025,Terminated,7150444,886.35,
C-00573,"Johnston, Jamie",29684,(592) 555-0173,jamie.johnston573@example.com,62570 Paul Spurs Suite 804,Mullinsside,LA,70170,,H-00388,P-00736,Summit Health Plans,93748LA1648408,ACA,LA,,SH-903724,2026-01-01,,ACTIVE,7150444,340.99,
C-00574,"Johnston, Gail",31029,(592) 555-0173,,62570 Paul Spurs Suite 804,Mullinsside,LA,70170,,H-00388,P-00737,Harborline,91959LA3221911,ACA,LA,,HL-518036,01/01/24,,active,7150444,500.02,
C-00575,"Bush, Ann",22166,(519) 555-0165,ann.bush575@example.com,085 Daniel Lakes Suite 905,Gregoryside,IA,52198,1VR9Q96DC16,H-00389,P-00738,Bluepeak,S2489-027-003,PDP,IA,AGE,BP-963565,04/01/2026,,Active,1884412,59.86,
C-00576,"Adams, Erin",20579,(275) 555-0194,erin.adams576@example.com,53817 Karen Trace,West Michael,TX,77367,8R42VH9TR20,H-00390,P-00739,Meridian Care,H8433-015-002,MA,TX,AGE,MC-395175,2023-12-01,2025-06-30,TERMINATED,99847493,49.05,
C-00576,"Adams, Erin",20579,(275) 555-0194,erin.adams576@example.com,53817 Karen Trace,West Michael,TX,77367,8R42VH9TR20,H-00390,P-00740,Cardinal Mutual,H7252-024-002,MA,TX,AGE,CM-900028,07/01/25,,active,99847493,33.03,
C-00577,"Adams, Joshua",24676,(258) 555-0178,joshua.adams577@example.com,53817 Karen Trace,West Michael,TX,77367,,H-00390,P-00741,Meridian Care,76540TX8255969,ACA,TX,,MC-503149,01/01/2024,,Active,99847493,771.46,
C-00578,"Marsh, Sierra",26228,(470) 555-0102,sierra.marsh578@example.com,5778 Theodore Place,Shannonstad,IL,62599,,H-00391,P-00742,Bluepeak,23947IL3400178,ACA,IL,,BP-343388,2024-01-01,,ACTIVE,97102525,744.89,
C-00579,"Crawford, Nancy",20855,(376) 555-0125,nancy.crawford579@example.com,71162 Mullen Club,East Joshuaberg,OH,44191,1H72ED9GA61,H-00392,P-00743,Cardinal Mutual,H8668-005,MA,OH,AGE,CM-619829,05/01/23,,active,1884412,38.31,
C-00580,"Wiggins, Jesse",05/03/1943,(395) 555-0127,jesse.wiggins580@example.com,6827 Fisher Street,West Jaimetown,NE,68715,3XN0F76MV01,H-00393,P-00744,Harborline,H2796-015,MA,NE,AGE,HL-815179,04/01/2024,,Active,33857966,16.78,
C-00581,"Wiggins, Stacey",02/04/1948,(395) 555-0127,,6827 Fisher Street,West Jaimetown,NE,68715,8U18G92DA21,H-00393,P-00745,Summit Health Plans,A,MEDSUPP,NE,AGE,SH-207309,2024-08-01,,ACTIVE,33857966,149.76,
C-00581,"Wiggins, Stacey",02/04/1948,(395) 555-0127,,6827 Fisher Street,West Jaimetown,NE,68715,8U18G92DA21,H-00393,P-00746,Summit Health Plans,S8123-017,PDP,NE,AGE,SH-279956,08/01/24,,active,33857966,73.79,
C-00582,"Roberts, Megan",02/26/1936,(438) 555-0169,megan.roberts582@example.com,9557 Ellis Port Apt. 424,South Nathan,SC,29793,2VG8NR0NJ97,H-00394,P-00747,Northwind Health,L,MEDSUPP,SC,AGE,NW-671052,12/01/2025,,Active,10583482,282.87,
C-00582,"Roberts, Megan",02/26/1936,(438) 555-0169,megan.roberts582@example.com,9557 Ellis Port Apt. 424,South Nathan,SC,29793,2VG8NR0NJ97,H-00394,P-00748,Northwind Health,S6930-013,PDP,SC,AGE,NW-575606,2025-12-01,,ACTIVE,10583482,24.49,
C-00583,"Schwartz, Elizabeth",09/24/1935,(442) 555-0151,elizabeth.schwartz583@example.com,4729 Jennifer Heights,East Mary,ID,83563,,H-00395,P-00749,Meridian Care,H8433-030-002,MA,ID,AGE,MC-820106,08/01/25,,active,77125617,8.59,
C-00584,"Johnson, Logan",07/22/1942,(736) 555-0183,logan.johnson584@example.com,31059 Scott Land,East Anna,CA,94809,8YC8XW4JR99,H-00396,P-00750,Harborline,H2796-005,MA,CA,AGE,HL-992204,11/01/2024,,Active,78490893,3.09,
C-00585,"Cantrell, Mark",05/05/1944,(506) 555-0177,mark.cantrell585@example.com,57828 Martinez Burg Suite 727,Ericside,TX,79169,,H-00397,P-00751,Northwind Health,H5040-029-001,MA,TX,AGE,NW-521164,2026-04-01,,ACTIVE,99847493,44.56,
C-00586,"Griffin, Christopher",05/14/1946,(988) 555-0184,christopher.griffin586@example.com,4929 Morgan Creek Suite 028,West Angelbury,VA,22569,2TU9WU6WF99,H-00398,P-00752,Summit Health Plans,H9797-027,MA,VA,AGE,SH-435666,04/01/24,,active,78490893,10.60,
C-00587,"Ran, Sean",21986,(899) 555-0180,sean.ryan587@example.com,398 Kimberly Trafficway,Jamesland,MO,64895,6C24A15QQ95,H-00399,P-00753,Cardinal Mutual,R9669-006-003,MA,MO,AGE,CM-668087,02/01/2026,,Active,33857966,22.90,
C-00588,"Ryan, Emily",30765,(240) 555-0182,emily.ryan588@example.com,398 Kimberly Trafficway,Jamesland,MO,64895,,H-00399,P-00754,Cardinal Mutual,49117MO7729025,ACA,MO,,CM-305633,2026-01-01,,ACTIVE,33857966,666.51,
C-00588,"Ryan, Emily",30765,(240) 555-0182,emily.ryan588@example.com,398 Kimberly Trafficway,Jamesland,MO,64895,,H-00399,P-00754,Cardinal Mutual,49117MO7729025,ACA,MO,,CM-305633,01/01/26,,active,33857966,678.51,
C-00589,"Baldwin, Ronald",12/11/1936,(601) 555-0128,,637 Morrison Pass,Lake Michaelberg,RI,02881,4I89EN6GK15,H-00400,P-00755,Summit Health Plans,H5371-006,MA,RI,AGE,SH-507976,12/01/2022,,Active,11576383,28.12,
C-00590,"Chandler, Robert",10/15/1934,(427) 555-0188,robert.chandler590@example.com,0455 Madden Well Apt. 376,Robertschester,MO,64575,9EW6PP0UV46,H-00401,P-00756,Harborline,H3504-025,MA,MO,AGE,HL-401260,2024-12-01,,ACTIVE,33857966,55.71,
C-00590,"Chandler, Robert",10/15/1934,(427) 555-0188,robert.chandler590@example.com,0455 Madden Well Apt. 376,Robertschester,MO,64575,9EW6PP0UV46,H-00401,P-00756,Harborline,H3504-025,MA,MO,AGE,HL-401260,12/01/24,,active,33857966,55.71,
C-00591,"Chandler, Mary",11/17/1939,(427) 555-0188,mary.chandler591@example.com,0455 Madden Well Apt. 376,Robertschester,MO,64575,9XD1UY7GC38,H-00401,P-00757,Harborline,R3621-027-001,MA,MO,AGE,HL-320395,10/01/2025,,Active,33857966,29.83,
C-00592,"Fowler, Joshua",20984,(575) 555-0179,,34785 Sarah Ramp,Davischester,KS,67137,7U38EJ6TN00,H-00402,P-00758,Harborline,H2796-010,MA,KS,AGE,HL-136901,2025-10-01,,ACTIVE,13981052,7.13,
C-00593,"Foler, Gregory",07/31/1944,(737) 555-0160,gregory.fowler593@example.com,34785 Sarah Ramp,Davischester,KS,67137,3UA4PF3VV85,H-00402,P-00759,Bluepeak,H3266-014,MA,KS,AGE,BP-440215,02/01/24,,active,13981052,4.78,
C-00594,"Walker, Kylie",20293,(661) 555-0168,kylie.walker594@example.com,923 Marisa Highway Suite 049,Troymouth,TX,79996,6KW5XR5NY42,H-00403,P-00760,Bluepeak,H4593-003,MA,TX,AGE,BP-548903,09/01/2024,,Active,90949389,56.78,
C-00595,"Walker, Eric",35319,(661) 555-0168,,923 Marisa Highway Suite 049,Troymouth,TX,79996,6JX3DJ2EN51,H-00403,P-00761,Harborline,F,MEDSUPP,TX,DISABILITY,HL-135430,2023-02-01,,ACTIVE,90949389,247.45,
C-00595,"Walker, Eric",35319,(661) 555-0168,,923 Marisa Highway Suite 049,Troymouth,TX,79996,6JX3DJ2EN51,H-00403,P-00762,Harborline,S7304-018,PDP,CA,DISABILITY,HL-815123,02/01/23,,active,90949389,34.84,
C-00596,"Walker, Kevin",01/08/1949,(661) 555-0168,kevin.walker596@example.com,923 Marisa Highway Suite 049,Troymouth,TX,79996,8FU3RT7MR20,H-00403,P-00763,Summit Health Plans,H5371-007,MA,TX,AGE,SH-651370,09/01/2022,07/31/2025,Terminated,90949389,5.70,
C-00596,"Walker, Kevin",01/08/1949,(661) 555-0168,kevin.walker596@example.com,923 Marisa Highway Suite 049,Troymouth,TX,79996,8FU3RT7MR20,H-00403,P-00764,Bluepeak,H4593-024,MA,TX,AGE,BP-299673,2025-08-01,,ACTIVE,90949389,10.95,
C-00597,"Burton, Thomas",21631,(293) 555-0166,thomas.burton597@example.com,46273 David Harbor Suite 195,Cunninghamview,IA,52218,5UG3WT5AW27,H-00404,P-00765,Summit Health Plans,H9797-026,MA,IA,AGE,SH-467093,04/01/25,,active,1884412,14.80,
C-00598,"Burton, Heather",12/18/1948,(696) 555-0117,heather.burton598@example.com,46273 David Harbor Suite 195,Cunninghamview,IA,52218,1NF9DV7QW31,H-00404,P-00766,Northwind Health,H9830-004,MA,IA,AGE,NW-591543,02/01/2024,,Active,1884412,52.87,"Daughter Taylor Testperson is the contact, cell (555) 555-0140."
C-00599,"Howard, Brian",10/31/1941,(654) 555-0191,brian.howard599@example.com,8904 Bonnie Drive,Stevenberg,OR,97325,1NG2FX9YH62,H-00405,P-00767,Meridian Care,K,MEDSUPP,OR,AGE,MC-789173,2022-07-01,,ACTIVE,74197857,197.13,
C-00599,"Howard, Brian",10/31/1941,(654) 555-0191,brian.howard599@example.com,8904 Bonnie Drive,Stevenberg,OR,97325,1NG2FX9YH62,H-00405,P-00768,Meridian Care,S9201-021,PDP,OR,AGE,MC-347749,07/01/22,,active,74197857,54.67,
C-00600,"Howard, Michael",33062,(654) 555-0191,michael.howard600@example.com,8904 Bonnie Drive,Stevenberg,OR,97325,,H-00405,P-00769,Summit Health Plans,93748OR9062440,ACA,OR,,SH-435757,01/01/2024,,Active,74197857,416.32,
C-00601,"Nelson, Helen",01/22/1937,(701) 555-0192,,44818 Katie Falls Apt. 928,Moniqueport,MI,49315,5JA9NK4XU91,H-00406,P-00770,Cardinal Mutual,B,MEDSUPP,MI,AGE,CM-560110,2022-12-01,,ACTIVE,13981052,280.79,
C-00601,"Nelson, Helen",01/22/1937,(701) 555-0192,,44818 Katie Falls Apt. 928,Moniqueport,MI,49315,5JA9NK4XU91,H-00406,P-00771,Cardinal Mutual,S1188-015-003,PDP,MI,AGE,CM-269963,12/01/22,,active,13981052,16.44,
C-00602,"Decker, Laura",08/05/1945,(680) 555-0197,laura.decker602@example.com,89520 April Landing Suite 652,East Ericbury,MO,65476,6FX8VJ2FA12,H-00407,P-00772,Harborline,K,MEDSUPP,MO,AGE,HL-674598,03/01/2026,,Active,6831819,107.78,
C-00602,"Decker, Laura",08/05/1945,(680) 555-0197,laura.decker602@example.com,89520 April Landing Suite 652,East Ericbury,MO,65476,6FX8VJ2FA12,H-00407,P-00773,Harborline,S2040-009-001,PDP,MO,AGE,HL-736045,2026-03-01,,ACTIVE,6831819,85.10,
C-00603,"Decker, Angelica",12/14/1941,(680) 555-0197,angelica.decker603@example.com,89520 April Landing Suite 652,East Ericbury,MO,65476,6VP2J08QC03,H-00407,P-00774,Harborline,H2796-027,MA,MO,AGE,HL-996727,02/01/22,06/30/24,terminated,6831819,46.91,
C-00603,"Decker, Angelica",12/14/1941,(680) 555-0197,angelica.decker603@example.com,89520 April Landing Suite 652,East Ericbury,MO,65476,6VP2J08QC03,H-00407,P-00775,Meridian Care,H8433-027-001,MA,MO,AGE,MC-320254,07/01/2024,,Active,6831819,13.35,
C-00604,"Preton, Carla",24934,(295) 555-0138,carla.preston604@example.com,7112 Timothy Inlet,Donmouth,NC,27482,,H-00408,P-00776,Harborline,91959NC8579549,ACA,NC,,HL-159442,2025-01-01,2025-12-31,TERMINATED,74197857,402.77,
C-00604,"Preton, Carla",24934,(295) 555-0138,carla.preston604@example.com,7112 Timothy Inlet,Donmouth,NC,27482,,H-00408,P-00777,Meridian Care,76540NC3293914,ACA,NC,,MC-704555,01/01/26,,active,74197857,156.43,
C-00605,"Preston, Kathryn",12/02/1938,(792) 555-0121,kathryn.preston605@example.com,7112 Timothy Inlet,Donmouth,NC,27482,2FQ0F32EH21,H-00408,P-00778,Meridian Care,H3591-002,MA,NC,AGE,MC-735266,08/01/2025,,Active,74197857,9.43,
C-00606,"Jones, Kim",09/15/1941,(308) 555-0116,kim.jones606@example.com,40132 Hailey Inlet Apt. 321,Vazquezville,CO,81251,9T93H99HC49,H-00409,P-00779,Cardinal Mutual,H7252-022,MA,CO,AGE,CM-577462,2023-01-01,,ACTIVE,5265799,14.65,
C-00607,"Matthews, James",12/20/1934,(841) 555-0167,james.matthews607@example.com,31089 Taylor Glen Apt. 140,Port Davidborough,SD,57297,6AX5FF9MQ20,H-00410,P-00780,Summit Health Plans,H5371-012,MA,SD,AGE,SH-498978,05/01/26,,active,90949389,59.11,Met at the café seminar in the spring.
C-00608,"Matthews, Ellen",22081,(783) 555-0176,ellen.matthews608@example.com,31089 Taylor Glen Apt. 140,Port Davidborough,SD,57297,8A41JT1FK36,H-00410,P-00781,Summit Health Plans,H5371-010,MA,SD,AGE,SH-322311,12/01/2025,,Active,90949389,10.67,
C-00609,"Garcia, Belinda",11/21/1948,(345) 555-0161,belinda.garcia609@example.com,24955 Melissa Tunnel,New Ashley,CO,80403,8KC2YY0TD66,H-00411,P-00782,Northwind Health,S7543-005,PDP,CO,AGE,NW-656843,2025-02-01,,ACTIVE,29898923,51.10,
C-00610,"Garcia, Alexis",20013,(208) 555-0128,alexis.garcia610@example.com,24955 Melissa Tunnel,New Ashley,CO,80403,5CJ0EA9PQ79,H-00411,P-00783,Meridian Care,H8433-020,MA,CO,AGE,MC-488904,02/01/26,,active,29898923,5.31,Call after 2pm.
C-00611,"Wells, Helen",32537,(341) 555-0132,helen.wells611@example.com,342 Teresa Courts,New Melissa,NE,68636,,H-00412,P-00784,Northwind Health,76542NE0740271,ACA,NE,,NW-162283,01/01/2024,09/13/2026,Active,33857966,877.37,
C-00612,"Martinez, Daniel",20864,(228) 555-0194,daniel.martinez612@example.com,1256 Lewis Forks,Rodriguezmouth,SD,57026,2UG6VC8AV15,H-00413,P-00785,Northwind Health,H5040-011,MA,SD,AGE,NW-163755,2024-07-01,,ACTIVE,90949389,57.69,
C-00613,"Martinez, Derek",09/10/1944,(228) 555-0194,derek.martinez613@example.com,1256 Lewis Forks,Rodriguezmouth,SD,57026,1T23ND0MP84,H-00413,P-00786,Harborline,N,MEDSUPP,SD,AGE,HL-283480,08/01/24,,active,90949389,221.27,
C-00613,"Martinez, Derek",09/10/1944,(228) 555-0194,derek.martinez613@example.com,1256 Lewis Forks,Rodriguezmouth,SD,57026,1T23ND0MP84,H-00413,P-00787,Harborline,S2040-001-001,PDP,SD,AGE,HL-290553,08/01/2024,,Active,90949389,76.28,
C-00614,"Perez, Richard",27288,(921) 555-0154,richard.perez614@example.com,480 Mark Crescent Suite 479,Gloriamouth,SC,29754,,H-00414,P-00788,Bluepeak,23947SC3361577,ACA,SC,,BP-264190,2025-01-01,,ACTIVE,10583482,677.66,
C-00615,"Perez, Traci",02/21/1948,(281) 555-0145,traci.perez615@example.com,480 Mark Crescent Suite 479,Gloriamouth,SC,29754,9J62UA0CK66,H-00414,P-00789,Northwind Health,H5040-025,MA,SC,AGE,NW-933726,04/01/24,,active,10583482,5.55,
C-00616,"Garza, Cristian",09/12/1950,(883) 555-0159,cristian.garza616@example.com,17520 Powers Locks Suite 811,South Richard,WA,99062,4W48D69KX05,H-00415,P-00790,Meridian Care,H3591-002,MA,WA,AGE,MC-740216,04/01/2023,12/31/2025,Terminated,99847493,20.93,Asked about dental add-ons at renewal.
C-00616,"Garza, Cristian",09/12/1950,(883) 555-0159,cristian.garza616@example.com,17520 Powers Locks Suite 811,South Richard,WA,99062,4W48D69KX05,H-00415,P-00791,Summit Health Plans,H5371-021-003,MA,WA,AGE,SH-961627,2026-01-01,,ACTIVE,99847493,48.98,
C-00617,"Hubbard, Katie",08/01/1939,(592) 555-0177,katie.hubbard617@example.com,53539 Martinez Villages,Hardyview,VA,23928,5ER6EF3UM07,H-00416,P-00792,Summit Health Plans,S5808-025-001,PDP,VA,AGE,SH-558116,07/01/24,,active,78490893,57.80,Asked about dental add-ons at renewal.
C-00618,"Fuller, Dennis",21425,(471) 555-0121,,657 Archer Pass Suite 271,West Tracybury,KY,41872,3AH7CV7WG11,H-00417,P-00793,Bluepeak,H3266-004,MA,KY,AGE,BP-938007,10/01/2024,09/30/2025,Terminated,61291817,44.70,
C-00618,"Fuller, Dennis",21425,(471) 555-0121,,657 Archer Pass Suite 271,West Tracybury,KY,41872,3AH7CV7WG11,H-00417,P-00794,Northwind Health,H9830-029,MA,KY,AGE,NW-217395,2025-10-01,,ACTIVE,61291817,12.00,
C-00619,"Fuller, Cory",12/03/1936,(317) 555-0178,cory.fuller619@example.com,657 Archer Pass Suite 271,West Tracybury,KY,41872,5VA1W96KM82,H-00417,P-00795,Northwind Health,H9830-017,MA,KY,AGE,NW-873267,11/01/22,,active,61291817,42.03,
C-00620,"Saunders, Laura",21811,(649) 555-0101,laura.saunders620@example.com,70269 Hernandez Road,Port Charleshaven,NE,68947,8NU1G63QX14,H-00418,P-00796,Cardinal Mutual,G,MEDSUPP,NE,AGE,CM-800431,05/01/2026,,Active,33857966,302.32,Met at the café seminar in the spring.
C-00620,"Saunders, Laura",21811,(649) 555-0101,laura.saunders620@example.com,70269 Hernandez Road,Port Charleshaven,NE,68947,8NU1G63QX14,H-00418,P-00797,Cardinal Mutual,S2876-022-001,PDP,NE,AGE,CM-929909,2026-05-01,,ACTIVE,33857966,49.30,
C-00621,"Saunders, James",07/16/1944,(649) 555-0101,james.saunders621@example.com,70269 Hernandez Road,Port Charleshaven,NE,68947,8CK0XP3EK19,H-00418,P-00798,Northwind Health,H9830-029,MA,NE,AGE,NW-773528,04/01/24,,active,33857966,45.20,
C-00622,"Stevens, Antonio",04/03/1948,(908) 555-0170,,8485 Stephanie Bypass Suite 167,Melissamouth,UT,84486,7GM0Y96MY66,H-00419,P-00799,Bluepeak,H3266-001,MA,UT,AGE,BP-575067,11/01/2024,,Active,97102525,21.76,
C-00623,"Hunter, Peter",36237,(212) 555-0119,,276 Larry Loaf Suite 197,Alvarezburgh,KS,66256,,H-00420,P-00800,Summit Health Plans,93748KS4079515,ACA,KS,,SH-388586,2025-01-01,,ACTIVE,13981052,682.97,
C-00624,"James, Ronnie",03/11/1941,(788) 555-0199,ronnie.james624@example.com,695 Flores Burgs Apt. 255,Port Patriciamouth,NY,00564,1RF4QU2VT99,H-00421,P-00801,Northwind Health,R5304010,MA,NY,AGE,NW-324869,05/01/22,07/31/25,terminated,10583482,6.05,
C-00624,"James, Ronnie",03/11/1941,(788) 555-0199,ronnie.james624@example.com,695 Flores Burgs Apt. 255,Port Patriciamouth,NY,00564,1RF4QU2VT99,H-00421,P-00802,Bluepeak,R9348-012,MA,NY,AGE,BP-892189,08/01/2025,,Active,10583482,54.16,
C-00625,"Nguyen, Steven",02/01/1952,(201) 555-0143,steven.nguyen625@example.com,5033 Deborah Ramp Apt. 141,Geoffreyside,AR,72926,4C94NW8EQ50,H-00422,P-00803,Harborline,H3504-004,MA,AR,AGE,HL-202090,2022-11-01,2024-09-30,TERMINATED,44524491,50.48,
C-00625,"Nguyen, Steven",02/01/1952,(201) 555-0143,steven.nguyen625@example.com,5033 Deborah Ramp Apt. 141,Geoffreyside,AR,72926,4C94NW8EQ50,H-00422,P-00804,Summit Health Plans,H9797-023,MA,AR,AGE,SH-386890,10/01/24,,active,44524491,23.68,
C-00626,"Nguyen, Michelle",25264,(932) 555-0152,michelle.nguyen626@example.com,5033 Deborah Ramp Apt. 141,Geoffreyside,AR,72926,,H-00422,P-00805,Meridian Care,76540AR8124192,ACA,AR,,MC-909919,01/01/2025,12/31/2025,Terminated,44524491,235.63,
C-00626,"Nguyen, Michelle",25264,(932) 555-0152,michelle.nguyen626@example.com,5033 Deborah Ramp Apt. 141,Geoffreyside,AR,72926,,H-00422,P-00806,Summit Health Plans,93748AR2126969,ACA,AR,,SH-723427,2026-01-01,,ACTIVE,44524491,489.07,
C-00627,"Crawford, Lisa",12/24/1943,(947) 555-0100,lisa.crawford627@example.com,0790 Gray Loaf Suite 917,Lake Emilymouth,MO,65069,8KR8E53NY26,H-00423,P-00807,Harborline,H2796-023,MA,MO,AGE,HL-515055,05/01/25,04/30/26,terminated,33857966,47.65,Call after 2pm.
C-00627,"Crawford, Lisa",12/24/1943,(947) 555-0100,lisa.crawford627@example.com,0790 Gray Loaf Suite 917,Lake Emilymouth,MO,65069,8KR8E53NY26,H-00423,P-00808,Meridian Care,H8433-019,MA,MO,AGE,MC-822142,05/01/2026,,Active,33857966,25.58,Call after 2pm.
C-00628,"Crawford, Elizabeth",05/21/1942,(876) 555-0106,elizabeth.crawford628@example.com,0790 Gray Loaf Suite 917,Lake Emilymouth,MO,65069,3Y12C77PJ60,H-00423,P-00809,Northwind Health,G,MEDSUPP,MO,AGE,NW-182424,2023-11-01,,ACTIVE,33857966,245.47,
C-00628,"Crawford, Elizabeth",05/21/1942,(876) 555-0106,elizabeth.crawford628@example.com,0790 Gray Loaf Suite 917,Lake Emilymouth,MO,65069,3Y12C77PJ60,H-00423,P-00810,Northwind Health,S7543008,PDP,MO,AGE,NW-317203,11/01/23,,active,33857966,69.69,
C-00629,"Mitchell, Brandon",36171,(864) 555-0116,brandon.mitchell629@example.com,456 Tyler Vista,Port Melissaborough,MO,64690,,H-00424,P-00811,Summit Health Plans,93748MO0936359,ACA,MO,,SH-609092,01/01/2025,12/31/2025,Terminated,6831819,646.74,
C-00629,"Mitchell, Brandon",36171,(864) 555-0116,brandon.mitchell629@example.com,456 Tyler Vista,Port Melissaborough,MO,64690,,H-00424,P-00812,Northwind Health,76542MO0824629,ACA,MO,,NW-722977,2026-01-01,,CANCELLED,6831819,182.47,
C-00630,"Mitchell, Wendy",12/09/1943,(864) 555-0116,wendy.mitchell630@example.com,456 Tyler Vista,Port Melissaborough,MO,64690,7Q14WY6RU60,H-00424,P-00813,Cardinal Mutual,H8668-014-002,MA,MO,AGE,CM-613832,09/01/23,,active,6831819,29.83,
C-00631,"Brock, Ryan",31208,(516) 555-0198,ryan.brock631@example.com,91919 Nelson Port Suite 635,Lake Madisonhaven,DC,20557,,H-00425,P-00814,Summit Health Plans,93748DC0484716,ACA,DC,,SH-237212,01/01/2025,12/31/2025,Terminated,6831819,707.25,
C-00631,"Brock, Ryan",31208,(516) 555-0198,ryan.brock631@example.com,91919 Nelson Port Suite 635,Lake Madisonhaven,DC,20557,,H-00425,P-00815,Bluepeak,23947DC6199679,ACA,DC,,BP-937738,2026-01-01,,ACTIVE,6831819,488.28,
C-00632,"Adams, Dana",28957,(256) 555-0113,dana.adams632@example.com,66498 Powers Plaza Apt. 082,Lewismouth,CA,95681,,H-00426,P-00816,Harborline,91959CA5822087,ACA,CA,,HL-156307,01/01/25,12/31/25,terminated,78O90893,450.02,
C-00632,"Adams, Dana",28957,(256) 555-0113,dana.adams632@example.com,66498 Powers Plaza Apt. 082,Lewismouth,CA,95681,,H-00426,P-00817,Northwind Health,76542CA7138632,ACA,CA,,NW-997135,01/01/2026,,Active,78490893,360.06,
C-99760,,,,,,,,,,,P-00818,Harborline,S2040-003,PDP,CA,AGE,HL-993163,2022-12-01,,ACTIVE,78490893,66.03,
C-00634,"Walters, Meghan",21167,(855) 555-0149,meghan.walters634@example.com,083 Ford Garden Apt. 466,Michelleland,MO,65866,9QU7WF3DG99,H-00427,P-00819,Cardinal Mutual,H8668-015,MA,MO,AGE,CM-853169,05/01/25,04/30/26,terminated,29898923,11.05,
C-00634,"Walters, Meghan",21167,(855) 555-0149,meghan.walters634@example.com,083 Ford Garden Apt. 466,Michelleland,MO,65866,9QU7WF3DG99,H-00427,P-00820,Summit Health Plans,H5371-003,MA,MO,AGE,SH-865929,05/01/2026,,Active,29898923,12.06,
C-00635,"Henderson, Rebecca",06/07/1950,(458) 555-0129,rebecca.henderson635@example.com,2493 Allen Drive Apt. 034,Washingtonchester,IL,77667,7WC7WP2PK82,H-00428,P-00821,Bluepeak,H4593-017,MA,IL,AGE,BP-365518,2023-08-01,,ACTIVE,97102525,26.56,
C-00636,"Henderson, James",09/07/1952,(458) 555-0129,,2493 Allen Drive Apt. 034,Washingtonchester,IL,60667,5M05M07NF31,H-00428,P-00822,Bluepeak,H3266-010-003,MA,IL,AGE,BP-744640,08/01/22,,active,97102525,44.01,
C-00637,"Mosley, Emily",06/18/1948,(662) 555-0156,emily.mosley637@example.com,04482 Tamara Oval Apt. 015,Michellechester,KY,42410,3UG0H78WQ21,H-00429,P-00823,Harborline,G,MEDSUPP,KY,AGE,HL-669273,07/01/2024,,Active,43339391,304.64,
C-00637,"Mosley, Emily",06/18/1948,(662) 555-0156,emily.mosley637@example.com,04482 Tamara Oval Apt. 015,Michellechester,KY,42410,3UG0H78WQ21,H-00429,P-00824,Harborline,S7304-008-001,PDP,KY,AGE,HL-367313,2024-07-01,,ACTIVE,43339391,11.83,
C-00638,"Young, David",07/19/1934,(824) 555-0129,,2319 Alejandra Village,Tylerland,MD,20649,6J84AC1VD67,H-00430,P-00825,Summit Health Plans,H9797-027,MA,MD,AGE,SH-462115,07/01/24,,active,77125617,34.81,
C-00639,"Henry, Nicholas",20822,(569) 555-0133,nicholas.henry639@example.com,9636 Drew Extensions Apt. 476,Michelleton,CT,06485,6DU9YH7WE05,H-00431,P-00826,Summit Health Plans,H5371-028-002,MA,CT,AGE,SH-871061,05/01/2023,12/31/2025,See notes,29898923,44.14,
C-00639,"Henry, Nicholas",20822,(569) 555-0133,nicholas.henry639@example.com,9636 Drew Extensions Apt. 476,Michelleton,CT,06485,6DU9YH7WE05,H-00431,P-00827,Cardinal Mutual,R5119-019,MA,CT,AGE,CM-639484,2026-01-01,,ACTIVE,29898923,43.22,
C-00640,"Underwood, Andrew",27615,(693) 555-0174,andrew.underwood640@example.com,8673 Suarez Drive,Thomasstad,ID,83440,,H-00432,P-00828,Harborline,91959ID6322362,ACA,ID,,HL-138198,01/01/24,,active,77125617,454.80,
C-00641,"Nichols, Joel",11/30/1942,(380) 555-0134,joel.nichols641@example.com,034 Parker Squares,Rebeccaville,NE,69232,9JJ9EF1WU06,H-00433,P-00829,Bluepeak,R9348-023-001,MA,NE,AGE,BP-684104,05/01/2026,,Active,54100814,47.35,
C-00642,"Mccormick, Joshua",22182,(320) 555-0101,joshua.mccormick642@example.com,0644 Sharon Throughway Apt. 432,Welchchester,MT,59105,8RQ1C90VY87,H-00434,P-00830,Northwind Health,H9830-007,MA,MT,AGE,NW-502355,2026-04-01,,ACTIVE,97102525,30.52,
C-00643,"Fisher, Jessica",08/19/1938,(497) 555-0140,jessica.fisher643@example.com,7656 Madison Square,Williamstad,KS,93370,8KR8FH5MR95,H-00435,P-00831,Northwind Health,H5040-015,MA,KS,AGE,NW-291238,07/01/22,08/31/23,terminated,13981052,33.11,
C-00643,"Fisher, Jessica",08/19/1938,(497) 555-0140,jessica.fisher643@example.com,7656 Madison Square,Williamstad,KS,93370,8KR8FH5MR95,H-00435,P-00832,Bluepeak,H3266-011,MA,KS,AGE,BP-497608,09/01/2023,,Active,13981052,48.19,
C-00644,"Bradford, Gina",03/16/1937,(248) 555-0155,gina.bradford644@example.com,0027 Aaron Flats Suite 591,East Johnberg,OR,97088,1Q95M71DJ40,H-00436,P-00833,Harborline,H3504-025,MA,OR,AGE,HL-592236,2024-05-01,2025-12-31,TERMINATED,74197857,50.67,
C-00644,"Bradford, Gina",03/16/1937,(248) 555-0155,gina.bradford644@example.com,0027 Aaron Flats Suite 591,East Johnberg,OR,97088,1Q95M71DJ40,H-00436,P-00834,Northwind Health,H9830-025,MA,OR,AGE,NW-897136,01/01/26,,active,74197857,46.01,
C-00645,"Brdford, Laura",25739,(248) 555-0155,laura.bradford645@example.com,0027 Aaron Flats Suite 591,East Johnberg,OR,97088,,H-00436,P-00835,Meridian Care,76540OR9520534,ACA,OR,,MC-752036,01/01/2026,,Active,74197857,890.03,
C-00646,"Walker, Stacy",11/11/1943,(741) 555-0129,stacy.walker646@example.com,7242 Marsh Flat Apt. 652,Waltershire,UT,84701,,H-00437,P-00836,Summit Health Plans,H9797-023,MA,UT,AGE,SH-348247,2022-05-01,,ACTIVE,97102525,48.71,
C-00647,"Jackson, Ashley",01/08/1940,(919) 555-0197,,73420 Williamson Rapid,Edwardstad,DE,19755,3QA4DW0XP21,H-00438,P-00837,Cardinal Mutual,H8668-004,MA,DE,AGE,CM-610297,03/01/26,,active,4356886,37.72,
C-00648,"Jackson, Alexis",21116,(700) 555-0137,alexis.jackson648@example.com,73420 Williamson Rapid,Edwardstad,DE,19755,,H-00438,P-00838,Cardinal Mutual,N,MEDSUPP,DE,AGE,CM-270623,07/01/2023,,Active,4356886,148.00,
C-00648,"Jackson, Alexis",21116,(700) 555-0137,alexis.jackson648@example.com,73420 Williamson Rapid,Edwardstad,DE,19755,,H-00438,P-00839,Cardinal Mutual,S2876-017-002,PDP,DE,AGE,CM-571103,2023-07-01,,ACTIVE,4356886,17.19,
C-00649,"Greene, Wanda",25665,(582) 555-0162,,7133 Sophia Via Suite 476,South Melissa,NJ,08134,,H-00439,P-00840,Northwind Health,76542NJ5351268,ACA,NJ,,NW-917367,01/01/25,12/31/25,terminated,77125617,720.31,
C-00649,"Greene, Wanda",25665,(582) 555-0162,,7133 Sophia Via Suite 476,South Melissa,NJ,08134,,H-00439,P-00841,Meridian Care,76540NJ2120959,ACA,NJ,,MC-985964,01/01/2026,,Active,77125617,153.78,
C-00650,"Aguilar, Deborah",21792,(425) 555-0190,,362 Sparks Burgs Suite 439,Solomonstad,IA,51163,7KC7GH2KU28,H-00440,P-00842,Summit Health Plans,R2827-001,MA,IA,AGE,SH-193280,2025-02-01,,ACTIVE,1884412,4.78,
C-00651,"Aguilar, Christopher",26480,(201) 555-0190,christopher.aguilar651@example.com,362 Sparks Burgs Suite 439,Solomonstad,IA,51163,,H-00440,P-00843,Bluepeak,23947IA1511450,ACA,IA,,BP-540071,01/01/25,,active,1884412,328.58,
C-00652,"Smith, William",10/10/1939,(261) 555-0111,william.smith652@example.com,56366 Jones Point Apt. 053,Odonnellton,VA,20161,6AY2T81DN26,H-00441,P-00844,Meridian Care,S3927-008,PDP,VA,AGE,MC-155826,06/01/2022,,Active,78490893,77.18,
C-00653,"Page, Ryan",24952,(205) 555-0161,ryan.page653@example.com,6528 Beverly Green Apt. 875,Andersonmouth,IA,50104,,H-00442,P-00845,Meridian Care,76540IA1453304,ACA,IA,,MC-701885,2026-01-01,,ACTIVE,1884412,810.83,Client read out driver license TEST60026 on the call.
C-00654,"Page, Jorge",30964,(674) 555-0109,,6528 Beverly Green Apt. 875,Andersonmouth,IA,50104,,H-00442,P-00846,Summit Health Plans,93748IA8756078,ACA,IA,,SH-533276,01/01/24,,active,1884412,763.84,Prefers mail over phone.
C-00655,"Page, Lawrence",04/08/1947,(674) 555-0109,lawrence.page655@example.com,6528 Beverly Green Apt. 875,Andersonmouth,IA,50104,8ER1Y58FU34,H-00442,P-00847,Summit Health Plans,H9797-002-003,MA,IA,AGE,SH-448431,04/01/2026,,Active,1884412,21.12,
C-00656,"Stafford, Leslie",21220,(419) 555-0193,leslie.stafford656@example.com,4564 Austin Trace,Zacharychester,OH,45471,5V43N72RV06,H-00443,P-00848,Summit Health Plans,S8123-015,PDP,OH,AGE,SH-716862,2024-08-01,,ACTIVE,1884412,36.74,
C-00657,"Williams, Mike",20201,(592) 555-0180,,87032 Jerry Camp Suite 427,Wilsonfort,ME,04338,5Q92WC5NC77,H-00444,P-00849,Meridian Care,H8433-020,MA,ME,AGE,MC-469559,06/01/23,,active,94702683,27.48,
C-00658,"Lewis, Whitney",38322,(779) 555-0123,,7121 Davis Ways Suite 228,Annashire,SC,29226,,H-00445,P-00850,Northwind Health,76542SC0713118,ACA,SC,,NW-759495,01/01/2025,,Active,11576383,796.68,
C-00659,"Long, Brittany",20858,(598) 555-0112,brittany.long659@example.com,926 John Parks,West Anthonyville,DE,19976,1FN4T16CG20,H-00446,P-00851,Meridian Care,R1053-011,MA,DE,AGE,MC-832569,2024-04-01,,ACTIVE,54100814,21.95,
C-00660,"Nguyen, Jessica",31032,(883) 555-0117,,2017 Gibson Grove,West Taramouth,CA,90010,,H-00447,P-00852,Bluepeak,23947CA7007520,ACA,CA,,BP-182774,01/01/24,,active,43339391,216.55,
C-00661,"Nguyen, Jessica",06/30/1937,(556) 555-0183,jessica.nguyen661@example.com,2017 Gibson Grove,West Taramouth,CA,90010,5T09NC7MC71,H-00447,P-00853,Cardinal Mutual,H8668-020,MA,CA,AGE,CM-151922,01/01/2026,,Active,43339391,45.11,
C-00662,"Glenn, Christopher",07/05/1948,(837) 555-0127,,04501 Davis Glens,East Tammy,NJ,07029,1H29EA4PF03,H-00448,P-00854,Northwind Health,H9830-003,MA,NJ,AGE,NW-669126,2024-04-01,,ACTIVE,77125617,5.89,
C-00663,"Glenn, Melissa",20981,(545) 555-0178,melissa.glenn663@example.com,04501 Davis Glens,East Tammy,NJ,07029,3WP5J95XN20,H-00448,P-00855,Cardinal Mutual,G,MEDSUPP,NJ,AGE,CM-162206,06/01/24,,active,77125617,100.89,
C-00663,"Glenn, Melissa",20981,(545) 555-0178,melissa.glenn663@example.com,04501 Davis Glens,East Tammy,NJ,07029,3WP5J95XN20,H-00448,P-00856,Cardinal Mutual,S2876-019,PDP,NJ,AGE,CM-775414,06/01/2024,,Cancelled,77125617,7.13,
C-00664,"Howard, Cody",05/20/1945,(261) 555-0109,cody.howard664@example.com,6421 Henry Meadows,Rebeccaberg,VA,24570,4UV4F23HX44,H-00449,P-00857,Meridian Care,H3591-001,MA,VA,AGE,MC-614616,2025-02-01,,ACTIVE,78490893,32.16,
C-00665,"Davis, William",22153,(209) 555-0127,,377 Alvarez Port Suite 165,South Crystal,CA,92241,6KF6GM1TW42,H-00450,P-00858,Meridian Care,H3591-008,MA,CA,AGE,MC-422662,09/01/25,,active,78490893,18.13,
C-00666,"Davis, Teresa",09/15/1937,(209) 555-0127,teresa.davis666@example.com,377 Alvarez Port Suite 165,South Crystal,CA,92241,7CP3A08WR84,H-00450,P-00859,Northwind Health,H5040-003,MA,CA,AGE,NW-511652,04/01/2023,,Active,78490893,31.45,
C-00667,"Joyce, Gabrielle",04/13/1946,(777) 555-0171,gabrielle.joyce667@example.com,278 Kelly Mews,Port Timberg,FL,33900,9TN9GD2XX64,H-00451,P-00860,Cardinal Mutual,H8668-022-001,MA,FL,AGE,CM-936071,2022-11-01,,ACTIVE,9934332,14.67,
C-00668,"Joyce, Kevin",02/09/1954,(489) 555-0186,kevin.joyce668@example.com,278 Kelly Mews,Port Timberg,FL,33900,2KT7A29FA71,H-00451,P-00861,Bluepeak,H4593-006,MA,FL,AGE,BP-552407,06/01/22,03/31/25,terminated,94702683,15.48,
C-00668,"Joyce, Kevin",02/09/1954,(489) 555-0186,kevin.joyce668@example.com,278 Kelly Mews,Port Timberg,FL,33900,2KT7A29FA71,H-00451,P-00862,Harborline,H2796-003,MA,FL,AGE,HL-649907,04/01/2025,,Active,94702683,28.88,
C-00669,"Marshall, Jennifer",29936,(205) 555-0187,jennifer.marshall669@example.com,649 Andrea Cape,New Rogerville,UT,84792,,H-00452,P-00863,Northwind Health,76542UT8441169,ACA,UT,,NW-321706,2025-01-01,2025-12-31,TERMINATED,90949389,722.16,
C-00669,"Marshall, Jennifer",29936,(205) 555-0187,jennifer.marshall669@example.com,649 Andrea Cape,New Rogerville,UT,84792,,H-00452,P-00864,Meridian Care,76540UT6231534,ACA,UT,,MC-676966,01/01/26,,active,90949389,585.57,
C-00670,"Marshall, Lisa",24952,(205) 555-0187,lisa.marshall670@example.com,649 Andrea Cape,New Rogerville,UT,84792,,H-00452,P-00865,Bluepeak,23947UT1580352,ACA,UT,,BP-683021,01/01/2025,,Active,90949389,650.32,
C-00671,"Edwards, Jennifer",24636,(548) 555-0130,,9180 Joy Mountain Apt. 260,South Nancyport,TX,79798,,H-00453,P-00866,Bluepeak,23947TX8531555,ACA,TX,,BP-280751,2026-01-01,,ACTIVE,99847493,778.61,
C-00672,"Jackson, Thomas",20643,(689) 555-0120,thomas.jackson672@example.com,452 Jacob Summit Suite 168,North Randalltown,CT,06406,3WH9MW2JF20,H-00454,P-00867,Northwind Health,N,MEDSUPP,CT,AGE,NW-610944,05/01/23,,active,29898923,181.33,
C-00672,"Jackson, Thomas",20643,(689) 555-0120,thomas.jackson672@example.com,452 Jacob Summit Suite 168,North Randalltown,CT,06406,3WH9MW2JF20,H-00454,P-00868,Northwind Health,S7543-024,PDP,CT,AGE,NW-885704,05/01/2023,,Active,29898923,26.57,Asked about dental add-ons at renewal.
C-00673,"Cabrera, Heather",10/09/1951,(569) 555-0173,heather.cabrera673@example.com,974 Vazquez Spurs Suite 412,North James,DE,19753,1FC3CK2JF27,H-00455,P-00869,Bluepeak,H4593-002-003,MA,DE,AGE,BP-627788,2024-08-01,2025-12-31,TERMINATED,54100814,10.70,
C-00673,"Cabrera, Heather",10/09/1951,(569) 555-0173,heather.cabrera673@example.com,974 Vazquez Spurs Suite 412,North James,DE,19753,1FC3CK2JF27,H-00455,P-00870,Northwind Health,H5040-014,MA,DE,AGE,NW-515102,01/01/26,,active,54100814,20.76,
C-00674,"Johnson, Gabriel",04/02/1946,(810) 555-0129,gabriel.johnson674@example.com,37236 Christopher Trail,Hernandezchester,DE,19891,9JF1A02YD61,H-00456,P-00871,Harborline,H2796-028,MA,DE,AGE,HL-710313,07/01/2024,,Active,4356886,13.03,
C-00675,"Gallegos, Peter",32383,(602) 555-0120,peter.gallegos675@example.com,777 Michelle Prairie,East Kenneth,AK,99533,,H-00457,P-00872,Bluepeak,23947AK1988359,ACA,AK,,BP-610497,2024-01-01,,ACTIVE,61291817,700.23,
C-00676,"Gallegos, Matthew",03/08/1949,(454) 555-0194,matthew.gallegos676@example.com,777 Michelle Prairie,East Kenneth,AK,99533,7QT0QJ6FD98,H-00457,P-00873,Cardinal Mutual,F,MEDSUPP,AK,AGE,CM-163380,04/01/26,,active,61291817,208.51,
C-00676,"Gallegos, Matthew",03/08/1949,(454) 555-0194,matthew.gallegos676@example.com,777 Michelle Prairie,East Kenneth,AK,99533,7QT0QJ6FD98,H-00457,P-00874,Cardinal Mutual,S2876-025,PDP,AK,AGE,CM-415100,04/01/2026,,Cancelled,61291817,46.73,
C-00677,"Hall, Bruce",12/15/1952,(902) 555-0139,bruce.hall677@example.com,667 Johnson Locks,Palmerfort,MO,64525,7GT3F72QF61,H-00458,P-00875,Harborline,H2796-030-002,MA,MO,AGE,HL-786341,2022-06-01,,ACTIVE,32244663,28.14,
C-00678,"West, Ryan",26613,(241) 555-0168,ryan.west678@example.com,9581 Orozco Mall,Wilsonstad,NJ,07886,,H-00459,P-00876,Meridian Care,76540NJ1645611,ACA,NJ,,MC-254684,01/01/26,,active,77125617,684.20,
C-00679,"West, Evan",08/19/1938,(785) 555-0187,evan.west679@example.com,9581 Orozco Mall,Wilsonstad,NJ,07886,4HW5J82MT25,H-00459,P-00877,Northwind Health,H5040-008,MA,NJ,AGE,NW-312134,07/01/2025,,Active,77125617,21.35,Client prefers materials en español.
C-00680,"West, Jessica",33108,(355) 555-0112,,9581 Orozco Mall,Wilsonstad,NJ,07886,,H-00459,P-00878,Summit Health Plans,93748NJ8380357,ACA,NJ,,SH-129349,2026-01-01,,ACTIVE,77125617,681.71,Prefers mail over phone.
C-00681,"Flynn, Lauren",10/21/1941,(946) 555-0149,lauren.flynn681@example.com,7383 Dorsey Walk Suite 246,Whitakerstad,KS,67259,8QX4NH5JR59,H-00460,P-00879,Harborline,K,MEDSUPP,KS,AGE,HL-863503,07/01/24,,active,54100814,216.70,
C-00681,"Flynn, Lauren",10/21/1941,(946) 555-0149,lauren.flynn681@example.com,7383 Dorsey Walk Suite 246,Whitakerstad,KS,67259,8QX4NH5JR59,H-00460,P-00880,Harborline,S7304-026,PDP,KS,AGE,HL-551839,07/01/2024,,Active,54100814,15.41,
C-00682,"Leon, Sherry",25850,(787) 555-0142,,341 Anderson Flats,New Travis,CO,80222,,H-00461,P-00881,Harborline,91959CO8523590,ACA,CO,,HL-954344,2026-01-01,,ACTIVE,29898923,264.73,
C-00683,"Wilson, Jeremy",02/15/1949,(581) 555-0173,,3380 Michael Green Suite 228,Port Brycechester,UT,84241,4AT4FJ5XE42,H-00462,P-00882,Harborline,H3504-021,MA,UT,AGE,HL-711866,01/01/24,03/31/25,terminated,97102525,44.60,
C-00683,"Wilson, Jeremy",02/15/1949,(581) 555-0173,,3380 Michael Green Suite 228,Port Brycechester,UT,84241,4AT4FJ5XE42,H-00462,P-00883,Bluepeak,H4593-014,MA,UT,AGE,BP-415618,04/01/2025,,Active,97102525,9.53,
C-00684,"Lloyd, Sydney",08/09/1953,(898) 555-0102,sydney.lloyd684@example.com,4550 Kemp Walk,Lake Brentmouth,KS,66157,2UV5GF1DP87,H-00463,P-00884,Summit Health Plans,H9797-012,MA,KS,AGE,SH-392930,2022-06-01,,ACTIVE,13981052,53.89,
C-00685,"Lloyd, Katelyn",02/08/1935,(781) 555-0152,,4550 Kemp Walk,Lake Brentmouth,KS,66157,8CE7H02AV65,H-00463,P-00885,Bluepeak,H3266-015,MA,KS,AGE,BP-705347,12/01/25,,active,13981052,10.81,
C-00686,"Moore, Kelly",33913,(982) 555-0180,kelly.moore686@example.com,918 William Expressway,Port Jamiestad,VA,23224,,H-00464,P-00886,Cardinal Mutual,H7252-010,MA,SC,DISABILITY,CM-435322,02/01/2022,,Active,78490893,15.26,
C-00687,"Moore, Scott",20877,(400) 555-0159,scott.moore687@example.com,918 William Expressway,Port Jamiestad,VA,23224,2H46V51UG03,H-00464,P-00887,Bluepeak,H3266-023,MA,VA,AGE,BP-643264,2022-10-01,,ACTIVE,78490893,12.62,
C-00688,"Peterson, William",05/28/1935,(391) 555-0173,william.peterson688@example.com,125 Fuentes Crossing Apt. 760,Port Lisa,IL,61982,6H93FG2TJ93,H-00465,P-00888,Summit Health Plans,R2827-028-002,MA,IL,AGE,SH-824765,10/01/24,,active,97102525,38.80,
C-00689,"Peterson, Christopher",02/27/1953,(391) 555-0173,christopher.peterson689@example.com,125 Fuentes Crossing Apt. 760,Port Lisa,IL,61982,1UQ1CW7CV26,H-00465,P-00889,Cardinal Mutual,H7252-027,MA,IL,AGE,CM-499646,03/01/2025,,Active,97102525,16.37,
C-00690,"Crane, Zachary",12/22/1937,(360) 555-0150,,653 Karen Pines Suite 326,Hardinmouth,CO,81515,9G21U16KW46,H-00466,P-00890,Harborline,H2796-005,MA,CO,AGE,HL-327216,2024-07-01,2025-09-30,TERMINATED,5265799,17.18,
C-00690,"Crane, Zachary",12/22/1937,(360) 555-0150,,653 Karen Pines Suite 326,Hardinmouth,CO,81515,9G21U16KW46,H-00466,P-00891,Bluepeak,H4593-021,MA,CO,AGE,BP-891026,10/01/25,,active,5265799,8.69,
C-00691,"Orr, Brian",07/15/1942,(881) 555-0187,brian.orr691@example.com,72081 Matthew Locks Apt. 606,Lake Sandraberg,MI,48444,3G35QC6GY53,H-00467,P-00892,Meridian Care,G,MEDSUPP,MI,AGE,MC-354010,12/01/2023,,Active,13981052,217.66,
C-00691,"Orr, Brian",07/15/1942,(881) 555-0187,brian.orr691@example.com,72081 Matthew Locks Apt. 606,Lake Sandraberg,MI,48444,3G35QC6GY53,H-00467,P-00893,Meridian Care,S3927-028,PDP,MI,AGE,MC-169907,2023-12-01,,ACTIVE,13981052,45.08,
C-00692,"Rowe, Nicole",21942,(435) 555-0171,,6845 Smith Harbors Apt. 673,Terryfurt,GA,30850,2WN2A81JQ26,H-00468,P-00894,Summit Health Plans,S8123-008,PDP,GA,AGE,SH-788758,03/01/25,,active,10583482,82.58,
C-00693,"Johnson, Pamela",08/25/1942,(842) 555-0184,pamela.johnson693@example.com,85628 Lewis Pass,Adrienneburgh,CA,92193,2R34DD9NN64,H-00469,P-00895,Summit Health Plans,H5371-019,MA,CA,AGE,SH-719639,02/01/2022,,Cancelled,78490893,17.32,
C-00694,"Johnson, Amber",28119,(484) 555-0160,,85628 Lewis Pass,Adrienneburgh,CA,92193,,H-00469,P-00896,Northwind Health,76542CA8005422,ACA,CA,,NW-950608,2025-01-01,2025-12-31,TERMINATED,78490893,150.69,
C-00694,"Johnson, Amber",28119,(484) 555-0160,,85628 Lewis Pass,Adrienneburgh,CA,92193,,H-00469,P-00897,Harborline,91959CA0304676,ACA,CA,,HL-276923,01/01/26,,active,78490893,482.42,
C-00695,"Chavez, Tonya",10/28/1934,(868) 555-0163,tonya.chavez695@example.com,46810 Green Parkways Suite 101,Evanstown,IL,60279,4XJ6YQ7WX76,H-00470,P-00898,Summit Health Plans,H5371-016-001,MA,IL,AGE,SH-342561,03/01/2022,02/28/2026,??,97102525,39.63,
C-00695,"Chavez, Tonya",10/28/1934,(868) 555-0163,tonya.chavez695@example.com,46810 Green Parkways Suite 101,Evanstown,IL,60279,4XJ6YQ7WX76,H-00470,P-00899,Northwind Health,R5304-005,MA,IL,AGE,NW-783707,2026-03-01,,ACTIVE,97102525,35.86,
C-00696,"Chavez, Linda",10/10/1949,(868) 555-0163,linda.chavez696@example.com,46810 Green Parkways Suite 101,Evanstown,IL,06379,8WR5J63XM31,H-00470,P-00900,Summit Health Plans,H5371-011,MA,IL,AGE,SH-297526,11/01/26,,pending,97102525,25.29,
C-00697,"Carson, Michael",08/27/1942,(439) 555-0115,michael.carson697@example.com,4492 Stone Gateway,West Zacharyborough,UT,84523,6U56KM9TM70,H-00471,P-00901,Northwind Health,H9830-013-003,MA,UT,AGE,NW-424205,10/01/2025,,Active,90949389,25.08,Client prefers materials en español.
C-00698,"Carson, Corey",05/02/1948,(439) 555-0115,corey.carson698@example.com,4492 Stone Gateway,West Zacharyborough,UT,84523,5DR3Q85RC45,H-00471,P-00902,Northwind Health,H5040-016-002,MA,UT,AGE,NW-139463,2022-03-01,,ACTIVE,90949389,16.31,
C-00699,"Porter, Rodney",21403,(780) 555-0183,rodney.porter699@example.com,1106 Thomas Mission Apt. 586,Wigginsshire,NE,68572,7JN3C25XT02,H-00472,P-00903,Harborline,H3504-014-001,MA,NE,AGE,HL-316394,08/01/25,,active,54100814,55.24,
C-00700,"Johnson, Eric",12/14/1942,(827) 555-0150,eric.johnson700@example.com,762 William Oval Suite 288,Lake Jasonfort,KS,66240,5R16JM5KM34,H-00473,P-00904,Harborline,H3504-020,MA,KS,AGE,HL-514734,10/01/2025,,Active,13O81052,9.93,
C-00701,"Johnson, Angelica",11/25/1935,(829) 555-0137,angelica.johnson701@example.com,762 William Oval Suite 288,Lake Jasonfort,KS,66240,5KX7MJ9KR40,H-00473,P-00905,Meridian Care,H3591-019-001,MA,KS,AGE,MC-624816,2024-10-01,,ACTIVE,13981052,26.88,
C-00702,"Ritter, Kevin",12/08/1943,(477) 555-0112,kevin.ritter702@example.com,611 Armstrong Canyon,North Nathan,PA,19627,2A89TF0GE70,H-00474,P-00906,Harborline,H3504-007,MA,PA,AGE,HL-760914,07/01/24,,active,18O4412,23.51,
C-00703,"Ritter, Todd",12/06/1942,(790) 555-0185,todd.ritter703@example.com,611 Armstrong Canyon,North Nathan,PA,19627,1JA0MK9RM61,H-00474,P-00907,Summit Health Plans,H9797-029,MA,PA,AGE,SH-211816,10/01/2022,11/30/2024,Terminated,1884412,29.14,
C-00703,"Ritter, Todd",12/06/1942,(790) 555-0185,todd.ritter703@example.com,611 Armstrong Canyon,North Nathan,PA,19627,1JA0MK9RM61,H-00474,P-00908,Bluepeak,H3266-028-002,MA,PA,AGE,BP-473543,2024-12-01,,ACTIVE,1884412,32.23,
C-00704,"Ritter, Kylie",06/26/1948,(790) 555-0185,kylie.ritter704@example.com,611 Armstrong Canyon,North Nathan,PA,19627,8AW6D99YH14,H-00474,P-00909,Harborline,H,MEDSUPP,PA,AGE,HL-298340,10/01/25,,active,1884412,187.76,
C-00704,"Ritter, Kylie",06/26/1948,(790) 555-0185,kylie.ritter704@example.com,611 Armstrong Canyon,North Nathan,PA,19627,8AW6D99YH14,H-00474,P-00910,Harborline,S7304-013-002,PDP,PA,AGE,HL-188753,10/01/2025,,Active,1884412,41.25,
C-00705,"Bailey, Monica",03/07/1934,(250) 555-0126,monica.bailey705@example.com,604 Lewis Viaduct,Smithside,ME,04747,3C73HM7MG46,H-00475,P-00911,Meridian Care,H8433-023-001,MA,ME,AGE,MC-535877,2023-02-01,,ACTIVE,39032271,47.46,
C-00706,"Bailey, Robert",03/13/1939,(754) 555-0103,robert.bailey706@example.com,604 Lewis Viaduct,Smithside,ME,04747,6FX4Q49CF17,H-00475,P-00912,Harborline,H2796-002,MA,ME,AGE,HL-317935,05/01/24,,active,94702683,24.74,
C-00707,"Cline, Mark",25530,(633) 555-0150,mark.cline707@example.com,756 Davenport Village Apt. 287,Contrerasberg,TX,76368,,H-00476,P-00913,Harborline,91959TX2675681,ACA,TX,,HL-310807,01/01/2025,,Active,99847493,410.79,
C-00708,"Cline, Lauren",35020,(210) 555-0117,lauren.cline708@example.com,756 Davenport Village Apt. 287,Contrerasberg,TX,76368,,H-00476,P-00914,Cardinal Mutual,49117TX9623694,ACA,TX,,CM-325995,2025-01-01,,ACTIVE,99847493,291.30,
C-00709,"Schneider, Christopher",10/12/1936,(403) 555-0132,,3658 Susan Mills Suite 120,Annville,IL,60028,8P90T76FU99,H-00477,P-00915,Harborline,H2796-006,MA,IL,AGE,HL-772928,11/01/23,,active,4356886,22.77,
C-00710,"Harris, Maria",32533,(437) 555-0194,maria.harris710@example.com,837 David Place,North Joshua,AK,99522,,H-00478,P-00916,Meridian Care,76540AK2211404,ACA,AK,,MC-233227,01/01/2025,,Active,61291817,211.16,
C-00711,"Scott, Danny",31603,(336) 555-0137,danny.scott711@example.com,89569 Travis Brooks Suite 626,Port Allisonfurt,MI,48274,6CT6K18TE77,H-00479,P-00917,Cardinal Mutual,S1188-030-003,PDP,MI,DISABILITY,CM-152477,2023-09-01,,ACTIVE,13981052,48.20,
C-00712,"Scott, Cory",06/07/1943,(960) 555-0198,,89569 Travis Brooks Suite 626,Port Allisonfurt,MI,48274,3U02NV1GF59,H-00479,P-00918,Summit Health Plans,F,MEDSUPP,MI,AGE,SH-513351,03/01/22,,active,13981052,216.24,Call after 2pm.
C-00712,"Scott, Cory",06/07/1943,(960) 555-0198,,89569 Travis Brooks Suite 626,Port Allisonfurt,MI,48274,3U02NV1GF59,H-00479,P-00919,Summit Health Plans,S8123-023,PDP,MI,AGE,SH-631767,03/01/2022,,Active,13981052,46.73,
C-00713,"Nguyen, Anthony",06/28/1935,(393) 555-0157,anthony.nguyen713@example.com,2241 Kristopher Lodge,North Christina,KY,40780,1EV7VC3PW69,H-00480,P-00920,Meridian Care,H3591-028,MA,KY,AGE,MC-405500,2022-04-01,,ACTIVE,94702683,39.70,
C-00714,"Nguyen, Brian",07/16/1941,(393) 555-0157,brian.nguyen714@example.com,2241 Kristopher Lodge,North Christina,KY,40780,5LG9N31UE22,H-00480,P-00921,Cardinal Mutual,H7252-008,MA,KY,AGE,CM-576476,10/01/22,,active,94702683,45.67,
C-00715,"Gordon, Stacy",04/20/1939,(467) 555-0175,,52654 David Crest Apt. 339,South William,IL,61137,7H93A28HH44,H-00481,P-00922,Cardinal Mutual,H8668-017,MA,IL,AGE,CM-708290,08/01/2023,,Active,97102525,49.08,
C-00716,"Torres, Richard",01/16/1948,(274) 555-0178,richard.torres716@example.com,57861 Johnson Roads Apt. 048,East Kathrynberg,IN,47402,6H57UK9GQ63,H-00482,P-00923,Summit Health Plans,H5371-006,MA,IN,AGE,SH-622199,2022-11-01,,ACTIVE,4356886,37.05,
C-00717,"Ali, Angela",26029,(781) 555-0119,angela.ali717@example.com,832 Fernandez Extension,New Stephanie,MO,63645,3A05X32FX41,H-00483,P-00924,Cardinal Mutual,H8668-011-003,MA,MO,DISABILITY,CM-835189,05/01/22,,active,6831819,54.46,
C-00718,"Kidd, Megan",07/05/1947,(941) 555-0137,megan.kidd718@example.com,79420 Sarah Orchard,Carlafurt,CA,92831,3CR6DN4YV08,H-00484,P-00925,Northwind Health,H5040-021-001,MA,CA,AGE,NW-897214,10/01/2023,,Active,78490893,44.09,
C-00719,"Rivas, Jessica",21131,(430) 555-0190,,840 Jocelyn Port,West Christopherville,WA,99068,2G51P34VE58,H-00485,P-00926,Cardinal Mutual,A,MEDSUPP,WA,AGE,CM-661811,2023-09-01,2026-09-05,ACTIVE,99847493,226.69,
C-00719,"Rivas, Jessica",21131,(430) 555-0190,,840 Jocelyn Port,West Christopherville,WA,99068,2G51P34VE58,H-00485,P-00927,Cardinal Mutual,S2876-010,PDP,WA,AGE,CM-209032,09/01/23,,active,99847493,6.38,
C-00720,"Rivas, Yolanda",12/30/1942,(430) 555-0190,yolanda.rivas720@example.com,840 Jocelyn Port,West Christopherville,WA,99068,5F60C56GX87,H-00485,P-00928,Meridian Care,H8433-017,MA,WA,AGE,MC-913630,05/01/2024,,Active,99847493,26.81,
C-00721,"Luas, Aaron",20058,(967) 555-0139,aaron.lucas721@example.com,98554 Nelson Shore Suite 537,Allenberg,IL,60951,5GE9F26FG13,H-00486,P-00929,Harborline,H3504-018-001,MA,IL,AGE,HL-934496,2022-12-01,2023-11-30,chk w/ carrier,44524491,17.77,
C-00721,"Luas, Aaron",20058,(967) 555-0139,aaron.lucas721@example.com,98554 Nelson Shore Suite 537,Allenberg,IL,60951,5GE9F26FG13,H-00486,P-00930,Northwind Health,H5040-003,MA,IL,AGE,NW-744871,12/01/23,,active,44524491,38.58,
C-00722,"Carey, Michael",20761,(809) 555-0178,michael.carey722@example.com,02687 Medina Turnpike Apt. 807,West Teresafurt,PA,18778,2WA0J86RR02,H-00487,P-00931,Northwind Health,H5040-018-001,MA,PA,AGE,NW-302785,10/01/2025,,Active,1884412,27.57,
C-00723,"Carey, Gregory",22026,(535) 555-0122,gregory.carey723@example.com,02687 Medina Turnpike Apt. 807,West Teresafurt,PA,18778,9JW0PW2RY29,H-00487,P-00932,Summit Health Plans,H5371-006-002,MA,PA,AGE,SH-893023,2026-05-01,,ACTIVE,1884412,37.46,
C-00724,"Lee, Lisa",10/23/1947,(409) 555-0127,,75370 Julia Trace,Erinstad,FL,32571,7DV5E88QG67,H-00488,P-00933,Bluepeak,K,MEDSUPP,FL,AGE,BP-419504,07/01/22,,active,94702683,270.92,
C-00724,"Lee, Lisa",10/23/1947,(409) 555-0127,,75370 Julia Trace,Erinstad,FL,32571,7DV5E88QG67,H-00488,P-00934,Bluepeak,S2489-001,PDP,FL,AGE,BP-299095,07/01/2022,,Active,94702683,17.18,
C-00725,"Snyder, Andrea",12/29/1938,(949) 555-0128,andrea.snyder725@example.com,337 Johnson Park Apt. 036,Port Joshuahaven,KY,42620,3T39DV7NA67,H-00489,P-00935,Cardinal Mutual,H8668-025,MA,KY,AGE,CM-858489,2024-08-01,,ACTIVE,43339391,51.53,
C-00726,"Snyder, Donna",34970,(752) 555-0166,donna.snyder726@example.com,337 Johnson Park Apt. 036,Port Joshuahaven,KY,42620,,H-00489,P-00936,Harborline,91959KY4150050,ACA,KY,,HL-751343,01/01/26,,active,43339391,248.38,
C-00727,"Braun, Heather",03/01/1942,(672) 555-0164,heather.braun727@example.com,92124 Nicole Stream,Jamestown,MO,64614,4W24P17GA26,H-00490,P-00937,Harborline,H2796-020,MA,MO,AGE,HL-702665,01/01/2024,,Active,32244663,28.99,Prefers mail over phone.
C-00728,"Braun, Amanda",06/19/1946,(672) 555-0164,amanda.braun728@example.com,92124 Nicole Stream,Jamestown,MO,64614,3NN3YK6AT42,H-00490,P-00938,Summit Health Plans,G,MEDSUPP,MO,AGE,SH-381141,2025-02-01,,ACTIVE,32244663,235.83,
C-00728,"Braun, Amanda",06/19/1946,(672) 555-0164,amanda.braun728@example.com,92124 Nicole Stream,Jamestown,MO,64614,3NN3YK6AT42,H-00490,P-00939,Summit Health Plans,S5808-025,PDP,MO,AGE,SH-543601,02/01/25,,active,32244663,72.50,
C-00729,"Owens, Michael",12/01/1942,(834) 555-0150,michael.owens729@example.com,870 Davidson Run Apt. 566,Davidhaven,KS,67573,8KW5Y79MQ41,H-00491,P-00940,Bluepeak,S1771-004,PDP,KS,AGE,BP-584487,09/01/2024,,Active,13981052,72.33,
C-00730,"Beard, Lindsey",01/01/1935,(552) 555-0126,lindsey.beard730@example.com,304 Patel Island,South Jamesland,MI,49680,9AK4NA9GV60,H-00492,P-00941,Bluepeak,H4593-006,MA,MI,AGE,BP-246319,2023-09-01,,ACTIVE,13981052,32.64,Client prefers materials en español.
C-00731,"Beard, Veronica",29347,(552) 555-0126,,304 Patel Island,South Jamesland,MI,49680,,H-00492,P-00942,Summit Health Plans,93748MI3005495,ACA,MI,,SH-660612,01/01/24,,active,13981052,504.62,
C-00732,"Castillo, Lindsey",25914,(201) 555-0171,,613 Frank Inlet,Lake Colleentown,LA,71428,,H-00493,P-00943,Northwind Health,76542LA5534468,ACA,LA,,NW-419942,01/01/2025,12/31/2025,Terminated,11576383,782.37,
C-00732,"Castillo, Lindsey",25914,(201) 555-0171,,613 Frank Inlet,Lake Colleentown,LA,71428,,H-00493,P-00943,Northwind Health,76542LA5534468,ACA,LA,,NW-419942,2025-01-01,2025-12-31,TERMINATED,11576383,782.37,
C-00732,"Castillo, Lindsey",25914,(201) 555-0171,,613 Frank Inlet,Lake Colleentown,LA,71428,,H-00493,P-00944,Meridian Care,76540LA9245340,ACA,LA,,MC-748915,01/01/26,,active,11576383,460.58,
C-00733,"Riley, Christopher",09/24/1953,(309) 555-0170,,3173 Wall View Suite 831,Duranmouth,NE,68595,6AC0HC5QQ19,H-00494,P-00945,Summit Health Plans,H9797-030,MA,NE,AGE,SH-506221,02/01/2026,,Active,54100814,29.28,
C-00734,"Hansen, Kenneth",02/22/1951,(397) 555-0156,kenneth.hansen734@example.com,65120 Brown Ridge,Joneston,ID,83872,8A01VU2RC01,H-00495,P-00946,Bluepeak,H4593-002,MA,ID,AGE,BP-384566,2025-05-01,,ACTIVE,5265799,18.91,
C-00735,"Hansen, Patrick",07/26/1950,(245) 555-0150,patrick.hansen735@example.com,65120 Brown Ridge,Joneston,ID,83872,6RW6PG4CQ22,H-00495,P-00947,Harborline,R7916-005,MA,ID,AGE,HL-546137,08/01/22,03/31/25,terminated,5265799,25.83,
C-00735,"Hansen, Patrick",07/26/1950,(245) 555-0150,patrick.hansen735@example.com,65120 Brown Ridge,Joneston,ID,83872,6RW6PG4CQ22,H-00495,P-00948,Bluepeak,H4593-004,MA,ID,AGE,BP-108298,04/01/2025,,Active,5265799,49.88,
C-00736,"Morgan, Sharon",28384,(876) 555-0137,sharon.morgan736@example.com,639 Shawn Mountain,Hobbsville,FL,34182,,H-00496,P-00949,Cardinal Mutual,49117FL5093126,ACA,FL,,CM-402591,2025-01-01,2025-12-31,TERMINATED,94702683,859.34,
C-00736,"Morgan, Sharon",28384,(876) 555-0137,sharon.morgan736@example.com,639 Shawn Mountain,Hobbsville,FL,34182,,H-00496,P-00950,Harborline,91959FL624725,ACA,FL,,HL-729965,01/01/26,,active,94702683,442.07,
C-00737,"Morgan, Krista",36316,(876) 555-0137,krista.morgan737@example.com,639 Shawn Mountain,Hobbsville,FL,34182,,H-00496,P-00951,Northwind Health,76542FL2301496,ACA,FL,,NW-449193,01/01/2025,,Active,94702683,526.79,
C-00738,"Kelly, Timothy",32080,(811) 555-0107,timothy.kelly738@example.com,593 Curtis Ranch Apt. 939,Lake William,AK,99689,2UJ2TU2RK88,H-00497,P-00952,Summit Health Plans,H5371-018,MA,AK,DISABILITY,SH-279274,2025-11-01,,ACTIVE,61291817,26.60,
C-00739,"Kelly, Christine",04/07/1939,(811) 555-0107,,593 Curtis Ranch Apt. 939,Lake William,AK,99689,2QE8NU5YD71,H-00497,P-00953,Harborline,H2796-012,MA,AK,AGE,HL-728397,04/01/22,,active,61291817,25.27,
C-00740,"Rowe, Dylan",04/02/1954,(505) 555-0156,,20024 Palmer Run,Larryside,CT,06739,5E67EP9MX73,H-00498,P-00954,Harborline,R3621-016-002,MA,CT,AGE,HL-660270,05/01/2023,,Active,29898923,41.82,
C-00741,"Davidson, James",08/27/1935,(446) 555-0182,james.davidson741@example.com,545 Zachary Shoals Apt. 038,South Mauriceborough,FL,32367,3R90VU8WG81,H-00499,P-00955,Bluepeak,L,MEDSUPP,RI,AGE,BP-598302,2023-11-01,,ACTIVE,94702683,268.03,
C-00741,"Davidson, James",08/27/1935,(446) 555-0182,james.davidson741@example.com,545 Zachary Shoals Apt. 038,South Mauriceborough,FL,32367,3R90VU8WG81,H-00499,P-00956,Bluepeak,S1771-006-002,PDP,FL,AGE,BP-817510,11/01/23,,active,94702683,56.76,
C-00742,"Davidson, Casey",35842,(619) 555-0141,,545 Zachary Shoals Apt. 038,South Mauriceborough,FL,32367,,H-00499,P-00957,Harborline,91959FL3798801,ACA,FL,,HL-951619,01/01/2024,,Cancelled,94702683,782.59,
C-00743,"Murphy, Daniel",27572,(310) 555-0145,,779 Christian Port,Christinachester,TX,78172,,H-00500,P-00958,Northwind Health,76542TX8039487,ACA,TX,,NW-878365,2025-01-01,,ACTIVE,99847493,730.24,
C-00744,"Murphy, Nancy",12/05/1947,(518) 555-0128,nancy.murphy744@example.com,779 Christian Port,Christinachester,TX,78172,7FX9XK6RK50,H-00500,P-00959,Summit Health Plans,R6573-023,MA,TX,AGE,SH-217614,04/01/25,,active,99847493,3.02,
C-00745,"Aguirre, Nicholas",33162,(368) 555-0112,nicholas.aguirre745@example.com,3033 Hanson Garden,Navarromouth,SC,29729,,H-00501,P-00960,Summit Health Plans,93748SC6871926,ACA,SC,,SH-404621,01/01/2026,,Active,10583482,834.28,
C-00746,"Gonzalez, Justin",10/24/1935,(669) 555-0174,justin.gonzalez746@example.com,05015 Angela Divide Suite 739,Bradleytown,NY,12335,3W95UN9PV28,H-00502,P-00961,Northwind Health,R5304015-001,MA,NY,AGE,NW-585239,2025-12-01,,ACTIVE,97102525,47.82,
C-00747,"Gonzalez, Jeffery",08/25/1940,(507) 555-0167,jeffery.gonzalez747@example.com,05015 Angela Divide Suite 739,Bradleytown,NY,12335,,H-00502,P-00962,Northwind Health,H5040-014,MA,NY,AGE,NW-897493,04/01/26,,active,97102525,40.66,
C-00748,"Dyer, Matthew",01/04/1954,(285) 555-0123,matthew.dyer748@example.com,258 Gregory Brooks Apt. 410,South Diana,TX,78213,9E41XJ9UW14,H-00503,P-00963,Summit Health Plans,H9797-024,MA,TX,AGE,SH-788590,10/01/2023,,Active,90949389,50.56,
C-00749,"Dyer, Jason",23931,(656) 555-0159,jason.dyer749@example.com,258 Gregory Brooks Apt. 410,South Diana,TX,78213,,H-00503,P-00964,Harborline,91959TX5295273,ACA,TX,,HL-687489,2025-01-01,2025-12-31,TERMINATED,90949389,343.73,
C-00749,"Dyer, Jason",23931,(656) 555-0159,jason.dyer749@example.com,258 Gregory Brooks Apt. 410,South Diana,TX,78213,,H-00503,P-00965,Summit Health Plans,93748TX7096065,ACA,TX,,SH-331746,01/01/26,,active,90949389,422.27,
C-00750,"Brooks, Carol",28028,(885) 555-0140,carol.brooks750@example.com,55289 Johns Circles Apt. 223,New Nicholas,OR,97868,,H-00504,P-00966,Meridian Care,76540OR6619682,ACA,OR,,MC-882372,01/01/2025,12/31/2025,Terminated,74197857,176.18,Client prefers materials en español.
C-00750,"Brooks, Carol",28028,(885) 555-0140,carol.brooks750@example.com,55289 Johns Circles Apt. 223,New Nicholas,OR,97868,,H-00504,P-00967,Northwind Health,76542OR2044480,ACA,OR,,NW-925506,2026-01-01,,ACTIVE,74197857,466.05,Met at the café seminar in the spring.
C-00751,"Schmitt, Norma",04/23/1940,(329) 555-0173,norma.schmitt751@example.com,99384 Mark Center,Moniquehaven,NC,27768,7CX0VN8EV10,H-00505,P-00968,Harborline,H3504-007,MA,NC,AGE,HL-583433,07/01/23,,active,74197857,58.54,
C-00752,"White, Jennifer",27198,(914) 555-0167,jennifer.white752@example.com,179 Gary Loaf,Victormouth,CA,95943,,H-00506,P-00969,Cardinal Mutual,49117CA1323150,ACA,CA,,CM-823734,01/01/2025,12/31/2025,Terminated,78490893,434.46,
C-00752,"White, Jennifer",27198,(914) 555-0167,jennifer.white752@example.com,179 Gary Loaf,Victormouth,CA,95943,,H-00506,P-00970,Harborline,91959CA8550625,ACA,CA,,HL-695958,2026-01-01,,ACTIVE,78490893,675.52,
C-00753,"White, Alicia",09/01/1941,(842) 555-0142,alicia.white753@example.com,179 Gary Loaf,Victormouth,CA,95943,7DP4T13DN66,H-00506,P-00971,Summit Health Plans,S5808-012,PDP,CA,AGE,SH-928221,04/01/23,,active,78490893,61.80,
C-00754,"Robinson, Ronald",01/14/1934,(683) 555-0162,ronald.robinson754@example.com,774 Little Turnpike Apt. 333,Royfurt,ID,83431,1GW9R46RA53,H-00507,P-00972,Bluepeak,H3266-003-002,MA,ID,AGE,BP-816133,07/01/2023,,Active,5265799,57.73,
C-00755,"Hunt, Matthew",11/11/1949,(543) 555-0168,,254 Dennis Corner Suite 785,New Blake,NC,27379,5R64CP1CH88,H-00508,P-00973,Bluepeak,H,MEDSUPP,NC,AGE,BP-108674,2022-01-01,,ACTIVE,74197857,160.12,
C-00755,"Hunt, Matthew",11/11/1949,(543) 555-0168,,254 Dennis Corner Suite 785,New Blake,NC,27379,5R64CP1CH88,H-00508,P-00974,Bluepeak,S1771-007-002,PDP,NC,AGE,BP-240845,01/01/22,,active,74197857,74.17,"Daughter Casey Placeholder is the contact, cell (555) 555-0116."
C-00756,"Hunt, Shannon",11/11/1949,(914) 555-0159,shannon.hunt756@example.com,254 Dennis Corner Suite 785,New Blake,NC,27379,2V49JX5HA96,H-00508,P-00975,Cardinal Mutual,H7252-019,MA,NC,AGE,CM-281543,01/01/2025,12/31/2025,Terminated,74197857,14.22,
C-00756,"Hunt, Shannon",11/11/1949,(914) 555-0159,shannon.hunt756@example.com,254 Dennis Corner Suite 785,New Blake,NC,27379,2V49JX5HA96,H-00508,P-00976,Meridian Care,H8433-020,MA,NC,AGE,MC-576414,2026-01-01,,ACTIVE,74197857,41.70,
C-00757,"Payne, Christian",07/24/1946,(327) 555-0158,christian.payne757@example.com,5754 Johnson Mills Apt. 415,West Meganhaven,NE,68190,4A06WW1EQ40,H-00509,P-00977,Harborline,H2796-017,MA,NE,AGE,HL-315531,01/01/23,,active,6831819,40.42,
C-00758,"Taylor, Melissa",05/09/1946,(661) 555-0101,,11150 Matthew Spring Suite 444,Lake Cassandra,MN,56265,2J20YA9EP38,H-00510,P-00978,Northwind Health,H9830-005,MA,MN,AGE,NW-377356,05/01/2025,04/30/2026,Terminated,61855700,28.56,
C-00758,"Taylor, Melissa",05/09/1946,(661) 555-0101,,11150 Matthew Spring Suite 444,Lake Cassandra,MN,56265,2J20YA9EP38,H-00510,P-00979,Harborline,H2796-021,MA,MN,AGE,HL-343944,2026-05-01,,ACTIVE,61855700,13.95,
C-00759,"Matthews, Angela",22053,(268) 555-0102,angela.matthews759@example.com,44566 Thomas Passage Apt. 633,South Jesus,IL,62483,8X64EX3GK53,H-00511,P-00980,Meridian Care,G,MEDSUPP,IL,AGE,MC-751568,02/01/26,,active,37231783,109.49,Client gave bank account 00022416 for the premium draft.
C-00759,"Matthews, Angela",22053,(268) 555-0102,angela.matthews759@example.com,44566 Thomas Passage Apt. 633,South Jesus,IL,62483,8X64EX3GK53,H-00511,P-00981,Meridian Care,S3927-004,PDP,IL,AGE,MC-251202,02/01/2026,,Active,37231783,28.66,
C-00760,"Matthews, Taylor",28020,(565) 555-0157,taylor.matthews760@example.com,44566 Thomas Passage Apt. 633,South Jesus,IL,62483,,H-00511,P-00982,Bluepeak,23947IL6539332,ACA,IL,,BP-702235,2025-01-01,,ACTIVE,37231783,485.22,
C-00761,"Smith, Lisa",35245,(281) 555-0163,lisa.smith761@example.com,1536 Clark Mission Apt. 529,West Sherry,GA,30547,,H-00512,P-00983,Meridian Care,76540GA3590071,ACA,GA,,MC-539579,01/01/26,,active,61291817,375.95,
C-00762,"Smith, Mary",21806,(281) 555-0163,mary.smith762@example.com,1536 Clark Mission Apt. 529,West Sherry,GA,30547,7E26HC7AF86,H-00512,P-00984,Meridian Care,H3591-002-001,MA,GA,AGE,MC-451504,12/01/2025,,Active,61291817,48.70,
C-00763,"Fry, Bryce",12/07/1942,(272) 555-0173,bryce.fry763@example.com,66684 Matthews Port Apt. 225,Bairdborough,VA,24217,8YN0CE7JF59,H-00513,P-00985,Northwind Health,H5040-007-002,MA,VA,AGE,NW-786134,2022-01-01,2026-09-10,ACTIVE,78490893,2.83,
C-00764,"Campbell, Jesse",29571,(410) 555-0169,jesse.campbell764@example.com,71597 Davis Cove Apt. 097,East Jamesfurt,MT,59113,,H-00514,P-00986,Northwind Health,76542MT6540556,ACA,MT,,NW-249458,01/01/25,12/31/25,terminated,97102525,799.61,
C-00764,"Campbell, Jesse",29571,(410) 555-0169,jesse.campbell764@example.com,71597 Davis Cove Apt. 097,East Jamesfurt,MT,59113,,H-00514,P-00987,Harborline,91959MT2012432,ACA,MT,,HL-943332,01/01/2026,,Active,97102525,182.70,
C-00765,"Anderson, Bob",20083,(271) 555-0160,,0580 Mark Loop,Mooreville,NE,69252,8KM3RC2JM42,H-00515,P-00988,Harborline,G,MEDSUPP,NE,AGE,HL-779420,2022-12-01,,ACTIVE,6831819,120.42,
C-00765,"Anderson, Bob",20083,(271) 555-0160,,0580 Mark Loop,Mooreville,NE,69252,8KM3RC2JM42,H-00515,P-00989,Harborline,S2040-011,PDP,NE,AGE,HL-325101,12/01/22,,active,6831819,34.66,
C-00766,"Crosby, Briana",24870,(585) 555-0178,briana.crosby766@example.com,3234 Meyers Shores,Mooreshire,CO,80493,3R05NE3FU61,H-00516,P-00990,Summit Health Plans,H9797-022,MA,CO,DISABILITY,SH-383480,06/01/2025,,Active,29898923,10.97,
C-00767,"Crosby, Wayne",04/05/1943,(881) 555-0193,wayne.crosby767@example.com,3234 Meyers Shores,Mooreshire,CO,80493,2EX1N98XD26,H-00516,P-00991,Cardinal Mutual,H8668-009,MA,CO,AGE,CM-683010,2024-11-01,,ACTIVE,29898923,39.23,
C-00768,"Williams, Christopher",21934,(420) 555-0159,christopher.williams768@example.com,3027 Makayla Rapids Apt. 859,Stevensshire,UT,84616,5AV3T68DX19,H-00517,P-00992,Cardinal Mutual,S1188-003-003,PDP,UT,AGE,CM-415386,03/01/25,,active,90949389,76.62,
C-00769,"Allen, Monica",06/20/1934,(944) 555-0197,,4692 Wright River Suite 762,South Hollyton,WA,99094,3H55JK8KV64,H-00518,P-00993,Summit Health Plans,H5371-011-003,MA,WA,AGE,SH-552663,05/01/2024,04/30/2025,Terminated,99847493,22.47,
C-00769,"Allen, Monica",06/20/1934,(944) 555-0197,,4692 Wright River Suite 762,South Hollyton,WA,99094,3H55JK8KV64,H-00518,P-00994,Bluepeak,H4593-006,MA,WA,AGE,BP-274587,2025-05-01,2026-09-23,ACTIVE,99847493,5.40,
C-00770,"King, William",06/12/1954,(352) 555-0101,william.king770@example.com,841 Regina Loop Apt. 511,Robertburgh,NE,98995,9VQ3M36TJ91,H-00519,P-00995,Northwind Health,S7543-004-003,PDP,NE,AGE,NW-224896,04/01/25,,active,54100814,46.30,
C-00771,"Miller, Diane",06/03/1934,(594) 555-0172,diane.miller771@example.com,17656 Randy Branch Suite 125,Washingtonland,DE,19911,8X18X37YC60,H-00520,P-00996,Meridian Care,H3591-028,MA,DE,AGE,MC-545914,11/01/2024,,Active,4356886,44.86,
C-00772,"Thompson, Jennifer",01/11/1942,(252) 555-0102,jennifer.thompson772@example.com,74220 Gregory Crossing Suite 210,Ericstad,CT,06305,7E81JT1EV15,H-00521,P-00997,Meridian Care,S3927-023,PDP,CT,AGE,MC-445742,2022-06-01,,ACTIVE,29898923,47.45,
C-00773,"Mcfarland, Nicholas",32442,(394) 555-0181,nicholas.mcfarland773@example.com,0816 Wallace Rapid,North Kelseyborough,OH,43402,,H-00522,P-00998,Harborline,91959OH4012665,ACA,OH,,HL-532928,01/01/25,12/31/25,terminated,1884412,514.03,
C-00773,"Mcfarland, Nicholas",32442,(394) 555-0181,nicholas.mcfarland773@example.com,0816 Wallace Rapid,North Kelseyborough,OH,43402,,H-00522,P-00999,Summit Health Plans,93748OH0502835,ACA,OH,,SH-437276,01/01/2026,,Active,1884412,735.20,
C-00774,"Robles, Maria",29274,(921) 555-0134,maria.robles774@example.com,10600 Hoover Springs,East Susanville,NE,68574,,H-00523,P-01000,Northwind Health,76542NE0982476,ACA,NE,,NW-244649,2025-01-01,2025-12-31,TERMINATED,33857966,871.59,
C-00774,"Robles, Maria",29274,(921) 555-0134,maria.robles774@example.com,10600 Hoover Springs,East Susanville,NE,68574,,H-00523,P-01001,Cardinal Mutual,49117NE0268971,ACA,NE,,CM-840651,01/01/26,,active,33857966,332.55,
C-00775,"Weaver, Sheila",10/01/1951,(428) 555-0165,,206 Lisa Islands,New Jamie,NC,27483,3CV5V81UK52,H-00524,P-01002,Bluepeak,H4593-014,MA,NC,AGE,BP-267530,06/01/2024,,Active,74197857,25.52,
C-00776,"Weaver, David",09/23/1946,(428) 555-0165,david.weaver776@example.com,206 Lisa Islands,New Jamie,NC,27483,2WF8NE8ER12,H-00524,P-01003,Meridian Care,F,MEDSUPP,NC,AGE,MC-691880,2026-03-01,,ACTIVE,74197857,203.36,
C-00776,"Weaver, David",09/23/1946,(428) 555-0165,david.weaver776@example.com,206 Lisa Islands,New Jamie,NC,27483,2WF8NE8ER12,H-00524,P-01004,Meridian Care,S3927-004-003,PDP,NC,AGE,MC-163787,03/01/26,,active,74197857,10.19,
C-00777,"Santos, Miguel",21781,(471) 555-0154,miguel.santos777@example.com,55206 Smith Forest,Robinsonview,OH,43707,3TD0D32HF96,H-00525,P-01005,Harborline,G,MEDSUPP,OH,AGE,HL-130791,11/01/2024,,Active,37231783,130.99,
C-00777,"Santos, Miguel",21781,(471) 555-0154,miguel.santos777@example.com,55206 Smith Forest,Robinsonview,OH,43707,3TD0D32HF96,H-00525,P-01006,Harborline,S7304-018,PDP,OH,AGE,HL-112088,2024-11-01,,ACTIVE,37231783,66.31,
C-00778,"Santos, Carlos",28598,(471) 555-0154,,55206 Smith Forest,Robinsonview,OH,43707,,H-00525,P-01007,Harborline,91959OH5235440,ACA,OH,,HL-860643,01/01/26,,active,37231783,650.47,
C-00779,"Gregory, Teresa",03/19/1951,(226) 555-0113,teresa.gregory779@example.com,4971 Johnathan Court,Tinafurt,PA,16118,6JA5U33MU24,H-00526,P-01008,Harborline,S7304-003,PDP,PA,AGE,HL-529740,04/01/2023,,Active,13981052,85.47,
C-00780,"Gordon, Janet",06/30/1939,(304) 555-0195,,2571 Smith Prairie,Reyesbury,MT,59596,9Q76Q95QF24,H-00527,P-01009,Summit Health Plans,S8123-028,PDP,MT,AGE,SH-635441,2022-05-01,,ACTIVE,97102525,77.41,
C-00781,"Phillips, Edward",21497,(283) 555-0184,edward.phillips781@example.com,09143 Todd River,North Devinfort,TX,77959,7E58MV9UM22,H-00528,P-01010,Harborline,N,MEDSUPP,TX,AGE,HL-422541,07/01/24,,active,37231783,158.64,
C-00781,"Phillips, Edward",21497,(283) 555-0184,edward.phillips781@example.com,09143 Todd River,North Devinfort,TX,77959,7E58MV9UM22,H-00528,P-01011,Harborline,S7304-029-003,PDP,TX,AGE,HL-674288,07/01/2024,,Active,37231783,66.99,
C-00782,"Phillips, James",35992,(283) 555-0184,james.phillips782@example.com,09143 Todd River,North Devinfort,TX,77959,,H-00528,P-01012,Cardinal Mutual,49117TX4240908,ACA,TX,,CM-271575,2025-01-01,2025-12-31,TERMINATED,37231783,616.98,
C-00782,"Phillips, James",35992,(283) 555-0184,james.phillips782@example.com,09143 Todd River,North Devinfort,TX,77959,,H-00528,P-01013,Harborline,91959TX4308018,ACA,TX,,HL-118027,01/01/26,,active,37231783,375.53,
C-00783,"Wong, Keith",11/22/1937,(859) 555-0111,keith.wong783@example.com,97524 Schneider Trace,New Latoyachester,KY,40836,9DV2TJ0RJ43,H-00529,P-01014,Meridian Care,R1053-024,MA,KY,AGE,MC-653894,10/01/2023,,Active,43339391,5.30,
C-00784,"Ball, Cathy",09/22/1936,(750) 555-0102,cathy.ball784@example.com,55338 Rebecca Shores,Port Grace,MO,25953,2CG1G65MH41,H-00530,P-01015,Meridian Care,H3591-023-001,MA,MO,AGE,MC-153433,2026-04-01,,ACTIVE,29898923,32.88,
C-00785,"Watkins, Marie",03/18/1944,(709) 555-0118,marie.watkins785@example.com,527 Calvin Overpass Apt. 302,East Christopher,UT,84030,3C23EY7WX99,H-00531,P-01016,Northwind Health,H5040-001,MA,UT,AGE,NW-412280,04/01/22,,active,37231783,17.19,
C-00786,"Turner, Barbara",11/02/1945,(907) 555-0163,barbara.turner786@example.com,81674 Jennifer Gardens,Thompsonbury,CO,80396,2Q82P19CV41,H-00532,P-01017,Meridian Care,H8433-027,MA,CO,AGE,MC-444621,02/01/2025,,Active,5265799,42.91,
C-00787,"Turner, Tammy",21354,(549) 555-0128,tammy.turner787@example.com,81674 Jennifer Gardens,Thompsonbury,CO,80396,3EA7GW8TV07,H-00532,P-01018,Cardinal Mutual,R9669-015,MA,CO,AGE,CM-535685,2024-03-01,,ACTIVE,5265799,9.17,
C-00788,"Turner, James",25489,(907) 555-0163,james.turner788@example.com,81674 Jennifer Gardens,Thompsonbury,CO,80396,,H-00532,P-01019,Bluepeak,23947CO2177321,ACA,CO,,BP-809724,01/01/25,,active,5265799,415.81,
C-00789,"Blake, Sandra",01/27/1952,(703) 555-0199,sandra.blake789@example.com,56627 Henderson Ridge Suite 270,Simmonsland,NE,68561,8RW1AG4WA85,H-00533,P-01020,Summit Health Plans,H5371-022-003,MA,NE,AGE,SH-303585,11/01/2023,12/31/2025,Terminated,33857966,24.01,
C-00789,"Blake, Sandra",01/27/1952,(703) 555-0199,sandra.blake789@example.com,56627 Henderson Ridge Suite 270,Simmonsland,NE,68561,8RW1AG4WA85,H-00533,P-01021,Bluepeak,H4593-006,MA,NE,AGE,BP-509681,2026-01-01,,ACTIVE,33857966,9.95,
C-00790,"Blake, Brooke",26291,(703) 555-0199,brooke.blake790@example.com,56627 Henderson Ridge Suite 270,Simmonsland,NE,68561,7UA6T15DR91,H-00533,P-01022,Harborline,H2796-027-001,MA,NE,ESRD,HL-412676,04/01/23,,active,33857966,33.30,
C-00791,"Jones, Derrick",11/03/1933,(210) 555-0127,derrick.jones791@example.com,246 Torres Haven,Hartfort,CA,90061,3M73EY8JX24,H-00534,P-01023,Harborline,H2796-010-001,MA,CA,AGE,HL-874467,11/01/2024,,Active,78490893,8.77,
C-00792,"Jones, Nicole",37820,(524) 555-0129,,23008 Henry Mall Suite 567,Danielleshire,IL,62701,,H-00535,P-01024,Cardinal Mutual,49117IL7990504,ACA,IL,,CM-900745,2025-01-01,2025-12-31,TERMINATED,37231783,628.05,
C-00792,"Jones, Nicole",37820,(524) 555-0129,,23008 Henry Mall Suite 567,Danielleshire,IL,62701,,H-00535,P-01025,Meridian Care,76540IL6511820,ACA,IL,,MC-523918,01/01/26,,active,37231783,531.15,
C-00793,"Reid, Micheal",09/23/1950,(980) 555-0135,,9236 Wise Terrace,Williamfort,ME,04842,7K42UV9RE57,H-00536,P-01026,Summit Health Plans,H9797-005,MA,ME,AGE,SH-907852,04/01/2023,,Active,94702683,44.72,
C-00794,"Terry, Deanna",01/15/1945,(338) 555-0129,deanna.terry794@example.com,663 Tim Via,Crystaltown,MO,64112,3Q70YT2JQ02,H-00537,P-01027,Harborline,H3504-025,MA,MO,AGE,HL-543391,2023-07-01,,ACTIVE,32244663,22.95,
C-00795,"Terry, Jose",27962,(338) 555-0129,jose.terry795@example.com,663 Tim Via,Crystaltown,MO,64112,,H-00537,P-01028,Northwind Health,76542MO0458294,ACA,MO,,NW-313463,01/01/25,12/31/25,terminated,32244663,753.83,
C-00795,"Terry, Jose",27962,(338) 555-0129,jose.terry795@example.com,663 Tim Via,Crystaltown,MO,64112,,H-00537,P-01029,Bluepeak,23947MO8389283,ACA,MO,,BP-228453,01/01/2026,,Active,32244663,757.97,Met at the café seminar in the spring.
C-00796,"Martin, Ronald",10/26/1944,(422) 555-0112,ronald.martin796@example.com,243 Alexander Trail Apt. 669,New Reneechester,VA,24383,5JV0G87MD48,H-00538,P-01030,Meridian Care,H8433-002,MA,VA,AGE,MC-689952,2023-09-01,,ACTIVE,78490893,13.27,
C-00797,"Conrad, Raymond",02/13/1954,(604) 555-0187,raymond.conrad797@example.com,869 Gross Terrace Apt. 195,West Kaitlyn,NE,69396,5CT6RK2AT63,H-00539,P-01031,Northwind Health,H5040-024,MA,NE,AGE,NW-520360,10/01/22,03/31/26,terminated,6831819,44.93,
C-00797,"Conrad, Raymond",02/13/1954,(604) 555-0187,raymond.conrad797@example.com,869 Gross Terrace Apt. 195,West Kaitlyn,NE,69396,5CT6RK2AT63,H-00539,P-01032,Summit Health Plans,H5371-020,MA,NE,AGE,SH-328472,04/01/2026,,Active,6831819,10.27,
C-00798,"Gonzalez, Hunter",01/08/1944,(806) 555-0186,hunter.gonzalez798@example.com,27011 Warren Shoal Suite 622,Jacobberg,WV,26606,1N45JK0PA89,H-00540,P-01033,Bluepeak,H4593-029-002,MA,WV,AGE,BP-725141,2026-02-01,,ACTIVE,7150444,26.81,
C-00799,"Gonzalez, Stacy",22030,(617) 555-0185,stacy.gonzalez799@example.com,27011 Warren Shoal Suite 622,Jacobberg,WV,26606,6RT0UV9TU55,H-00540,P-01034,Bluepeak,H4593-008,MA,WV,AGE,BP-372285,09/01/25,,active,7150444,43.16,
C-00800,"Carter, Nicholas",21463,(968) 555-0116,,323 Karen Valleys Apt. 467,Port Danaland,UT,84351,3UE1D67PU69,H-00541,P-01035,Cardinal Mutual,H7252-025,MA,UT,AGE,CM-265270,02/01/2024,,Active,97102525,24.12,Prefers mail over phone.
C-00801,"Bennett, Abigail",06/04/1943,(475) 555-0170,abigail.bennett801@example.com,50937 Chambers Courts Apt. 040,North Jasontown,SC,29136,2RX0HX2GA26,H-00542,P-01036,Summit Health Plans,G,MEDSUPP,SC,AGE,SH-379069,2025-01-01,,ACTIVE,10583482,121.34,
C-00801,"Bennett, Abigail",06/04/1943,(475) 555-0170,abigail.bennett801@example.com,50937 Chambers Courts Apt. 040,North Jasontown,SC,29136,2RX0HX2GA26,H-00542,P-01037,Summit Health Plans,S8123-016-002,PDP,SC,AGE,SH-163491,01/01/25,,active,10583482,17.68,
C-00802,"Bennett, Suzanne",02/06/1946,(978) 555-0102,,50937 Chambers Courts Apt. 040,North Jasontown,SC,29136,2Q93T80NA04,H-00542,P-01038,Bluepeak,H4593-009-002,MA,SC,AGE,BP-495035,02/01/2025,,Active,10583482,22.90,
C-00803,"Marks, Linda",02/23/1944,(769) 555-0100,linda.marks803@example.com,7596 Wood Junctions Suite 356,Bishopstad,FL,34956,1Q45KC2PY98,H-00543,P-01039,Meridian Care,R1053-005-003,MA,FL,AGE,MC-834752,2023-09-01,2024-11-30,TERMINATED,94702683,37.84,
C-00803,"Marks, Linda",02/23/1944,(769) 555-0100,linda.marks803@example.com,7596 Wood Junctions Suite 356,Bishopstad,FL,34956,1Q45KC2PY98,H-00543,P-01040,Bluepeak,H4593-029-001,MA,FL,AGE,BP-223598,12/01/24,,active,94702683,46.90,"Daughter Casey Fakename is the contact, cell (555) 555-0195."
C-00804,"Marks, Aaron",33334,(506) 555-0198,aaron.marks804@example.com,7596 Wood Junctions Suite 356,Bishopstad,FL,34956,,H-00543,P-01041,Cardinal Mutual,49117FL0998239,ACA,FL,,CM-970784,01/01/2025,12/31/2025,XFER,94702683,314.41,
C-00804,"Marks, Aaron",33334,(506) 555-0198,aaron.marks804@example.com,7596 Wood Junctions Suite 356,Bishopstad,FL,34956,,H-00543,P-01042,Summit Health Plans,93748FL7042761,ACA,FL,,SH-514326,2026-01-01,,ACTIVE,94702683,743.18,
C-00805,"Smith, Danielle",05/19/1945,(842) 555-0175,danielle.smith805@example.com,209 Misty Harbors Apt. 579,Robertsonborough,UT,84270,8AV8RM0RU56,H-00544,P-01043,Bluepeak,H4593-019,MA,UT,AGE,BP-723925,02/01/22,,active,97102525,14.07,
C-00806,"Joseph, Molly",12/12/1942,(799) 555-0128,molly.joseph806@example.com,50573 Ross Ridge Apt. 567,Lake Paulborough,MT,59147,3PH3HG0GJ51,H-00545,P-01044,Bluepeak,H3266-012,MA,MT,AGE,BP-219036,03/01/2022,,Active,97102525,4.86,
C-00807,"Sanchez, George",20979,(795) 555-0164,,71487 Peggy Crescent,Batesbury,FL,33036,9M23YH3HG43,H-00546,P-01045,Summit Health Plans,H9797-012-003,MA,FL,AGE,SH-882888,2024-08-01,2025-09-30,TERMINATED,54100814,46.22,
C-00807,"Sanchez, George",20979,(795) 555-0164,,71487 Peggy Crescent,Batesbury,FL,33036,9M23YH3HG43,H-00546,P-01046,Meridian Care,H8433003-002,MA,FL,AGE,MC-707951,10/01/25,,active,54100814,13.24,Client prefers materials en español.
C-00808,"Sanchez, Sheryl",03/14/1941,(537) 555-0191,,71487 Peggy Crescent,Batesbury,FL,33036,3CE2JU6HD77,H-00546,P-01047,Summit Health Plans,H9797-013-001,MA,FL,AGE,SH-724214,08/01/2023,,Active,54100814,14.93,
C-00809,"Wade, Sandra",07/26/1942,(659) 555-0143,sandra.wade809@example.com,60256 Robinson Glens,Lynnville,AR,72526,4EU5J36FR47,H-00547,P-01048,Bluepeak,H3266-009,MA,AR,AGE,BP-207883,2023-09-01,,ACTIVE,44524491,31.38,
C-00810,"Miller, Christopher",21898,(324) 555-0157,christopher.miller810@example.com,53991 Bennett Stravenue Suite 863,West Darrell,ID,83654,9KN2KC3GE15,H-00548,P-01049,Harborline,H3504-007-001,MA,ID,AGE,HL-909388,08/01/25,,active,77125617,58.96,
C-00811,"Lee, Paul",02/07/1942,(468) 555-0159,paul.lee811@example.com,195 Melissa Light,West Bryanside,CO,80930,3P24FF1VW34,H-00549,P-01050,Meridian Care,H3591-019,MA,CO,AGE,MC-871703,05/01/2025,,Active,5265799,14.77,
C-00812,"Lee, Rodney",09/10/1945,(883) 555-0106,rodney.lee812@example.com,195 Melissa Light,West Bryanside,CO,80930,4H83GX9WR51,H-00549,P-01051,Summit Health Plans,H5371-014-002,MA,CO,AGE,SH-160114,2023-11-01,,ACTIVE,5265799,22.52,
C-00813,"Hernanez, Justin",07/06/1943,(529) 555-0189,justin.hernandez813@example.com,289 Daniel Branch Suite 524,South Erin,NE,69267,8FQ2A38KQ72,H-00550,P-01052,Summit Health Plans,G,MEDSUPP,NE,AGE,SH-419966,07/01/25,,active,6831819,208.75,
C-00813,"Hernanez, Justin",07/06/1943,(529) 555-0189,justin.hernandez813@example.com,289 Daniel Branch Suite 524,South Erin,NE,69267,8FQ2A38KQ72,H-00550,P-01053,Summit Health Plans,S8123-024,PDP,NE,AGE,SH-184046,07/01/2025,,Active,6831819,66.15,
C-00814,"Simpson, Janet",20821,(377) 555-0123,janet.simpson814@example.com,548 Joshua Vista,Welchborough,CA,93720,7G44TG8RH94,H-00551,P-01054,Bluepeak,H4593-008-001,MA,CA,AGE,BP-191424,2026-11-01,,PENDING,78490893,22.40,
C-00815,"Mooney, Katherine",28928,(214) 555-0177,katherine.mooney815@example.com,52330 Melissa Stream Suite 420,Rogersfort,MO,65201,,H-00552,P-01055,Bluepeak,23947MO6877137,ACA,MO,,BP-100258,01/01/24,,active,33857966,672.32,
C-00816,"Carter, Duane",05/09/1945,(220) 555-0191,duane.carter816@example.com,84438 Davis Islands Apt. 472,South Heather,DC,20546,2C31XJ3PH89,H-00553,P-01056,Bluepeak,G,MEDSUPP,DC,AGE,BP-976980,12/01/2022,,Active,6831819,187.60,
C-00816,"Carter, Duane",05/09/1945,(220) 555-0191,duane.carter816@example.com,84438 Davis Islands Apt. 472,South Heather,DC,20546,2C31XJ3PH89,H-00553,P-01057,Bluepeak,S2489-019,PDP,DC,AGE,BP-500893,2022-12-01,,ACTIVE,68O1819,41.40,
C-00817,"Carter, Jeffery",21920,(641) 555-0124,jeffery.carter817@example.com,84438 Davis Islands Apt. 472,South Heather,DC,20546,1NQ4QE6CU62,H-00553,P-01058,Harborline,H3504-001,MA,DC,AGE,HL-700249,02/01/26,,active,6831819,1.20,
C-00818,"Simmons, Meagan",02/26/1934,(429) 555-0186,meagan.simmons818@example.com,059 Erika Walks,South Stephanie,KY,40525,4RE0YK4DR42,H-00554,P-01059,Meridian Care,G,MEDSUPP,KY,AGE,MC-465917,01/01/2023,,Active,94702683,217.49,
C-00818,"Simmons, Meagan",02/26/1934,(429) 555-0186,meagan.simmons818@example.com,059 Erika Walks,South Stephanie,KY,40525,4RE0YK4DR42,H-00554,P-01060,Meridian Care,S9201-030-002,PDP,KY,AGE,MC-582100,2023-01-01,,ACTIVE,94702683,37.21,
C-00819,"Allen, Tracy",09/15/1936,(736) 555-0146,tracy.allen819@example.com,57201 Watkins Drive,Sanchezville,MO,65449,5YM2YC4RD75,H-00555,P-01061,Northwind Health,H5040-003,MA,MO,AGE,NW-749826,10/01/23,,active,32244663,40.50,
C-00820,"Wilson, Dave",37809,(915) 555-0123,david.wilson820@example.com,617 Hill Shoal,Richardsonville,MO,63638,,H-00556,P-01062,Harborline,91959MO4472951,ACA,MO,,HL-181547,01/01/2025,12/31/2025,Terminated,33857966,500.38,
C-00820,"Wilson, Dave",37809,(915) 555-0123,david.wilson820@example.com,617 Hill Shoal,Richardsonville,MO,63638,,H-00556,P-01063,Summit Health Plans,93748MO2822234,ACA,MO,,SH-381719,2026-01-01,,ACTIVE,33857966,437.07,Client prefers materials en español.
C-00821,"Evans, David",12/14/1945,(212) 555-0121,david.evans821@example.com,99974 Laura Falls,Washingtonchester,LA,71425,5WP3Q62RW90,H-00557,P-01064,Meridian Care,L,MEDSUPP,LA,AGE,MC-307471,06/01/23,,active,7150444,146.67,
C-00821,"Evans, David",12/14/1945,(212) 555-0121,david.evans821@example.com,99974 Laura Falls,Washingtonchester,LA,71425,5WP3Q62RW90,H-00557,P-01065,Meridian Care,S3927-003,PDP,LA,AGE,MC-103368,06/01/2023,,Active,7150444,6.98,
C-00822,"Evans, Mark",26766,(521) 555-0161,mark.evans822@example.com,99974 Laura Falls,Washingtonchester,LA,71425,,H-00557,P-01066,Bluepeak,23947LA1532938,ACA,LA,,BP-861384,2025-01-01,,ACTIVE,7150444,662.24,
C-00823,"White, Carol",37598,(689) 555-0168,carol.white823@example.com,0688 Brown Villages,Port Karenville,KY,42575,,H-00558,P-01067,Meridian Care,76540KY7169593,ACA,KY,,MC-419527,01/01/25,12/31/25,terminated,94702683,215.41,
C-00823,"White, Carol",37598,(689) 555-0168,carol.white823@example.com,0688 Brown Villages,Port Karenville,KY,42575,,H-00558,P-01068,Cardinal Mutual,49117KY6888141,ACA,KY,,CM-407861,01/01/2026,,Active,94702683,273.02,
C-00824,"York, Austin",08/20/1946,(669) 555-0106,austin.york824@example.com,87510 Bailey Shoal,North Anna,MO,63927,6RK6TF6JQ81,H-00559,P-01069,Meridian Care,H3591-002,MA,MO,AGE,MC-574807,2023-12-01,2025-08-31,TERMINATED,32244663,12.21,
C-00824,"York, Austin",08/20/1946,(669) 555-0106,austin.york824@example.com,87510 Bailey Shoal,North Anna,MO,63927,6RK6TF6JQ81,H-00559,P-01070,Cardinal Mutual,H7252-001,MA,MO,AGE,CM-423030,09/01/25,,active,32244663,42.35,
C-00825,"York, Tina",12/18/1933,(669) 555-0106,tina.york825@example.com,87510 Bailey Shoal,North Anna,MO,63927,4PR6CN0JJ74,H-00559,P-01071,Summit Health Plans,H5371-016-001,MA,MO,AGE,SH-561406,04/01/2024,,Active,32244663,52.80,
C-00826,"Bartlett, Wendy",20148,(324) 555-0170,,8260 Kevin Path Suite 872,Nealhaven,KY,41589,5DY0VT8VR53,H-00560,P-01072,Harborline,R3621-013,MA,KY,AGE,HL-887931,2024-09-01,,ACTIVE,4356886,38.56,
C-00827,"Robinson, Mike",24124,(610) 555-0103,michael.robinson827@example.com,103 Jacob Hills,East Carrie,NE,68438,,H-00561,P-01073,Meridian Care,76540NE5413216,ACA,NE,,MC-984832,01/01/25,,active,33857966,178.71,
C-00828,"Duffy, Erica",02/27/1943,(984) 555-0109,erica.duffy828@example.com,961 Green Run,South Stephen,MO,63515,7TA6QH2CD62,H-00562,P-01074,Meridian Care,H3591-025,MA,MO,AGE,MC-980075,01/01/2025,,Active,33857966,41.69,
C-00829,"Stewart, Kristin",06/19/1950,(439) 555-0159,kristin.stewart829@example.com,314 Jennifer Port,South Lorraine,NC,28515,1WR4YK2QX42,H-00563,P-01075,Bluepeak,E,MEDSUPP,NC,AGE,BP-820333,2022-02-01,,ACTIVE,74197857,265.49,
C-00829,"Stewart, Kristin",06/19/1950,(439) 555-0159,kristin.stewart829@example.com,314 Jennifer Port,South Lorraine,NC,28515,1WR4YK2QX42,H-00563,P-01076,Bluepeak,S2489-029,PDP,NC,AGE,BP-807339,02/01/22,,active,74197857,19.27,
C-00830,"Melton, Jeremiah",25612,(816) 555-0188,jeremiah.melton830@example.com,93141 Gabriella Lodge Apt. 515,Kimberlyberg,NE,69181,3DY5WT3AP49,H-00564,P-01077,Harborline,H3504-022,MA,NE,DISABILITY,HL-951153,10/01/2024,,Active,6831819,20.09,
C-00831,"Davis, Mike",20882,(895) 555-0194,,63611 Alisha Wells,Briannafort,MD,21988,1Q06K13EN89,H-00565,P-01078,Northwind Health,H9830-029,MA,MD,AGE,NW-857819,2026-04-01,,ACTIVE,77125617,47.58,
C-00832,"Davis, Ashley",21291,(895) 555-0194,,63611 Alisha Wells,Briannafort,MD,21988,1EU0YF6MC70,H-00565,P-01079,Northwind Health,H5040-017,MA,MD,AGE,NW-168776,06/01/24,,active,77125617,52.47,
C-00833,"Green, Gloria",05/03/1940,(740) 555-0141,gloria.green833@example.com,491 George Terrace Suite 258,Woodsberg,UT,84267,1AT2VV9NX27,H-00566,P-01080,Harborline,S2040-014-002,PDP,UT,AGE,HL-854169,05/01/2025,,Active,97102525,23.40,
C-00834,"Green, Jennifer",29804,(370) 555-0176,jennifer.green834@example.com,491 George Terrace Suite 258,Woodsberg,UT,84267,,H-00566,P-01081,Bluepeak,23947UT0260986,ACA,UT,,BP-134701,2025-01-01,,ACTIVE,97102525,880.68,
C-00835,"Lindsey, Wayne",20148,(323) 555-0158,,69405 Erika Manor,Whitestad,AL,35879,5KK3N59QG45,H-00567,P-01082,Meridian Care,H3591-006,MA,AL,AGE,MC-871526,10/01/24,,active,1884412,0.89,
C-00836,"Lindsey, Joshua",20577,(323) 555-0158,,69405 Erika Manor,Whitestad,AL,35879,4RY0XD2JT53,H-00567,P-01083,Bluepeak,S1771-019,PDP,AL,AGE,BP-524745,01/01/2022,,Active,1884412,78.94,
C-00837,"Paul, Angela",31927,(980) 555-0157,angela.paul837@example.com,341 Russell Island Apt. 113,East Barbaraland,ME,04583,,H-00568,P-01084,Meridian Care,76540ME5173064,ACA,ME,,MC-469025,2027-01-01,,PENDING,94702683,205.08,
C-00838,"Paul, Trevor",02/26/1934,(980) 555-0157,trevor.paul838@example.com,341 Russell Island Apt. 113,East Barbaraland,ME,04583,9T55K10JQ48,H-00568,P-01085,Northwind Health,H9830-016,MA,ME,AGE,NW-642921,11/01/24,11/30/25,terminated,94702683,20.37,
C-00838,"Paul, Trevor",02/26/1934,(980) 555-0157,trevor.paul838@example.com,341 Russell Island Apt. 113,East Barbaraland,ME,04583,9T55K10JQ48,H-00568,P-01086,Cardinal Mutual,H8668-014,MA,ME,AGE,CM-307183,12/01/2025,,Active,94702683,12.47,
C-00839,"Klin, Jacqueline",03/07/1944,(613) 555-0159,jacqueline.klein839@example.com,8277 Richard Ridges,Port Julie,KY,40148,6XM9U92FC42,H-00569,P-01087,Summit Health Plans,H9797-001-002,MA,KY,AGE,SH-537206,2025-03-01,,ACTIVE,94702683,31.44,
C-00840,"Williams, Tyler",03/22/1949,(805) 555-0176,tyler.williams840@example.com,89097 Emily Track Apt. 215,New Michael,OR,97974,3X99WJ3NW76,H-00570,P-01088,Summit Health Plans,L,MEDSUPP,OR,AGE,SH-572844,12/01/24,,active,74197857,252.34,
C-00840,"Williams, Tyler",03/22/1949,(805) 555-0176,tyler.williams840@example.com,89097 Emily Track Apt. 215,New Michael,OR,97974,3X99WJ3NW76,H-00570,P-01089,Summit Health Plans,S8123-030,PDP,OR,AGE,SH-112957,12/01/2024,,Active,74197857,76.07,
C-00841,"Rojas, Ashley",11/25/1951,(298) 555-0141,ashley.rojas841@example.com,1538 Kelly Orchard,Josephtown,CO,80867,9H49DF2QA00,H-00571,P-01090,Harborline,H3504-030-003,MA,CO,AGE,HL-253924,2022-05-01,,ACTIVE,5265799,32.67,
C-00842,"Rodriguez, Michael",12/17/1950,(868) 555-0184,michael.rodriguez842@example.com,8079 Brown Avenue,Murphystad,DE,19894,1HV9UN2WU20,H-00572,P-01091,Summit Health Plans,H5371-027,MA,DE,AGE,SH-502385,02/01/25,,active,54100814,54.99,
C-00843,"Rodriguez, Jennifer",22928,(868) 555-0184,,8079 Brown Avenue,Murphystad,DE,19894,,H-00572,P-01092,Summit Health Plans,93748DE2538924,ACA,DE,,SH-643781,01/01/2025,,Active,54100814,222.89,
C-00844,"Perez, Randall",02/24/1947,(305) 555-0179,,0167 Christopher Passage Apt. 617,East Kaylaview,KY,42729,9YQ2X68CP68,H-00573,P-01093,Northwind Health,G,MEDSUPP,KY,AGE,NW-790887,2022-09-01,,ACTIVE,94702683,245.27,
C-00844,"Perez, Randall",02/24/1947,(305) 555-0179,,0167 Christopher Passage Apt. 617,East Kaylaview,KY,42729,9YQ2X68CP68,H-00573,P-01094,Northwind Health,S7543-015,PDP,KY,AGE,NW-528909,09/01/22,,active,94702683,71.92,
C-00844,"Perez, Randall",02/24/1947,(305) 555-0179,,0167 Christopher Passage Apt. 617,East Kaylaview,KY,42729,9YQ2X68CP68,H-00573,P-01094,Northwind Health,S7543-015,PDP,KY,AGE,NW-528909,09/01/2022,,Active,94702683,83.92,
C-00845,"Rodriguez, Justin",11/08/1939,(498) 555-0100,justin.rodriguez845@example.com,6284 Veronica Shoals Suite 225,Smithborough,TX,78542,5UK1GN3DH79,H-00574,P-01095,Cardinal Mutual,G,MEDSUPP,TX,AGE,CM-154347,2023-09-01,,ACTIVE,90949389,94.17,
C-00845,"Rodriguez, Justin",11/08/1939,(498) 555-0100,justin.rodriguez845@example.com,6284 Veronica Shoals Suite 225,Smithborough,TX,78542,5UK1GN3DH79,H-00574,P-01096,Cardinal Mutual,S2876-007,PDP,TX,AGE,CM-176833,09/01/23,,active,90949389,32.78,Client gave bank account 00016196 for the premium draft.
C-00846,"Pierce, Lauren",23194,(351) 555-0188,lauren.pierce846@example.com,6502 Stacy Shores,Davidfort,LA,70453,,H-00575,P-01097,Meridian Care,76540LA9795019,ACA,LA,,MC-719484,01/01/2026,,Active,11576383,243.03,
C-00847,"Smith, Gabrielle",06/29/1935,(518) 555-0135,,6862 Susan Turnpike,East Erichaven,TX,76126,5WY0KU6AT86,H-00576,P-01098,Harborline,H2796-023,MA,TX,AGE,HL-533626,2022-09-01,2024-10-31,TERMINATED,90949389,38.53,
C-00847,"Smith, Gabrielle",06/29/1935,(518) 555-0135,,6862 Susan Turnpike,East Erichaven,TX,76126,5WY0KU6AT86,H-00576,P-01099,Cardinal Mutual,H7252-026,MA,TX,AGE,CM-760471,11/01/24,,active,90949389,38.60,
C-00848,"Wright, Elijah",12/02/1942,(912) 555-0130,elijah.wright848@example.com,569 Ryan Highway,Toddchester,NJ,07261,7HK0Y61WP80,H-00577,P-01100,Harborline,H2796-011,MA,NJ,AGE,HL-373229,11/01/2023,,Active,77125617,37.01,
C-00849,"Lopez, Melissa",01/24/1940,(203) 555-0106,melissa.lopez849@example.com,41436 Thomas Tunnel,Lake Jessicaburgh,SD,57531,4A24N84EW40,H-00578,P-01101,Bluepeak,R9348-006,MA,SD,AGE,BP-943340,2026-01-01,,ACTIVE,92646676,6.67,
C-00850,"James, Alicia",09/11/1935,(604) 555-0198,alicia.james850@example.com,12604 Sarah Meadow,New Jameston,IL,61848,9WQ4A17WW02,H-00579,P-01102,Bluepeak,R9348-029,MA,IL,AGE,BP-396206,02/01/24,11/30/25,terminated,4356886,31.30,
C-00850,"James, Alicia",09/11/1935,(604) 555-0198,alicia.james850@example.com,12604 Sarah Meadow,New Jameston,IL,61848,9WQ4A17WW02,H-00579,P-01103,Summit Health Plans,R6573-011-001,MA,IL,AGE,SH-537805,12/01/2025,,Active,4356886,59.05,
C-00851,"Dawson, John",09/04/1944,(643) 555-0162,john.dawson851@example.com,56708 Schneider Hollow,West Michaelstad,AK,99677,9UC9GC1YY18,H-00580,P-01104,Meridian Care,H3591-003,MA,AK,AGE,MC-813817,2026-11-01,,PENDING,61291817,16.35,
C-00852,"Cox, Kevin",12/19/1947,(544) 555-0168,kevin.cox852@example.com,00053 Kennedy Rest,South Jackfort,VA,22212,,H-00581,P-01105,Harborline,H3504-022,MA,VA,AGE,HL-599173,10/01/22,10/31/23,terminated,78490893,0.57,
C-00852,"Cox, Kevin",12/19/1947,(544) 555-0168,kevin.cox852@example.com,00053 Kennedy Rest,South Jackfort,VA,22212,,H-00581,P-01106,Summit Health Plans,H5371-010,MA,VA,AGE,SH-861695,11/01/2023,,Active,78490893,39.34,
C-00853,"Rice, Nathan",08/25/1937,(787) 555-0143,nathan.rice853@example.com,082 Ward Valleys,Juliashire,NY,13925,5R87QR2RG35,H-00582,P-01107,Summit Health Plans,H5371-008,MA,NY,AGE,SH-244564,2025-09-01,,ACTIVE,10583482,1.11,
C-00854,"Rice, Debra",22124,(282) 555-0156,,082 Ward Valleys,Juliashire,NY,13925,8AH6VQ0NC63,H-00582,P-01108,Cardinal Mutual,H8668-002-001,MA,NY,AGE,CM-866439,08/01/25,,active,10583482,10.58,
C-00855,"Rice, Jason",21128,(473) 555-0101,jason.rice855@example.com,082 Ward Valleys,Juliashire,NY,13925,2A73XC9EG03,H-00582,P-01109,Northwind Health,G,MEDSUPP,NY,AGE,NW-241825,04/01/2026,09/09/2026,Active,10583482,209.54,
C-00855,"Rice, Jason",21128,(473) 555-0101,jason.rice855@example.com,082 Ward Valleys,Juliashire,NY,13925,2A73XC9EG03,H-00582,P-01110,Northwind Health,S6930-006-002,PDP,NY,AGE,NW-904669,2026-04-01,,ACTIVE,10583482,37.77,
C-00856,"Mayo, James",06/28/1934,(243) 555-0106,james.mayo856@example.com,12910 James Mission Apt. 189,Kevinfort,SC,29946,9RC2TP7MN44,H-00583,P-01111,Summit Health Plans,G,MEDSUPP,SC,AGE,SH-434519,05/01/25,,active,11576383,104.36,
C-00856,"Mayo, James",06/28/1934,(243) 555-0106,james.mayo856@example.com,12910 James Mission Apt. 189,Kevinfort,SC,29946,9RC2TP7MN44,H-00583,P-01112,Summit Health Plans,S8123-023-003,PDP,SC,AGE,SH-445377,05/01/2025,,Active,11576383,51.74,
C-00857,"Mayo, Jennifer",21868,(437) 555-0114,jennifer.mayo857@example.com,12910 James Mission Apt. 189,Kevinfort,SC,29946,7P05VH4MN66,H-00583,P-01113,Bluepeak,R9085-005,MA,SC,AGE,BP-617287,2025-05-01,,ACTIVE,11576383,10.10,
C-00858,"Mayo, Bradley",10/08/1949,(437) 555-0114,bradley.mayo858@example.com,12910 James Mission Apt. 189,Kevinfort,SC,29946,7E56FM8RA70,H-00583,P-01114,Cardinal Mutual,G,MEDSUPP,SC,AGE,CM-525831,07/01/23,,active,11576383,228.14,
C-00858,"Mayo, Bradley",10/08/1949,(437) 555-0114,bradley.mayo858@example.com,12910 James Mission Apt. 189,Kevinfort,SC,29946,7E56FM8RA70,H-00583,P-01115,Cardinal Mutual,S2876-026-001,PDP,SC,AGE,CM-483749,07/01/2023,,Active,11576383,15.30,
C-00859,"Mills, Stephanie",24995,(851) 555-0111,stephanie.mills859@example.com,8485 West Stravenue,South Carloschester,LA,70147,2NR0PV7XC52,H-00584,P-01116,Northwind Health,H9830-015-002,MA,LA,DISABILITY,NW-378237,2022-12-01,2024-07-31,TERMINATED,11576383,46.46,
C-00859,"Mills, Stephanie",24995,(851) 555-0111,stephanie.mills859@example.com,8485 West Stravenue,South Carloschester,LA,70147,2NR0PV7XC52,H-00584,P-01117,Bluepeak,H3266-007,MA,LA,DISABILITY,BP-813041,08/01/24,,active,11576383,7.95,
C-00860,"Mills, Krystal",27736,(404) 555-0187,krystal.mills860@example.com,8485 West Stravenue,South Carloschester,LA,70147,,H-00584,P-01118,Northwind Health,76542LA9607800,ACA,LA,,NW-895314,01/01/2025,12/31/2025,Terminated,11576383,254.79,
C-00860,"Mills, Krystal",27736,(404) 555-0187,krystal.mills860@example.com,8485 West Stravenue,South Carloschester,LA,70147,,H-00584,P-01119,Meridian Care,76540LA9656609,ACA,LA,,MC-517186,2026-01-01,,ACTIVE,11576383,846.67,
C-00861,"Simpson, Amanda",20080,(420) 555-0154,,424 Stephanie Circle,Lake Lisa,KS,67374,8K08TQ8AP70,H-00585,P-01120,Meridian Care,H3591-018,MA,KS,AGE,MC-356230,12/01/22,06/30/24,??,54100814,21.73,
C-00861,"Simpson, Amanda",20080,(420) 555-0154,,424 Stephanie Circle,Lake Lisa,KS,67374,8K08TQ8AP70,H-00585,P-01121,Northwind Health,H5040-001,MA,KS,AGE,NW-477362,07/01/2024,,Active,54100814,49.43,
C-00862,"Robinson, Heather",01/30/1936,(348) 555-0188,heather.robinson862@example.com,78686 Lawson Ford,North Ernest,ID,83324,4X76MK0GW25,H-00586,P-01122,Bluepeak,H3266-013,MA,ID,AGE,BP-722580,2023-04-01,2023-03-31,TERMINATED,61855700,50.57,
C-00862,"Robinson, Heather",01/30/1936,(348) 555-0188,heather.robinson862@example.com,78686 Lawson Ford,North Ernest,ID,83324,4X76MK0GW25,H-00586,P-01123,Harborline,H2796-020-002,MA,ID,AGE,HL-267199,04/01/26,,active,61855700,58.09,
C-00863,"Hernandez, Nicole",20966,(201) 555-0108,nicole.hernandez863@example.com,844 Kenneth Grove Apt. 230,West Benjamin,KS,66505,4J42VK4FH47,H-00587,P-01124,Meridian Care,S9201-029-003,PDP,KS,AGE,MC-938541,11/01/2026,,??,54100814,6.48,
C-00864,"Baker, Dennis",21598,(476) 555-0188,dennis.baker864@example.com,0338 Aaron Key,Markside,NE,68142,2HW3EA0QM33,H-00588,P-01125,Bluepeak,H3266-021,MA,NE,AGE,BP-916927,2025-12-01,,ACTIVE,6831819,59.36,
C-00865,"Nguyen, James",36953,(719) 555-0189,,0053 Thompson Brook Apt. 649,Port Scott,PA,17859,,H-00589,P-01126,Cardinal Mutual,49117PA5011987,ACA,PA,,CM-129650,01/01/25,,active,1884412,776.71,
C-00866,"Nguyen, Crystal",34122,(679) 555-0127,crystal.nguyen866@example.com,0053 Thompson Brook Apt. 649,Port Scott,PA,17859,6GY8MF4DC74,H-00589,P-01127,Bluepeak,H3266-016-003,MA,PA,DISABILITY,BP-630935,11/01/2025,,Active,1884412,30.05,
C-00867,"Holland, Andrew",38406,(215) 555-0105,andrew.holland867@example.com,73652 Davis Falls Suite 223,Hardingburgh,WV,26017,,H-00590,P-01128,Cardinal Mutual,49117WV3202942,ACA,WV,,CM-794534,2025-01-01,2025-12-31,TERMINATED,7150444,816.31,
C-00867,"Holland, Andrew",38406,(215) 555-0105,andrew.holland867@example.com,73652 Davis Falls Suite 223,Hardingburgh,WV,26017,,H-00590,P-01129,Harborline,91959WV6770277,ACA,WV,,HL-531618,01/01/26,,active,7150444,493.89,
C-00868,"Holland, Frank",05/18/1946,(581) 555-0172,frank.holland868@example.com,73652 Davis Falls Suite 223,Hardingburgh,WV,26017,4EV3X29UX84,H-00590,P-01130,Northwind Health,N,MEDSUPP,WV,AGE,NW-840363,03/01/2025,,Active,7150444,286.19,
C-00868,"Holland, Frank",05/18/1946,(581) 555-0172,frank.holland868@example.com,73652 Davis Falls Suite 223,Hardingburgh,WV,26017,4EV3X29UX84,H-00590,P-01131,Northwind Health,S7543-019,PDP,WV,AGE,NW-953402,2025-03-01,,ACTIVE,7150444,56.60,
C-00869,"Taylor, Karen",05/03/1947,(878) 555-0126,karen.taylor869@example.com,9312 Ronald Motorway,Garciahaven,IN,47989,4XK6EF1GW98,H-00591,P-01132,Meridian Care,H3591-011,MA,IN,AGE,MC-402321,04/01/26,,active,4356886,50.45,
C-00870,"Adams, Sheena",10/09/1946,(368) 555-0117,,166 Daniel Bridge,East Johnland,MO,63902,9MU4G62NQ78,H-00592,P-01133,Cardinal Mutual,H7252-030,MA,MO,AGE,CM-314989,09/01/2025,,Active,6831819,10.54,
C-00871,"Rivera, Eric",08/28/1951,(538) 555-0184,eric.rivera871@example.com,18513 Timothy Port,Ochoaport,UT,84707,2H24X05QM79,H-00593,P-01134,Summit Health Plans,N,MEDSUPP,UT,AGE,SH-125691,2025-03-01,,ACTIVE,90949389,218.25,
C-00871,"Rivera, Eric",08/28/1951,(538) 555-0184,eric.rivera871@example.com,18513 Timothy Port,Ochoaport,UT,84707,2H24X05QM79,H-00593,P-01135,Summit Health Plans,S8123-017,PDP,UT,AGE,SH-820055,03/01/25,,active,90949389,75.18,
C-00872,"Thomas, Rhonda",05/31/1943,(836) 555-0156,rhonda.thomas872@example.com,481 Mallory Cove,Curtischester,TX,78599,7EC8CX2RD66,H-00594,P-01136,Northwind Health,G,MEDSUPP,TX,AGE,NW-438324,09/01/2022,,Active,37231783,227.19,Client prefers materials en español.
C-00872,"Thomas, Rhonda",05/31/1943,(836) 555-0156,rhonda.thomas872@example.com,481 Mallory Cove,Curtischester,TX,78599,7EC8CX2RD66,H-00594,P-01137,Northwind Health,S6930-024,PDP,TX,AGE,NW-817628,2022-09-01,,ACTIVE,37231783,78.66,
C-00873,"Vasquez, Vicki",04/01/1936,(561) 555-0112,,66254 Sandra Spur,Mcdanielville,LA,70663,3KU6KA0CQ87,H-00595,P-01138,Summit Health Plans,H9797-010,MA,LA,AGE,SH-160282,10/01/23,,active,7150444,55.97,
C-00874,"Moreno, Carol",04/30/1952,(462) 555-0141,carol.moreno874@example.com,45195 Michael Corner,New Edwardchester,OR,97645,,H-00596,P-01139,Bluepeak,H4593-024,MA,OR,AGE,BP-574622,09/01/2024,,Active,74197857,5.20,
C-00875,"Flores, Peter",07/15/1950,(725) 555-0182,peter.flores875@example.com,49451 Hendricks Shore Suite 410,Port Diana,KY,40605,3C55CW9WJ09,H-00597,P-01140,Northwind Health,H5040-019-003,MA,KY,AGE,NW-768960,2023-06-01,2026-04-30,TERMINATED,94702683,35.49,
C-00875,"Flores, Peter",07/15/1950,(725) 555-0182,peter.flores875@example.com,49451 Hendricks Shore Suite 410,Port Diana,KY,40605,3C55CW9WJ09,H-00597,P-01141,Bluepeak,R9085-028,MA,KY,AGE,BP-610634,05/01/26,,active,94702683,47.17,
C-00876,"Flores, Jennifer",20445,(838) 555-0138,jennifer.flores876@example.com,49451 Hendricks Shore Suite 410,Port Diana,KY,40605,7YK8AM5CT35,H-00597,P-01142,Cardinal Mutual,H7252-019-003,MA,KY,AGE,CM-622469,01/01/2026,,Active,94702683,26.36,
C-00877,"Guzman, Dana",12/25/1933,(545) 555-0174,dana.guzman877@example.com,19642 Marcus Crossroad Apt. 655,Colemanchester,NE,69102,7AG9KK2CJ15,H-00598,P-01143,Harborline,H3504-007-001,MA,NE,AGE,HL-261024,2024-10-01,2025-11-30,See notes,33857966,25.57,
C-00877,"Guzman, Dana",12/25/1933,(545) 555-0174,dana.guzman877@example.com,19642 Marcus Crossroad Apt. 655,Colemanchester,NE,69102,7AG9KK2CJ15,H-00598,P-01144,Northwind Health,H9830-022-003,MA,NE,AGE,NW-594052,12/01/25,,active,33857966,37.66,
C-00878,"Guzman, Devon",25984,(545) 555-0174,devon.guzman878@example.com,19642 Marcus Crossroad Apt. 655,Colemanchester,NE,69102,,H-00598,P-01145,Northwind Health,76542NE5180176,ACA,NE,,NW-638428,01/01/2025,12/31/2025,Terminated,33857966,237.41,
C-00878,"Guzman, Devon",25984,(545) 555-0174,devon.guzman878@example.com,19642 Marcus Crossroad Apt. 655,Colemanchester,NE,69102,,H-00598,P-01146,Summit Health Plans,93748NE4484630,ACA,NE,,SH-856688,2026-01-01,,ACTIVE,33857966,835.08,
C-00879,"Espinoza, Alison",04/21/1939,(733) 555-0150,alison.espinoza879@example.com,6878 Patel View,South Christopher,AK,99966,5EX6GJ3GR05,H-00599,P-01147,Meridian Care,R1053-015,MA,AK,AGE,MC-979381,12/01/24,02/28/26,terminated,61291817,34.40,
C-00879,"Espinoza, Alison",04/21/1939,(733) 555-0150,alison.espinoza879@example.com,6878 Patel View,South Christopher,AK,99966,5EX6GJ3GR05,H-00599,P-01148,Cardinal Mutual,H7252-004,MA,AK,AGE,CM-301819,03/01/2026,,Active,61291817,36.32,
C-00880,"Espinoza, Kim",06/14/1942,(858) 555-0187,kimberly.espinoza880@example.com,6878 Patel View,South Christopher,AK,99966,2V91TW8FM26,H-00599,P-01149,Harborline,H3504-020,MA,AK,AGE,HL-722560,2026-05-01,,ACTIVE,61291817,44.95,
C-00881,"Mccall, Brian",02/02/1940,(672) 555-0192,brian.mccall881@example.com,135 James Vista,West Angelaberg,IL,60717,1F82JU9CC65,H-00600,P-01150,Harborline,A,MEDSUPP,IL,AGE,HL-768742,05/01/26,,cancelled,7150444,295.68,
C-00881,"Mccall, Brian",02/02/1940,(672) 555-0192,brian.mccall881@example.com,135 James Vista,West Angelaberg,IL,60717,1F82JU9CC65,H-00600,P-01151,Harborline,S7304-026,PDP,IL,AGE,HL-568323,05/01/2026,,Active,7150444,81.35,
C-00882,"Mccall, Michael",02/17/1940,(672) 555-0192,michael.mccall882@example.com,135 James Vista,West Angelaberg,IL,60717,4XV1WW9CT37,H-00600,P-01152,Northwind Health,H9830-016,MA,IL,AGE,NW-160899,2024-09-01,,ACTIVE,7150444,49.35,
C-00883,"Bennett, Anthony",12/25/1947,(824) 555-0197,anthony.bennett883@example.com,7286 Jason Fork,Lake Devinberg,NE,68665,9TR3VA2AU61,H-00601,P-01153,Bluepeak,R9348-006,MA,NE,AGE,BP-762277,10/01/22,,active,33857966,9.38,
C-00884,"Smith, Mariah",12/29/1934,(760) 555-0112,mariah.smith884@example.com,0191 Monroe Ways Apt. 025,North John,IN,46270,2V42A07AQ69,H-00602,P-01154,Northwind Health,H5040-008,MA,IN,AGE,NW-917192,03/01/2022,,Active,4356886,39.40,
C-00885,"Johnson, Karen",01/14/1936,(648) 555-0184,karen.johnson885@example.com,27284 Jenkins Junction Suite 041,North Nicole,MO,64570,8CJ5CR7NT89,H-00603,P-01155,Summit Health Plans,H9797-011,MA,MO,AGE,SH-824059,2024-03-01,2026-03-31,N/A,33857966,29.02,
C-00885,"Johnson, Karen",01/14/1936,(648) 555-0184,karen.johnson885@example.com,27284 Jenkins Junction Suite 041,North Nicole,MO,64570,8CJ5CR7NT89,H-00603,P-01156,Cardinal Mutual,H8668-008,MA,MO,AGE,CM-903148,04/01/26,,active,33857966,8.31,
C-00886,"Boyd, Tiffany",04/22/1939,(538) 555-0143,,66784 Fletcher Manors,West Teresa,CA,90641,6F01VU9YJ84,H-00604,P-01157,Harborline,N,MEDSUPP,CA,AGE,HL-426295,10/01/2025,,Active,43339391,104.65,
C-00886,"Boyd, Tiffany",04/22/1939,(538) 555-0143,,66784 Fletcher Manors,West Teresa,CA,90641,6F01VU9YJ84,H-00604,P-01158,Harborline,S2040-004,PDP,CA,AGE,HL-426488,2025-10-01,,ACTIVE,43339391,17.50,
C-00887,"Edwards, Dawn",04/19/1940,(404) 555-0151,dawn.edwards887@example.com,369 Jeffery Ferry,Port Heatherfort,MI,48183,8EN6WY1CX77,H-00605,P-01159,Cardinal Mutual,H7252-021-001,MA,MI,AGE,CM-943366,04/01/25,,active,13981052,24.78,
C-00888,"Lewis, Alex",05/04/1942,(470) 555-0152,alex.lewis888@example.com,05634 Dan Lake Suite 034,New Daniel,SC,29837,4R36M60DR32,H-00606,P-01160,Harborline,L,MEDSUPP,SC,AGE,HL-895221,04/01/2025,,Active,11576383,161.64,
C-00888,"Lewis, Alex",05/04/1942,(470) 555-0152,alex.lewis888@example.com,05634 Dan Lake Suite 034,New Daniel,SC,29837,4R36M60DR32,H-00606,P-01161,Harborline,S2040-028,PDP,SC,AGE,HL-472314,2025-04-01,,ACTIVE,11576383,24.50,
C-00888,"Lewis, Alex",05/04/1942,(470) 555-0152,alex.lewis888@example.com,05634 Dan Lake Suite 034,New Daniel,SC,29837,4R36M60DR32,H-00606,P-01161,Harborline,S2040-028,PDP,SC,AGE,HL-472314,04/01/25,,active,11576383,24.50,
C-00889,"Smith, Michael",02/19/1939,(365) 555-0176,michael.smith889@example.com,83034 Tiffany Port Apt. 970,West Christopherport,MI,49490,9H20FX1NW54,H-00607,P-01162,Bluepeak,H4593-013-002,MA,MI,AGE,BP-172322,06/01/2025,,Active,61855700,30.54,
C-00890,"Smith, Justin",05/28/1943,(365) 555-0176,justin.smith890@example.com,83034 Tiffany Port Apt. 970,West Christopherport,MI,49490,1T93MM6UK62,H-00607,P-01163,Northwind Health,S6930-018,PDP,MI,AGE,NW-781890,2025-11-01,,CANCELLED,61855700,51.43,
C-00891,"Johnson, Laura",09/30/1944,(825) 555-0114,,356 Dickson Squares Apt. 568,New Lindseyberg,IL,60894,3DV1QX8DM13,H-00608,P-01164,Meridian Care,H3591-023,MA,IL,AGE,MC-367539,08/01/23,03/31/25,terminated,44524491,48.39,
C-00891,"Johnson, Laura",09/30/1944,(825) 555-0114,,356 Dickson Squares Apt. 568,New Lindseyberg,IL,60894,3DV1QX8DM13,H-00608,P-01165,Summit Health Plans,H5371-010,MA,IL,AGE,SH-871693,04/01/2025,,Active,44524491,2.11,
C-00892,"Chandler, Denise",06/20/1951,(230) 555-0119,denise.chandler892@example.com,042 Faith Common Apt. 332,New Zachary,MO,65051,6AX9Q22EW36,H-00609,P-01166,Cardinal Mutual,H8668-014,MA,MO,AGE,CM-556662,2024-01-01,2026-02-28,TERMINATED,33857966,33.90,
C-00892,"Chandler, Denise",06/20/1951,(230) 555-0119,denise.chandler892@example.com,042 Faith Common Apt. 332,New Zachary,MO,65051,6AX9Q22EW36,H-00609,P-01167,Northwind Health,H9830-030-002,MA,MO,AGE,NW-391383,03/01/26,,active,33857966,19.70,
C-00893,"Davis, Alexis",05/17/1953,(758) 555-0105,alexis.davis893@example.com,2545 Williams Station Suite 339,East Ashleyfort,TX,79916,4TR8J86UP90,H-00610,P-01168,Cardinal Mutual,L,MEDSUPP,TX,AGE,CM-175672,07/01/2022,,Active,99847493,291.28,
C-00893,"Davis, Alexis",05/17/1953,(758) 555-0105,alexis.davis893@example.com,2545 Williams Station Suite 339,East Ashleyfort,TX,79916,4TR8J86UP90,H-00610,P-01169,Cardinal Mutual,S2876-009,PDP,TX,AGE,CM-226141,2022-07-01,,ACTIVE,99847493,71.12,Prefers mail over phone.
C-00894,"White, Kelsey",36931,(452) 555-0199,kelsey.white894@example.com,171 Edwards Hill Apt. 149,Michaelland,KS,66627,,H-00611,P-01170,Cardinal Mutual,49117KS5153455,ACA,KS,,CM-948302,01/01/25,,active,13981052,333.64,
C-00895,"Kirk, Stephanie",21169,(453) 555-0162,stephanie.kirk895@example.com,4721 Williams Walks Suite 669,South Michael,TX,78449,7Y05PX2GU76,H-00612,P-01171,Northwind Health,H5040-007,MA,TX,AGE,NW-439084,05/01/2024,,Active,99847493,44.85,
C-00896,"Nash, Jeffrey",05/16/1935,(900) 555-0132,,68740 Joyce Gardens Apt. 214,Moorefurt,NY,12008,7UF2W98JX04,H-00613,P-01172,Bluepeak,H3266-013-002,MA,NY,AGE,BP-874831,2024-07-01,,ACTIVE,97102525,59.90,
C-00897,"Nash, Morgan",06/22/1942,(947) 555-0192,morgan.nash897@example.com,68740 Joyce Gardens Apt. 214,Moorefurt,NY,12008,5XT8VT9NH12,H-00613,P-01173,Northwind Health,H9830-008-002,MA,NY,AGE,NW-619618,09/01/25,,active,97102525,36.11,
C-00898,"Morales, Caleb",21794,(254) 555-0189,caleb.morales898@example.com,7787 Christopher Street,South Kaylaborough,CO,81624,8JD4HX1ND14,H-00614,P-01174,Cardinal Mutual,S2876-006,PDP,CO,AGE,CM-939057,04/01/2025,,Active,7150444,22.02,
C-00899,"Brown, Lindsey",24038,(300) 555-0105,lindsey.brown899@example.com,737 Joshua Camp Apt. 723,Ashleyfurt,GA,31758,,H-00615,P-01175,Cardinal Mutual,49117GA5053168,ACA,GA,,CM-446731,2025-01-01,2025-12-31,TERMINATED,61855700,318.91,
C-00899,"Brown, Lindsey",24038,(300) 555-0105,lindsey.brown899@example.com,737 Joshua Camp Apt. 723,Ashleyfurt,GA,31758,,H-00615,P-01176,Summit Health Plans,93748GA0887163,ACA,GA,,SH-773515,01/01/26,,active,61855700,682.86,
C-00900,"Brown, Kristine",12/09/1946,(451) 555-0192,kristine.brown900@example.com,737 Joshua Camp Apt. 723,Ashleyfurt,GA,31758,5G23AQ0CG30,H-00615,P-01177,Bluepeak,H3266-021,MA,GA,AGE,BP-451416,11/01/2026,,Pending,61855700,56.63,
C-00901,"Savage, Alicia",07/15/1935,(373) 555-0136,alicia.savage901@example.com,03064 Reid Corner Apt. 146,West Morganmouth,ID,83817,1EN1KN9XF01,H-00616,P-01178,Cardinal Mutual,H7252-005-003,MA,ID,AGE,CM-994310,2024-02-01,,ACTIVE,43339391,11.11,
C-00902,"Price, Alejandro",21634,(438) 555-0175,alejandro.price902@example.com,01654 James Manor Suite 782,Gomezshire,CO,80140,2Y40DE3KW43,H-00617,P-01179,Summit Health Plans,H9797-012-003,MA,CO,AGE,SH-642138,11/01/24,,active,29898923,14.87,
C-00903,"Price, Krista",20985,(438) 555-0175,krista.price903@example.com,01654 James Manor Suite 782,Gomezshire,CO,80140,5N66MN2HM28,H-00617,P-01180,Harborline,N,MEDSUPP,CO,AGE,HL-564223,08/01/2024,,Active,29898923,289.69,
C-00903,"Price, Krista",20985,(438) 555-0175,krista.price903@example.com,01654 James Manor Suite 782,Gomezshire,CO,80140,5N66MN2HM28,H-00617,P-01181,Harborline,S2040-006,PDP,CO,AGE,HL-712001,2024-08-01,,ACTIVE,29898923,48.20,
C-00904,"Wilson, Tara",05/28/1949,(379) 555-0195,tara.wilson904@example.com,99255 Edward Mount,South Michelle,WV,25334,8JK9W05GY73,H-00618,P-01182,Cardinal Mutual,H7252-013,MA,WV,AGE,CM-488944,11/01/23,,active,7150444,33.11,
C-00905,"Burke, Javier",05/28/1947,(724) 555-0107,javier.burke905@example.com,8072 Fowler Prairie Apt. 033,Hortonburgh,MO,63962,7RM1KU5JJ69,H-00619,P-01183,Harborline,H3504-030,MA,MO,AGE,HL-555398,12/01/2023,04/30/2025,Terminated,33857966,32.26,
C-00905,"Burke, Javier",05/28/1947,(724) 555-0107,javier.burke905@example.com,8072 Fowler Prairie Apt. 033,Hortonburgh,MO,63962,7RM1KU5JJ69,H-00619,P-01184,Cardinal Mutual,H8668-005,MA,MO,AGE,CM-903075,2025-05-01,,ACTIVE,33857966,51.92,
C-00906,"Gutierrez, Michael",01/23/1948,(355) 555-0138,michael.gutierrez906@example.com,90550 Mosley Parkway,Lake Victormouth,SC,29319,8DG7RH8JN43,H-00620,P-01185,Harborline,S7304-017,PDP,SC,AGE,HL-358317,07/01/25,,active,10583482,75.31,
C-00907,"Walers, Jacqueline",12/16/1948,(603) 555-0193,jacqueline.walters907@example.com,512 Patterson Fall Apt. 866,Meganchester,KY,42612,9DR1P73VD16,H-00621,P-01186,Meridian Care,H3591016-001,MA,KY,AGE,MC-597008,09/01/2024,11/30/2025,Terminated,4356886,17.05,
C-00907,"Walers, Jacqueline",12/16/1948,(603) 555-0193,jacqueline.walters907@example.com,512 Patterson Fall Apt. 866,Meganchester,KY,42612,9DR1P73VD16,H-00621,P-01187,Bluepeak,H4593-025-003,MA,KY,AGE,BP-200053,2025-12-01,,ACTIVE,4356886,0.33,
C-00908,"Shaffer, Elizabeth",05/14/1937,(929) 555-0102,elizabeth.shaffer908@example.com,11096 Tyler Terrace,Lake Seanshire,VT,05870,2MQ3X44TQ25,H-00622,P-01188,Harborline,H2796-013,MA,VT,AGE,HL-410942,06/01/25,,active,10583482,57.55,
C-00909,"Campbell, Nichole",24811,(508) 555-0101,nichole.campbell909@example.com,37861 Melissa Crossing Suite 766,West Kimberlyhaven,CA,96024,,H-00623,P-01189,Harborline,91959CA8483015,ACA,CA,,HL-800207,01/01/2026,,Active,78490893,254.75,
C-00910,"Haney, John",10/22/1945,(500) 555-0172,john.haney910@example.com,6306 Alexis Drives Suite 895,Georgeshire,UT,84691,9JH5JY1CE61,H-00624,P-01190,Harborline,R3621-019-002,MA,UT,AGE,HL-385326,2022-11-01,,ACTIVE,97102525,49.28,
C-00911,"Mckinney, David",01/13/1954,(630) 555-0161,david.mckinney911@example.com,96096 Sheila Loaf Apt. 658,South Jerry,TX,76128,4KW1MC9WK10,H-00625,P-01191,Cardinal Mutual,L,MEDSUPP,TX,AGE,CM-327027,05/01/22,,active,99847493,286.77,
C-00911,"Mckinney, David",01/13/1954,(630) 555-0161,david.mckinney911@example.com,96096 Sheila Loaf Apt. 658,South Jerry,TX,76128,4KW1MC9WK10,H-00625,P-01192,Cardinal Mutual,S1188-004-002,PDP,TX,AGE,CM-110928,05/01/2022,,Active,99847493,70.61,
C-00912,"Fuller, Brittney",21747,(249) 555-0139,,964 Stacy Ford,North Anthonytown,MO,65703,7R91Q98CD99,H-00626,P-01193,Bluepeak,H3266-017-001,MA,MO,AGE,BP-417051,2024-09-01,,ACTIVE,33857966,26.96,
C-00913,"Strickland, Jacob",12/16/1944,(299) 555-0162,,819 Johnson Street,South Cynthia,CO,80126,,H-00627,P-01194,Cardinal Mutual,H7252-019-001,MA,CO,AGE,CM-424468,03/01/26,,active,29898923,55.85,
C-00914,"Camacho, Daniel",10/31/1942,(886) 555-0100,daniel.camacho914@example.com,3836 Hopkins Harbor,East Courtneyshire,OH,45859,3WT4NF7DY36,H-00628,P-01195,Summit Health Plans,S8123-010,PDP,OH,AGE,SH-296631,07/01/2024,,Active,1884412,75.23,
C-00915,"Camacho, Sara",21440,(712) 555-0138,sara.camacho915@example.com,3836 Hopkins Harbor,East Courtneyshire,OH,45859,2QE9MG3FE54,H-00628,P-01196,Northwind Health,H5040-011-002,MA,OH,AGE,NW-530927,2024-01-01,,ACTIVE,1884412,4.21,
C-00916,"Pope, Robert",04/21/1949,(598) 555-0108,robert.pope916@example.com,24421 Troy Lake,South Craig,ID,83723,8M81AF5MU17,H-00629,P-01197,Summit Health Plans,R2827-017,MA,ID,AGE,SH-476321,02/01/25,,active,43339391,43.06,
C-00917,"Wilson, Matt",20792,(918) 555-0193,matthew.wilson917@example.com,136 Preston Roads Suite 224,East Donnaton,VA,23572,8P16HP5VM22,H-00630,P-01198,Meridian Care,H8433-013,MA,VA,AGE,MC-897359,05/01/2024,,Active,78490893,10.91,
C-00918,"Robinson, Michael",23264,(592) 555-0101,,9980 Aimee Glens Apt. 390,New Williamberg,VA,20133,,H-00631,P-01199,Harborline,91959VA1866156,ACA,VA,,HL-105341,2026-01-01,,ACTIVE,78490893,441.61,
C-00919,"Robinson, Rachel",07/01/1947,(592) 555-0101,rachel.robinson919@example.com,9980 Aimee Glens Apt. 390,New Williamberg,VA,20133,9T41AA6RW90,H-00631,P-01200,Harborline,H2796-001,MA,VA,AGE,HL-527445,08/01/25,,active,78490893,38.64,
C-00920,"Owens, Lisa",20637,(876) 555-0120,lisa.owens920@example.com,2312 Hill Flats,West Jeanport,AK,99544,1WK7N72VH59,H-00632,P-01201,Summit Health Plans,H9797-002-002,MA,AK,AGE,SH-887804,02/01/2025,,Active,61291817,59.49,
C-00921,"Mckay, Tony",20968,(434) 555-0147,tony.mckay921@example.com,634 James Vista Suite 619,Gabrielborough,CT,06914,6HN7FG8XF06,H-00633,P-01202,Northwind Health,H5040-020,MA,CT,AGE,NW-649653,2023-12-01,,ACTIVE,29898923,38.04,
C-00922,"Rubio, Johnny",10/02/1950,(449) 555-0138,johnny.rubio922@example.com,9459 Catherine Meadow Apt. 955,South Garyton,IL,61702,6F58E94MU86,H-00634,P-01203,Cardinal Mutual,H7252-018,MA,IL,AGE,CM-283800,04/01/26,,active,4356886,2.98,
C-00923,"Watson, Dustin",11/07/1942,(226) 555-0186,,9856 Danny Valleys Suite 625,North Jason,AR,71649,8WX1FE3YT43,H-00635,P-01204,Meridian Care,H3591-011,MA,AR,AGE,MC-679390,05/01/2026,,Active,44524491,27.19,
C-00924,"Robinson, Ann",05/12/1936,(786) 555-0139,,05053 Bradley Islands Apt. 816,Carolynhaven,SC,29575,1RY6X00MP28,H-00636,P-01205,Summit Health Plans,H5371-003,MA,SC,AGE,SH-150825,2026-11-01,,PENDING,11576383,59.62,
C-00925,"Fisher, David",02/16/1949,(285) 555-0151,david.fisher925@example.com,665 Gonzalez Causeway,Jimenezview,NY,12830,8RD3R18DM98,H-00637,P-01206,Bluepeak,F,MEDSUPP,NY,AGE,BP-765864,04/01/22,,active,6831819,162.07,
C-00925,"Fisher, David",02/16/1949,(285) 555-0151,david.fisher925@example.com,665 Gonzalez Causeway,Jimenezview,NY,12830,8RD3R18DM98,H-00637,P-01207,Bluepeak,S2489-016-002,PDP,NY,AGE,BP-745886,04/01/2022,,Active,6831819,70.28,
C-00926,"Travis, Rhonda",27211,(509) 555-0158,,596 Barbara Haven,Lake Kristashire,UT,84434,,H-00638,P-01208,Summit Health Plans,93748UT4730909,ACA,UT,,SH-352065,2024-01-01,,ACTIVE,97102525,391.41,
C-00927,"Ross, Angela",32377,(725) 555-0100,angela.ross927@example.com,60880 Newman Cliff Suite 164,Loganstad,CO,80638,,H-00639,P-01209,Meridian Care,76540CO5553158,ACA,CO,,MC-358579,01/01/24,,active,29898923,598.27,
C-00928,"Taylor, Victoria",09/17/1942,(547) 555-0140,,9064 Snyder Row Apt. 591,East Brandontown,IL,67968,7AG4GP7CJ33,H-00640,P-01210,Bluepeak,R9085-012,MA,IL,AGE,BP-333036,07/01/2025,,Active,37231783,14.85,
C-00929,"Watts, Latasha",20420,(432) 555-0105,latasha.watts929@example.com,21358 Sarah Ways Apt. 401,West Charlesmouth,MO,64949,2TG1UM2YF20,H-00641,P-01211,Northwind Health,H5040-029,MA,MO,AGE,NW-476630,2023-08-01,,ACTIVE,6831819,9.76,
C-00930,"Woods, Tracy",21988,(819) 555-0126,tracy.woods930@example.com,2297 David Wall Apt. 967,New Allisonshire,MO,64548,6CH1JX2VC48,H-00642,P-01212,Harborline,H3504-004-001,MA,MO,AGE,HL-713457,04/01/26,09/11/26,active,33857966,55.00,
C-00931,"Woods, Juan",06/15/1953,(819) 555-0126,juan.woods931@example.com,2297 David Wall Apt. 967,New Allisonshire,MO,64548,8DY0AC0GX56,H-00642,P-01213,Cardinal Mutual,H8668-023-002,MA,MO,AGE,CM-809901,07/01/2022,,Active,33857966,58.81,
C-00932,"Mcdonald, Paul",21960,(958) 555-0147,paul.mcdonald932@example.com,14415 Donna Street Apt. 117,East Alexanderborough,SD,57165,3JA4P33FJ16,H-00643,P-01214,Meridian Care,H3591-010,MA,SD,AGE,MC-495150,2026-01-01,,ACTIVE,77125617,27.15,
C-00933,"Cruz, Shaun",35755,(214) 555-0194,shaun.cruz933@example.com,53988 Hodges Inlet Suite 281,East Sabrina,MO,63856,,H-00644,P-01215,Bluepeak,23947MO1751710,ACA,MO,,BP-802629,01/01/25,12/31/25,terminated,32244663,255.22,
C-00933,"Cruz, Shaun",35755,(214) 555-0194,shaun.cruz933@example.com,53988 Hodges Inlet Suite 281,East Sabrina,MO,63856,,H-00644,P-01216,Summit Health Plans,93748MO8371046,ACA,MO,,SH-541157,01/01/2026,,Active,32244663,710.86,Prefers mail over phone.
C-00934,"Mcgee, John",03/01/1934,(875) 555-0160,john.mcgee934@example.com,3146 Gina Ways,East Stevenville,DC,20322,3WD5UW0RD90,H-00645,P-01217,Bluepeak,H3266-016,MA,DC,AGE,BP-673670,2022-10-01,2024-05-31,TERMINATED,6831819,51.28,
C-00934,"Mcgee, John",03/01/1934,(875) 555-0160,john.mcgee934@example.com,3146 Gina Ways,East Stevenville,DC,20322,3WD5UW0RD90,H-00645,P-01218,Summit Health Plans,H5371-021,MA,DC,AGE,SH-314431,06/01/24,,active,6831819,35.02,
C-00935,"Romero, Brian",20693,(588) 555-0181,brian.romero935@example.com,40787 Baker Plaza Apt. 563,South Wayne,FL,32425,5VP6J97DD42,H-00646,P-01219,Harborline,H2796-015-001,MA,FL,AGE,HL-910453,03/01/2025,,Active,94702683,27.57,
C-00936,"Romero, Joseph",07/17/1938,(920) 555-0189,joseph.romero936@example.com,40787 Baker Plaza Apt. 563,South Wayne,FL,32425,3KR5Y18QQ93,H-00646,P-01220,Cardinal Mutual,H7252-016,MA,FL,AGE,CM-680642,2022-09-01,,ACTIVE,94702683,53.99,
C-00937,"Maldonado, Debbie",01/06/1954,(784) 555-0109,debbie.maldonado937@example.com,66343 Thompson Harbor,Stoneville,ID,83543,5A66PG6QM26,H-00647,P-01221,Bluepeak,S1771-003,PDP,ID,AGE,BP-611549,05/01/24,,active,43339391,28.67,
C-00938,"Maldonado, Susan",04/08/1948,(784) 555-0109,,66343 Thompson Harbor,Stoneville,ID,83543,4U65QN6YU64,H-00647,P-01222,Summit Health Plans,H9797-006,MA,ID,AGE,SH-953693,10/01/2024,04/30/2026,Terminated,43339391,22.82,
C-00938,"Maldonado, Susan",04/08/1948,(784) 555-0109,,66343 Thompson Harbor,Stoneville,ID,83543,4U65QN6YU64,H-00647,P-01223,Meridian Care,H3591-001,MA,ID,AGE,MC-526556,2026-05-01,,ACTIVE,43339391,25.13,Met at the café seminar in the spring.
C-00939,"Sullivan, Philip",08/06/1950,(333) 555-0172,philip.sullivan939@example.com,00943 Amanda Harbor,New Holly,DC,20474,7F47R27GY35,H-00648,P-01224,Northwind Health,R5304-009,MA,DC,AGE,NW-382371,09/01/25,,active,6831819,56.10,
C-00940,"Gross, Clinton",22095,(509) 555-0155,clinton.gross940@example.com,473 Kristi Key,Janiceport,NC,28814,8TW0M95UX72,H-00649,P-01225,Northwind Health,H5040-015-003,MA,NC,AGE,NW-313502,12/01/2025,,Active,74197857,1.98,
C-00941,"Gross, Wesley",21310,(509) 555-0155,wesley.gross941@example.com,473 Kristi Key,Janiceport,NC,28814,3JH7F20XK51,H-00649,P-01226,Cardinal Mutual,H8668-001,MA,NC,AGE,CM-306706,2025-07-01,,ACTIVE,74197857,32.39,
C-00942,"Smith, Terri",20652,(733) 555-0154,,432 Maldonado Expressway Apt. 572,Lake Thomasmouth,AR,72617,1VM8KF6KW33,H-00650,P-01227,Bluepeak,S1771-022,PDP,AR,AGE,BP-124055,01/01/26,,active,44524491,67.42,
C-00943,"Bradley, Veronica",03/20/1954,(958) 555-0181,veronica.bradley943@example.com,09579 Tracy Gateway,Rodrigueztown,UT,84792,5Y94R89FA85,H-00651,P-01228,Harborline,B,MEDSUPP,UT,AGE,HL-219248,03/01/2024,,Active,97102525,107.03,
C-00943,"Bradley, Veronica",03/20/1954,(958) 555-0181,veronica.bradley943@example.com,09579 Tracy Gateway,Rodrigueztown,UT,84792,5Y94R89FA85,H-00651,P-01229,Harborline,S2040-009,PDP,UT,AGE,HL-900690,2024-03-01,,ACTIVE,97102525,65.55,
C-00944,"Fritz, Jonathan",30807,(869) 555-0100,jonathan.fritz944@example.com,822 Craig Unions,Shaunstad,MO,64406,,H-00652,P-01230,Meridian Care,76540MO1006874,ACA,MO,,MC-151157,01/01/26,,active,33857966,858.95,
C-00945,"Hopkins, Donald",05/31/1952,(462) 555-0181,donald.hopkins945@example.com,5705 Mckinney Path Suite 148,East Tiffanybury,UT,84036,9ND3NH8EK83,H-00653,P-01231,Harborline,H2796-007,MA,UT,AGE,HL-754799,07/01/2024,,Active,90949389,3.44,
C-00946,"Bailey, Mark",02/13/1934,(591) 555-0136,mark.bailey946@example.com,39653 James Lane Apt. 487,West Renee,ID,83640,1F87EQ9VW37,H-00654,P-01232,Northwind Health,H9830-014-002,MA,ID,AGE,NW-542913,2025-09-01,,ACTIVE,5265799,42.38,
C-00947,"Bailey, Brianna",03/18/1934,(591) 555-0136,brianna.bailey947@example.com,39653 James Lane Apt. 487,West Renee,ID,83640,9H13GR1UC50,H-00654,P-01233,Summit Health Plans,H5371-012,MA,ID,AGE,SH-665306,10/01/23,,active,5265799,52.72,
C-00948,"Porter, Gina",06/01/1949,(793) 555-0183,gina.porter948@example.com,3098 Flowers Crossing Suite 795,Danieltown,NE,68741,9GM2QQ2ET75,H-00655,P-01234,Northwind Health,H9830-030,MA,NE,AGE,NW-548535,12/01/2024,,Active,33857966,34.84,
C-00949,"Porter, Steven",09/29/1952,(408) 555-0100,steven.porter949@example.com,3098 Flowers Crossing Suite 795,Danieltown,NE,68741,9NH2TG7QR98,H-00655,P-01235,Harborline,H2796-006,MA,NE,AGE,HL-231891,2023-03-01,2024-10-31,TERMINATED,33857966,26.20,
C-00949,"Porter, Steven",09/29/1952,(408) 555-0100,steven.porter949@example.com,3098 Flowers Crossing Suite 795,Danieltown,NE,68741,9NH2TG7QR98,H-00655,P-01236,Meridian Care,H8433-004,MA,NE,AGE,MC-104632,11/01/24,,active,33857966,19.54,
C-00950,"Williams, Justin",09/27/1937,(984) 555-0128,justin.williams950@example.com,498 Kevin Heights,Port Kennethmouth,KY,40068,3S57UT1EV42,H-00656,P-01237,Bluepeak,L,MEDSUPP,KY,AGE,BP-628434,09/01/2023,,Active,32244663,303.80,
C-00950,"Williams, Justin",09/27/1937,(984) 555-0128,justin.williams950@example.com,498 Kevin Heights,Port Kennethmouth,KY,40068,3S57UT1EV42,H-00656,P-01238,Bluepeak,S2489-001,PDP,KY,AGE,BP-109038,2023-09-01,,ACTIVE,32244663,15.07,
C-00951,"Williams, Brittany",08/25/1954,(778) 555-0160,brittany.williams951@example.com,498 Kevin Heights,Port Kennethmouth,KY,40068,5FH4MU3CP77,H-00656,P-01239,Summit Health Plans,H5371-004,MA,KY,AGE,SH-482483,07/01/24,05/10/24,terminated,32244663,30.81,
C-00951,"Williams, Brittany",08/25/1954,(778) 555-0160,brittany.williams951@example.com,498 Kevin Heights,Port Kennethmouth,KY,40068,5FH4MU3CP77,H-00656,P-01240,Meridian Care,H8433-013,MA,KY,AGE,MC-526476,08/01/2025,,Active,32244663,37.29,
C-00952,"Ortega, Kayla",03/28/1941,(400) 555-0136,,4065 Brendan Dam,Natashahaven,WA,98930,5F16PH7YH22,H-00657,P-01241,Northwind Health,R5304-020-002,MA,WA,AGE,NW-113930,2026-11-01,,See notes,99847493,57.62,
C-00953,"Ortega, Eric",24038,(400) 555-0136,eric.ortega953@example.com,4065 Brendan Dam,Natashahaven,WA,98930,2NU9ED5CE01,H-00657,P-01242,Cardinal Mutual,H7252-013-001,MA,WA,DISABILITY,CM-687753,02/01/24,,active,99847493,28.56,
C-00954,"Fitzpatrick, John",06/19/1941,(680) 555-0143,john.fitzpatrick954@example.com,423 Richards Common,Jefferyfort,MD,21733,9HP7DY2EM96,H-00658,P-01243,Northwind Health,H9830-021,MA,MD,AGE,NW-994502,07/01/2024,03/31/2026,Terminated,77125617,31.73,
C-00954,"Fitzpatrick, John",06/19/1941,(680) 555-0143,john.fitzpatrick954@example.com,423 Richards Common,Jefferyfort,MD,21733,9HP7DY2EM96,H-00658,P-01244,Cardinal Mutual,H7252-029,MA,MD,AGE,CM-196069,2026-04-01,,ACTIVE,77125617,17.01,
C-00955,"Fitzpatrick, Erika",02/27/1947,(680) 555-0143,erika.fitzpatrick955@example.com,423 Richards Common,Jefferyfort,MD,21733,3MQ8NK9GU24,H-00658,P-01245,Northwind Health,H5040-001,MA,MD,AGE,NW-510122,01/01/22,,active,77125617,44.73,
C-00956,"Gonzalez, Kevin",05/11/1950,(528) 555-0111,kevin.gonzalez956@example.com,6144 Thompson Mews Suite 923,Derekside,OR,97602,2Q03C83JN63,H-00659,P-01246,Summit Health Plans,H9797-030,MA,OR,AGE,SH-159626,01/01/2024,,Active,74197857,4.76,
C-00957,"Gonzalez, Kenneth",26269,(528) 555-0111,kenneth.gonzalez957@example.com,6144 Thompson Mews Suite 923,Derekside,OR,97602,,H-00659,P-01247,Summit Health Plans,93748OR1911898,ACA,OR,,SH-948866,2025-01-01,,ACTIVE,74197857,154.65,
C-00958,"Ali, Steven",21288,(860) 555-0129,,266 Dillon Mills Suite 857,Ronaldchester,GA,30567,3Y10Y33CK37,H-00660,P-01248,Cardinal Mutual,S2876-006-002,PDP,GA,AGE,CM-636708,07/01/25,,active,10583482,9.05,
C-00959,"Cunningham, Kelly",25322,(915) 555-0132,kelly.cunningham959@example.com,1294 Betty Landing,New Amy,IA,52481,,H-00661,P-01249,Harborline,91959IA3695819,ACA,IA,,HL-968439,01/01/2024,,Active,1884412,246.53,
C-00960,"Cunningham, Karina",30245,(451) 555-0101,,1294 Betty Landing,New Amy,IA,52481,7U93YT9VM21,H-00661,P-01250,Northwind Health,H5040-016-002,MA,IA,ESRD,NW-869074,2024-12-01,,ACTIVE,1884412,33.43,
C-00961,"Lin, David",08/12/1938,(307) 555-0151,david.lin961@example.com,60787 Christopher Groves Apt. 591,Arianamouth,AR,72893,3VW3R93RW85,H-00662,P-01251,Northwind Health,S6930-029,PDP,AR,AGE,NW-582229,02/01/22,,active,44524491,31.45,
C-00962,"Lin, Brenda",02/22/1947,(307) 555-0151,brenda.lin962@example.com,60787 Christopher Groves Apt. 591,Arianamouth,AR,72893,9AX3T06DQ52,H-00662,P-01252,Summit Health Plans,R6573-015,MA,AR,AGE,SH-708992,12/01/2022,,Active,44524491,23.87,
C-00963,"Ball, Sharon",24137,(309) 555-0117,sharon.ball963@example.com,382 Taylor Spring,West Courtney,KY,41868,,H-00663,P-01253,Summit Health Plans,93748KY8321592,ACA,KY,,SH-410783,2025-01-01,,ACTIVE,94702683,648.31,
C-00964,"Ball, Linda",03/26/1943,(745) 555-0103,linda.ball964@example.com,382 Taylor Spring,West Courtney,KY,41868,2ME7E86NU89,H-00663,P-01254,Summit Health Plans,H9797-019,MA,KY,AGE,SH-515741,01/01/23,,active,94702683,28.87,
C-00965,"Wallace, Brian",37867,(570) 555-0199,brian.wallace965@example.com,10291 John Cove,Johnsonhaven,OR,97182,,H-00664,P-01255,Summit Health Plans,93748OR3080895,ACA,OR,,SH-382874,01/01/2026,,Active,74197857,493.26,
C-00966,"Reynolds, Daisy",21504,(775) 555-0162,daisy.reynolds966@example.com,6723 Underwood Springs,Villarrealville,MD,21557,3XH0EE2NA18,H-00665,P-01256,Meridian Care,H3591-019,MA,MD,AGE,MC-521003,2024-12-01,,ACTIVE,77125617,1.88,
C-00967,"Myers, Heidi",08/02/1954,(217) 555-0149,heidi.myers967@example.com,32883 Castillo Highway,New Trevorview,MN,55620,1A57HA2KG66,H-00666,P-01257,Harborline,B,MEDSUPP,MN,AGE,HL-481136,09/01/22,,active,11576383,237.85,
C-00967,"Myers, Heidi",08/02/1954,(217) 555-0149,heidi.myers967@example.com,32883 Castillo Highway,New Trevorview,MN,55620,1A57HA2KG66,H-00666,P-01258,Harborline,S7304-001-003,PDP,MN,AGE,HL-618854,09/01/2022,,Active,11576383,58.51,
C-00968,"Johnson, Debra",10/19/1946,(708) 555-0132,debra.johnson968@example.com,6620 Bryant Port,Smithport,IL,60950,7W87HP4KP34,H-00667,P-01259,Meridian Care,G,MEDSUPP,IL,AGE,MC-499315,2023-10-01,,ACTIVE,44524491,181.97,
C-00968,"Johnson, Debra",10/19/1946,(708) 555-0132,debra.johnson968@example.com,6620 Bryant Port,Smithport,IL,60950,7W87HP4KP34,H-00667,P-01260,Meridian Care,S3927-012,PDP,IL,AGE,MC-308275,10/01/23,,active,44524491,89.23,
C-00969,"Rios, Anna",30255,(960) 555-0129,anna.rios969@example.com,52774 Tina Knolls Apt. 586,East Dianastad,SD,57471,,H-00668,P-01261,Cardinal Mutual,49117SD8296726,ACA,SD,,CM-555267,01/01/2024,,Active,90949389,432.89,
C-00970,"Rios, Stephen",07/15/1953,(960) 555-0129,stephen.rios970@example.com,52774 Tina Knolls Apt. 586,East Dianastad,SD,57471,8UP8UA8YM32,H-00668,P-01262,Meridian Care,H3591-022,MA,SD,AGE,MC-364054,2026-02-01,,ACTIVE,90949389,53.15,
C-00971,"Hunter, Donna",22034,(908) 555-0143,donna.hunter971@example.com,4617 Estes Rest,New Jeanette,ME,04576,1YG8KQ7GA07,H-00669,P-01263,Harborline,H2796-019,MA,ME,AGE,HL-830797,08/01/25,,active,94702683,3.74,
C-00972,"Huner, Jonathon",07/21/1945,(805) 555-0140,jonathon.hunter972@example.com,4617 Estes Rest,New Jeanette,ME,04576,6AJ8AD6FN85,H-00669,P-01264,Harborline,S2040-010-001,PDP,ME,AGE,HL-124284,08/01/2022,,Active,94702683,61.27,
C-00973,"Morris, Jesse",11/30/1945,(552) 555-0129,jesse.morris973@example.com,959 Jones Burgs Apt. 311,Villafort,GA,30926,4J47Y75HD11,H-00670,P-01265,Bluepeak,H3266-028,MA,GA,AGE,BP-520589,2022-10-01,,ACTIVE,10583482,13.66,
C-00974,"Morris, Kelsey",07/17/1952,(552) 555-0129,,959 Jones Burgs Apt. 311,Villafort,GA,30926,7G55E20VP73,H-00670,P-01266,Bluepeak,H3266-012,MA,GA,AGE,BP-458845,10/01/24,,active,10583482,23.96,
C-00975,"Morris, Samantha",02/24/1936,(819) 555-0180,samantha.morris975@example.com,959 Jones Burgs Apt. 311,Villafort,GA,30926,4NE1U14PP53,H-00670,P-01267,Cardinal Mutual,G,MEDSUPP,GA,AGE,CM-242304,09/01/2025,,Active,10583482,226.93,
C-00975,"Morris, Samantha",02/24/1936,(819) 555-0180,samantha.morris975@example.com,959 Jones Burgs Apt. 311,Villafort,GA,30926,4NE1U14PP53,H-00670,P-01268,Cardinal Mutual,S1188-014,PDP,GA,AGE,CM-309501,2025-09-01,,ACTIVE,10583482,79.65,
C-00976,"Mclean, Manuel",02/27/1949,(981) 555-0195,manuel.mclean976@example.com,26610 Wilson Vista,South Kathryntown,MO,64512,7K81G46AV48,H-00671,P-01269,Summit Health Plans,H9797-019,MA,MO,AGE,SH-162086,08/01/22,,active,32244663,50.90,
C-00977,"Miller, Andrew",29544,(642) 555-0130,,2983 Johnny Mill Suite 332,Cervantesborough,MO,63377,7UC4NC5YX82,H-00672,P-01270,Bluepeak,H4593-009,MA,MO,DISABILITY,BP-967995,09/01/2022,10/31/2025,Terminated,33857966,18.77,
C-00977,"Miller, Andrew",29544,(642) 555-0130,,2983 Johnny Mill Suite 332,Cervantesborough,MO,63377,7UC4NC5YX82,H-00672,P-01271,Meridian Care,H3591-010,MA,MO,DISABILITY,MC-460874,2025-11-01,,ACTIVE,33857966,41.13,
C-00978,"Miller, Susan",21750,(642) 555-0130,,2983 Johnny Mill Suite 332,Cervantesborough,MO,63377,7MP0FW2JE34,H-00672,P-01272,Cardinal Mutual,H8668-013,MA,MO,AGE,CM-293782,12/01/24,,cancelled,33857966,38.22,
C-00979,"Hudson, Thomas",05/22/1940,(540) 555-0137,thomas.hudson979@example.com,02056 Matthew Springs,Leeborough,IL,60391,4MJ6YP3DC29,H-00673,P-01273,Cardinal Mutual,H7252-011,MA,IL,AGE,CM-527819,07/01/2024,,Active,37231783,1.29,
C-00980,"Hudson, Michael",02/04/1939,(600) 555-0143,,02056 Matthew Springs,Leeborough,IL,60391,8H72VE6FY10,H-00673,P-01274,Summit Health Plans,H9797-006-003,MA,IL,AGE,SH-722543,2025-11-01,,ACTIVE,37231783,8.02,
C-00981,"Hall, Carolyn",27812,(317) 555-0198,carolyn.hall981@example.com,76619 David Path,Craigfort,KY,41809,,H-00674,P-01275,Summit Health Plans,93748KY8620884,ACA,KY,,SH-610996,01/01/24,,active,94702683,741.42,Prefers mail over phone.
C-00982,"Carr, Larry",20538,(258) 555-0132,larry.carr982@example.com,34465 Monique Estate Suite 189,Port April,MO,64476,1A52AF6VJ87,H-00675,P-01276,Northwind Health,H9830-021,MA,MO,AGE,NW-157975,12/01/2024,03/31/2026,See notes,32244663,28.36,
C-00982,"Carr, Larry",20538,(258) 555-0132,larry.carr982@example.com,34465 Monique Estate Suite 189,Port April,MO,64476,1A52AF6VJ87,H-00675,P-01277,Harborline,R7916-015,MA,MO,AGE,HL-149525,2026-04-01,,ACTIVE,32244663,32.48,
C-00983,"Cook, Kathy",05/15/1952,(820) 555-0199,kathy.cook983@example.com,197 Delgado Bypass,Robertborough,AR,72001,6M01W22JR88,H-00676,P-01278,Northwind Health,H5040-015,MA,AR,AGE,NW-175152,07/01/22,08/31/23,terminated,44524491,14.13,
C-00983,"Cook, Kathy",05/15/1952,(820) 555-0199,kathy.cook983@example.com,197 Delgado Bypass,Robertborough,AR,72001,6M01W22JR88,H-00676,P-01279,Bluepeak,H3266-013-001,MA,AR,AGE,BP-205434,09/01/2023,,Active,44524491,4.92,
C-00984,"George, Cheyenne",06/03/1949,(301) 555-0130,cheyenne.george984@example.com,85037 Linda Port,West Tinachester,KS,66500,4B86VE6JR03,H-00677,P-01280,Summit Health Plans,H5371-008,MA,KS,AGE,SH-729389,2024-11-01,,ACTIVE,13981052,31.16,
C-00985,"Woods, Kimberly",07/27/1949,(639) 555-0161,kimberly.woods985@example.com,724 Dalton Parks,Lake Michael,MO,65362,2CU0TE6JK85,H-00678,P-01281,Northwind Health,S6930-004,PDP,MO,AGE,NW-327217,03/01/26,,active,32244663,34.54,
C-00986,"Woods, Nancy",32483,(838) 555-0133,nancy.woods986@example.com,724 Dalton Parks,Lake Michael,MO,65362,5PK5RY7FY65,H-00678,P-01282,Northwind Health,R8019-003-002,MA,MO,DISABILITY,NW-560524,10/01/2023,,Active,32244663,19.35,
C-00987,"Cannon, Heather",05/31/1947,(892) 555-0164,heather.cannon987@example.com,00389 Fleming Street,New Timothyfurt,DE,19996,3Q46TW3AP57,H-00679,P-01283,Cardinal Mutual,H8668-024-003,MA,DE,AGE,CM-963150,2023-02-01,,ACTIVE,54100814,23.46,
C-00988,"Hll, Brianna",08/27/1948,(872) 555-0191,brianna.hall988@example.com,682 Samuel Ridges Suite 535,Hullbury,MT,59387,7GU6H33AM11,H-00680,P-01284,Cardinal Mutual,H8668-006,MA,MT,AGE,CM-803534,04/01/26,,active,97102525,51.29,
C-00989,"Hall, Jeremy",30130,(872) 555-0191,jeremy.hall989@example.com,682 Samuel Ridges Suite 535,Hullbury,MT,59387,,H-00680,P-01285,Summit Health Plans,93748MT6656899,ACA,MT,,SH-872928,01/01/2025,12/31/2025,Terminated,97102525,847.12,
C-00989,"Hall, Jeremy",30130,(872) 555-0191,jeremy.hall989@example.com,682 Samuel Ridges Suite 535,Hullbury,MT,59387,,H-00680,P-01286,Cardinal Mutual,49117MT3476389,ACA,MT,,CM-374655,2026-01-01,,ACTIVE,97102525,694.81,
C-00990,"Hall, Julie",27841,(872) 555-0191,julie.hall990@example.com,682 Samuel Ridges Suite 535,Hullbury,MT,59387,9U90HQ8WJ00,H-00680,P-01287,Bluepeak,S2489-013,PDP,MT,ESRD,BP-823617,06/01/23,,active,97102525,42.19,
C-00991,"Bolton, David",09/02/1945,(924) 555-0176,david.bolton991@example.com,30102 White Cape,Michaelbury,MN,55599,5DC4CQ2XE18,H-00681,P-01288,Bluepeak,H3266-016,MA,MN,AGE,BP-643785,05/01/2024,,Active,11576383,10.16,
C-00992,"Melton, John",11/03/1947,(658) 555-0189,,1114 Troy Street Suite 374,Kimberlyport,DE,19914,6TV9V04XU49,H-00682,P-01289,Cardinal Mutual,R5119-006,MA,DE,AGE,CM-211626,2025-04-01,,ACTIVE,4356886,11.04,
C-00993,"Hall, Judy",08/14/1937,(620) 555-0142,judy.hall993@example.com,8810 Mccullough Squares Suite 413,Port Theresa,CO,80869,2AR1UH5RJ16,H-00683,P-01290,Northwind Health,H9830-027,MA,CO,AGE,NW-570424,01/01/23,,active,5265799,28.86,
C-00994,"Ramirez, Patrick",01/15/1943,(812) 555-0139,patrick.ramirez994@example.com,52037 Benton Brooks,Huffview,NE,68153,4V79X89CQ82,H-00684,P-01291,Northwind Health,H5040-016,MA,NE,AGE,NW-546712,09/01/2025,,Active,54100814,6.29,
C-00995,"Keller, Amanda",34028,(448) 555-0109,amanda.keller995@example.com,49670 Cruz Cape,East Nicolas,MN,55614,,H-00685,P-01292,Harborline,91959MN4492282,ACA,MN,,HL-890954,2026-01-01,,ACTIVE,11576383,198.01,
C-00996,"Keller, Donna",21700,(599) 555-0128,donna.keller996@example.com,49670 Cruz Cape,East Nicolas,MN,55614,6MP8NV3NR39,H-00685,P-01293,Summit Health Plans,S5808-005,PDP,MN,AGE,SH-991930,12/01/25,,active,11576383,83.94,
C-00997,"Swanson, Christy",08/08/1950,(358) 555-0118,christy.swanson997@example.com,509 Livingston Greens,Port Anthony,FL,33980,3NW1K67RG12,H-00686,P-01294,Bluepeak,H4593-023,MA,FL,AGE,BP-514360,10/01/2025,,Cancelled,54100814,44.40,
C-00998,"Swanson, Michelle",04/01/1950,(358) 555-0118,,509 Livingston Greens,Port Anthony,FL,33980,9KN3EN6HC93,H-00686,P-01295,Summit Health Plans,H5371-025,MA,FL,AGE,SH-148382,2022-01-01,2025-06-30,TERMINATED,54100814,50.93,
C-00998,"Swanson, Michelle",04/01/1950,(358) 555-0118,,509 Livingston Greens,Port Anthony,FL,33980,9KN3EN6HC93,H-00686,P-01296,Meridian Care,H8433-012,MA,FL,AGE,MC-664531,07/01/25,,active,54100814,47.45,
C-00999,"Mcdonald, Victoria",20004,(233) 555-0171,victoria.mcdonald999@example.com,86487 Armstrong Port,Franciscofurt,OH,45993,4N01RQ8DD33,H-00687,P-01297,Cardinal Mutual,H8668-001,MA,OH,AGE,CM-826045,04/01/2025,,Active,1884412,39.17,
C-01000,"Mcdonald, John",23170,(212) 555-0190,,86487 Armstrong Port,Franciscofurt,OH,45993,,H-00687,P-01298,Bluepeak,23947OH2879823,ACA,OH,,BP-870677,2025-01-01,,ACTIVE,1884412,373.78,
C-01001,"Hopkins, Kimberly",04/27/1950,(297) 555-0169,kimberly.hopkins1001@example.com,4138 Morgan Locks,New Joshuaview,CO,80152,5MK2M48KF02,H-00688,P-01299,Harborline,H3504-001,MA,CO,AGE,HL-730113,09/01/25,,active,5265799,57.15,
C-01002,"Hopkins, Lisa",28189,(890) 555-0131,,4138 Morgan Locks,New Joshuaview,CO,80152,,H-00688,P-01300,Northwind Health,76542CO1979968,ACA,CO,,NW-546480,01/01/2025,12/31/2025,Terminated,5265799,824.69,
C-01002,"Hopkins, Lisa",28189,(890) 555-0131,,4138 Morgan Locks,New Joshuaview,CO,80152,,H-00688,P-01301,Bluepeak,23947CO5643235,ACA,CO,,BP-387272,2026-01-01,,ACTIVE,5265799,695.95,
C-01003,"Castillo, Megan",08/29/1938,(679) 555-0104,megan.castillo1003@example.com,49542 Ford Mill,South Benjaminstad,TX,75539,3M65D19CV26,H-00689,P-01302,Meridian Care,H8433-013-001,MA,TX,AGE,MC-746450,05/01/22,,active,37231783,26.17,
C-01004,"Castillo, Jeffery",20345,(379) 555-0130,jeffery.castillo1004@example.com,49542 Ford Mill,South Benjaminstad,TX,75539,7RX6YG2XP33,H-00689,P-01303,Cardinal Mutual,H7252-027,MA,TX,AGE,CM-755477,11/01/2024,,Active,37231783,5.35,
C-01005,"Hill, Misty",20579,(513) 555-0116,misty.hill1005@example.com,149 Ashley Mill,West Katie,AK,99929,3V33KR3HM88,H-00690,P-01304,Bluepeak,H3266-004-002,MA,AK,AGE,BP-499768,2025-03-01,,ACTIVE,61291817,43.15,
C-01006,"Tran, Jeremy",07/04/1951,(720) 555-0155,jeremy.tran1006@example.com,22903 Diamond Ferry,Rileyton,TX,79504,3QY2WN5AT43,H-00691,P-01305,Northwind Health,R5304-025,MA,TX,AGE,NW-764379,10/01/23,,active,37231783,45.82,
C-01007,"Tran, Stephanie",05/15/1941,(692) 555-0180,,22903 Diamond Ferry,Rileyton,TX,79504,4XR9RM5HN91,H-00691,P-01306,Cardinal Mutual,H7252-026-002,MA,TX,AGE,CM-648440,07/01/2024,,Active,37231783,45.01,
C-01008,"Watson, Mackenzie",35423,(549) 555-0135,mackenzie.watson1008@example.com,0580 Michael Club Suite 181,East Mark,DE,19975,,H-00692,P-01307,Harborline,91959DE4778183,ACA,DE,,HL-799360,2025-01-01,2025-12-31,TERMINATED,4356886,676.86,
C-01008,"Watson, Mackenzie",35423,(549) 555-0135,mackenzie.watson1008@example.com,0580 Michael Club Suite 181,East Mark,DE,19975,,H-00692,P-01308,Summit Health Plans,93748DE8662828,ACA,DE,,SH-550572,01/01/26,,active,4356886,718.37,
C-01009,"Conrad, Rhonda",11/07/1937,(619) 555-0189,,64205 Rogers Lodge Suite 749,East Michealport,NE,68802,7XC1KY7DD03,H-00693,P-01309,Summit Health Plans,N,MEDSUPP,NE,AGE,SH-207614,04/01/2026,,Active,33857966,236.81,
C-01009,"Conrad, Rhonda",11/07/1937,(619) 555-0189,,64205 Rogers Lodge Suite 749,East Michealport,NE,68802,7XC1KY7DD03,H-00693,P-01310,Summit Health Plans,S8123-027,PDP,NE,AGE,SH-539176,2026-04-01,,ACTIVE,33857966,63.73,
C-01010,"Farmer, Debra",26722,(903) 555-0112,debra.farmer1010@example.com,93588 Case Lane,Lake Jessicafurt,KS,66083,,H-00694,P-01311,Harborline,91959KS4374817,ACA,KS,,HL-858334,01/01/26,,active,54100814,887.90,
C-01011,"Farmer, Stephanie",33690,(856) 555-0155,stephanie.farmer1011@example.com,93588 Case Lane,Lake Jessicafurt,KS,66083,,H-00694,P-01312,Northwind Health,76542KS4668073,ACA,KS,,NW-896360,01/01/2025,,Active,54100814,574.94,
C-01012,"Meyer, Logan",01/26/1951,(619) 555-0190,logan.meyer1012@example.com,898 Ryan Crossing,New Thomashaven,IL,62652,5G58RD7WX25,H-00695,P-01313,Harborline,H3504-002,MA,IL,AGE,HL-352410,2024-05-01,2024-03-07,TERMINATED,44524491,55.90,
C-01012,"Meyer, Logan",01/26/1951,(619) 555-0190,logan.meyer1012@example.com,898 Ryan Crossing,New Thomashaven,IL,62652,5G58RD7WX25,H-00695,P-01314,Meridian Care,H8433-014,MA,IL,AGE,MC-892272,06/01/25,,active,44524491,14.12,
C-01013,"Meyer, Jim",31423,(274) 555-0180,james.meyer1013@example.com,898 Ryan Crossing,New Thomashaven,IL,62652,,H-00695,P-01315,Bluepeak,23947IL8678884,ACA,IL,,BP-700802,01/01/2025,12/31/2025,Terminated,44524491,526.86,
C-01013,"Meyer, Jim",31423,(274) 555-0180,james.meyer1013@example.com,898 Ryan Crossing,New Thomashaven,IL,62652,,H-00695,P-01316,Harborline,91959IL6831747,ACA,IL,,HL-154285,2026-01-01,,ACTIVE,44524491,883.06,
C-01014,"Melendez, Denise",08/22/1936,(345) 555-0156,denise.melendez1014@example.com,53537 Goodman Crescent Apt. 765,West Annland,KY,41644,7YN1Y03AM85,H-00696,P-01317,Meridian Care,H8433-025,MA,KY,AGE,MC-151141,10/01/22,,active,61291817,38.89,
C-01015,"Mitchell, Lee",05/25/1954,(253) 555-0124,lee.mitchell1015@example.com,6392 Kimberly Lodge,New Jorge,VA,23218,5QV9Q33JE81,H-00697,P-01318,Bluepeak,N,MEDSUPP,VA,AGE,BP-488794,08/01/2025,,Active,78490893,162.85,
C-01015,"Mitchell, Lee",05/25/1954,(253) 555-0124,lee.mitchell1015@example.com,6392 Kimberly Lodge,New Jorge,VA,23218,5QV9Q33JE81,H-00697,P-01319,Bluepeak,S1771-003,PDP,VA,AGE,BP-848750,2025-08-01,,ACTIVE,78490893,83.11,
C-01016,"Mitchell, Christopher",20866,(253) 555-0124,,6392 Kimberly Lodge,New Jorge,VA,23218,8T86G16FQ36,H-00697,P-01320,Summit Health Plans,H5371-027,MA,VA,AGE,SH-377837,07/01/24,,active,78490893,40.62,
C-01017,"Dawson, Terry",30886,(446) 555-0136,,297 Rachel Wells Suite 021,Bakerside,RI,02983,,H-00698,P-01321,Meridian Care,76540RI7712415,ACA,RI,,MC-965942,01/01/2025,,Active,11576383,482.59,
C-01018,"Anderson, Heidi",20718,(692) 555-0153,heidi.anderson1018@example.com,06021 Zachary Pines,Strongstad,KY,41259,2MY7PH4DD57,H-00699,P-01322,Bluepeak,H4593-026-003,MA,KY,AGE,BP-774601,2026-11-01,,PENDING,94702683,2.64,
C-01019,"Dodson, Renee",01/15/1937,(619) 555-0147,renee.dodson1019@example.com,415 Vargas Ridges,Lake Brandonstad,NE,69204,5NJ8N06PJ52,H-00700,P-01323,Meridian Care,G,MEDSUPP,NE,AGE,MC-550717,01/01/23,,active,33857966,224.87,
C-91675,,,,,,,,,,,P-01324,Meridian Care,S9201-028,PDP,NE,AGE,MC-372869,01/01/2023,,Active,33857966,11.03,Client prefers materials en español.
C-01020,"Gray, Samuel",10/27/1935,(954) 555-0131,samuel.gray1020@example.com,647 Jessica Stream Apt. 209,Emilymouth,DE,19707,2Y29VX9QN11,H-00701,P-01325,Northwind Health,H9830-026,MA,DE,AGE,NW-521310,2024-12-01,,ACTIVE,4356886,22.66,
C-01021,"Andrews, Christina",11/07/1943,(619) 555-0165,christina.andrews1021@example.com,34750 Mitchell Lights Suite 220,South April,OR,97460,1K37XR6QW29,H-00702,P-01326,Meridian Care,F,MEDSUPP,OR,AGE,MC-486777,02/01/22,,active,74197857,133.63,
C-01021,"Andrews, Christina",11/07/1943,(619) 555-0165,christina.andrews1021@example.com,34750 Mitchell Lights Suite 220,South April,OR,97460,1K37XR6QW29,H-00702,P-01327,Meridian Care,S3927-001,PDP,OR,AGE,MC-389644,02/01/2022,,Active,74197857,16.10,
C-01022,"Andrews, Cory",33511,(789) 555-0190,cory.andrews1022@example.com,34750 Mitchell Lights Suite 220,South April,OR,97460,,H-00702,P-01328,Harborline,91959OR0291069,ACA,OR,,HL-391755,2025-01-01,,ACTIVE,74197857,563.59,
C-01023,"Arnold, William",21643,(633) 555-0122,,14477 Nicole Heights Suite 913,Donaldborough,CA,94168,9QQ0MU4TJ38,H-00703,P-01329,Northwind Health,H9830-006,MA,CA,AGE,NW-577319,11/01/25,,active,43339391,21.39,
C-01024,"Simmons, Sean",10/22/1936,(536) 555-0177,sean.simmons1024@example.com,90883 Tracy View,West Jamesshire,KS,66024,9U03PD8RR47,H-00704,P-01330,Harborline,S2040-030-001,PDP,KS,AGE,HL-180063,07/01/2024,,Active,13981052,65.04,
C-01025,"Wilson, Michael",04/22/1947,(564) 555-0165,michael.wilson1025@example.com,4117 Snyder Corners,West Jessica,CA,90018,4Y98WP2EU89,H-00705,P-01331,Harborline,R3621-026,MA,CA,AGE,HL-647896,2023-09-01,,ACTIVE,43339391,47.29,
C-01026,"Powers, Charles",20902,(585) 555-0142,charles.powers1026@example.com,315 William Harbor,Mccoyhaven,ID,83370,3HW3EX3MW91,H-00706,P-01332,Meridian Care,H3591-018,MA,ID,AGE,MC-958914,03/01/25,,active,77125617,5.32,
C-01027,"Powers, Hailey",05/22/1952,(585) 555-0142,hailey.powers1027@example.com,315 William Harbor,Mccoyhaven,ID,83370,3M92E29PX73,H-00706,P-01333,Meridian Care,H8433-005-003,MA,ID,AGE,MC-302576,04/01/2022,04/30/2026,Terminated,77125617,38.68,
C-01027,"Powers, Hailey",05/22/1952,(585) 555-0142,hailey.powers1027@example.com,315 William Harbor,Mccoyhaven,ID,83370,3M92E29PX73,H-00706,P-01334,Harborline,H3504-024,MA,ID,AGE,HL-192401,2026-05-01,,ACTIVE,77125617,32.89,
C-01028,"Wiggins, Jeffrey",21765,(565) 555-0146,jeffrey.wiggins1028@example.com,1853 Stacy Road,East Derrickfurt,FL,33082,1MM0TT8DE09,H-00707,P-01335,Harborline,B,MEDSUPP,FL,AGE,HL-417801,10/01/25,,active,94702683,269.90,
C-01028,"Wiggins, Jeffrey",21765,(565) 555-0146,jeffrey.wiggins1028@example.com,1853 Stacy Road,East Derrickfurt,FL,33082,1MM0TT8DE09,H-00707,P-01335,Harborline,B,MEDSUPP,FL,AGE,HL-417801,10/01/2025,,Active,94702683,281.90,
C-01028,"Wiggins, Jeffrey",21765,(565) 555-0146,jeffrey.wiggins1028@example.com,1853 Stacy Road,East Derrickfurt,FL,33082,1MM0TT8DE09,H-00707,P-01336,Harborline,S7304-011,PDP,FL,AGE,HL-526536,2025-10-01,,ACTIVE,94702683,79.81,
C-01029,"Smith, Carlos",06/29/1935,(511) 555-0115,carlos.smith1029@example.com,7272 Campbell Flat,New Mercedesborough,ME,04341,,H-00708,P-01337,Northwind Health,H9830-021,MA,ME,AGE,NW-823540,04/01/25,03/31/26,terminated,94702683,31.17,
C-01029,"Smith, Carlos",06/29/1935,(511) 555-0115,carlos.smith1029@example.com,7272 Campbell Flat,New Mercedesborough,ME,04341,,H-00708,P-01338,Meridian Care,H3591-006-003,MA,ME,AGE,MC-362205,04/01/2026,,Active,94702683,54.40,
C-01030,"Smith, Angela",35862,(511) 555-0115,angela.smith1030@example.com,7272 Campbell Flat,New Mercedesborough,ME,04341,,H-00708,P-01339,Bluepeak,23947ME2549213,ACA,ME,,BP-763559,2026-01-01,,ACTIVE,94702683,259.73,
C-01031,"Moreno, Stephanie",20714,(591) 555-0179,stephanie.moreno1031@example.com,206 Austin Roads,Lake Michael,SC,29283,8X51AA5XJ25,H-00709,P-01340,Bluepeak,H3266-002,MA,SC,AGE,BP-311012,08/01/24,,active,11576383,57.62,
C-01032,"Wright, Roger",11/20/1949,(877) 555-0159,roger.wright1032@example.com,47769 Daniels Hill Apt. 314,Montesmouth,AL,35182,4WT1FY5DM52,H-00710,P-01341,Northwind Health,H5040-023,MA,AL,AGE,NW-762440,10/01/2025,,Active,1884412,12.07,
C-01033,"Johnson, Joe",20270,(245) 555-0136,joseph.johnson1033@example.com,5156 Kim Orchard,Burkebury,CA,95348,6M87KT6YN09,H-00711,P-01342,Harborline,G,MEDSUPP,CA,AGE,HL-627094,2022-02-01,,ACTIVE,78490893,297.93,
C-01033,"Johnson, Joe",20270,(245) 555-0136,joseph.johnson1033@example.com,5156 Kim Orchard,Burkebury,CA,95348,6M87KT6YN09,H-00711,P-01343,Harborline,S7304-014,PDP,CA,AGE,HL-821221,02/01/22,,active,78490893,69.24,
C-01034,"Gaines, Joseph",07/25/1947,(538) 555-0180,joseph.gaines1034@example.com,0854 Jenkins Valleys,Colemanview,AK,99549,9V98T36PR99,H-00712,P-01344,Northwind Health,N,MEDSUPP,AK,AGE,NW-791013,04/01/2023,,Active,61291817,217.58,
C-01034,"Gaines, Joseph",07/25/1947,(538) 555-0180,joseph.gaines1034@example.com,0854 Jenkins Valleys,Colemanview,AK,99549,9V98T36PR99,H-00712,P-01345,Northwind Health,S6930-021,PDP,AK,AGE,NW-244758,2023-04-01,2026-09-22,ACTIVE,61291817,25.96,
C-01035,"Gaines, Jessica",36750,(399) 555-0171,jessica.gaines1035@example.com,0854 Jenkins Valleys,Colemanview,AK,99549,,H-00712,P-01346,Harborline,91959AK8086524,ACA,AK,,HL-797732,01/01/27,,pending,61291817,513.19,
C-01036,"Smith, Jennifer",05/23/1937,(734) 555-0175,jennifer.smith1036@example.com,047 Walker Wells Apt. 831,Davidside,NC,27665,6JW2XM4DX14,H-00713,P-01347,Summit Health Plans,H9797-010,MA,NC,AGE,SH-234370,06/01/2024,,Active,74197857,36.08,Asked about dental add-ons at renewal.
C-01037,"Smith, Leah",21250,(218) 555-0126,leah.smith1037@example.com,047 Walker Wells Apt. 831,Davidside,NC,27665,6JF6UA8KV86,H-00713,P-01348,Meridian Care,H8433-013,MA,NC,AGE,MC-792929,2026-01-01,,ACTIVE,74197857,56.42,
C-01038,"Galloway, Mary",20094,(935) 555-0168,,558 Diana Path,West Amanda,MO,64499,2VH2JP3CR88,H-00714,P-01349,Cardinal Mutual,H8668-016,MA,MO,AGE,CM-770185,10/01/23,,active,33857966,33.54,
C-01039,"Williams, Justin",05/11/1937,(532) 555-0170,,342 Rivera Forge Apt. 000,New Raymondfort,SD,57635,8NF1JP3DU55,H-00715,P-01350,Meridian Care,H3591-030,MA,SD,AGE,MC-834024,08/01/2025,,Active,90949389,41.20,
C-01040,"Williams, Andrew",05/13/1946,(532) 555-0170,andrew.williams1040@example.com,342 Rivera Forge Apt. 000,New Raymondfort,SD,57635,5VQ2RT5EE99,H-00715,P-01351,Cardinal Mutual,H8668-020,MA,SD,AGE,CM-472865,2024-08-01,,ACTIVE,66419307,33.28,
C-01041,"Smith, Julia",06/02/1947,(209) 555-0106,julia.smith1041@example.com,41662 Atkins Club,New Jenniferchester,OR,97639,4P38GC1QH01,H-00716,P-01352,Meridian Care,S3927-021,PDP,OR,AGE,MC-280933,01/01/26,,active,74197857,30.43,
C-01042,"Garcia, Tanya",10/28/1935,(692) 555-0148,tanya.garcia1042@example.com,96394 Coleman Summit,West Joshuaborough,IA,51635,1X08KR0DV04,H-00717,P-01353,Bluepeak,H4593-003,MA,IA,AGE,BP-329820,01/01/2022,,Cancelled,1884412,27.33,Asked about dental add-ons at renewal.
C-01043,"Garcia, Barbara",03/11/1944,(978) 555-0169,barbara.garcia1043@example.com,96394 Coleman Summit,West Joshuaborough,IA,51635,2PN4KR0PJ92,H-00717,P-01354,Northwind Health,R8019-028,MA,IA,AGE,NW-884060,2024-02-01,,ACTIVE,1884412,21.89,
C-01044,"Klein, Shaun",05/01/1938,(265) 555-0113,shaun.klein1044@example.com,6136 Webb Squares Apt. 607,Beanside,AR,72317,3V65RT2VP02,H-00718,P-01355,Harborline,H2796-018,MA,AR,AGE,HL-120562,06/01/22,09/12/26,active,44524491,20.14,
C-01045,"Miller, Ann",05/21/1947,(343) 555-0111,ann.miller1045@example.com,3757 Dawn Isle,Port Crystal,MO,64170,,H-00719,P-01356,Northwind Health,H5040-022,MA,MO,AGE,NW-830823,02/01/2026,,Active,32244663,46.08,
C-01046,"King, Larry",10/21/1939,(507) 555-0112,larry.king1046@example.com,9312 Jensen Mountains,North Katrina,CO,81461,3NH1R94YW28,H-00720,P-01357,Meridian Care,H8433-009,MA,CO,AGE,MC-566554,2023-04-01,2025-07-31,TERMINATED,5265799,36.04,
C-01046,"King, Larry",10/21/1939,(507) 555-0112,larry.king1046@example.com,9312 Jensen Mountains,North Katrina,CO,81461,3NH1R94YW28,H-00720,P-01358,Cardinal Mutual,H8668-019,MA,CO,AGE,CM-604793,08/01/25,,active,5265799,3.00,
C-01047,"King, Matthew",05/20/1941,(926) 555-0126,matthew.king1047@example.com,9312 Jensen Mountains,North Katrina,CO,81461,5J46WU7EN69,H-00720,P-01359,Bluepeak,H3266-025,MA,CO,AGE,BP-156380,12/01/2022,,Active,5265799,50.17,
C-01048,"Chung, Joe",02/06/1944,(555) 555-0126,joe.chung1048@example.com,59960 Vaughn Throughway,Gardnermouth,CA,92014,1EE5KT7JM94,H-00721,P-01360,Northwind Health,H9830-005,MA,CA,AGE,NW-469515,2023-04-01,2025-12-31,TERMINATED,78490893,14.16,
C-01048,"Chung, Joe",02/06/1944,(555) 555-0126,joe.chung1048@example.com,59960 Vaughn Throughway,Gardnermouth,CA,92014,1EE5KT7JM94,H-00721,P-01361,Cardinal Mutual,H8668-013,MA,CA,AGE,CM-208907,01/01/26,,active,78490893,20.85,
C-01049,"Martin, Samuel",11/03/1949,(850) 555-0162,samuel.martin1049@example.com,788 Samantha Manors Apt. 620,New Kaitlin,NE,69193,6FJ2WP5PW09,H-00722,P-01362,Harborline,H3504-027,MA,NE,AGE,HL-479715,03/01/2026,,Active,6831819,39.96,
C-01050,"Wilson, Wendy",08/02/1940,(621) 555-0121,wendy.wilson1050@example.com,67287 Kaitlyn Plaza,Rossport,ID,83505,5TA4AT1KQ97,H-00723,P-01363,Meridian Care,H8433-024-002,MA,ID,AGE,MC-357485,2025-05-01,,ACTIVE,5265799,56.81,
C-01051,"Mayer, Sara",10/03/1943,(786) 555-0143,,595 Donald Pike Apt. 958,Thomasborough,ID,83740,6QC1TA3YQ10,H-00724,P-01364,Cardinal Mutual,F,MEDSUPP,ID,AGE,CM-810729,05/01/22,,active,5265799,291.77,
C-01051,"Mayer, Sara",10/03/1943,(786) 555-0143,,595 Donald Pike Apt. 958,Thomasborough,ID,83740,6QC1TA3YQ10,H-00724,P-01365,Cardinal Mutual,S1188-015-001,PDP,ID,AGE,CM-501832,05/01/2022,,Active,5265799,10.77,
C-01052,"Benson, Amanda",04/24/1944,(701) 555-0169,amanda.benson1052@example.com,87056 Edward Cliff,West Jacquelineborough,NE,69004,3E35X53WX67,H-00725,P-01366,Meridian Care,H3591-026,MA,NE,AGE,MC-610454,2024-02-01,,ACTIVE,33857966,35.09,
C-01053,"Benson, Mark",04/02/1937,(809) 555-0152,mark.benson1053@example.com,87056 Edward Cliff,West Jacquelineborough,NE,69004,1TF2WW3KD33,H-00725,P-01367,Bluepeak,R9348-002-002,MA,NE,AGE,BP-590833,11/01/23,01/31/25,terminated,33857966,49.44,
C-01053,"Benson, Mark",04/02/1937,(809) 555-0152,mark.benson1053@example.com,87056 Edward Cliff,West Jacquelineborough,NE,69004,1TF2WW3KD33,H-00725,P-01368,Cardinal Mutual,H8668-020,MA,NE,AGE,CM-553208,02/01/2025,,Active,33857966,18.57,
C-01054,"Reilly, Joshua",08/30/1936,(475) 555-0166,,792 Michael Points,West Courtney,CA,92161,4A10T13PR58,H-00726,P-01369,Bluepeak,S2489-017,PDP,CA,AGE,BP-991080,2026-05-01,,ACTIVE,43339391,33.52,
C-01055,"Baker, Curtis",08/28/1935,(683) 555-0175,curtis.baker1055@example.com,459 Villa Points Apt. 192,Lake Javierburgh,UT,84393,9QR9ED2FH21,H-00727,P-01370,Meridian Care,H3591-026,MA,UT,AGE,MC-186621,05/01/23,,active,97102525,30.93,
C-01056,"Baxter, Marcus",11/19/1949,(604) 555-0197,marcus.baxter1056@example.com,9994 Clark Alley Apt. 319,East Fred,NE,69382,8K04Q95HG55,H-00728,P-01371,Harborline,S2040-017,PDP,NE,AGE,HL-936021,06/01/2023,,Cancelled,33857966,20.98,
C-01057,"Schroeder, Jasmin",21839,(419) 555-0148,jasmin.schroeder1057@example.com,87675 Mason Crest,New Phillip,KY,41010,9WE9HT6VM18,H-00729,P-01372,Cardinal Mutual,H7252006-003,MA,KY,AGE,CM-178119,2025-07-01,,ACTIVE,43339391,2.28,
C-01058,"Jennings, Angela",21038,(449) 555-0141,angela.jennings1058@example.com,8581 Stephanie Roads Suite 268,Henryview,KY,40725,4BA3AV7QM77,H-00730,P-01373,Meridian Care,R5315-014-002,MA,KY,AGE,MC-669862,11/01/22,,active,43339391,8.88,
C-01059,"Fitzpatrick, Wendy",38379,(819) 555-0147,wendy.fitzpatrick1059@example.com,520 Wyatt Trail Suite 639,South Neil,MO,63594,,H-00731,P-01374,Northwind Health,76542MO6979925,ACA,MO,,NW-198366,01/01/2025,12/31/2025,Terminated,32244663,393.19,
C-01059,"Fitzpatrick, Wendy",38379,(819) 555-0147,wendy.fitzpatrick1059@example.com,520 Wyatt Trail Suite 639,South Neil,MO,63594,,H-00731,P-01375,Summit Health Plans,93748MO2470977,ACA,MO,,SH-395634,2026-01-01,,ACTIVE,32244663,204.78,
C-01060,"Lawson, Arthur",03/16/1944,(428) 555-0105,arthur.lawson1060@example.com,5830 Murphy Land,Wesleytown,UT,84671,3Q74N56KY67,H-00732,P-01376,Northwind Health,B,MEDSUPP,UT,AGE,NW-187361,08/01/23,,active,90949389,290.82,
C-01060,"Lawson, Arthur",03/16/1944,(428) 555-0105,arthur.lawson1060@example.com,5830 Murphy Land,Wesleytown,UT,84671,3Q74N56KY67,H-00732,P-01377,Northwind Health,S6930-023,PDP,UT,AGE,NW-738819,08/01/2023,,Active,90949389,42.79,
C-01061,"Aguirre, Benjamin",01/26/1936,(435) 555-0138,benjamin.aguirre1061@example.com,760 Hill Centers Apt. 797,Thompsonside,VA,24472,2YT0EW1PW91,H-00733,P-01378,Cardinal Mutual,A,MEDSUPP,VA,AGE,CM-707730,2023-01-01,,ACTIVE,78490893,136.59,
C-01061,"Aguirre, Benjamin",01/26/1936,(435) 555-0138,benjamin.aguirre1061@example.com,760 Hill Centers Apt. 797,Thompsonside,VA,24472,2YT0EW1PW91,H-00733,P-01379,Cardinal Mutual,S1188-015,PDP,VA,AGE,CM-283659,01/01/23,,active,78490893,50.42,
C-01062,"Edwards, Michaela",07/23/1937,(550) 555-0121,michaela.edwards1062@example.com,222 Robert Vista,North Scottton,MO,73076,1FG1RX0WV75,H-00734,P-01380,Harborline,A,MEDSUPP,MO,AGE,HL-248441,03/01/2026,,Active,6831819,93.42,
C-01062,"Edwards, Michaela",07/23/1937,(550) 555-0121,michaela.edwards1062@example.com,222 Robert Vista,North Scottton,MO,73076,1FG1RX0WV75,H-00734,P-01381,Harborline,S2040-007,PDP,MO,AGE,HL-671721,2026-03-01,,ACTIVE,6831819,65.30,
C-01063,"Hernandez, Joseph",28944,(837) 555-0181,,90552 Black Shores Suite 601,Port Kathleen,TX,76187,,H-00735,P-01382,Northwind Health,76542TX8053365,ACA,TX,,NW-454494,01/01/25,,active,90949389,558.28,
C-01064,"Wilson, Steven",08/21/1937,(923) 555-0144,,0493 Thompson Summit,West Joshuastad,CA,95188,2F98JH1XN58,H-00736,P-01383,Summit Health Plans,H9797-030,MA,CA,AGE,SH-455335,05/01/2025,,Active,78490893,18.06,
C-01065,"Wilson, Mary",27051,(923) 555-0144,mary.wilson1065@example.com,0493 Thompson Summit,West Joshuastad,CA,95188,,H-00736,P-01384,Bluepeak,23947CA0547915,ACA,CA,,BP-530760,2024-01-01,,ACTIVE,78490893,602.72,
C-01066,"Sheppard, Katie",29858,(276) 555-0116,,711 Ian Corners,West Brittany,KY,41838,,H-00737,P-01385,Summit Health Plans,93748KY3889949,ACA,KY,,SH-719285,01/01/25,,active,32244663,877.81,
C-01067,"Sheppard, Kristina",28202,(276) 555-0116,kristina.sheppard1067@example.com,711 Ian Corners,West Brittany,KY,41838,,H-00737,P-01386,Cardinal Mutual,49117KY6773160,ACA,KY,,CM-587365,01/01/2026,,Active,32244663,749.66,
C-01068,"Anderson, Brian",12/05/1937,(666) 555-0186,brian.anderson1068@example.com,571 Kyle Springs,Lake Katelyn,TX,77335,4D07JC3JG49,H-00738,P-01387,Meridian Care,H8433-029,MA,TX,AGE,MC-456815,2024-03-01,2026-01-31,??,99847493,21.62,
C-01068,"Anderson, Brian",12/05/1937,(666) 555-0186,brian.anderson1068@example.com,571 Kyle Springs,Lake Katelyn,TX,77335,4D07JC3JG49,H-00738,P-01388,Northwind Health,H9830-029,MA,TX,AGE,NW-145287,02/01/26,,cancelled,99847493,43.69,
C-01069,"Kelly, Michael",03/17/1947,(423) 555-0114,michael.kelly1069@example.com,42956 Mary Groves Apt. 244,Bakerfort,PA,17892,5GU0TY9PX47,H-00739,P-01389,Northwind Health,H9830-013-002,MA,PA,AGE,NW-571413,03/01/2024,03/31/2026,Terminated,13981052,25.12,
C-01069,"Kelly, Michael",03/17/1947,(423) 555-0114,michael.kelly1069@example.com,42956 Mary Groves Apt. 244,Bakerfort,PA,17892,5GU0TY9PX47,H-00739,P-01390,Cardinal Mutual,H8668-014,MA,PA,AGE,CM-583744,2026-04-01,,ACTIVE,13981052,27.96,
C-01070,"Gordon, Maria",05/03/1952,(371) 555-0149,maria.gordon1070@example.com,209 Moore Port Apt. 654,West Holly,UT,84719,1HX0YV4QV56,H-00740,P-01391,Cardinal Mutual,R9669-030,MA,UT,AGE,CM-852697,01/01/22,03/31/25,terminated,90949389,53.24,
C-01070,"Gordon, Maria",05/03/1952,(371) 555-0149,maria.gordon1070@example.com,209 Moore Port Apt. 654,West Holly,UT,84719,1HX0YV4QV56,H-00740,P-01392,Summit Health Plans,H5371-026-001,MA,UT,AGE,SH-599497,04/01/2025,,Active,90949389,44.88,
C-01071,"Barrett, Rachel",06/18/1940,(650) 555-0176,,83437 Johnson Crescent Apt. 727,Nathanfurt,UT,84758,7FQ3UT9GT11,H-00741,P-01393,Cardinal Mutual,H7252-005,MA,UT,AGE,CM-726077,2022-04-01,,ACTIVE,37231783,45.37,Call after 2pm.
C-01072,"Barrett, Marcus",09/15/1937,(650) 555-0176,,83437 Johnson Crescent Apt. 727,Nathanfurt,UT,84758,3MH2JH3CF39,H-00741,P-01394,Harborline,H3504-027,MA,UT,AGE,HL-128867,02/01/25,02/28/26,terminated,37231783,58.02,Client prefers materials en español.
C-01072,"Barrett, Marcus",09/15/1937,(650) 555-0176,,83437 Johnson Crescent Apt. 727,Nathanfurt,UT,84758,3MH2JH3CF39,H-00741,P-01395,Summit Health Plans,R2827-023,MA,UT,AGE,SH-813085,03/01/2026,,Active,37231783,18.56,
C-01073,"Martin, Amy",07/22/1950,(396) 555-0143,amy.martin1073@example.com,502 Alvarez Junction,East Robinport,VA,23916,9NJ7CC6KK88,H-00742,P-01396,Harborline,H3504-008,MA,VA,AGE,HL-222104,2023-10-01,,ACTIVE,78490893,8.73,
C-01074,"Burke, Timothy",09/28/1944,(571) 555-0144,,9799 Simon Mountains,West Jennifer,AR,72021,7ZF5N50UW68,H-00743,P-01397,Meridian Care,S3927-001,PDP,AR,AGE,MC-144085,10/01/24,,active,44524491,34.56,
C-01075,"Burke, Richard",20301,(571) 555-0144,richard.burke1075@example.com,9799 Simon Mountains,West Jennifer,AR,72021,8C81Y25WQ63,H-00743,P-01398,Summit Health Plans,H5371-019,MA,AR,AGE,SH-914466,02/01/2025,,Active,44524491,42.96,
C-01076,"Sanford, Sherri",03/30/1942,(378) 555-0173,,81664 Watkins Estates,West Olivia,UT,84389,8XQ4ME6AJ32,H-00744,P-01399,Summit Health Plans,H9797-011-001,MA,UT,AGE,SH-835663,2024-11-01,,ACTIVE,97102525,6.43,Asked about dental add-ons at renewal.
C-01077,"Sanford, James",10/16/1949,(279) 555-0132,,81664 Watkins Estates,West Olivia,UT,84389,3G30D37PM54,H-00744,P-01400,Cardinal Mutual,H7252-022,MA,UT,AGE,CM-171461,05/01/22,,active,97102525,57.03,
C-01078,"Gonzalez, George",21409,(678) 555-0140,george.gonzalez1078@example.com,50142 Ellis Expressway,Smithberg,CT,06616,8KK2CJ6CU85,H-00745,P-01401,Summit Health Plans,H5371-017-003,MA,CT,AGE,SH-248644,06/01/2024,04/30/2026,XFER,29898923,40.42,
C-01078,"Gonzalez, George",21409,(678) 555-0140,george.gonzalez1078@example.com,50142 Ellis Expressway,Smithberg,CT,06616,8KK2CJ6CU85,H-00745,P-01402,Bluepeak,H4593-014-003,MA,CT,AGE,BP-934269,2026-05-01,,ACTIVE,29898923,4.01,
C-01079,"Mcdaniel, Holly",10/28/1951,(358) 555-0129,holly.mcdaniel1079@example.com,23361 Eric Point Suite 072,Coryside,CT,06776,2Y07AE5CE96,H-00746,P-01403,Summit Health Plans,H9797-020,MA,CT,AGE,SH-467418,08/01/24,,active,29898923,10.57,
C-01080,"Jones, Tracy",20608,(776) 555-0119,tracy.jones1080@example.com,673 Paul Island Apt. 654,Carlsonside,MO,63115,8A64X03UX58,H-00747,P-01404,Summit Health Plans,H5371-030,MA,MO,AGE,SH-949927,11/01/2022,,Active,33857966,26.43,
C-01081,"Taylor, Jacob",21952,(862) 555-0156,,92355 Mason Alley,Melendezbury,OR,97377,5E54GM8TJ96,H-00748,P-01405,Cardinal Mutual,H7252-017,MA,OR,AGE,CM-349282,2025-05-01,,ACTIVE,74197857,44.68,
C-01082,"Johnson, Susan",11/06/1935,(682) 555-0193,susan.johnson1082@example.com,6156 Ronald Haven,Paulfort,NY,14073,8G84MH4HN49,H-00749,P-01406,Summit Health Plans,L,MEDSUPP,NY,AGE,SH-732921,06/01/24,,active,97102525,143.99,
C-01082,"Johnson, Susan",11/06/1935,(682) 555-0193,susan.johnson1082@example.com,6156 Ronald Haven,Paulfort,NY,14073,8G84MH4HN49,H-00749,P-01407,Summit Health Plans,S8123-012,PDP,NY,AGE,SH-215676,06/01/2024,,Active,97102525,83.07,
C-01083,"Cruz, Shawn",09/07/1942,(432) 555-0134,,26817 Michael Street Apt. 602,Davidhaven,VA,22666,1MF4UX6CA09,H-00750,P-01408,Northwind Health,R8019-016-003,MA,VA,AGE,NW-601095,2023-07-01,,ACTIVE,78490893,18.68,
C-01084,"Richard, Teresa",07/23/1934,(616) 555-0148,teresa.richard1084@example.com,660 Coleman Streets Apt. 978,Kimberlymouth,OH,45821,3CJ6YJ0YD40,H-00751,P-01409,Meridian Care,H3591-023-001,MA,OH,AGE,MC-888678,07/01/22,,active,1884412,9.31,
C-01085,"Graham, Steven",02/28/1950,(268) 555-0133,steven.graham1085@example.com,68612 Matthew Station,Jamesmouth,MT,59639,1DV4F99JH59,H-00752,P-01410,Meridian Care,N,MEDSUPP,MT,AGE,MC-940042,10/01/2024,,Active,97102525,236.92,
C-01085,"Graham, Steven",02/28/1950,(268) 555-0133,steven.graham1085@example.com,68612 Matthew Station,Jamesmouth,MT,59639,1DV4F99JH59,H-00752,P-01411,Meridian Care,S9201-019,PDP,MT,AGE,MC-974579,2024-10-01,,ACTIVE,97102525,44.70,
C-01086,"Graham, Bill",01/28/1938,(285) 555-0145,bill.graham1086@example.com,68612 Matthew Station,Jamesmouth,MT,59639,1GG6G34TJ65,H-00752,P-01412,Northwind Health,H5040-019-003,MA,MT,AGE,NW-837328,01/01/22,,active,97102525,3.10,
C-01087,"Smith, Mark",02/12/1954,(270) 555-0182,mark.smith1087@example.com,5095 Simmons Spring Suite 084,West Michael,LA,70852,6NK0MG3EQ97,H-00753,P-01413,Meridian Care,H8433-012,MA,LA,AGE,MC-698636,03/01/2025,02/28/2026,Terminated,7150444,21.92,
C-01087,"Smith, Mark",02/12/1954,(270) 555-0182,mark.smith1087@example.com,5095 Simmons Spring Suite 084,West Michael,LA,70852,6NK0MG3EQ97,H-00753,P-01414,Bluepeak,R9085-019-001,MA,LA,AGE,BP-390640,2026-03-01,,ACTIVE,7150444,1.57,
C-01088,"Jordan, Joshua",33341,(726) 555-0160,joshua.jordan1088@example.com,150 Wright Corner,East Jessicafort,GA,31122,,H-00754,P-01415,Northwind Health,76542GA3713050,ACA,GA,,NW-120650,01/01/26,,active,61291817,472.79,Client prefers materials en español.
C-01089,"Jordan, Teresa",05/27/1948,(896) 555-0126,teresa.jordan1089@example.com,150 Wright Corner,East Jessicafort,GA,31122,4RM1GF4UK09,H-00754,P-01416,Bluepeak,H4593-012-001,MA,GA,AGE,BP-439944,11/01/2024,12/31/2025,Terminated,61291817,3.67,
C-01089,"Jordan, Teresa",05/27/1948,(896) 555-0126,teresa.jordan1089@example.com,150 Wright Corner,East Jessicafort,GA,31122,4RM1GF4UK09,H-00754,P-01417,Northwind Health,H5040-011-001,MA,GA,AGE,NW-958630,2026-01-01,,ACTIVE,61291817,7.85,
C-01090,"Reyes, Tina",37230,(474) 555-0181,,897 Charles Landing,East Chelseaville,GA,31145,,H-00755,P-01418,Harborline,91959GA2548215,ACA,GA,,HL-779089,01/01/24,,active,61855700,349.63,
C-01091,"Reyes, Christian",21419,(533) 555-0168,christian.reyes1091@example.com,897 Charles Landing,East Chelseaville,GA,31145,6DF5JV0UV19,H-00755,P-01419,Bluepeak,H3266-023,MA,GA,AGE,BP-864648,02/01/2024,,Active,61855700,18.28,
C-01092,"Dickerson, John",01/20/1938,(522) 555-0145,john.dickerson1092@example.com,6024 Mary Meadows Apt. 394,Christinaside,TX,79708,2QR3GV2KR30,H-00756,P-01420,Cardinal Mutual,H7252-028,MA,TX,AGE,CM-803962,2026-03-01,,ACTIVE,37231783,6.09,
C-01093,"Williams, Raymond",21956,(444) 555-0140,raymond.williams1093@example.com,9736 Burgess Tunnel,West Walter,ID,83755,1MF0NY8QV56,H-00757,P-01421,Cardinal Mutual,H8668-007,MA,ID,AGE,CM-326253,12/01/25,,active,43339391,56.18,
C-01094,"Williams, Howard",34305,(444) 555-0140,howard.williams1094@example.com,9736 Burgess Tunnel,West Walter,ID,83755,5R31C33YF78,H-00757,P-01422,Summit Health Plans,H9797-002,MA,ID,ESRD,SH-938072,10/01/2024,,Active,43339391,23.02,Asked about dental add-ons at renewal.
C-01095,"Walker, Cheryl",10/04/1944,(769) 555-0166,cheryl.walker1095@example.com,0630 Sandoval Harbor Suite 795,East Jeffreymouth,CA,92531,9P96YC5CX65,H-00758,P-01423,Summit Health Plans,H5371-016,MA,CA,AGE,SH-649459,2024-02-01,,ACTIVE,43339391,14.42,
C-01096,"Walker, Jessica",31802,(769) 555-0166,jessica.walker1096@example.com,0630 Sandoval Harbor Suite 795,East Jeffreymouth,CA,92531,9E14TF3TH56,H-00758,P-01424,Cardinal Mutual,A,MEDSUPP,CA,DISABILITY,CM-862473,07/01/23,,active,43339391,163.16,
C-01096,"Walker, Jessica",31802,(769) 555-0166,jessica.walker1096@example.com,0630 Sandoval Harbor Suite 795,East Jeffreymouth,CA,92531,9E14TF3TH56,H-00758,P-01425,Cardinal Mutual,S1188-018,PDP,CA,DISABILITY,CM-152131,07/01/2023,,Active,43339391,41.36,
C-01097,"Murray, Julia",06/19/1943,(857) 555-0132,,695 Alvarez Point Apt. 555,Lynnberg,UT,84513,,H-00759,P-01426,Harborline,H3504-025,MA,UT,AGE,HL-205881,2024-05-01,,ACTIVE,37231783,40.25,
C-01098,"Miller, Julie",03/10/1947,(247) 555-0144,julie.miller1098@example.com,264 Johnson Walk,Lake Tommystad,LA,70655,2VC7HX2AC25,H-00760,P-01427,Cardinal Mutual,H7252-008,MA,LA,AGE,CM-837679,10/01/24,02/28/26,terminated,7150444,38.47,
C-01098,"Miller, Julie",03/10/1947,(247) 555-0144,julie.miller1098@example.com,264 Johnson Walk,Lake Tommystad,LA,70655,2VC7HX2AC25,H-00760,P-01428,Summit Health Plans,H9797-022,MA,LA,AGE,SH-204251,03/01/2026,,Active,7150444,16.38,
C-01099,"Miller, Alyssa",20791,(626) 555-0113,alyssa.miller1099@example.com,264 Johnson Walk,Lake Tommystad,LA,70655,9U12A71FK02,H-00760,P-01429,Harborline,H2796-011,MA,LA,AGE,HL-718506,2023-12-01,,ACTIVE,7150444,24.23,
C-01100,"Mnning, Veronica",33588,(612) 555-0180,veronica.manning1100@example.com,5770 Colleen Expressway Suite 966,Port Teresaside,UT,84085,,H-00761,P-01430,Summit Health Plans,93748UT8024716,ACA,UT,,SH-424907,01/01/26,,active,90949389,327.08,
C-01101,"Waters, Jessica",10/24/1935,(408) 555-0198,jessica.waters1101@example.com,269 Collin Forge Apt. 194,Port Erik,ID,83301,2MJ5GY4YJ07,H-00762,P-01431,Meridian Care,S3927-011-002,PDP,ID,AGE,MC-533389,09/01/2025,,Active,5265799,49.47,Client prefers materials en español.
C-01102,"Simpson, Steven",20289,(568) 555-0112,steven.simpson1102@example.com,653 Lester Harbors Suite 515,Perezfurt,PA,19424,6QC0GF3CF34,H-00763,P-01432,Harborline,H3504-028,MA,PA,AGE,HL-293412,2022-03-01,,ACTIVE,1884412,8.36,
C-01103,"Simpson, Margaret",36463,(568) 555-0112,margaret.simpson1103@example.com,653 Lester Harbors Suite 515,Perezfurt,PA,19424,,H-00763,P-01433,Northwind Health,76542PA4402249,ACA,PA,,NW-641676,01/01/25,12/31/25,terminated,1884412,284.07,
C-01103,"Simpson, Margaret",36463,(568) 555-0112,margaret.simpson1103@example.com,653 Lester Harbors Suite 515,Perezfurt,PA,19424,,H-00763,P-01434,Harborline,91959PA8503380,ACA,PA,,HL-453175,01/01/2026,,Active,1884412,165.69,
C-01104,"Lopez, Anthony",20252,(927) 555-0169,anthony.lopez1104@example.com,26408 Hines Shoal Apt. 169,Mccannchester,WV,26005,9M44U09CX86,H-00764,P-01435,Bluepeak,K,MEDSUPP,WV,AGE,BP-442239,2026-04-01,,ACTIVE,7150444,117.16,
C-01104,"Lopez, Anthony",20252,(927) 555-0169,anthony.lopez1104@example.com,26408 Hines Shoal Apt. 169,Mccannchester,WV,26005,9M44U09CX86,H-00764,P-01436,Bluepeak,S1771-027-002,PDP,WV,AGE,BP-417452,04/01/26,,active,7150444,51.17,
C-01105,"Kennedy, Christopher",12/31/1949,(466) 555-0188,christopher.kennedy1105@example.com,99819 Dougherty Islands,East Ashley,AL,35520,2J77JT1MP03,H-00765,P-01437,Summit Health Plans,H5371-022,MA,AL,AGE,SH-761964,05/01/2022,11/30/2023,Terminated,1884412,31.18,
C-01105,"Kennedy, Christopher",12/31/1949,(466) 555-0188,christopher.kennedy1105@example.com,99819 Dougherty Islands,East Ashley,AL,35520,2J77JT1MP03,H-00765,P-01438,Meridian Care,H3591-020,MA,AL,AGE,MC-802059,2023-12-01,,ACTIVE,1884412,20.36,Client prefers materials en español.
C-01106,"Kline, Jamie",08/15/1935,(782) 555-0195,jamie.kline1106@example.com,96883 Stephen Stream Apt. 273,Davidland,CO,81210,2X59F35QY24,H-00766,P-01439,Cardinal Mutual,K,MEDSUPP,CO,AGE,CM-679035,11/01/25,,active,7150444,273.56,
C-01106,"Kline, Jamie",08/15/1935,(782) 555-0195,jamie.kline1106@example.com,96883 Stephen Stream Apt. 273,Davidland,CO,81210,2X59F35QY24,H-00766,P-01440,Cardinal Mutual,S1188-010,PDP,CO,AGE,CM-147465,11/01/2025,,Active,7150444,15.38,
C-01107,"Jones, Kaitlyn",11/11/1942,(403) 555-0196,kaitlyn.jones1107@example.com,3973 Teresa Parkway Apt. 952,South Jennifer,CO,80811,6D23GN1TX04,H-00767,P-01441,Cardinal Mutual,H8668-001,MA,CO,AGE,CM-881021,2023-08-01,,ACTIVE,29898923,46.90,
C-01107,"Jones, Kaitlyn",11/11/1942,(403) 555-0196,kaitlyn.jones1107@example.com,3973 Teresa Parkway Apt. 952,South Jennifer,CO,80811,6D23GN1TX04,H-00767,P-01441,Cardinal Mutual,H8668-001,MA,CO,AGE,CM-881021,08/01/23,,active,29898923,46.90,
C-01108,"Carter, Raymond",05/01/1946,(504) 555-0184,raymond.carter1108@example.com,761 Rosario Stravenue Apt. 980,Castilloton,WA,98812,2K55QK5UF27,H-00768,P-01442,Meridian Care,L,MEDSUPP,WA,AGE,MC-381850,09/01/2023,,Active,99847493,286.49,
C-01108,"Carter, Raymond",05/01/1946,(504) 555-0184,raymond.carter1108@example.com,761 Rosario Stravenue Apt. 980,Castilloton,WA,98812,2K55QK5UF27,H-00768,P-01443,Meridian Care,S3927-024,PDP,WA,AGE,MC-128648,2023-09-01,,ACTIVE,99847493,48.86,
C-01109,"Molina, Daniel",02/14/1944,(834) 555-0180,,6876 Dale Vista,Katherineshire,WI,54033,4YE3Q39MD26,H-00769,P-01444,Northwind Health,H5040-008,MA,WI,AGE,NW-547351,08/01/23,,active,61291817,13.74,
C-01110,"Ellis, Jenna",05/31/1948,(862) 555-0171,,6523 Clark Court,Dawnland,MN,55389,2AW9Q05MR12,H-00770,P-01445,Bluepeak,H4593-002-002,MA,MN,AGE,BP-562225,09/01/2023,,Active,11576383,23.01,
C-01111,"Hernandez, Keith",29535,(732) 555-0175,keith.hernandez1111@example.com,5475 Lyons Port,Brookeberg,TX,77876,,H-00771,P-01446,Harborline,91959TX8669869,ACA,TX,,HL-589996,2025-01-01,2025-12-31,TERMINATED,90949389,240.88,
C-01111,"Hernandez, Keith",29535,(732) 555-0175,keith.hernandez1111@example.com,5475 Lyons Port,Brookeberg,TX,77876,,H-00771,P-01447,Northwind Health,76542TX4134851,ACA,TX,,NW-947379,01/01/26,,active,90949389,681.21,
C-01112,"Hernandez, Jeffrey",24507,(508) 555-0171,jeffrey.hernandez1112@example.com,5475 Lyons Port,Brookeberg,TX,77876,8J07NX4YH30,H-00771,P-01448,Northwind Health,H5040-015,MA,TX,ESRD,NW-701604,05/01/2024,,Active,90949389,8.73,Client gave bank account 00084606 for the premium draft.
C-01113,"Villarreal, Jonathan",08/18/1951,(566) 555-0142,,544 Ashley Inlet Suite 742,East Catherine,TX,76678,7TK3JJ8MX65,H-00772,P-01449,Bluepeak,S1771-025-001,PDP,TX,AGE,BP-958305,2023-12-01,,ACTIVE,99847493,9.34,
C-01114,"Villarreal, Jeremy",22162,(225) 555-0121,jeremy.villarreal1114@example.com,544 Ashley Inlet Suite 742,East Catherine,TX,76678,,H-00772,P-01450,Northwind Health,H9830-025-003,MA,TX,AGE,NW-828205,01/01/26,,active,99847493,35.02,
C-01115,"Compton, Dawn",12/19/1936,(739) 555-0148,,429 Jordan Stravenue,Woodsburgh,MO,64891,4YF7QW7DK13,H-00773,P-01451,Summit Health Plans,S8123-030-001,PDP,MO,AGE,SH-561707,06/01/2023,,Active,29898923,68.98,
C-01116,"Compton, Brenda",11/07/1942,(941) 555-0119,,429 Jordan Stravenue,Woodsburgh,MO,64891,6TY2E81QF50,H-00773,P-01452,Meridian Care,R1053-030,MA,MO,AGE,MC-886552,2024-02-01,,ACTIVE,29898923,30.39,
C-01117,"Walker, Joshua",28392,(807) 555-0168,joshua.walker1117@example.com,567 Monica Orchard Apt. 760,West Jeffreyborough,VA,23126,,H-00774,P-01453,Meridian Care,76540VA5497182,ACA,VA,,MC-609605,01/01/26,,active,78O90893,622.67,
C-01118,"Villanueva, Judith",36158,(608) 555-0195,judith.villanueva1118@example.com,357 Hudson Route,Port Juliehaven,ME,04232,,H-00775,P-01454,Harborline,91959ME5404850,ACA,ME,,HL-733693,01/01/2024,09/28/2026,Active,94702683,315.33,
C-01119,"Stevenson, Hannah",32441,(257) 555-0110,,061 Romero Groves Apt. 079,East Jonathan,DC,20522,7DR1XT3WK49,H-00776,P-01455,Northwind Health,H5040-001,MA,DC,ESRD,NW-805257,2025-05-01,2026-09-07,ACTIVE,6831819,3.84,
C-01120,"Stevenson, Debra",06/25/1938,(599) 555-0106,debra.stevenson1120@example.com,061 Romero Groves Apt. 079,East Jonathan,DC,20522,7XY0W76UF33,H-00776,P-01456,Harborline,H3504-022,MA,DC,AGE,HL-758607,05/01/22,07/31/23,terminated,6831819,38.19,
C-01120,"Stevenson, Debra",06/25/1938,(599) 555-0106,debra.stevenson1120@example.com,061 Romero Groves Apt. 079,East Jonathan,DC,20522,7XY0W76UF33,H-00776,P-01457,Bluepeak,H3266-011,MA,DC,AGE,BP-539343,08/01/2023,,Active,6831819,59.36,
C-01121,"Clark, John",09/21/1954,(744) 555-0170,john.clark1121@example.com,72094 Davis Field,East Alexandraton,OH,43409,9Q64EU6DJ02,H-00777,P-01458,Harborline,H3504-020,MA,OH,AGE,HL-544135,2023-01-01,2025-01-31,N/A,37231783,19.55,
C-01121,"Clark, John",09/21/1954,(744) 555-0170,john.clark1121@example.com,72094 Davis Field,East Alexandraton,OH,43409,9Q64EU6DJ02,H-00777,P-01459,Meridian Care,H3591-014,MA,OH,AGE,MC-555653,02/01/25,,active,37231783,37.88,
C-01122,"Evans, Alec",06/07/1940,(552) 555-0117,alec.evans1122@example.com,1805 James Crescent Suite 173,New Bridgetfort,IL,60428,9F86T91GQ93,H-00778,P-01460,Harborline,R7916-028,MA,IL,AGE,HL-295559,06/01/2024,02/28/2026,Terminated,4356886,13.55,
C-01122,"Evans, Alec",06/07/1940,(552) 555-0117,alec.evans1122@example.com,1805 James Crescent Suite 173,New Bridgetfort,IL,60428,9F86T91GQ93,H-00778,P-01461,Cardinal Mutual,H8668-025,MA,IL,AGE,CM-370677,2026-03-01,,ACTIVE,4356886,21.07,
C-01123,"Baker, Amanda",25985,(455) 555-0195,,73997 Johnathan Lodge Suite 725,Palmerport,KY,40897,,H-00779,P-01462,Northwind Health,76542KY5186009,ACA,KY,,NW-331511,01/01/24,,active,43339391,441.71,
C-01124,"Jones, Ryan",23771,(925) 555-0166,ryan.jones1124@example.com,8847 Tiffany Falls Suite 058,Simpsonburgh,LA,70077,6Y10Q22UV79,H-00780,P-01463,Harborline,B,MEDSUPP,LA,DISABILITY,HL-821520,04/01/2022,,Active,7150444,122.10,
C-01124,"Jones, Ryan",23771,(925) 555-0166,ryan.jones1124@example.com,8847 Tiffany Falls Suite 058,Simpsonburgh,LA,70077,6Y10Q22UV79,H-00780,P-01464,Harborline,S7304-013-003,PDP,LA,DISABILITY,HL-590693,2022-04-01,,ACTIVE,7150444,43.56,
C-01125,"Pennington, Jason",07/19/1954,(607) 555-0150,jason.pennington1125@example.com,75823 Kathryn Forest Suite 845,Garciaport,ID,83392,,H-00781,P-01465,Cardinal Mutual,N,MEDSUPP,ID,AGE,CM-935353,08/01/24,,active,5265799,239.21,
C-01125,"Pennington, Jason",07/19/1954,(607) 555-0150,jason.pennington1125@example.com,75823 Kathryn Forest Suite 845,Garciaport,ID,83392,,H-00781,P-01466,Cardinal Mutual,S2876-016,PDP,ID,AGE,CM-900735,08/01/2024,,Active,5265799,56.74,
C-01126,"Pennington, Emily",07/19/1934,(607) 555-0150,emily.pennington1126@example.com,75823 Kathryn Forest Suite 845,Garciaport,ID,83392,2DD7HQ7AH86,H-00781,P-01467,Harborline,H3504-028,MA,ID,AGE,HL-209128,2022-10-01,,ACTIVE,5265799,35.31,
C-01127,"Chase, Kevin",21912,(948) 555-0120,kevin.chase1127@example.com,36229 Mark Path Suite 964,West Thomas,NY,13437,4C38FX2KW28,H-00782,P-01468,Bluepeak,H4593-029,MA,NY,AGE,BP-816126,03/01/26,,active,97102525,38.64,
C-01128,"Brown, Riley",05/06/1949,(852) 555-0156,riley.brown1128@example.com,5557 Coleman Lock,Smithfurt,SD,57121,1UF0DY7AW42,H-00783,P-01469,Cardinal Mutual,H7252-014,MA,SD,AGE,CM-851273,11/01/2024,,Active,90949389,55.85,
C-01129,"Brown, Debbie",06/16/1936,(535) 555-0108,debbie.brown1129@example.com,5557 Coleman Lock,Smithfurt,SD,57121,6PN1AA5DC81,H-00783,P-01470,Harborline,H2796-005,MA,SD,AGE,HL-281317,2025-04-01,,ACTIVE,90949389,35.16,
C-01130,"Nguyen, Ann",28331,(629) 555-0101,ann.nguyen1130@example.com,4033 Phillips Landing,West Ronaldfurt,ID,83226,,H-00784,P-01471,Bluepeak,23947ID8874259,ACA,ID,,BP-102957,01/01/25,12/31/25,terminated,77125617,452.66,
C-01130,"Nguyen, Ann",28331,(629) 555-0101,ann.nguyen1130@example.com,4033 Phillips Landing,West Ronaldfurt,ID,83226,,H-00784,P-01472,Harborline,91959ID4558647,ACA,ID,,HL-959071,01/01/2026,,Active,77125617,336.57,
C-01131,"Harrison, Teresa",20443,(789) 555-0114,teresa.harrison1131@example.com,98741 John Islands,Davidshire,WI,54226,7QJ1R66YQ87,H-00785,P-01473,Meridian Care,H3591-009-001,MA,WI,AGE,MC-391974,2025-11-01,,ACTIVE,61291817,30.62,
C-01132,"Harrison, Brandon",20871,(789) 555-0114,brandon.harrison1132@example.com,98741 John Islands,Davidshire,WI,54226,1A18MM5WA15,H-00785,P-01474,Meridian Care,H8433-005,MA,WI,AGE,MC-532929,11/01/26,,XFER,61291817,47.52,
C-01133,"Ruiz, Nicole",21856,(618) 555-0178,nicole.ruiz1133@example.com,734 Brown Centers Suite 485,Mcleanville,SD,57237,7E33EN2NP23,H-00786,P-01475,Bluepeak,H3266-017,MA,SD,AGE,BP-302486,05/01/2025,,Active,90949389,44.91,Asked about dental add-ons at renewal.
C-01134,"Payne, Donna",04/28/1938,(441) 555-0144,donna.payne1134@example.com,6229 Andrews Points,South Johnshire,IL,62038,6HY5C41DE52,H-00787,P-01476,Harborline,H3504-027,MA,IL,AGE,HL-585497,2026-05-01,,ACTIVE,44524491,14.87,
C-01135,"Payne, Angela",20158,(441) 555-0144,angela.payne1135@example.com,6229 Andrews Points,South Johnshire,IL,62038,8KW9AJ0KP88,H-00787,P-01477,Meridian Care,R5315-003,MA,IL,AGE,MC-966980,01/01/22,,active,44524491,25.35,
C-01136,"Cook, Erica",03/29/1937,(537) 555-0188,erica.cook1136@example.com,021 Krueger Lake Suite 325,Perezstad,MT,59589,6PX6TN7UY91,H-00788,P-01478,Cardinal Mutual,R9669-001,MA,MT,AGE,CM-420287,07/01/2022,06/30/2024,Terminated,97102525,58.05,
C-01136,"Cook, Erica",03/29/1937,(537) 555-0188,erica.cook1136@example.com,021 Krueger Lake Suite 325,Perezstad,MT,59589,6PX6TN7UY91,H-00788,P-01479,Harborline,H2796-015,MA,MT,AGE,HL-440932,2024-07-01,,ACTIVE,97102525,20.48,Met at the café seminar in the spring.
C-01137,"Forbes, Sue",02/06/1942,(240) 555-0196,susan.forbes1137@example.com,9021 Simmons Valley Suite 080,Allenchester,OR,97070,6GG1HH6VY60,H-00789,P-01480,Summit Health Plans,N,MEDSUPP,OR,AGE,SH-580778,01/01/22,,active,74197857,179.22,
C-01137,"Forbes, Sue",02/06/1942,(240) 555-0196,susan.forbes1137@example.com,9021 Simmons Valley Suite 080,Allenchester,OR,97070,6GG1HH6VY60,H-00789,P-01481,Summit Health Plans,S5808-005,PDP,OR,AGE,SH-766495,01/01/2022,,Active,74197857,88.16,
C-01138,"Forbes, Morgan",11/20/1939,(208) 555-0187,,9021 Simmons Valley Suite 080,Allenchester,OR,97070,8KQ1E33XY79,H-00789,P-01482,Cardinal Mutual,H8668-023,MA,OR,AGE,CM-151001,2025-03-01,2026-02-28,??,74197857,32.27,
C-01138,"Forbes, Morgan",11/20/1939,(208) 555-0187,,9021 Simmons Valley Suite 080,Allenchester,OR,97070,8KQ1E33XY79,H-00789,P-01483,Bluepeak,H3266-024,MA,OR,AGE,BP-644262,03/01/26,,active,74197857,44.31,
C-01139,"Mathis, Christopher",20815,(465) 555-0199,christopher.mathis1139@example.com,749 Walters Street Apt. 918,New Erichaven,OH,45382,8Q23C29AA73,H-00790,P-01484,Summit Health Plans,H5371-026,MA,OH,AGE,SH-427819,08/01/2024,,Active,1884412,22.66,
C-01140,"Mathis, Sandra",10/30/1939,(775) 555-0178,sandra.mathis1140@example.com,749 Walters Street Apt. 918,New Erichaven,OH,45382,5E70TQ9GR26,H-00790,P-01485,Harborline,N,MEDSUPP,OH,AGE,HL-343541,2025-05-01,,ACTIVE,1884412,304.36,
C-01140,"Mathis, Sandra",10/30/1939,(775) 555-0178,sandra.mathis1140@example.com,749 Walters Street Apt. 918,New Erichaven,OH,45382,5E70TQ9GR26,H-00790,P-01486,Harborline,S7304-019-002,PDP,OH,AGE,HL-822856,05/01/25,,active,1884412,22.87,
C-01141,"Preston, Richard",01/10/1941,(794) 555-0183,richard.preston1141@example.com,64772 Jones Rue,Shawnchester,IN,46743,1T59XR5VN78,H-00791,P-01487,Bluepeak,H4593-013,MA,IN,AGE,BP-651810,01/01/2026,,Active,4356886,39.07,
C-01142,"Preston, Kelly",33722,(701) 555-0188,kelly.preston1142@example.com,64772 Jones Rue,Shawnchester,IN,46743,,H-00791,P-01488,Cardinal Mutual,49117IN1641846,ACA,IN,,CM-588313,2025-01-01,2025-12-31,TERMINATED,4356886,760.75,
C-01142,"Preston, Kelly",33722,(701) 555-0188,kelly.preston1142@example.com,64772 Jones Rue,Shawnchester,IN,46743,,H-00791,P-01489,Summit Health Plans,93748IN1575706,ACA,IN,,SH-431667,01/01/26,,active,4356886,403.36,
C-01143,"Hernandez, Kendra",06/22/1954,(714) 555-0141,kendra.hernandez1143@example.com,03562 Foley Prairie Suite 873,Patriciashire,AR,72365,4HR9XY5FW50,H-00792,P-01490,Bluepeak,H3266-011-001,MA,AR,AGE,BP-266327,11/01/2025,,Active,44524491,16.02,
C-01144,"Harrell, Sarah",35924,(360) 555-0133,sarah.harrell1144@example.com,2108 Kimberly Plains,Stephaniemouth,KY,42385,,H-00793,P-01491,Northwind Health,76542KY3160400,ACA,KY,,NW-234174,2025-01-01,2025-12-31,See notes,94702683,333.04,
C-01144,"Harrell, Sarah",35924,(360) 555-0133,sarah.harrell1144@example.com,2108 Kimberly Plains,Stephaniemouth,KY,42385,,H-00793,P-01492,Harborline,91959KY4493581,ACA,KY,,HL-610969,01/01/26,,active,94702683,781.86,
C-01145,"Gould, Anthony",04/08/1949,(243) 555-0119,anthony.gould1145@example.com,42643 Kelsey Burg,South David,MI,49942,7EU4DH6MK59,H-00794,P-01493,Cardinal Mutual,S1188-025,PDP,MI,AGE,CM-213008,06/01/2023,,Active,13981052,31.23,
C-01146,"Gould, Mikayla",08/15/1941,(352) 555-0161,mikayla.gould1146@example.com,42643 Kelsey Burg,South David,MI,49942,1RN0T36EF22,H-00794,P-01494,Meridian Care,S9201-012-003,PDP,MI,AGE,MC-410420,2024-11-01,,ACTIVE,13981052,68.27,
C-01147,"Gntry, Jenny",12/08/1949,(205) 555-0132,jenny.gentry1147@example.com,0776 Jamie Light,North Tanyahaven,LA,70485,7H25RA7UU89,H-00795,P-01495,Meridian Care,H3591-008,MA,LA,AGE,MC-243548,04/01/26,,active,7150444,52.93,
C-01148,"Scott, Daniel",21810,(816) 555-0107,daniel.scott1148@example.com,31795 Perry Fords,Port Williamfort,IL,61892,4QX6FR9AG22,H-00796,P-01496,Summit Health Plans,H5371-022,MA,IL,AGE,SH-519861,11/01/2024,,Active,7150444,1.91,
C-01149,"Scott, Stephen",11/06/1946,(674) 555-0103,,31795 Perry Fords,Port Williamfort,IL,61892,2N11GC0HX34,H-00796,P-01497,Summit Health Plans,H5371-029,MA,IL,AGE,SH-220067,2023-08-01,,ACTIVE,7150444,13.40,
C-01150,"Scott, Adrian",06/24/1940,(974) 555-0187,,31795 Perry Fords,Port Williamfort,IL,61892,2YG9Q59FE05,H-00796,P-01498,Northwind Health,H9830-002-001,MA,IL,AGE,NW-686390,03/01/23,,active,7150444,4.55,
C-01151,"Blair, Phyllis",21663,(656) 555-0195,phyllis.blair1151@example.com,1554 Ryan Vista Suite 316,Smithview,IA,52359,8WW7G88FC63,H-00797,P-01499,Bluepeak,H4593-003,MA,IA,AGE,BP-541857,09/01/2024,,Active,1884412,13.71,
C-01152,"Cline, Donna",12/09/1941,(626) 555-0190,donna.cline1152@example.com,32902 Donald Mountains,North Caitlynborough,GA,30933,5UR0XR0RK72,H-00798,P-01500,Harborline,H2796-015,MA,GA,AGE,HL-588401,2025-05-01,2026-04-30,TERMINATED,10583482,45.06,"Card on file ends in 0075, client read the full number aloud."
C-01152,"Cline, Donna",12/09/1941,(626) 555-0190,donna.cline1152@example.com,32902 Donald Mountains,North Caitlynborough,GA,30933,5UR0XR0RK72,H-00798,P-01501,Cardinal Mutual,H8668-001,MA,GA,AGE,CM-103778,05/01/26,,active,10583482,36.16,
C-01153,"Torres, Colleen",21602,(680) 555-0158,,626 Greg Path Apt. 251,North Tyler,CT,06561,9VY7FW4FQ80,H-00799,P-01502,Summit Health Plans,G,MEDSUPP,CT,AGE,SH-935346,04/01/2026,,Active,29898923,257.98,
C-01153,"Torres, Colleen",21602,(680) 555-0158,,626 Greg Path Apt. 251,North Tyler,CT,06561,9VY7FW4FQ80,H-00799,P-01503,Summit Health Plans,S8123-022,PDP,CT,AGE,SH-841808,2026-04-01,,ACTIVE,29898923,16.66,
C-01154,"Torres, Regina",22016,(680) 555-0158,regina.torres1154@example.com,626 Greg Path Apt. 251,North Tyler,CT,06561,9RC5Q36WV03,H-00799,P-01504,Meridian Care,H8433-028,MA,CT,AGE,MC-978825,06/01/25,,active,29898923,47.28,
C-01155,"Jackson, Craig",20211,(797) 555-0167,craig.jackson1155@example.com,500 Johnson Mountains Apt. 260,Farmerhaven,AR,71859,4P14D66AD99,H-00800,P-01505,Summit Health Plans,H9797-017,MA,AR,AGE,SH-102897,06/01/2022,,Active,44524491,36.04,
C-01156,"Anderson, Diana",20907,(942) 555-0187,diana.anderson1156@example.com,16117 Lucero Walks Suite 290,Thomasview,GA,31699,2CU4CM3JR89,H-00801,P-01506,Meridian Care,H8433-023,MA,GA,AGE,MC-779599,2024-03-01,,ACTIVE,61855700,12.42,
C-01157,"Anderson, Mike",09/04/1937,(942) 555-0187,michael.anderson1157@example.com,16117 Lucero Walks Suite 290,Thomasview,GA,31699,1X90C17CE78,H-00801,P-01507,Meridian Care,H3591-012-001,MA,GA,AGE,MC-403101,12/01/23,11/30/24,terminated,61855700,54.48,
C-01157,"Anderson, Mike",09/04/1937,(942) 555-0187,michael.anderson1157@example.com,16117 Lucero Walks Suite 290,Thomasview,GA,31699,1X90C17CE78,H-00801,P-01508,Summit Health Plans,H9797-023-003,MA,GA,AGE,SH-747782,12/01/2024,,Active,61855700,55.92,
C-01158,"Paul, Jennifer",11/27/1940,(377) 555-0179,jennifer.paul1158@example.com,7932 Zachary Valley,East Donna,TX,73386,6J79RN9TM42,H-00802,P-01509,Bluepeak,H3266-022,MA,TX,AGE,BP-273815,2023-11-01,,ACTIVE,99847493,53.12,
C-01159,"Murphy, Nicholas",09/11/1951,(897) 555-0146,nicholas.murphy1159@example.com,133 Lopez Shoals Suite 579,Kathleenberg,KS,67336,4JT9J77RQ99,H-00803,P-01510,Cardinal Mutual,H8668-025-003,MA,KS,AGE,CM-978164,05/01/24,,active,13981052,0.39,
C-01160,"Norton, Fernando",03/30/1935,(291) 555-0158,fernando.norton1160@example.com,060 Tiffany Bridge,Lake Austin,NE,68898,7VV1KK9YC80,H-00804,P-01511,Harborline,H3504-024,MA,NE,AGE,HL-806572,02/01/2023,,Active,99366868,3.69,
C-01161,"Rios, Wyatt",06/30/1954,(228) 555-0172,wyatt.rios1161@example.com,97753 Hayes Forest Suite 948,Wilsonview,MO,63942,6FT9EE1DC85,H-00805,P-01512,Meridian Care,H8433-014,MA,MO,AGE,MC-544901,2026-04-01,,ACTIVE,32244663,55.49,
C-01162,"Rios, Matthew",23121,(228) 555-0172,,97753 Hayes Forest Suite 948,Wilsonview,MO,63942,,H-00805,P-01513,Bluepeak,23947MO5988893,ACA,MO,,BP-223505,01/01/24,,active,32244663,690.08,
C-01162,"Rios, Matthew",23121,(228) 555-0172,,97753 Hayes Forest Suite 948,Wilsonview,MO,63942,,H-00805,P-01513,Bluepeak,23947MO5988893,ACA,MO,,BP-223505,01/01/2024,,Active,32244663,702.08,
C-01163,"Simmons, Anthony",01/02/1938,(665) 555-0192,anthony.simmons1163@example.com,5787 Elizabeth Junctions,Bryanstad,CA,90384,3F16KF5YU20,H-00806,P-01514,Harborline,H2796-027,MA,CA,AGE,HL-642157,2023-10-01,,ACTIVE,43339391,47.05,
C-01164,"Joyce, Christopher",05/24/1939,(753) 555-0135,christopher.joyce1164@example.com,37118 Martinez Key,Shaunside,GA,31918,7AM2XJ7EU84,H-00807,P-01515,Cardinal Mutual,H7252-015-002,MA,GA,AGE,CM-623277,08/01/25,,active,10583482,15.00,
C-01165,"Hart, Alyssa",02/24/1946,(716) 555-0166,alyssa.hart1165@example.com,8323 James Summit,Aliciaberg,GA,30844,8XW8TU5MK58,H-00808,P-01516,Cardinal Mutual,H7252-009,MA,GA,AGE,CM-221159,05/01/2023,,Active,10583482,0.34,
C-01166,"Montgomery, Megan",02/11/1938,(908) 555-0142,,583 Nicholas Courts,Lake Cynthia,IA,51300,4KQ3VY0EF48,H-00809,P-01517,Harborline,H3504-024,MA,IA,AGE,HL-466448,2023-07-01,,ACTIVE,1884412,54.81,
C-01167,"Stanton, Patricia",10/07/1953,(264) 555-0159,patricia.stanton1167@example.com,963 Williams Locks,Peterhaven,CO,81152,7NY4VA5JE60,H-00810,P-01518,Cardinal Mutual,H7252-027-001,MA,CO,AGE,CM-807985,09/01/22,06/20/22,terminated,5265799,36.04,
C-01167,"Stanton, Patricia",10/07/1953,(264) 555-0159,patricia.stanton1167@example.com,963 Williams Locks,Peterhaven,CO,81152,7NY4VA5JE60,H-00810,P-01519,Bluepeak,H4593-010-002,MA,CO,AGE,BP-578746,05/01/2024,,Active,5265799,24.43,
C-01168,"Stanton, Taylor",37112,(768) 555-0151,taylor.stanton1168@example.com,963 Williams Locks,Peterhaven,CO,81152,,H-00810,P-01520,Meridian Care,76540CO0240522,ACA,CO,,MC-670981,2026-01-01,,ACTIVE,5265799,794.27,
C-01169,"Brown, Robert",04/07/1951,(723) 555-0142,robert.brown1169@example.com,401 Erickson Skyway,Jasonland,VT,05997,7JP6N24DV02,H-00811,P-01521,Summit Health Plans,H9797-006-001,MA,VT,AGE,SH-648731,05/01/25,,active,10583482,54.29,"Card on file ends in 0001, client read the full number aloud."
C-01170,"Perez, Stacy",11/25/1937,(524) 555-0178,stacy.perez1170@example.com,2362 Myers Fields,Port Michael,VA,23705,9V82WM7CN20,H-00812,P-01522,Northwind Health,H5040-027,MA,VA,AGE,NW-666644,04/01/2023,,Active,78490893,50.53,
C-01171,"Meyer, Alexandria",34965,(973) 555-0121,alexandria.meyer1171@example.com,1923 Thomas Harbor,Alexville,KY,42693,,H-00813,P-01523,Summit Health Plans,93748KY7322898,ACA,KY,,SH-232934,2025-01-01,,ACTIVE,32244663,534.01,
C-01172,"Simmons, Gary",04/11/1936,(340) 555-0154,gary.simmons1172@example.com,74189 Hernandez Throughway Suite 406,Danielmouth,NE,68949,8QA3FA8UT83,H-00814,P-01524,Cardinal Mutual,H7252-014,MA,NE,AGE,CM-798181,06/01/23,,active,54100814,14.90,
C-01173,"Simmons, Jenna",05/18/1953,(556) 555-0196,jenna.simmons1173@example.com,74189 Hernandez Throughway Suite 406,Danielmouth,NE,68949,6UJ5RG3FT70,H-00814,P-01525,Harborline,F,MEDSUPP,NE,AGE,HL-456156,04/01/2022,,Active,54100814,159.78,
C-01173,"Simmons, Jenna",05/18/1953,(556) 555-0196,jenna.simmons1173@example.com,74189 Hernandez Throughway Suite 406,Danielmouth,NE,68949,6UJ5RG3FT70,H-00814,P-01526,Harborline,S7304-007,PDP,NE,AGE,HL-231939,2022-04-01,,ACTIVE,54100814,14.97,
C-01174,"Conway, Danielle",28388,(330) 555-0121,danielle.conway1174@example.com,3811 Allen Vista Suite 660,Port Kaylaview,ME,04985,,H-00815,P-01527,Northwind Health,76542ME2556730,ACA,ME,,NW-458804,01/01/25,,active,94702683,583.93,
C-01175,"Conway, Mark",10/08/1940,(793) 555-0157,,3811 Allen Vista Suite 660,Port Kaylaview,ME,16385,8CM1ER7WW15,H-00815,P-01528,Summit Health Plans,H5371-013,MA,ME,AGE,SH-582591,03/01/2026,,Active,94702683,52.83,
C-01176,"Williams, Daniel",28866,(471) 555-0195,daniel.williams1176@example.com,1017 Brenda Forges Suite 417,Obrienfurt,TX,79943,8JH2GY1GM89,H-00816,P-01529,Summit Health Plans,H5371-001,MA,TX,DISABILITY,SH-791258,2023-10-01,,ACTIVE,90949389,0.86,
C-01177,"Reed, Kristin",05/12/1937,(632) 555-0135,kristin.reed1177@example.com,113 Carpenter Station,Ochoaton,MT,59933,,H-00817,P-01530,Summit Health Plans,H9797-024-001,MA,MT,AGE,SH-623028,03/01/23,09/30/24,terminated,97102525,41.33,
C-01177,"Reed, Kristin",05/12/1937,(632) 555-0135,kristin.reed1177@example.com,113 Carpenter Station,Ochoaton,MT,59933,,H-00817,P-01531,Northwind Health,H5040-012-001,MA,MT,AGE,NW-676427,10/01/2024,,Active,97102525,34.75,
C-01178,"Reed, Melissa",08/24/1943,(521) 555-0174,melissa.reed1178@example.com,113 Carpenter Station,Ochoaton,MT,59933,2P63HT4HN67,H-00817,P-01532,Bluepeak,H3266-003,MA,MT,AGE,BP-499477,2022-02-01,,ACTIVE,97102525,26.11,
C-01179,"Daniel, Melissa",31871,(549) 555-0172,melissa.daniel1179@example.com,6039 Andrew Isle,West Samanthatown,UT,84559,,H-00818,P-01533,Harborline,91959UT6171407,ACA,UT,,HL-459245,01/01/26,,active,37231783,183.31,
C-01180,"Daniel, Jon",03/17/1940,(914) 555-0174,jon.daniel1180@example.com,6039 Andrew Isle,West Samanthatown,UT,84559,2TE4VP4DW39,H-00818,P-01534,Bluepeak,H3266-005-003,MA,UT,AGE,BP-575142,11/01/2023,,Active,37231783,5.05,
C-01181,"Norman, George",21060,(927) 555-0123,george.norman1181@example.com,3470 Ellis Roads Suite 238,Joystad,AR,72897,6UM4NF0HC27,H-00819,P-01535,Cardinal Mutual,B,MEDSUPP,AR,AGE,CM-585731,2026-01-01,,ACTIVE,44524491,175.87,
C-01181,"Norman, George",21060,(927) 555-0123,george.norman1181@example.com,3470 Ellis Roads Suite 238,Joystad,AR,72897,6UM4NF0HC27,H-00819,P-01536,Cardinal Mutual,S1188-010-003,PDP,AR,AGE,CM-297711,01/01/26,,active,44524491,14.28,
C-01182,"Norman, Vincent",07/05/1951,(294) 555-0121,vincent.norman1182@example.com,3470 Ellis Roads Suite 238,Joystad,AR,72897,5MA2XH6JM09,H-00819,P-01537,Bluepeak,H4593-012,MA,AR,AGE,BP-970793,05/01/2023,06/30/2024,Terminated,44524491,58.85,Call after 2pm.
C-01182,"Norman, Vincent",07/05/1951,(294) 555-0121,vincent.norman1182@example.com,3470 Ellis Roads Suite 238,Joystad,AR,72897,5MA2XH6JM09,H-00819,P-01538,Harborline,H3504-019,MA,AR,AGE,HL-164100,2024-07-01,,ACTIVE,44524491,46.54,
C-01183,"Fowler, Kate",23530,(533) 555-0138,katherine.fowler1183@example.com,5983 Poole Courts,Lake Richardfort,MI,49932,,H-00820,P-01539,Summit Health Plans,93748MI9971428,ACA,MI,,SH-919701,01/01/24,,active,13981052,263.98,
C-01184,"Perkins, Regina",08/27/1945,(439) 555-0133,regina.perkins1184@example.com,7557 Fischer Extension,Allenborough,KY,42493,7G87RW6DG73,H-00821,P-01540,Bluepeak,H4593-001,MA,KY,AGE,BP-749326,07/01/2023,,Active,61291817,13.55,
C-01185,"Garcia, Stephanie",12/19/1950,(430) 555-0105,stephanie.garcia1185@example.com,826 James Course Suite 425,Randyfurt,MD,21510,1WW8DX6RM52,H-00822,P-01541,Northwind Health,R5304-017-003,MA,MD,AGE,NW-173508,2023-01-01,,ACTIVE,77125617,12.62,
C-01186,"Sanchez, Jeremiah",07/16/1944,(945) 555-0189,jeremiah.sanchez1186@example.com,915 Scott Canyon Apt. 824,South Jeffreybury,KY,41271,7UC4D97DA38,H-00823,P-01542,Summit Health Plans,H5371-010,MA,KY,AGE,SH-436655,01/01/25,12/16/24,terminated,61291817,2.92,
C-01186,"Sanchez, Jeremiah",07/16/1944,(945) 555-0189,jeremiah.sanchez1186@example.com,915 Scott Canyon Apt. 824,South Jeffreybury,KY,41271,7UC4D97DA38,H-00823,P-01543,Northwind Health,H5040-001-001,MA,KY,AGE,NW-385664,01/01/2026,,Active,61291817,20.39,Asked about dental add-ons at renewal.
C-01187,"Stone, Reginald",03/15/1936,(705) 555-0109,,04309 Massey Mall,South Jacob,NE,68703,8TP2P27FJ16,H-00824,P-01544,Meridian Care,H3591-022-001,MA,NE,AGE,MC-773699,2026-01-01,,ACTIVE,33857966,40.75,Asked about dental add-ons at renewal.
C-01188,"Stone, Barbara",20396,(888) 555-0195,,04309 Massey Mall,South Jacob,NE,68703,1N47AH9YQ30,H-00824,P-01545,Cardinal Mutual,H8668-013-003,MA,NE,AGE,CM-977970,04/01/24,09/30/25,terminated,33857966,48.92,
C-01188,"Stone, Barbara",20396,(888) 555-0195,,04309 Massey Mall,South Jacob,NE,68703,1N47AH9YQ30,H-00824,P-01546,Summit Health Plans,H9797-028,MA,NE,AGE,SH-243576,10/01/2025,,Active,33857966,58.63,
C-01189,"Andersen, John",09/27/1934,(794) 555-0163,,454 Wood Freeway Suite 851,West Michelle,WI,53103,,H-00825,P-01547,Northwind Health,H9830-010,MA,WI,AGE,NW-829646,2023-02-01,,ACTIVE,61291817,23.37,
C-01190,"Copeland, Steve",21895,(376) 555-0131,steve.copeland1190@example.com,87851 Jennifer Stravenue,South Joseph,MD,21683,6W62PW5KP51,H-00826,P-01548,Summit Health Plans,H5371-026,MA,MD,AGE,SH-325203,07/01/25,,active,77125617,1.96,
C-01191,"Hudson, Stacey",01/24/1938,(708) 555-0169,,9612 Ann Points Apt. 572,Lake Michaelview,SD,57354,4FJ8AC4JR47,H-00827,P-01549,Summit Health Plans,H5371-017,MA,SD,AGE,SH-873905,12/01/2023,,Active,90949389,35.28,
C-01192,"Hudson, Jessica",06/05/1948,(708) 555-0169,jessica.hudson1192@example.com,9612 Ann Points Apt. 572,Lake Michaelview,SD,57354,1QJ1TN5GX77,H-00827,P-01550,Northwind Health,H9830-001-003,MA,SD,AGE,NW-208463,2024-02-01,,ACTIVE,90949389,42.01,
C-01193,"Baird, Brenda",10/20/1950,(579) 555-0156,brenda.baird1193@example.com,2637 Ryan Spring Suite 539,Thomasside,KS,66910,2DR8QE1MQ03,H-00828,P-01551,Northwind Health,H5040-013,MA,KS,AGE,NW-920714,01/01/24,,active,54100814,1.81,
C-01194,"Baird, Michelle",03/21/1952,(465) 555-0122,michelle.baird1194@example.com,2637 Ryan Spring Suite 539,Thomasside,KS,66910,9JQ8K93UT14,H-00828,P-01552,Northwind Health,H9830-021-003,MA,KS,AGE,NW-430050,04/01/2026,,Active,54100814,56.19,
C-01195,"Wright, Carolyn",33465,(624) 555-0182,,591 Christina Pines,Crossborough,NE,69152,3U42JV6XU42,H-00829,P-01553,Meridian Care,H3591-013,MA,NE,DISABILITY,MC-343011,2025-09-01,,ACTIVE,6831819,43.44,
C-94190,,,,,,,,,,,P-01554,Meridian Care,76540NE7566213,ACA,NE,,MC-928368,01/01/25,12/31/25,terminated,6831819,178.14,
C-01196,"Wright, Katherine",29889,(257) 555-0174,katherine.wright1196@example.com,591 Christina Pines,Crossborough,NE,69152,,H-00829,P-01555,Summit Health Plans,93748NE3249389,ACA,NE,,SH-130803,01/01/2026,,Active,6831819,489.00,
C-01197,"Wright, Harry",09/15/1949,(635) 555-0103,harry.wright1197@example.com,591 Christina Pines,Crossborough,NE,69152,7K70JK8KW43,H-00829,P-01556,Cardinal Mutual,H8668-006-003,MA,NE,AGE,CM-698120,2025-12-01,,CANCELLED,6831819,39.89,
C-01198,"Horton, Dillon",03/17/1941,(386) 555-0176,dillon.horton1198@example.com,71511 Berry Spur,Ballardfurt,NJ,07339,3D37P76FU52,H-00830,P-01557,Northwind Health,H5040-021-003,MA,NJ,AGE,NW-314636,09/01/24,,active,77125617,36.60,
C-01199,"Horton, Matthew",05/09/1935,(527) 555-0174,matthew.horton1199@example.com,71511 Berry Spur,Ballardfurt,NJ,07339,6E66HW3GR48,H-00830,P-01558,Cardinal Mutual,H7252-002,MA,NJ,AGE,CM-566570,03/01/2025,,Active,77125617,7.41,
C-01200,"Duke, Cynthia",03/08/1946,(956) 555-0194,cynthia.duke1200@example.com,5264 Davis Green,Gonzalezstad,KY,40487,5XM8MD4GJ55,H-00831,P-01559,Bluepeak,H3266-006-001,MA,KY,AGE,BP-660857,2026-02-01,,ACTIVE,32244663,55.25,
C-01201,"Duke, Matthew",10/29/1945,(930) 555-0179,,5264 Davis Green,Gonzalezstad,KY,40487,2HC2R85QK77,H-00831,P-01560,Harborline,H2796-027,MA,KY,AGE,HL-591513,07/01/22,11/30/23,terminated,32244663,42.98,
C-01201,"Duke, Matthew",10/29/1945,(930) 555-0179,,5264 Davis Green,Gonzalezstad,KY,40487,2HC2R85QK77,H-00831,P-01561,Northwind Health,H9830-003,MA,KY,AGE,NW-102127,12/01/2023,,Active,32244663,59.10,
C-01202,"Stuart, Allison",03/20/1952,(284) 555-0113,,409 Tina Circle,Codytown,DE,19753,9JC9TP4GM73,H-00832,P-01562,Meridian Care,S3927-023,PDP,DE,AGE,MC-352890,2025-11-01,,ACTIVE,54100814,35.26,
C-01203,"Stuart, Adam",23038,(773) 555-0186,,409 Tina Circle,Codytown,DE,19753,,H-00832,P-01563,Cardinal Mutual,49117DE7692205,ACA,DE,,CM-159250,01/01/26,,active,54100814,156.20,
C-01204,"Greene, Audrey",20319,(945) 555-0198,audrey.greene1204@example.com,0995 Stephanie Field Suite 283,Collinberg,GA,39818,1WG2QU9XC96,H-00833,P-01564,Cardinal Mutual,S1188-005,PDP,GA,AGE,CM-478101,07/01/2025,,Active,10583482,75.51,
C-01205,"Greene, Pat",12/13/1953,(570) 555-0158,patricia.greene1205@example.com,0995 Stephanie Field Suite 283,Collinberg,GA,39818,5Q48FE0AH70,H-00833,P-01565,Meridian Care,B,MEDSUPP,GA,AGE,MC-568732,2026-01-01,,ACTIVE,10583482,96.93,
C-01205,"Greene, Pat",12/13/1953,(570) 555-0158,patricia.greene1205@example.com,0995 Stephanie Field Suite 283,Collinberg,GA,39818,5Q48FE0AH70,H-00833,P-01566,Meridian Care,S3927-017-001,PDP,GA,AGE,MC-653364,01/01/26,,active,35278047,14.95,
C-01206,"Rodriguez, Felicia",07/09/1953,(983) 555-0155,,270 Savannah Underpass,Port Sarahport,NE,69290,1X88JK8KY26,H-00834,P-01567,Meridian Care,H8433-030,MA,NE,AGE,MC-284551,08/01/2024,,Active,54100814,56.04,
C-01207,"Rodriguez, Brittany",05/08/1945,(476) 555-0143,brittany.rodriguez1207@example.com,270 Savannah Underpass,Port Sarahport,NE,69290,8FR7QP4DY82,H-00834,P-01568,Northwind Health,S6930-016,PDP,NE,AGE,NW-705442,2024-09-01,,CANCELLED,54100814,83.09,
C-01208,"Barnett, Cameron",20140,(607) 555-0178,,73929 Pace Shoals,Bowersville,DE,19739,4CH2Q14PG57,H-00835,P-01569,Bluepeak,H4593-015,MA,DE,AGE,BP-913233,03/01/23,,active,4356886,21.12,
C-01209,"Garcia, April",20590,(289) 555-0155,april.garcia1209@example.com,2373 Williams Circle,Cochranshire,NE,68442,6EF5WH7XX00,H-00836,P-01570,Harborline,H3504-020,MA,NE,AGE,HL-303552,11/01/2025,,Active,54100814,17.11,
C-01210,"Garcia, Elizabeth",07/27/1952,(289) 555-0155,,2373 Williams Circle,Cochranshire,NE,68442,7G48JT2JU22,H-00836,P-01571,Summit Health Plans,H9797-023-001,MA,NE,AGE,SH-964605,2023-10-01,,ACTIVE,54100814,38.62,
C-01211,"Raymond, Ronald",02/15/1937,(413) 555-0132,ronald.raymond1211@example.com,998 Sherman Row Apt. 452,Gallagherport,IN,46483,4H11W88HW45,H-00837,P-01572,Meridian Care,H8433-029-003,MA,IN,AGE,MC-756342,02/01/24,,active,4356886,44.84,
C-01212,"Raymond, Ryan",02/18/1953,(413) 555-0132,ryan.raymond1212@example.com,998 Sherman Row Apt. 452,Gallagherport,IN,46483,6EU6X16WA64,H-00837,P-01573,Meridian Care,F,MEDSUPP,IN,AGE,MC-417143,12/01/2023,,Active,4356886,190.65,
C-01212,"Raymond, Ryan",02/18/1953,(413) 555-0132,ryan.raymond1212@example.com,998 Sherman Row Apt. 452,Gallagherport,IN,46483,6EU6X16WA64,H-00837,P-01574,Meridian Care,S9201-004,PDP,IN,AGE,MC-613243,2023-12-01,,ACTIVE,4356886,65.23,
C-01213,"Townsend, Holly",07/19/1938,(662) 555-0125,holly.townsend1213@example.com,0715 Lynch Inlet,Gayport,KY,42085,7VV5YH4FV83,H-00838,P-01575,Summit Health Plans,H5371-030-002,MA,KY,AGE,SH-804779,05/01/25,,active,94702683,55.45,
C-01214,"Townsend, Allison",22812,(362) 555-0155,allison.townsend1214@example.com,0715 Lynch Inlet,Gayport,KY,42085,,H-00838,P-01576,Bluepeak,23947KY1587176,ACA,KY,,BP-492304,01/01/2024,,Active,94702683,818.21,
C-01215,"Cruz, Mike",38196,(283) 555-0187,michael.cruz1215@example.com,14998 Danielle Streets,New Anthonyport,ID,83446,,H-00839,P-01577,Meridian Care,76540ID8791397,ACA,ID,,MC-768882,2025-01-01,,ACTIVE,43339391,680.56,
C-01216,"Stafford, Jennifer",12/15/1933,(707) 555-0153,jennifer.stafford1216@example.com,688 William Springs,East Coreyburgh,VA,22638,4FW9P39DA38,H-00840,P-01578,Bluepeak,H3266-006-002,MA,VA,AGE,BP-208174,10/01/23,,active,78490893,12.50,
C-01217,"Roberts, Rebecca",06/07/1947,(653) 555-0137,rebecca.roberts1217@example.com,373 Brandon Light,Lake Darren,SC,29386,6YM0HW9PN46,H-00841,P-01579,Cardinal Mutual,H7252-017-002,MA,SC,AGE,CM-327751,12/01/2023,,Active,11576383,40.18,
C-01218,"Nelson, Hannah",06/19/1946,(217) 555-0184,hannah.nelson1218@example.com,63560 Donald Gateway Suite 694,Lake Jill,TX,79611,3P36TH2GH48,H-00842,P-01580,Harborline,R7916-022-001,MA,TX,AGE,HL-105335,2024-05-01,,ACTIVE,99847493,32.06,
C-01219,"Wilson, Rachel",09/20/1937,(413) 555-0195,rachel.wilson1219@example.com,6437 Greene Road Suite 072,North Dana,MO,63177,5M97W89HU85,H-00843,P-01581,Harborline,H2796-026-002,MA,MO,AGE,HL-803484,04/01/25,,active,33857966,50.49,
C-01220,"Wilson, Tracy",05/05/1947,(925) 555-0184,tracy.wilson1220@example.com,6437 Greene Road Suite 072,North Dana,MO,63177,9EA4P47JK66,H-00843,P-01582,Harborline,H2796-023,MA,MO,AGE,HL-665771,01/01/2025,,Active,33857966,19.15,
C-01221,"Wison, Isaac",10/02/1936,(211) 555-0138,isaac.wilson1221@example.com,6437 Greene Road Suite 072,North Dana,MO,63177,1NQ6P91WH78,H-00843,P-01583,Harborline,H2796-015,MA,MO,AGE,HL-357437,2026-04-01,,ACTIVE,33857966,22.40,
C-01222,"Martinez, Wendy",09/11/1942,(721) 555-0140,wendy.martinez1222@example.com,46484 Foley Green Apt. 163,New Meghanborough,LA,71151,1FJ0V79XQ46,H-00844,P-01584,Bluepeak,H3266-025,MA,LA,AGE,BP-475733,03/01/25,04/30/26,terminated,11576383,19.02,
C-01222,"Martinez, Wendy",09/11/1942,(721) 555-0140,wendy.martinez1222@example.com,46484 Foley Green Apt. 163,New Meghanborough,LA,71151,1FJ0V79XQ46,H-00844,P-01585,Cardinal Mutual,H8668-006,MA,LA,AGE,CM-295732,05/01/2026,,Active,11576383,9.18,
C-01223,"Ramos, Kayla",21193,(441) 555-0164,kayla.ramos1223@example.com,1130 Lopez Track Apt. 369,Samuelberg,ID,83504,5RY4QR0MX03,H-00845,P-01586,Harborline,H2796-022-002,MA,ID,AGE,HL-546724,2024-05-01,2025-10-31,TERMINATED,43339391,6.71,
C-01223,"Ramos, Kayla",21193,(441) 555-0164,kayla.ramos1223@example.com,1130 Lopez Track Apt. 369,Samuelberg,ID,83504,5RY4QR0MX03,H-00845,P-01587,Northwind Health,H5040-025-002,MA,ID,AGE,NW-862340,11/01/25,,active,43339391,19.47,
C-01224,"Ramos, Elizabeth",29138,(441) 555-0164,elizabeth.ramos1224@example.com,1130 Lopez Track Apt. 369,Samuelberg,ID,83504,,H-00845,P-01588,Meridian Care,76540ID8434048,ACA,ID,,MC-769488,01/01/2025,,Active,43339391,241.92,
C-01225,"Valenzuela, Brian",06/13/1951,(326) 555-0140,brian.valenzuela1225@example.com,50902 Villarreal Glen,West Steven,AR,71638,,H-00846,P-01589,Summit Health Plans,H5371-007,MA,AR,AGE,SH-112123,2022-02-01,2023-11-30,TERMINATED,44524491,42.48,
C-01225,"Valenzuela, Brian",06/13/1951,(326) 555-0140,brian.valenzuela1225@example.com,50902 Villarreal Glen,West Steven,AR,71638,,H-00846,P-01590,Northwind Health,H9830-028-002,MA,AR,AGE,NW-199275,12/01/23,,active,44524491,38.14,
C-01225,"Valenzuela, Brian",06/13/1951,(326) 555-0140,brian.valenzuela1225@example.com,50902 Villarreal Glen,West Steven,AR,71638,,H-00846,P-01590,Northwind Health,H9830-028-002,MA,AR,AGE,NW-199275,12/01/2023,,Active,44524491,38.14,
C-01226,"Valenzuela, Norman",21627,(870) 555-0111,norman.valenzuela1226@example.com,50902 Villarreal Glen,West Steven,AR,71638,2H96PC5NE91,H-00846,P-01591,Meridian Care,R5315-018-003,MA,AR,AGE,MC-185442,2026-01-01,,ACTIVE,44524491,35.88,
C-01227,"Hawkins, Douglas",28087,(812) 555-0126,douglas.hawkins1227@example.com,132 Matthew Stravenue Suite 071,New Allison,WV,24961,9PA7EY6DF93,H-00847,P-01592,Northwind Health,N,MEDSUPP,WV,DISABILITY,NW-704490,02/01/23,,active,7150444,181.56,
C-01227,"Hawkins, Douglas",28087,(812) 555-0126,douglas.hawkins1227@example.com,132 Matthew Stravenue Suite 071,New Allison,WV,24961,9PA7EY6DF93,H-00847,P-01593,Northwind Health,S7543-002,PDP,WV,DISABILITY,NW-143357,02/01/2023,,Active,7150444,48.44,
C-01228,"Hawkins, Tamara",10/20/1944,(208) 555-0168,,132 Matthew Stravenue Suite 071,New Allison,WV,24961,8PV8PQ2TK80,H-00847,P-01594,Cardinal Mutual,H8668-026-001,MA,WV,AGE,CM-855829,2024-01-01,,CANCELLED,7150444,10.75,Client prefers materials en español.
C-01229,"Hawkins, Brian",20896,(208) 555-0168,,132 Matthew Stravenue Suite 071,New Allison,WV,24961,2RN7DG1EW60,H-00847,P-01595,Northwind Health,H5040-028,MA,WV,AGE,NW-744435,08/01/22,12/31/23,terminated,7150444,55.66,
C-01229,"Hawkins, Brian",20896,(208) 555-0168,,132 Matthew Stravenue Suite 071,New Allison,WV,24961,2RN7DG1EW60,H-00847,P-01596,Meridian Care,H8433-012-001,MA,WV,AGE,MC-881755,01/01/2024,,Active,7150444,47.81,
C-01230,"Sutton, Adam",04/10/1939,(769) 555-0184,adam.sutton1230@example.com,8809 Jennifer Islands,Benjaminville,ID,83254,2A89Q01XQ80,H-00848,P-01597,Harborline,H2796-003,MA,ID,AGE,HL-891186,2023-07-01,,ACTIVE,61855700,11.54,Client prefers materials en español.
C-01231,"Banks, Renee",12/20/1937,(460) 555-0132,renee.banks1231@example.com,069 Melody Track,New Amytown,WI,53066,7C88D29UE40,H-00849,P-01598,Summit Health Plans,H5371-009-003,MA,WI,AGE,SH-693535,04/01/26,,active,61291817,22.97,
C-01232,"Walsh, Greg",09/14/1944,(897) 555-0194,greg.walsh1232@example.com,9673 Salazar Key Suite 727,Jeffreyport,KY,40075,8KN6RY8JY85,H-00850,P-01599,Meridian Care,H3591-020,MA,KY,AGE,MC-181971,01/01/2025,,Active,4356886,22.46,
C-01233,"Clark, Rick",02/23/1946,(568) 555-0158,,2506 Thomas Mount Suite 836,Port Courtney,AL,36079,9MT6QY1YP30,H-00851,P-01600,Cardinal Mutual,S2876-016,PDP,AL,AGE,CM-649911,2022-07-01,,ACTIVE,1884412,27.77,
C-01234,"Carroll, Stacy",22122,(903) 555-0149,stacy.carroll1234@example.com,7767 Morgan Shores Suite 283,East Jennifer,ID,83486,8QD1QQ2WQ60,H-00852,P-01601,Harborline,R7916-026,MA,ID,AGE,HL-675030,11/01/25,,active,5265799,32.76,
C-01235,"Carroll, Jessica",22709,(930) 555-0148,jessica.carroll1235@example.com,7767 Morgan Shores Suite 283,East Jennifer,ID,83486,,H-00852,P-01602,Harborline,91959ID6349822,ACA,ID,,HL-979951,01/01/2025,,Active,5265799,356.30,Asked about dental add-ons at renewal.
C-01236,"Morgan, Pamela",07/26/1945,(246) 555-0120,pamela.morgan1236@example.com,8654 Philip Mountains Apt. 874,Williamsborough,NE,69137,3NF4GH5FN60,H-00853,P-01603,Summit Health Plans,S8123-020,PDP,NE,AGE,SH-165555,2022-01-01,,ACTIVE,54100814,68.97,Client prefers materials en español.
C-01237,"Hernandez, Leslie",06/07/1937,(548) 555-0198,leslie.hernandez1237@example.com,627 Heather Lights Apt. 492,Andrewsborough,IL,61107,4EV4P96AN99,H-00854,P-01604,Harborline,H2796001-001,MA,IL,AGE,HL-189335,03/01/23,,active,97102525,49.52,
C-01238,"Hernandez, John",06/08/1952,(484) 555-0189,john.hernandez1238@example.com,627 Heather Lights Apt. 492,Andrewsborough,IL,61107,2K70W97VJ43,H-00854,P-01605,Meridian Care,H8433-019,MA,IL,AGE,MC-258471,08/01/2025,,Active,97102525,44.56,
C-01239,"Rivera, Christopher",36689,(638) 555-0167,,5998 Erica Turnpike,North Andrewton,TX,75514,,H-00855,P-01606,Meridian Care,76540TX8674575,ACA,TX,,MC-626645,2026-01-01,,ACTIVE,99847493,255.91,
C-01240,"Moore, Nicole",07/10/1951,(553) 555-0159,nicole.moore1240@example.com,23415 Silva Village Suite 752,Kevinside,AR,71687,7H15PV7TM52,H-00856,P-01607,Bluepeak,N,MEDSUPP,AR,AGE,BP-648068,03/01/24,,active,44524491,254.58,
C-01240,"Moore, Nicole",07/10/1951,(553) 555-0159,nicole.moore1240@example.com,23415 Silva Village Suite 752,Kevinside,AR,71687,7H15PV7TM52,H-00856,P-01608,Bluepeak,S2489-007,PDP,AR,AGE,BP-963989,03/01/2024,,Active,44524491,85.93,
C-01241,"Moore, Frank",31956,(781) 555-0149,frank.moore1241@example.com,23415 Silva Village Suite 752,Kevinside,AR,71687,,H-00856,P-01609,Northwind Health,76542AR1134281,ACA,AR,,NW-651956,2025-01-01,,ACTIVE,44524491,760.71,
C-01242,"Thomas, Sean",01/05/1937,(456) 555-0132,,962 Graves Harbors,North Elizabeth,IL,61005,3AK7QU6QQ08,H-00857,P-01610,Summit Health Plans,H5371-011,MA,IL,AGE,SH-830120,09/01/22,,active,97102525,57.89,Prefers mail over phone.
C-01243,"Armstrong, Seth",21109,(421) 555-0191,,67672 Brenda Viaduct,Sarahshire,KY,42485,9PY3EP2QF10,H-00858,P-01611,Harborline,H2796-001-002,MA,KY,AGE,HL-958824,05/01/2025,,Active,32244663,52.06,
C-01244,"Rodriguez, Savannah",11/30/1934,(494) 555-0145,savannah.rodriguez1244@example.com,9551 Jones Dale,Ericaberg,KY,40235,8MK3HD9YU11,H-00859,P-01612,Harborline,N,MEDSUPP,KY,AGE,HL-958456,2025-08-01,,ACTIVE,4356886,164.41,
C-01244,"Rodriguez, Savannah",11/30/1934,(494) 555-0145,savannah.rodriguez1244@example.com,9551 Jones Dale,Ericaberg,KY,40235,8MK3HD9YU11,H-00859,P-01613,Harborline,S7304-006-002,PDP,KY,AGE,HL-982901,08/01/25,,active,4356886,75.80,
C-01245,"Rodriguez, Susan",36788,(965) 555-0126,susan.rodriguez1245@example.com,9551 Jones Dale,Ericaberg,KY,40235,,H-00859,P-01614,Bluepeak,23947KY4940769,ACA,KY,,BP-728889,01/01/2025,,Active,4356886,545.21,
C-01246,"Butler, Gary",08/27/1940,(737) 555-0164,gary.butler1246@example.com,541 Morrison Union,Smithshire,MI,49789,8BQ0FE5XX27,H-00860,P-01615,Harborline,N,MEDSUPP,MI,AGE,HL-558337,2025-03-01,,ACTIVE,61855700,239.53,
C-01246,"Butler, Gary",08/27/1940,(737) 555-0164,gary.butler1246@example.com,541 Morrison Union,Smithshire,MI,49789,8BQ0FE5XX27,H-00860,P-01616,Harborline,S2040-017,PDP,MI,AGE,HL-614897,03/01/25,,active,61855700,25.90,
C-01247,"Butler, Melissa",21717,(565) 555-0170,melissa.butler1247@example.com,541 Morrison Union,Smithshire,MI,49789,3J79NK8CT04,H-00860,P-01617,Bluepeak,G,MEDSUPP,MI,AGE,BP-867385,09/01/2025,,Active,61855700,192.30,
C-01247,"Butler, Melissa",21717,(565) 555-0170,melissa.butler1247@example.com,541 Morrison Union,Smithshire,MI,49789,3J79NK8CT04,H-00860,P-01618,Bluepeak,S2489-026,PDP,MI,AGE,BP-682563,2025-09-01,,ACTIVE,61855700,69.93,
C-01248,"Baker, Wendy",34860,(709) 555-0132,wendy.baker1248@example.com,480 Flores Expressway,Lake Johnport,MI,49592,6QA0TQ2GW21,H-00861,P-01619,Bluepeak,H4593-028,MA,MI,ESRD,BP-535513,12/01/22,12/31/25,terminated,13981052,41.24,
C-01248,"Baker, Wendy",34860,(709) 555-0132,wendy.baker1248@example.com,480 Flores Expressway,Lake Johnport,MI,49592,6QA0TQ2GW21,H-00861,P-01620,Meridian Care,H8433-025,MA,MI,ESRD,MC-240156,01/01/2026,,Active,13981052,36.07,
C-01249,"Baker, Matthew",06/18/1941,(709) 555-0132,matthew.baker1249@example.com,480 Flores Expressway,Lake Johnport,MI,49592,5P09RX2CQ66,H-00861,P-01621,Harborline,H2796-004,MA,MI,AGE,HL-312215,2022-03-01,,ACTIVE,13981052,14.88,
C-01250,"James, Barry",08/16/1943,(734) 555-0193,barry.james1250@example.com,715 David Road Apt. 904,Gonzalezfort,IL,60643,5RP1FK2EA63,H-00862,P-01622,Summit Health Plans,H9797-010,MA,IL,AGE,SH-844825,06/01/24,,active,44524491,45.80,
C-01251,"Miller, Shannon",04/11/1937,(298) 555-0110,,655 Russell Junctions Apt. 548,South Juan,VA,23967,9PX4GD9JU93,H-00863,P-01623,Bluepeak,K,MEDSUPP,VA,AGE,BP-822833,07/01/2022,,Active,78490893,153.38,
C-01251,"Miller, Shannon",04/11/1937,(298) 555-0110,,655 Russell Junctions Apt. 548,South Juan,VA,23967,9PX4GD9JU93,H-00863,P-01624,Bluepeak,S1771-006,PDP,VA,AGE,BP-519167,2022-07-01,,ACTIVE,78490893,85.09,
C-01252,"Miller, Emily",03/28/1945,(298) 555-0110,emily.miller1252@example.com,655 Russell Junctions Apt. 548,South Juan,VA,71667,9RD3MD7KY19,H-00863,P-01625,Bluepeak,H3266-006-003,MA,VA,AGE,BP-924833,11/01/23,,active,78490893,35.41,
C-01253,"Jones, Jennifer",08/04/1948,(822) 555-0101,jennifer.jones1253@example.com,102 John Fall Suite 129,Port Christopher,IA,50677,2DD3YE5MV04,H-00864,P-01626,Bluepeak,H3266-016,MA,IA,AGE,BP-263875,07/01/2023,,Active,1884412,50.66,
C-01254,"Jons, Jill",22146,(822) 555-0101,jill.jones1254@example.com,102 John Fall Suite 129,Port Christopher,IA,50677,7E56K67YA49,H-00864,P-01627,Harborline,H2796-013-003,MA,IA,AGE,HL-742878,2025-10-01,,ACTIVE,1884412,37.20,
C-01255,"House, Jacob",03/14/1939,(597) 555-0157,,129 Welch Isle Apt. 910,East Samantha,VA,24029,4TG6MJ2CP86,H-00865,P-01628,Summit Health Plans,H5371-030,MA,VA,AGE,SH-750588,01/01/25,,active,78490893,29.74,
C-01256,"Erickson, Tyler",02/04/1945,(655) 555-0179,tyler.erickson1256@example.com,63301 Flores Pines,South Lisa,ID,83487,6M19E67UH26,H-00866,P-01629,Summit Health Plans,H5371-017,MA,ID,AGE,SH-821273,01/01/2022,,Active,5265799,45.20,
C-01257,"Erickson, Jasmin",12/24/1936,(655) 555-0179,jasmin.erickson1257@example.com,63301 Flores Pines,South Lisa,ID,83487,9N19UH5VQ79,H-00866,P-01630,Meridian Care,H8433-009,MA,ID,AGE,MC-620286,2023-07-01,2024-12-31,TERMINATED,5265799,22.24,
C-01257,"Erickson, Jasmin",12/24/1936,(655) 555-0179,jasmin.erickson1257@example.com,63301 Flores Pines,South Lisa,ID,83487,9N19UH5VQ79,H-00866,P-01631,Northwind Health,H5040-016,MA,ID,AGE,NW-980444,01/01/25,,active,5265799,32.40,
C-01258,"Gil, Jacob",04/13/1952,(560) 555-0176,jacob.gill1258@example.com,9072 Christopher Flat Suite 289,Lake David,ID,83897,7QY4X04TD55,H-00867,P-01632,Meridian Care,H8433-028-002,MA,ID,AGE,MC-779240,05/01/2025,,Active,43339391,26.19,
C-01259,"Zamora, Frances",09/29/1940,(574) 555-0130,frances.zamora1259@example.com,26949 Hunter Heights Apt. 645,New Adrian,MD,21003,9YQ5J09KN03,H-00868,P-01633,Harborline,H2796-025,MA,MD,AGE,HL-650478,2024-05-01,,ACTIVE,77125617,39.48,
C-01260,"Wolfe, Catherine",12/08/1945,(947) 555-0168,catherine.wolfe1260@example.com,10175 Christine Viaduct Suite 170,West Briannastad,MN,55725,2JR9QM8CK07,H-00869,P-01634,Bluepeak,H3266-003,MA,MN,AGE,BP-101371,03/01/23,04/30/25,terminated,11576383,28.81,
C-01260,"Wolfe, Catherine",12/08/1945,(947) 555-0168,catherine.wolfe1260@example.com,10175 Christine Viaduct Suite 170,West Briannastad,MN,55725,2JR9QM8CK07,H-00869,P-01635,Summit Health Plans,H5371-027-003,MA,MN,AGE,SH-429489,05/01/2025,,Active,11576383,2.40,
C-01261,"Wolfe, Susan",35131,(947) 555-0168,susan.wolfe1261@example.com,10175 Christine Viaduct Suite 170,West Briannastad,MN,55725,,H-00869,P-01636,Cardinal Mutual,49117MN9754707,ACA,MN,,CM-315980,2026-01-01,,ACTIVE,11576383,716.07,
C-01262,"Vazquez, Bob",29274,(454) 555-0127,,575 Wood Hills Suite 583,New George,MI,49435,,H-00870,P-01637,Cardinal Mutual,49117MI3297830,ACA,MI,,CM-749415,01/01/24,,active,13981052,897.60,
C-01263,"Ross, Alexis",08/27/1951,(351) 555-0106,alexis.ross1263@example.com,6777 Douglas Terrace Suite 602,Patrickberg,CO,81076,3UR0U58EY51,H-00871,P-01638,Harborline,H3504-019-002,MA,CO,AGE,HL-592130,02/01/2024,,Active,29898923,51.92,
C-01264,"Ross, Lacey",26473,(223) 555-0154,lacey.ross1264@example.com,6777 Douglas Terrace Suite 602,Patrickberg,CO,81076,,H-00871,P-01639,Harborline,91959CO3606478,ACA,CO,,HL-568909,2025-01-01,2025-12-31,TERMINATED,29898923,571.30,
C-01264,"Ross, Lacey",26473,(223) 555-0154,lacey.ross1264@example.com,6777 Douglas Terrace Suite 602,Patrickberg,CO,81076,,H-00871,P-01640,Cardinal Mutual,49117CO4522997,ACA,CO,,CM-653758,01/01/26,,active,29898923,770.04,
C-01265,"Myers, Kevin",09/15/1947,(885) 555-0196,kevin.myers1265@example.com,92310 Kennedy Groves,Jamesfort,KY,40044,7VU5R47CU18,H-00872,P-01641,Northwind Health,H5040-029,MA,KY,AGE,NW-518514,08/01/2025,,Active,61291817,58.88,
C-01266,"Myers, Stephanie",06/08/1940,(885) 555-0196,stephanie.myers1266@example.com,92310 Kennedy Groves,Jamesfort,KY,40044,5PY9VM1HJ76,H-00872,P-01642,Northwind Health,H5040016,MA,KY,AGE,NW-169350,2024-09-01,2026-03-31,TERMINATED,61291817,47.41,
C-01266,"Myers, Stephanie",06/08/1940,(885) 555-0196,stephanie.myers1266@example.com,92310 Kennedy Groves,Jamesfort,KY,40044,5PY9VM1HJ76,H-00872,P-01643,Bluepeak,H3266-004,MA,KY,AGE,BP-958437,04/01/26,09/04/26,active,61291817,2.45,
C-01267,"Thomas, April",04/30/1940,(666) 555-0167,april.thomas1267@example.com,37976 Valentine Estate Suite 051,West Janiceport,CO,81504,9H50JK8PT36,H-00873,P-01644,Meridian Care,H3591-028,MA,CO,AGE,MC-375062,10/01/2023,,Active,29898923,23.84,
C-01268,"Thomas, Troy",34345,(666) 555-0167,troy.thomas1268@example.com,37976 Valentine Estate Suite 051,West Janiceport,CO,81504,,H-00873,P-01645,Cardinal Mutual,49117CO9295937,ACA,CO,,CM-356752,2024-01-01,,ACTIVE,29O98923,813.28,
C-01269,"Moreno, Matthew",05/18/1944,(474) 555-0105,matthew.moreno1269@example.com,7042 Mccoy Spur,Carrberg,CO,80254,6XH0HG0TP60,H-00874,P-01646,Harborline,H2796-004,MA,CO,AGE,HL-266674,10/01/25,,active,29898923,29.62,
C-01270,"Schultz, Rachel",09/21/1953,(370) 555-0131,rachel.schultz1270@example.com,259 Brown Mission Suite 633,Haleymouth,AR,71877,7PK0JA7YX15,H-00875,P-01647,Northwind Health,S6930-007,PDP,AR,AGE,NW-127007,06/01/2023,,Active,44524491,31.76,
C-01271,"Schultz, Thomas",04/02/1941,(813) 555-0184,thomas.schultz1271@example.com,259 Brown Mission Suite 633,Haleymouth,AR,71877,6AA4FH1WF06,H-00875,P-01648,Bluepeak,H4593-026,MA,AR,AGE,BP-134112,2024-10-01,,ACTIVE,44524491,56.78,
C-01272,"Zamora, Lawrence",04/01/1944,(744) 555-0136,,595 Rachel Islands Apt. 993,South Anna,FL,33138,8HX8FK5NJ81,H-00876,P-01649,Northwind Health,H5040-025-001,MA,FL,AGE,NW-244790,12/01/23,,active,94702683,42.20,
C-01273,"Zamora, Nicole",04/03/1942,(301) 555-0164,nicole.zamora1273@example.com,595 Rachel Islands Apt. 993,South Anna,FL,33138,6P07R48VD55,H-00876,P-01650,Northwind Health,H5040-019-003,MA,FL,AGE,NW-863290,02/01/2025,,Active,94702683,34.67,
C-01274,"Josph, Michael",09/24/1950,(981) 555-0137,michael.joseph1274@example.com,95187 Morrison Stream Suite 176,Port Kayla,NE,68594,5X31N30VX24,H-00877,P-01651,Cardinal Mutual,H7252-015-002,MA,NE,AGE,CM-724594,2023-07-01,,ACTIVE,6831819,33.83,
C-01275,"Joseph, Kimberly",06/16/1938,(714) 555-0158,kimberly.joseph1275@example.com,95187 Morrison Stream Suite 176,Port Kayla,NE,68594,9D70V42FT75,H-00877,P-01652,Cardinal Mutual,H8668-009,MA,NE,AGE,CM-702327,08/01/23,,active,6831819,30.48,
C-01276,"Lopez, Sandra",12/05/1948,(455) 555-0161,sandra.lopez1276@example.com,30559 Hoffman Tunnel Suite 575,Port Lisa,RI,02816,1AU0M75PY48,H-00878,P-01653,Meridian Care,H8433-030,MA,RI,AGE,MC-986520,08/01/2023,01/31/2026,Terminated,11576383,58.95,
C-01276,"Lopez, Sandra",12/05/1948,(455) 555-0161,sandra.lopez1276@example.com,30559 Hoffman Tunnel Suite 575,Port Lisa,RI,02816,1AU0M75PY48,H-00878,P-01654,Northwind Health,H5040-022,MA,RI,AGE,NW-457479,2026-02-01,,ACTIVE,11576383,46.17,
C-01277,"Evans, James",09/16/1950,(662) 555-0155,james.evans1277@example.com,0388 Wright Lane,Haynestown,ID,83219,1QM1F92UF76,H-00879,P-01655,Bluepeak,G,MEDSUPP,ID,AGE,BP-956724,12/01/23,,active,43339391,182.74,
C-01277,"Evans, James",09/16/1950,(662) 555-0155,james.evans1277@example.com,0388 Wright Lane,Haynestown,ID,83219,1QM1F92UF76,H-00879,P-01656,Bluepeak,S2489-023,PDP,ID,AGE,BP-389726,12/01/2023,,Active,43339391,38.08,Met at the café seminar in the spring.
C-01278,"Evans, Kenneth",09/06/1934,(538) 555-0146,kenneth.evans1278@example.com,0388 Wright Lane,Haynestown,ID,83219,6NW3MP5YN56,H-00879,P-01657,Bluepeak,H4593-007,MA,ID,AGE,BP-932917,2026-04-01,,ACTIVE,43339391,30.55,
C-01279,"Moore, Sean",24199,(509) 555-0195,sean.moore1279@example.com,615 Parsons Drive,Garrettside,SD,57665,,H-00880,P-01658,Northwind Health,76542SD8434612,ACA,SD,,NW-896007,01/01/25,12/31/25,terminated,77125617,697.06,
C-01279,"Moore, Sean",24199,(509) 555-0195,sean.moore1279@example.com,615 Parsons Drive,Garrettside,SD,57665,,H-00880,P-01659,Bluepeak,23947SD4927520,ACA,SD,,BP-183317,01/01/2026,,Active,77125617,413.35,
C-01280,"Moore, Lee",02/20/1939,(256) 555-0171,lee.moore1280@example.com,615 Parsons Drive,Garrettside,SD,57665,2XT9JJ6WQ09,H-00880,P-01660,Bluepeak,H3266-002,MA,SD,AGE,BP-703721,2025-08-01,,ACTIVE,77125617,42.88,
C-01280,"Moore, Lee",02/20/1939,(256) 555-0171,lee.moore1280@example.com,615 Parsons Drive,Garrettside,SD,57665,2XT9JJ6WQ09,H-00880,P-01660,Bluepeak,H3266-002,MA,SD,AGE,BP-703721,08/01/25,,active,77125617,42.88,
C-01281,"Thomas, Marie",21636,(896) 555-0103,marie.thomas1281@example.com,4397 Martin Crossroad Suite 010,Angelastad,UT,84582,4YD1EP3GC26,H-00881,P-01661,Northwind Health,G,MEDSUPP,UT,AGE,NW-842562,01/01/2025,,Active,90949389,290.24,
C-01281,"Thomas, Marie",21636,(896) 555-0103,marie.thomas1281@example.com,4397 Martin Crossroad Suite 010,Angelastad,UT,84582,4YD1EP3GC26,H-00881,P-01662,Northwind Health,S7543-023-003,PDP,UT,AGE,NW-698384,2025-01-01,,ACTIVE,90949389,40.57,
C-01282,"Crawford, Sara",32869,(390) 555-0100,sara.crawford1282@example.com,065 Thompson Ridge Apt. 459,New Brianberg,KY,41805,,H-00882,P-01663,Meridian Care,76540KY1053339,ACA,KY,,MC-658152,01/01/24,,active,94702683,883.47,
C-01283,"Vasquez, Amy",02/22/1946,(733) 555-0112,amy.vasquez1283@example.com,18231 Compton Junction,South Matthewland,KY,40957,5F30WJ4VD24,H-00883,P-01664,Meridian Care,S3927-010,PDP,KY,AGE,MC-391602,12/01/2022,,Active,61291817,83.76,
C-01284,"Grant, Brian",06/24/1941,(984) 555-0121,brian.grant1284@example.com,628 Lisa Mission Apt. 143,North Deanna,NE,68535,7RJ7Y55VD87,H-00884,P-01665,Harborline,R7916-013,MA,NE,AGE,HL-567522,2024-05-01,2025-08-31,TERMINATED,54100814,43.12,
C-01284,"Grant, Brian",06/24/1941,(984) 555-0121,brian.grant1284@example.com,628 Lisa Mission Apt. 143,North Deanna,NE,68535,7RJ7Y55VD87,H-00884,P-01666,Northwind Health,H9830-013,MA,NE,AGE,NW-327778,09/01/25,,active,54100814,49.95,
C-01285,"Grant, Megan",05/27/1950,(231) 555-0132,megan.grant1285@example.com,628 Lisa Mission Apt. 143,North Deanna,NE,68535,7QM2HY4AF69,H-00884,P-01667,Northwind Health,A,MEDSUPP,NE,AGE,NW-944317,01/01/2026,,Active,54100814,275.25,
C-01285,"Grant, Megan",05/27/1950,(231) 555-0132,megan.grant1285@example.com,628 Lisa Mission Apt. 143,North Deanna,NE,68535,7QM2HY4AF69,H-00884,P-01668,Northwind Health,S6930-013,PDP,NE,AGE,NW-800104,2026-01-01,,ACTIVE,54100814,73.53,
C-01286,"Smith, Kathy",20605,(866) 555-0180,,0033 Stephanie Dam,Marcusfurt,NC,28723,3KQ8UF2CJ73,H-00885,P-01669,Cardinal Mutual,A,MEDSUPP,NC,AGE,CM-155819,03/01/23,,active,74197857,178.42,
C-01286,"Smith, Kathy",20605,(866) 555-0180,,0033 Stephanie Dam,Marcusfurt,NC,28723,3KQ8UF2CJ73,H-00885,P-01670,Cardinal Mutual,S1188-007,PDP,NC,AGE,CM-533768,03/01/2023,,Active,74197857,89.32,Met at the café seminar in the spring.
C-01287,"Sanders, Edwin",04/16/1935,(708) 555-0164,edwin.sanders1287@example.com,68103 Jason Prairie Suite 051,Williamburgh,PA,18341,6T16P67VQ80,H-00886,P-01671,Harborline,H2796-030-003,MA,PA,AGE,HL-768154,2022-04-01,,ACTIVE,13981052,32.40,
C-01288,"Cook, Mark",29015,(462) 555-0177,mark.cook1288@example.com,944 Dixon Estate,Port Cathy,IL,60881,,H-00887,P-01672,Northwind Health,76542IL4284230,ACA,IL,,NW-472382,01/01/25,,active,44524491,719.36,
C-01289,"Cook, Jorge",20342,(462) 555-0177,jorge.cook1289@example.com,944 Dixon Estate,Port Cathy,IL,60881,9RT4T21PF03,H-00887,P-01673,Northwind Health,R8019-022-003,MA,IL,AGE,NW-122756,09/01/2023,,Active,44524491,53.85,
C-01290,"Williams, Linda",09/06/1950,(442) 555-0128,linda.williams1290@example.com,470 Morrison Run,Harrisville,LA,71212,4G62XV7RR32,H-00888,P-01674,Meridian Care,R1053-025,MA,LA,AGE,MC-235116,2024-08-01,,ACTIVE,7150444,22.86,
C-01291,"Bridges, Jay",21208,(242) 555-0195,jay.bridges1291@example.com,94394 Ford Rue,New Pamela,AK,99551,3YD8KP7MX65,H-00889,P-01675,Summit Health Plans,H9797-016,MA,AK,AGE,SH-837453,05/01/26,,active,61291817,1.55,
C-01292,"Bridges, Andrew",21037,(421) 555-0140,,94394 Ford Rue,New Pamela,AK,99551,9HC4A07UP13,H-00889,P-01676,Cardinal Mutual,H7252-004-001,MA,AK,AGE,CM-676464,11/01/2022,,Active,61291817,32.88,
C-01293,"Carlson, Laura",07/14/1934,(671) 555-0114,laura.carlson1293@example.com,25376 Ellis Lock,South Timothy,MO,64125,3TM3DG6RR56,H-00890,P-01677,Bluepeak,S2489-029-002,PDP,MO,AGE,BP-473086,2022-03-01,,ACTIVE,32244663,72.80,
C-01294,"Ali, Colton",04/11/1950,(350) 555-0132,colton.ali1294@example.com,91009 Mercedes Harbor,West Seanshire,SD,57697,3C13Q07CF75,H-00891,P-01678,Northwind Health,G,MEDSUPP,SD,AGE,NW-884677,08/01/22,,active,90949389,206.73,
C-01294,"Ali, Colton",04/11/1950,(350) 555-0132,colton.ali1294@example.com,91009 Mercedes Harbor,West Seanshire,SD,57697,3C13Q07CF75,H-00891,P-01679,Northwind Health,S6930-018,PDP,SD,AGE,NW-143693,08/01/2022,,Active,90949389,84.86,
C-01295,"Ali, Micheal",02/07/1950,(273) 555-0122,micheal.ali1295@example.com,91009 Mercedes Harbor,West Seanshire,SD,57697,9D76T79HG35,H-00891,P-01680,Bluepeak,B,MEDSUPP,SD,AGE,BP-897170,2026-04-01,,ACTIVE,90949389,165.24,Client prefers materials en español.
C-01295,"Ali, Micheal",02/07/1950,(273) 555-0122,micheal.ali1295@example.com,91009 Mercedes Harbor,West Seanshire,SD,57697,9D76T79HG35,H-00891,P-01681,Bluepeak,S2489-001,PDP,SD,AGE,BP-385887,04/01/26,,active,90949389,65.71,
C-01296,"Conrad, Paige",04/15/1945,(528) 555-0110,paige.conrad1296@example.com,5146 Kenneth Bypass,West Donaldmouth,PA,18789,8XM3F71VJ02,H-00892,P-01682,Cardinal Mutual,H8668-021,MA,PA,AGE,CM-446992,06/01/2023,10/31/2024,XFER,13981052,56.04,
C-01296,"Conrad, Paige",04/15/1945,(528) 555-0110,paige.conrad1296@example.com,5146 Kenneth Bypass,West Donaldmouth,PA,18789,8XM3F71VJ02,H-00892,P-01683,Northwind Health,R5304-010-003,MA,PA,AGE,NW-997784,2024-11-01,,ACTIVE,13981052,5.63,
C-01297,"Conrad, Lauren",12/27/1950,(528) 555-0110,lauren.conrad1297@example.com,5146 Kenneth Bypass,West Donaldmouth,PA,18789,2CY3HM6PJ36,H-00892,P-01684,Bluepeak,G,MEDSUPP,PA,AGE,BP-605407,01/01/23,,active,13981052,193.45,
C-01297,"Conrad, Lauren",12/27/1950,(528) 555-0110,lauren.conrad1297@example.com,5146 Kenneth Bypass,West Donaldmouth,PA,18789,2CY3HM6PJ36,H-00892,P-01685,Bluepeak,S1771-023,PDP,PA,AGE,BP-302907,01/01/2023,,Active,13981052,54.58,
C-01297,"Conrad, Lauren",12/27/1950,(528) 555-0110,lauren.conrad1297@example.com,5146 Kenneth Bypass,West Donaldmouth,PA,18789,2CY3HM6PJ36,H-00892,P-01685,Bluepeak,S1771-023,PDP,PA,AGE,BP-302907,2023-01-01,,ACTIVE,13981052,54.58,
C-01298,"Castillo, Jessica",06/04/1952,(754) 555-0136,jessica.castillo1298@example.com,07201 Jenny Motorway,Josephshire,ID,83273,3E57A64TC12,H-00893,P-01686,Meridian Care,S9201-018,PDP,ID,AGE,MC-322475,10/01/23,,active,77125617,41.69,
C-01299,"Ray, Bradley",03/22/1946,(584) 555-0104,bradley.ray1299@example.com,16600 Reynolds Mountain,Thompsontown,NE,68157,2U33XJ0DC55,H-00894,P-01687,Summit Health Plans,H9797-008,MA,NE,AGE,SH-782056,05/01/2026,,Active,54100814,58.77,Client prefers materials en español.
C-01300,"Patrick, Wendy",29342,(860) 555-0163,wendy.patrick1300@example.com,4734 Emily Well,East Hannah,ID,83536,5P62NX3PT07,H-00895,P-01688,Summit Health Plans,H9797-016,MA,ID,DISABILITY,SH-779511,2024-01-01,2025-11-30,TERMINATED,61855700,44.07,
C-01300,"Patrick, Wendy",29342,(860) 555-0163,wendy.patrick1300@example.com,4734 Emily Well,East Hannah,ID,83536,5P62NX3PT07,H-00895,P-01689,Harborline,H2796-015-003,MA,ID,DISABILITY,HL-709187,12/01/25,,active,61855700,9.06,
C-01301,"Bryant, Tom",08/29/1934,(874) 555-0149,thomas.bryant1301@example.com,687 Jennifer Summit,West Michaelstad,CO,80480,1EA9JR0XD94,H-00896,P-01690,Northwind Health,A,MEDSUPP,CO,AGE,NW-785433,01/01/2025,,Active,7150444,112.03,
C-01301,"Bryant, Tom",08/29/1934,(874) 555-0149,thomas.bryant1301@example.com,687 Jennifer Summit,West Michaelstad,CO,80480,1EA9JR0XD94,H-00896,P-01691,Northwind Health,S7543-028,PDP,CO,AGE,NW-242537,2025-01-01,,ACTIVE,7150444,37.16,
C-01302,"Watson, Tonya",10/13/1938,(225) 555-0144,tonya.watson1302@example.com,5882 Moss Key,Thompsonfurt,SD,57267,8U50DK9TF68,H-00897,P-01692,Northwind Health,H9830-021,MA,SD,AGE,NW-910453,09/01/22,,active,77125617,53.74,
C-01303,"Watson, Katrina",29339,(225) 555-0144,,5882 Moss Key,Thompsonfurt,SD,57267,,H-00897,P-01693,Cardinal Mutual,49117SD3393701,ACA,SD,,CM-723510,01/01/2025,12/31/2025,Terminated,77125617,566.72,
C-01303,"Watson, Katrina",29339,(225) 555-0144,,5882 Moss Key,Thompsonfurt,SD,57267,,H-00897,P-01694,Harborline,91959SD6548876,ACA,SD,,HL-819162,2026-01-01,,ACTIVE,77125617,887.84,
C-01304,"Middleton, Debbie",12/14/1952,(879) 555-0158,debbie.middleton1304@example.com,786 Ali Corners,Nicolemouth,MO,63504,9YG5CC7PE67,H-00898,P-01695,Harborline,H3504-007,MA,MO,AGE,HL-667636,12/01/25,,active,33857966,29.74,
C-01305,"Gilmore, Veronica",01/19/1951,(702) 555-0193,veronica.gilmore1305@example.com,205 Carol Plains Apt. 923,Millerchester,NY,14514,6WM3WJ5QY99,H-00899,P-01696,Northwind Health,S7543-027-001,PDP,NY,AGE,NW-741344,07/01/2024,,Active,10583482,18.14,
C-01306,"Mckinney, Matthew",08/05/1945,(856) 555-0173,matthew.mckinney1306@example.com,190 Michael Shores,Lake Jeremy,WA,98454,4HP3CH1JW78,H-00900,P-01697,Northwind Health,H5040-017,MA,WA,AGE,NW-920958,2023-02-01,,ACTIVE,99847493,59.28,
C-01307,"Perez, Dawn",20423,(763) 555-0162,dawn.perez1307@example.com,5868 Robinson Keys,Wattsville,MN,55842,9EE2WG6XX34,H-00901,P-01698,Harborline,H2796-026,MA,MN,AGE,HL-244121,12/01/25,,active,11576383,10.44,
C-01308,"Turner, Jason",22065,(672) 555-0165,jason.turner1308@example.com,308 Tyler Cliffs,Johnfurt,FL,33482,8P60NN7UU91,H-00902,P-01699,Harborline,H3504-007-001,MA,FL,AGE,HL-771863,01/01/2026,,Active,94702683,24.72,
C-01309,"Henderson, Mike",01/22/1948,(913) 555-0109,,00041 Jacob Trail,North Jonville,KY,40764,3TG0YK8CH69,H-00903,P-01700,Meridian Care,H3591-029,MA,KY,AGE,MC-369045,2023-12-01,2026-01-31,TERMINATED,61291817,50.11,
C-01309,"Henderson, Mike",01/22/1948,(913) 555-0109,,00041 Jacob Trail,North Jonville,KY,40764,3TG0YK8CH69,H-00903,P-01701,Bluepeak,H3266-018,MA,KY,AGE,BP-966945,02/01/26,,active,61291817,30.93,
C-01310,"Henerson, Richard",01/08/1935,(913) 555-0109,richard.henderson1310@example.com,00041 Jacob Trail,North Jonville,KY,40764,7X44J49KK10,H-00903,P-01702,Meridian Care,G,MEDSUPP,KY,AGE,MC-414407,03/01/2026,,Active,61291817,95.12,
C-01310,"Henerson, Richard",01/08/1935,(913) 555-0109,richard.henderson1310@example.com,00041 Jacob Trail,North Jonville,KY,40764,7X44J49KK10,H-00903,P-01703,Meridian Care,S3927-009-002,PDP,KY,AGE,MC-465751,2026-03-01,,ACTIVE,61291817,36.61,
C-01311,"Haynes, Michelle",11/22/1939,(310) 555-0167,,6534 Harvey Neck Apt. 707,Michaelview,MO,63400,2HF9JP7NH84,H-00904,P-01704,Summit Health Plans,H5371-002-002,MA,MO,AGE,SH-414119,03/01/26,,active,33857966,15.45,
C-01312,"Wells, Amy",07/11/1939,(295) 555-0152,amy.wells1312@example.com,169 Avery Spur Suite 060,Blakeland,SC,29082,6NM6GA2EJ54,H-00905,P-01705,Cardinal Mutual,R9669-005,MA,SC,AGE,CM-362100,03/01/2026,,Active,11576383,54.36,
C-01313,"Wells, Chris",27261,(453) 555-0185,christopher.wells1313@example.com,169 Avery Spur Suite 060,Blakeland,SC,29082,,H-00905,P-01706,Cardinal Mutual,49117SC6426091,ACA,SC,,CM-940368,2025-01-01,,ACTIVE,11576383,231.34,
C-01314,"Davis, Gabriela",23260,(251) 555-0192,gabriela.davis1314@example.com,6539 Johnson Inlet,Robinsonchester,NE,68887,,H-00906,P-01707,Bluepeak,23947NE9574429,ACA,NE,,BP-994679,01/01/25,12/31/25,terminated,6831819,838.76,
C-01314,"Davis, Gabriela",23260,(251) 555-0192,gabriela.davis1314@example.com,6539 Johnson Inlet,Robinsonchester,NE,68887,,H-00906,P-01708,Northwind Health,76542NE0863545,ACA,NE,,NW-706171,01/01/2026,,Active,6831819,728.67,
C-01315,"Valdez, Brandon",21369,(337) 555-0109,brandon.valdez1315@example.com,718 Steven Square,Solisside,ID,83343,5EU5QD6VC95,H-00907,P-01709,Harborline,H3504-009,MA,ID,AGE,HL-301059,2025-11-01,,ACTIVE,5265799,9.98,
C-01316,"Rodriguez, Eric",20464,(569) 555-0193,,872 Carter Estates,West Carolynchester,CA,92850,2N86NW1TY15,H-00908,P-01710,Cardinal Mutual,A,MEDSUPP,CA,AGE,CM-693304,11/01/25,,active,43339391,145.84,
C-01316,"Rodriguez, Eric",20464,(569) 555-0193,,872 Carter Estates,West Carolynchester,CA,92850,2N86NW1TY15,H-00908,P-01711,Cardinal Mutual,S1188-024-002,PDP,CA,AGE,CM-721437,11/01/2025,,Active,43339391,54.81,
C-01317,"Rodriguez, Mary",08/03/1940,(306) 555-0183,mary.rodriguez1317@example.com,872 Carter Estates,West Carolynchester,CA,92850,5VE4EM0DH85,H-00908,P-01712,Summit Health Plans,H5371-011-001,MA,CA,AGE,SH-105999,2024-02-01,2025-07-31,TERMINATED,43339391,12.60,
C-01317,"Rodriguez, Mary",08/03/1940,(306) 555-0183,mary.rodriguez1317@example.com,872 Carter Estates,West Carolynchester,CA,92850,5VE4EM0DH85,H-00908,P-01713,Northwind Health,H5040-004,MA,CA,AGE,NW-416639,08/01/25,,active,43339391,36.88,
C-01318,"Glenn, Brandy",01/13/1944,(601) 555-0151,brandy.glenn1318@example.com,7306 Kelsey Cape,Ianmouth,AL,36782,5WD8FT2YE36,H-00909,P-01714,Meridian Care,H3591-030,MA,AL,AGE,MC-427335,06/01/2024,,Active,1884412,34.10,
C-01319,"Glenn, Trevor",06/26/1950,(937) 555-0114,trevor.glenn1319@example.com,7306 Kelsey Cape,Ianmouth,AL,36782,1EE3CV5FH15,H-00909,P-01715,Summit Health Plans,H9797-010,MA,AL,AGE,SH-669528,2024-02-01,,ACTIVE,1884412,14.99,
C-01320,"Hurst, Micheal",03/13/1950,(352) 555-0192,micheal.hurst1320@example.com,112 David Rapids Apt. 775,Smithhaven,ID,83716,2J42AF5JK23,H-00910,P-01716,Cardinal Mutual,H8668-013,MA,ID,AGE,CM-426040,11/01/24,01/31/26,terminated,77125617,2.42,
C-01320,"Hurst, Micheal",03/13/1950,(352) 555-0192,micheal.hurst1320@example.com,112 David Rapids Apt. 775,Smithhaven,ID,83716,2J42AF5JK23,H-00910,P-01717,Bluepeak,R9348-021,MA,ID,AGE,BP-793229,02/01/2026,,Active,77125617,51.97,
C-01321,"Wells, William",31660,(918) 555-0163,william.wells1321@example.com,7046 Jones Corners,Nataliestad,VT,05790,,H-00911,P-01718,Bluepeak,23947VT1258941,ACA,VT,,BP-570623,2025-01-01,2025-12-31,TERMINATED,10583482,202.05,
C-01321,"Wells, William",31660,(918) 555-0163,william.wells1321@example.com,7046 Jones Corners,Nataliestad,VT,05790,,H-00911,P-01719,Cardinal Mutual,49117VT2994366,ACA,VT,,CM-983779,01/01/26,,active,10583482,532.87,
C-01322,"Jones, Kristy",21450,(973) 555-0176,kristy.jones1322@example.com,10219 Elizabeth Mission,Angelafort,IL,62727,8FM7FP4GR54,H-00912,P-01720,Cardinal Mutual,S1188-019,PDP,IL,AGE,CM-608974,02/01/2024,,Active,4356886,34.14,
C-01323,"Smith, Brian",20812,(527) 555-0189,,618 Jesse Drive,Deanfurt,FL,33870,4Q03G47WR80,H-00913,P-01721,Meridian Care,H3591-012-003,MA,FL,AGE,MC-910835,2024-07-01,,ACTIVE,54100814,37.40,
C-01324,"Smith, Kristin",12/09/1948,(527) 555-0189,,618 Jesse Drive,Deanfurt,FL,33870,7XX2D03NJ47,H-00913,P-01722,Northwind Health,H5040-016-002,MA,FL,AGE,NW-493170,11/01/25,,active,54100814,39.27,
C-01325,"Valencia, Laurie",24068,(610) 555-0125,laurie.valencia1325@example.com,498 Kevin Valleys,West Samantha,KS,67936,,H-00914,P-01723,Cardinal Mutual,49117KS6339854,ACA,KS,,CM-536363,01/01/2025,12/31/2025,Terminated,54100814,811.34,
C-01325,"Valencia, Laurie",24068,(610) 555-0125,laurie.valencia1325@example.com,498 Kevin Valleys,West Samantha,KS,67936,,H-00914,P-01724,Summit Health Plans,93748KS2101275,ACA,KS,,SH-349225,2026-01-01,,ACTIVE,54100814,242.65,
C-01326,"Valencia, Jacob",04/01/1942,(875) 555-0173,jacob.valencia1326@example.com,498 Kevin Valleys,West Samantha,KS,67936,5WK5K32GP95,H-00914,P-01725,Northwind Health,S7543-024-001,PDP,KS,AGE,NW-742078,10/01/23,,active,54100814,58.64,
C-01327,"Woods, Veronica",08/06/1949,(921) 555-0112,veronica.woods1327@example.com,7312 Tran Road Apt. 228,Port Kathleen,RI,02874,7UM5E13RJ65,H-00915,P-01726,Summit Health Plans,G,MEDSUPP,RI,AGE,SH-869628,11/01/2025,,Active,11576383,199.83,Call after 2pm.
C-01327,"Woods, Veronica",08/06/1949,(921) 555-0112,veronica.woods1327@example.com,7312 Tran Road Apt. 228,Port Kathleen,RI,02874,7UM5E13RJ65,H-00915,P-01727,Summit Health Plans,S8123-008-001,PDP,RI,AGE,SH-249277,2025-11-01,,ACTIVE,11576383,86.36,
C-01328,"Woods, Charles",01/25/1938,(678) 555-0105,,7312 Tran Road Apt. 228,Port Kathleen,RI,02874,4GH8EF8DT18,H-00915,P-01728,Summit Health Plans,R2827-028,MA,RI,AGE,SH-807521,05/01/26,,active,11576383,25.16,
C-01329,"Lee, Jessica",02/27/1942,(273) 555-0120,,65346 Karen Canyon,Kimberlytown,KS,66515,4DD4Y63JE08,H-00916,P-01729,Cardinal Mutual,H7252-027,MA,KS,AGE,CM-867561,09/01/2024,,Active,54100814,35.38,
C-01330,"Reynolds, Anthony",09/22/1944,(228) 555-0130,anthony.reynolds1330@example.com,7932 Mendez Turnpike Suite 239,Tylerland,NE,69103,9P21C90FD82,H-00917,P-01730,Northwind Health,H9830-002-001,MA,NE,AGE,NW-642948,2023-08-01,,ACTIVE,33857966,11.03,
C-01331,"Reyolds, Carl",12/25/1939,(228) 555-0130,carl.reynolds1331@example.com,7932 Mendez Turnpike Suite 239,Tylerland,NE,69103,4G41MX9XU03,H-00917,P-01731,Bluepeak,H3266-022-003,MA,NE,AGE,BP-368239,07/01/25,,active,33857966,40.59,
C-01332,"Jacobs, Samantha",08/29/1949,(222) 555-0137,,205 Long Mountain,Kevinside,FL,32939,1DA4EH1JN55,H-00918,P-01732,Cardinal Mutual,B,MEDSUPP,FL,AGE,CM-239626,12/01/2025,,Active,54100814,189.43,
C-01332,"Jacobs, Samantha",08/29/1949,(222) 555-0137,,205 Long Mountain,Kevinside,FL,32939,1DA4EH1JN55,H-00918,P-01733,Cardinal Mutual,S1188-022-002,PDP,FL,AGE,CM-811999,2025-12-01,,ACTIVE,54100814,25.95,
C-01333,"Bater, Brooke",35368,(910) 555-0159,brooke.baxter1333@example.com,769 Taylor Course Suite 588,West Crystalview,TX,77696,,H-00919,P-01734,Northwind Health,76542TX8770031,ACA,TX,,NW-710328,01/01/25,12/31/25,terminated,37231783,883.08,
C-01333,"Bater, Brooke",35368,(910) 555-0159,brooke.baxter1333@example.com,769 Taylor Course Suite 588,West Crystalview,TX,77696,,H-00919,P-01735,Meridian Care,76540TX8335208,ACA,TX,,MC-990233,01/01/2026,,Active,37231783,875.77,
C-01334,"Baxter, Jeremy",03/26/1946,(423) 555-0164,jeremy.baxter1334@example.com,769 Taylor Course Suite 588,West Crystalview,TX,77696,2F53YW1WX39,H-00919,P-01736,Meridian Care,H8433-008-003,MA,TX,AGE,MC-388264,2024-06-01,,ACTIVE,37231783,3.18,
C-01335,"Buchanan, Leah",26895,(668) 555-0192,leah.buchanan1335@example.com,93543 Holmes Loop Suite 496,Port Chloe,ID,83443,,H-00920,P-01737,Summit Health Plans,93748ID9320088,ACA,ID,,SH-622852,01/01/24,,active,5265799,190.13,
C-01336,"Brooks, Peter",23692,(557) 555-0162,,58853 Perkins Extensions Apt. 433,Isaacfort,ID,83839,,H-00921,P-01738,Harborline,91959ID3233066,ACA,ID,,HL-211194,01/01/2026,,Active,43339391,895.44,
C-01337,"Burnett, Jonathan",04/28/1952,(986) 555-0130,jonathan.burnett1337@example.com,785 Jonathan Cliffs Suite 168,Smithborough,IL,60784,8D19NK0RJ85,H-00922,P-01739,Cardinal Mutual,H8668-021-001,MA,IL,AGE,CM-905021,2024-03-01,,ACTIVE,44524491,6.11,
C-01338,"Burnett, Troy",06/28/1952,(601) 555-0192,,785 Jonathan Cliffs Suite 168,Smithborough,IL,60784,6P35J15KM07,H-00922,P-01740,Summit Health Plans,R2827-015,MA,IL,AGE,SH-627785,01/01/26,,active,44524491,57.22,
C-01339,"Taylor, David",08/08/1935,(233) 555-0194,david.taylor1339@example.com,963 Williams Meadow Suite 917,Hughesville,NY,14091,3A94A49MU11,H-00923,P-01741,Bluepeak,N,MEDSUPP,NY,AGE,BP-210782,03/01/2026,,Active,10583482,221.90,
C-01339,"Taylor, David",08/08/1935,(233) 555-0194,david.taylor1339@example.com,963 Williams Meadow Suite 917,Hughesville,NY,14091,3A94A49MU11,H-00923,P-01742,Bluepeak,S1771-022,PDP,NY,AGE,BP-663520,2026-03-01,,ACTIVE,10583482,85.57,
C-01340,"Brown, Daniel",03/01/1944,(519) 555-0170,daniel.brown1340@example.com,14188 Anderson Court,Harrisshire,CO,80088,7F44M67CK98,H-00924,P-01743,Cardinal Mutual,S1188-017-001,PDP,CO,AGE,CM-588847,03/01/24,,active,29898923,80.88,
C-01341,"Brown, Tiffany",09/07/1946,(876) 555-0137,tiffany.brown1341@example.com,14188 Anderson Court,Harrisshire,CO,80088,1TJ2M66RV99,H-00924,P-01744,Meridian Care,S9201-025,PDP,IA,AGE,MC-770131,07/01/2024,,Active,29898923,40.02,
C-01342,"Shaffer, Mandy",12/04/1943,(676) 555-0156,mandy.shaffer1342@example.com,6333 Reilly Knoll Apt. 208,Kathrynburgh,CO,81612,3MT0M78EE30,H-00925,P-01745,Summit Health Plans,H5371-008,MA,CO,AGE,SH-359481,2022-06-01,,ACTIVE,29898923,11.13,
C-01343,"Davis, Megan",12/01/1948,(300) 555-0165,,902 Ashley Ridges,Lisaville,CT,06647,1AJ4J87KH25,H-00926,P-01746,Meridian Care,H8433-007-003,MA,CT,AGE,MC-244779,01/01/24,,active,29898923,31.12,
C-01344,"Griffin, Jesse",20791,(228) 555-0181,jesse.griffin1344@example.com,79223 Rodriguez Garden,Ryanfurt,NC,27615,7AU1J36XH00,H-00927,P-01747,Bluepeak,H3266-009-003,MA,NC,AGE,BP-778144,12/01/2023,,Active,74197857,13.43,
C-01345,"Kim, Nancy",07/24/1939,(575) 555-0125,nancy.kim1345@example.com,7726 Johnson Track,Jamiefort,KY,42496,2RE5YX9MK26,H-00928,P-01748,Meridian Care,G,MEDSUPP,KY,AGE,MC-388580,2026-03-01,,ACTIVE,32244663,264.96,
C-01345,"Kim, Nancy",07/24/1939,(575) 555-0125,nancy.kim1345@example.com,7726 Johnson Track,Jamiefort,KY,42496,2RE5YX9MK26,H-00928,P-01749,Meridian Care,S3927-011,PDP,KY,AGE,MC-559893,03/01/26,,active,32244663,39.34,
C-01346,"Clark, Leon",08/08/1943,(331) 555-0192,leon.clark1346@example.com,0789 Massey Rest Apt. 521,Jacksonfurt,NY,12467,5CG3FH5WP93,H-00929,P-01750,Harborline,H3504-029-001,MA,NY,AGE,HL-279720,05/01/2026,,Active,10583482,52.82,
C-01347,"Clark, Richard",09/17/1950,(708) 555-0140,richard.clark1347@example.com,0789 Massey Rest Apt. 521,Jacksonfurt,NY,12467,8VD9T53PK42,H-00929,P-01751,Bluepeak,N,MEDSUPP,NY,AGE,BP-596355,2023-11-01,,ACTIVE,10583482,319.77,
C-01347,"Clark, Richard",09/17/1950,(708) 555-0140,richard.clark1347@example.com,0789 Massey Rest Apt. 521,Jacksonfurt,NY,12467,8VD9T53PK42,H-00929,P-01752,Bluepeak,S1771-009,PDP,NY,AGE,BP-916426,11/01/23,,active,10583482,51.73,
C-01348,"Chavez, Lauren",21800,(452) 555-0104,lauren.chavez1348@example.com,436 Yu Spur,Lake Heidi,NE,68575,9V92QM8RF75,H-00930,P-01753,Bluepeak,H4593-026,MA,NE,AGE,BP-468717,09/01/2025,,Active,33857966,46.07,
C-01349,"Richardson, Wendy",09/19/1952,(304) 555-0117,,556 Travis Stream Suite 616,Michaelview,IL,60074,5P33YR0DR09,H-00931,P-01754,Bluepeak,G,MEDSUPP,IL,AGE,BP-879273,2025-04-01,,ACTIVE,44524491,297.17,
C-01349,"Richardson, Wendy",09/19/1952,(304) 555-0117,,556 Travis Stream Suite 616,Michaelview,IL,60074,5P33YR0DR09,H-00931,P-01755,Bluepeak,S1771-019-001,PDP,IL,AGE,BP-516430,04/01/25,,active,44524491,28.48,Asked about dental add-ons at renewal.
C-01350,"Tran, John",21713,(504) 555-0125,john.tran1350@example.com,23989 Meghan Light Suite 031,North Christina,LA,71361,4XM3YV8KK27,H-00932,P-01756,Summit Health Plans,H5371-003-001,MA,LA,AGE,SH-720264,12/01/2025,,Active,11576383,40.90,
C-01351,"Tran, Alicia",32610,(514) 555-0177,alicia.tran1351@example.com,23989 Meghan Light Suite 031,North Christina,LA,71361,,H-00932,P-01757,Meridian Care,76540LA5939791,ACA,LA,,MC-631705,2025-01-01,,ACTIVE,11576383,748.23,
C-01352,"Armstrong, Krista",10/18/1950,(875) 555-0118,krista.armstrong1352@example.com,2426 Pitts Ferry Apt. 642,East Monicaton,UT,84392,2OJ2F94AG39,H-00933,P-01758,Cardinal Mutual,G,MEDSUPP,UT,AGE,CM-506284,02/01/23,,active,97102525,245.90,
C-01352,"Armstrong, Krista",10/18/1950,(875) 555-0118,krista.armstrong1352@example.com,2426 Pitts Ferry Apt. 642,East Monicaton,UT,84392,2OJ2F94AG39,H-00933,P-01759,Cardinal Mutual,S2876-023-002,PDP,UT,AGE,CM-903676,02/01/2023,,Active,97102525,9.98,
C-01353,"Roth, Guy",36717,(545) 555-0184,guy.roth1353@example.com,8762 Andre Flat,North Kendraview,WA,99249,,H-00934,P-01760,Northwind Health,76542WA0266895,ACA,WA,,NW-106867,2024-01-01,,ACTIVE,99847493,609.03,Asked about dental add-ons at renewal.
C-01354,"Palmer, Andrew",28417,(802) 555-0145,andrew.palmer1354@example.com,8522 John Branch,Melissaview,MD,21591,9FT6UU4GH93,H-00935,P-01761,Bluepeak,H3266-007,MA,MD,DISABILITY,BP-925792,09/01/23,,active,77125617,59.91,
C-01355,"Ford, Spencer",34568,(553) 555-0115,spencer.ford1355@example.com,2207 Meghan Garden,Audreyview,SD,57377,,H-00936,P-01762,Cardinal Mutual,49117SD0023742,ACA,SD,,CM-562445,01/01/2024,,Active,77125617,791.88,Client prefers materials en español.
C-01356,"Rice, Tracy",01/07/1938,(842) 555-0132,,329 Carlos Lane,North Justin,OR,97380,7NH7DP5UJ10,H-00937,P-01763,Bluepeak,G,MEDSUPP,OR,AGE,BP-695375,2023-11-01,,ACTIVE,74197857,273.60,
C-01356,"Rice, Tracy",01/07/1938,(842) 555-0132,,329 Carlos Lane,North Justin,OR,97380,7NH7DP5UJ10,H-00937,P-01764,Bluepeak,S2489-018,PDP,OR,AGE,BP-332764,11/01/23,,active,74197857,79.24,
C-01357,"Rice, Karen",09/05/1949,(842) 555-0132,karen.rice1357@example.com,329 Carlos Lane,North Justin,OR,97380,4TT3EF9UH41,H-00937,P-01765,Harborline,H2796-022,MA,OR,AGE,HL-575915,12/01/2025,,Active,74197857,56.55,
C-01358,"Jones, Virginia",21583,(622) 555-0169,virginia.jones1358@example.com,785 Walton Pine Suite 287,Port Benjamin,IL,61619,8D72EV9KP23,H-00938,P-01766,Summit Health Plans,H9797-005,MA,IL,AGE,SH-319891,2026-11-01,,PENDING,37231783,19.21,
C-01359,"Gibbs, Kara",07/08/1954,(672) 555-0146,,96664 Johnson Oval Apt. 036,South Michelle,NY,12114,9VW0R70YM17,H-00939,P-01767,Northwind Health,S6930-004-003,PDP,NY,AGE,NW-125185,10/01/23,,active,6831819,41.21,
C-01360,"Sanchez, Dustin",27137,(558) 555-0166,dustin.sanchez1360@example.com,3203 King Locks Suite 753,Andersonton,MO,64883,,H-00940,P-01768,Summit Health Plans,93748MO5683777,ACA,MO,,SH-418411,01/01/2024,,Active,32244663,277.09,
C-01361,"Sanchez, Danielle",07/03/1946,(601) 555-0152,danielle.sanchez1361@example.com,3203 King Locks Suite 753,Andersonton,MO,64883,7FT2VR5EW14,H-00940,P-01769,Meridian Care,S9201-021-002,PDP,MO,AGE,MC-902614,2026-02-01,,ACTIVE,32244663,49.30,
C-01362,"Kelly, Bill",05/03/1954,(407) 555-0173,,5057 Eaton Well,Millerport,WA,98618,2R56TK0TW86,H-00941,P-01770,Summit Health Plans,H5371-009,MA,WA,AGE,SH-179037,01/01/25,,active,99847493,50.83,
C-01363,"Robinson, Adriana",28616,(717) 555-0157,adriana.robinson1363@example.com,71553 Weeks Expressway Apt. 128,Brianhaven,WA,99155,,H-00942,P-01771,Summit Health Plans,93748WA7550026,ACA,WA,,SH-740837,01/01/2026,,Active,99847493,855.13,
C-01364,"Richards, Nicole",08/06/1934,(275) 555-0120,nicole.richards1364@example.com,6597 Howell Haven,Brenthaven,WI,54706,9Z94J97WA47,H-00943,P-01772,Harborline,H2796-013,MA,WI,AGE,HL-171588,2022-01-01,,ACTIVE,61291817,28.22,
C-01365,"Richards, Katherine",28208,(275) 555-0120,katherine.richards1365@example.com,6597 Howell Haven,Brenthaven,WI,54706,,H-00943,P-01773,Cardinal Mutual,49117WI9889981,ACA,WI,,CM-893616,01/01/25,12/31/25,terminated,61291817,332.92,
C-01365,"Richards, Katherine",28208,(275) 555-0120,katherine.richards1365@example.com,6597 Howell Haven,Brenthaven,WI,54706,,H-00943,P-01774,Northwind Health,76542WI3700650,ACA,WI,,NW-592435,01/01/2026,,Active,61291817,358.45,
C-01366,"Richards, Ryan",30702,(275) 555-0120,ryan.richards1366@example.com,6597 Howell Haven,Brenthaven,WI,54706,,H-00943,P-01775,Cardinal Mutual,49117WI3096927,ACA,WI,,CM-261794,2025-01-01,2025-12-31,TERMINATED,61291817,244.85,
C-01366,"Richards, Ryan",30702,(275) 555-0120,ryan.richards1366@example.com,6597 Howell Haven,Brenthaven,WI,54706,,H-00943,P-01776,Bluepeak,23947WI0081531,ACA,WI,,BP-679408,01/01/26,,active,61291817,185.21,
C-01367,"Simon, Cynthia",31594,(318) 555-0147,cynthia.simon1367@example.com,898 Yolanda Drives,Riveramouth,MO,65875,,H-00944,P-01777,Northwind Health,76542MO9736385,ACA,MO,,NW-922587,01/01/2024,,Active,32244663,857.33,
C-01368,"Lee, Ashley",33863,(618) 555-0183,,31964 Robinson Cape,Alexanderberg,NY,13327,,H-00945,P-01778,Bluepeak,23947NY6805884,ACA,NY,,BP-786016,2024-01-01,,ACTIVE,6831819,593.51,Asked about dental add-ons at renewal.
C-01369,"Martin, Emily",02/18/1946,(229) 555-0194,emily.martin1369@example.com,68943 Vickie Estates Apt. 471,South Rose,OH,44393,1RC0UK6EK33,H-00946,P-01779,Northwind Health,H5040-024,MA,OH,AGE,NW-611915,05/01/24,,active,1884412,54.10,
C-01370,"Rose, Elizabeth",06/01/1948,(649) 555-0110,elizabeth.rose1370@example.com,75957 Ray Plaza,Crystalmouth,KS,67371,7G71P87UM05,H-00947,P-01780,Harborline,H2796-017,MA,KS,AGE,HL-404579,05/01/2023,,Active,13981052,12.22,
C-01371,"Rose, Mary",07/06/1952,(649) 555-0110,mary.rose1371@example.com,75957 Ray Plaza,Crystalmouth,KS,67371,4DK1YV8UG63,H-00947,P-01781,Harborline,R3621-005-003,MA,KS,AGE,HL-848428,2025-10-01,,ACTIVE,13981052,16.78,
C-01372,"Rodriguez, Earl",32674,(342) 555-0184,earl.rodriguez1372@example.com,330 Webb Isle Suite 760,Laurieview,MO,63440,5KV4PR7UD54,H-00948,P-01782,Meridian Care,K,MEDSUPP,MO,DISABILITY,MC-107409,08/01/22,,active,33857966,217.98,
C-01372,"Rodriguez, Earl",32674,(342) 555-0184,earl.rodriguez1372@example.com,330 Webb Isle Suite 760,Laurieview,MO,63440,5KV4PR7UD54,H-00948,P-01783,Meridian Care,S9201-019-002,PDP,MO,DISABILITY,MC-203526,08/01/2022,,Active,33857966,18.84,
C-01373,"Miller, Francisco",10/25/1933,(970) 555-0151,,37218 Gutierrez Locks,Knightport,KY,40947,8RQ6KU6CW52,H-00949,P-01784,Summit Health Plans,H9797-019,MA,KY,AGE,SH-425951,2022-01-01,,ACTIVE,43339391,35.69,
C-01374,"Miller, Timothy",21208,(651) 555-0183,timothy.miller1374@example.com,37218 Gutierrez Locks,Knightport,KY,40947,9VU8FX8VU27,H-00949,P-01785,Harborline,H3504-003-001,MA,KY,AGE,HL-833826,01/01/25,,active,43339391,56.27,
C-01375,"Parker, Tommy",27687,(375) 555-0176,tommy.parker1375@example.com,0666 Robert Burgs,Sharonville,LA,55377,,H-00950,P-01786,Harborline,91959LA0582187,ACA,LA,,HL-498357,01/01/2026,,Active,11576383,230.87,
C-01376,"Garcia, Christopher",37770,(408) 555-0174,,9366 Justin Ridge Apt. 529,Brittneyland,OH,44355,,H-00951,P-01787,Harborline,91959OH4146853,ACA,OH,,HL-303403,2025-01-01,2025-12-31,TERMINATED,1884412,222.88,
C-01376,"Garcia, Christopher",37770,(408) 555-0174,,9366 Justin Ridge Apt. 529,Brittneyland,OH,44355,,H-00951,P-01788,Northwind Health,76542OH9126567,ACA,OH,,NW-694197,01/01/26,,active,1884412,398.92,
C-01377,"Garcia, Joan",21404,(721) 555-0133,joan.garcia1377@example.com,9366 Justin Ridge Apt. 529,Brittneyland,OH,44355,7PK8WN5VU55,H-00951,P-01789,Bluepeak,H3266-004,MA,OH,AGE,BP-178454,11/01/2026,,XFER,1884412,28.14,
C-01378,"Carter, Megan",06/15/1944,(555) 555-0158,,671 Victoria Alley,Thompsonberg,WI,54632,9H08T21JN56,H-00952,P-01790,Summit Health Plans,K,MEDSUPP,WI,AGE,SH-788966,2024-04-01,,ACTIVE,61291817,171.08,
C-01378,"Carter, Megan",06/15/1944,(555) 555-0158,,671 Victoria Alley,Thompsonberg,WI,54632,9H08T21JN56,H-00952,P-01791,Summit Health Plans,S8123-023,PDP,WI,AGE,SH-796563,04/01/24,,cancelled,61291817,76.65,
C-01379,"Clarke, Penny",20787,(798) 555-0114,penny.clarke1379@example.com,910 Patricia Isle Apt. 091,New Aaronborough,OR,97818,7IK6YM7RG93,H-00953,P-01792,Meridian Care,H8433-027-002,MA,OR,AGE,MC-608817,02/01/2024,,Active,74197857,9.57,
C-01380,"Clarke, Madison",01/28/1947,(535) 555-0187,,910 Patricia Isle Apt. 091,New Aaronborough,OR,97818,1D60F07DY09,H-00953,P-01793,Meridian Care,G,MEDSUPP,OR,AGE,MC-296998,2023-09-01,,ACTIVE,74197857,92.95,
C-01380,"Clarke, Madison",01/28/1947,(535) 555-0187,,910 Patricia Isle Apt. 091,New Aaronborough,OR,97818,1D60F07DY09,H-00953,P-01794,Meridian Care,S3927-006,PDP,OR,AGE,MC-234853,09/01/23,,active,74197857,21.52,
C-01381,"Davis, Catherine",07/06/1948,(941) 555-0134,catherine.davis1381@example.com,49498 Marie Haven Apt. 179,Erichaven,LA,71105,3FC1QN6RH39,H-00954,P-01795,Meridian Care,H8433007-001,MA,LA,AGE,MC-237863,02/01/2023,,Active,11576383,59.94,
C-01382,"Allen, Eduardo",21495,(752) 555-0111,eduardo.allen1382@example.com,65277 Lynn Inlet Suite 663,Elizabethborough,OH,43786,9MD4GC2MV43,H-00955,P-01796,Harborline,H3504-001,MA,OH,AGE,HL-322673,2026-11-01,,PENDING,1884412,49.17,
C-01383,"Allen, Eric",11/08/1941,(779) 555-0177,eric.allen1383@example.com,65277 Lynn Inlet Suite 663,Elizabethborough,OH,43786,1FK4AM3DA90,H-00955,P-01797,Cardinal Mutual,H7252-008,MA,OH,AGE,CM-444504,06/01/24,,active,1884412,55.51,
C-01384,"Allen, Christopher",01/31/1945,(426) 555-0162,christopher.allen1384@example.com,65277 Lynn Inlet Suite 663,Elizabethborough,OH,43786,6KT6DT2TP73,H-00955,P-01798,Harborline,H2796-010,MA,OH,AGE,HL-202051,10/01/2023,,Active,1884412,38.35,
C-01385,"Graham, Dave",12/11/1935,(331) 555-0177,david.graham1385@example.com,17221 Townsend Spurs,Bethfort,VA,23213,8C62DP0EH43,H-00956,P-01799,Bluepeak,S1771-006,PDP,VA,AGE,BP-748785,2025-05-01,,ACTIVE,78490893,82.42,
C-01386,"Ford, Tammy",12/16/1933,(495) 555-0157,tammy.ford1386@example.com,370 Moore Fields Suite 100,Perryfort,TX,78123,1JT1YE2TP93,H-00957,P-01800,Meridian Care,H3591-010,MA,TX,AGE,MC-188369,01/01/25,,active,37231783,14.80,
C-01387,"Hernandez, Nicole",22754,(924) 555-0150,nicole.hernandez1387@example.com,2565 Adrian Tunnel Apt. 461,Hutchinsonmouth,IL,60504,,H-00958,P-01801,Harborline,91959IL4218276,ACA,IL,,HL-513006,01/01/2026,,Active,7150444,398.49,
C-01388,"Hernandez, John",05/18/1948,(924) 555-0150,john.hernandez1388@example.com,2565 Adrian Tunnel Apt. 461,Hutchinsonmouth,IL,60504,3X56XD4FG00,H-00958,P-01802,Meridian Care,G,MEDSUPP,IL,AGE,MC-562879,2024-06-01,,ACTIVE,7150444,144.11,
C-01388,"Hernandez, John",05/18/1948,(924) 555-0150,john.hernandez1388@example.com,2565 Adrian Tunnel Apt. 461,Hutchinsonmouth,IL,60504,3X56XD4FG00,H-00958,P-01803,Meridian Care,S9201-011,PDP,IL,AGE,MC-584248,06/01/24,,active,7150444,30.75,
C-01389,"Harris, Dylan",06/12/1939,(885) 555-0161,dylan.harris1389@example.com,3260 Crystal Station Suite 955,North Timothyhaven,WA,98940,4CA0XC0RH25,H-00959,P-01804,Meridian Care,H8433-010,MA,WA,AGE,MC-487633,09/01/2024,02/28/2026,Terminated,99847493,32.97,Client prefers materials en español.
C-01389,"Harris, Dylan",06/12/1939,(885) 555-0161,dylan.harris1389@example.com,3260 Crystal Station Suite 955,North Timothyhaven,WA,98940,4CA0XC0RH25,H-00959,P-01805,Summit Health Plans,H5371-015-001,MA,WA,AGE,SH-129160,2026-03-01,,ACTIVE,99847493,53.59,
C-01390,"Harris, Erin",06/13/1940,(885) 555-0161,erin.harris1390@example.com,3260 Crystal Station Suite 955,North Timothyhaven,WA,98940,7P06VM1NM63,H-00959,P-01806,Northwind Health,S6930-007,PDP,WA,AGE,NW-893035,10/01/23,,active,99847493,56.37,Client prefers materials en español.
C-01391,"Williams, Marvin",12/16/1937,(712) 555-0150,marvin.williams1391@example.com,689 Ryan Street Apt. 798,Ambermouth,TX,91593,6RA0J23TN22,H-00960,P-01807,Cardinal Mutual,H7252-003,MA,TX,AGE,CM-691348,01/01/2025,,Active,90949389,0.71,
C-01392,"Williams, Richard",08/15/1950,(547) 555-0145,richard.williams1392@example.com,689 Ryan Street Apt. 798,Ambermouth,TX,75593,6HT2JU6RC41,H-00960,P-01808,Bluepeak,H4593-006,MA,TX,AGE,BP-987361,2023-07-01,,ACTIVE,90949389,50.69,
C-01393,"Snow, Melissa",07/31/1954,(359) 555-0122,melissa.snow1393@example.com,6799 Sandra Village,South Joseph,TX,76362,6FM3YF2YP01,H-00961,P-01809,Cardinal Mutual,H7252-015,MA,TX,AGE,CM-809750,08/01/23,01/31/26,chk w/ carrier,99847493,35.43,
C-01393,"Snow, Melissa",07/31/1954,(359) 555-0122,melissa.snow1393@example.com,6799 Sandra Village,South Joseph,TX,76362,6FM3YF2YP01,H-00961,P-01810,Meridian Care,H8433-018-001,MA,TX,AGE,MC-791253,02/01/2026,,Active,99847493,17.40,
C-01394,"Snow, Lisa",11/16/1938,(359) 555-0122,,6799 Sandra Village,South Joseph,TX,76362,8VF4MQ6QQ94,H-00961,P-01811,Summit Health Plans,S5808-022-003,PDP,TX,AGE,SH-320580,2025-09-01,,ACTIVE,99847493,55.67,
C-01395,"Lang, Joshua",37990,(962) 555-0145,joshua.lang1395@example.com,4083 Jeffrey View Suite 360,Williamsland,IL,62987,,H-00962,P-01812,Meridian Care,76540IL7166784,ACA,IL,,MC-698594,01/01/25,,active,7150444,366.48,
C-01396,"Smith, Ruben",20562,(969) 555-0118,,84907 Amanda Plaza Suite 136,Gregoryborough,UT,84672,8J04R98YG70,H-00963,P-01813,Meridian Care,H3591-025,MA,UT,AGE,MC-812965,11/01/2025,,Active,97102525,55.04,
C-01397,"Smith, Mark",32456,(969) 555-0118,,84907 Amanda Plaza Suite 136,Gregoryborough,UT,84672,,H-00963,P-01814,Cardinal Mutual,49117UT6982468,ACA,UT,,CM-210472,2025-01-01,2025-12-31,TERMINATED,97102525,671.34,
C-01397,"Smith, Mark",32456,(969) 555-0118,,84907 Amanda Plaza Suite 136,Gregoryborough,UT,84672,,H-00963,P-01815,Northwind Health,76542UT5929706,ACA,UT,,NW-412750,01/01/26,,active,97102525,281.24,
C-01398,"Harris, Frank",12/25/1943,(250) 555-0148,frank.harris1398@example.com,0124 Diane Skyway,Robertchester,NE,68169,9VU9GK4YK03,H-00964,P-01816,Meridian Care,R5315-020,MA,NE,AGE,MC-439748,08/01/2025,,Cancelled,54100814,57.94,
C-01399,"Harris, Connor",10/25/1952,(250) 555-0148,connor.harris1399@example.com,0124 Diane Skyway,Robertchester,NE,68169,9WJ3EW3WA16,H-00964,P-01817,Meridian Care,N,MEDSUPP,NE,AGE,MC-591694,2025-02-01,,ACTIVE,54100814,177.77,
C-01399,"Harris, Connor",10/25/1952,(250) 555-0148,connor.harris1399@example.com,0124 Diane Skyway,Robertchester,NE,68169,9WJ3EW3WA16,H-00964,P-01818,Meridian Care,S9201-026,PDP,NE,AGE,MC-776752,02/01/25,,active,54100814,27.15,
C-01400,"Morgan, Vincent",21115,(364) 555-0103,vincent.morgan1400@example.com,8811 Morgan Walk Apt. 314,North Kathy,MN,55880,4EV5GA0FJ91,H-00965,P-01819,Bluepeak,N,MEDSUPP,MN,AGE,BP-304312,10/01/2024,,Active,61855700,113.98,
C-01400,"Morgan, Vincent",21115,(364) 555-0103,vincent.morgan1400@example.com,8811 Morgan Walk Apt. 314,North Kathy,MN,55880,4EV5GA0FJ91,H-00965,P-01820,Bluepeak,S2489-022-002,PDP,MN,AGE,BP-405228,2024-10-01,,ACTIVE,61855700,15.90,
C-01401,"Morgan, Mary",20115,(825) 555-0170,mary.morgan1401@example.com,8811 Morgan Walk Apt. 314,North Kathy,MN,55880,9Y96UG0EG95,H-00965,P-01821,Northwind Health,H9830-021-002,MA,MN,AGE,NW-518227,03/01/25,,active,61855700,26.23,
C-01402,"Swanson, Rhonda",08/22/1936,(586) 555-0143,,179 Floyd Knolls Apt. 526,New Sierra,ID,83289,4GM4VJ4HV71,H-00966,P-01822,Northwind Health,H9830-014-002,MA,ID,AGE,NW-220868,12/01/2023,,Active,77125617,50.69,
C-01403,"Swanson, Christine",10/13/1937,(206) 555-0188,christine.swanson1403@example.com,179 Floyd Knolls Apt. 526,New Sierra,ID,83289,8FW2C74CC93,H-00966,P-01823,Meridian Care,H3591-010-003,MA,ID,AGE,MC-848050,2025-07-01,,ACTIVE,77125617,51.37,
C-01404,"Sparks, Ryan",22914,(372) 555-0114,,22528 Timothy Throughway,Anthonyfurt,AR,71826,,H-00967,P-01824,Bluepeak,23947AR2985479,ACA,AR,,BP-831794,01/01/26,,active,44524491,497.73,
C-01405,"Sparks, Lindsay",04/05/1937,(372) 555-0114,lindsay.sparks1405@example.com,22528 Timothy Throughway,Anthonyfurt,AR,71826,3PF0GD3EE67,H-00967,P-01825,Harborline,H2796-006-003,MA,AR,AGE,HL-618109,01/01/2025,,Active,44524491,31.64,
C-01406,"Gonzalez, Bobby",12/31/1945,(718) 555-0114,bobby.gonzalez1406@example.com,23979 Theresa Summit Apt. 787,Morrisstad,CO,81257,1GN1NH8QK26,H-00968,P-01826,Bluepeak,H3266-003-001,MA,CO,AGE,BP-819081,2024-05-01,,ACTIVE,5265799,39.59,
C-01407,"Meyer, Katie",05/11/1944,(263) 555-0185,katie.meyer1407@example.com,09505 Perry Villages Apt. 571,Port Cody,AK,99786,8N55AV4VN28,H-00969,P-01827,Cardinal Mutual,H7252-026,MA,AK,AGE,CM-628700,07/01/23,,active,61291817,40.67,
C-01408,"Meyer, Brittany",01/23/1939,(213) 555-0146,brittany.meyer1408@example.com,09505 Perry Villages Apt. 571,Port Cody,AK,99786,4A07QK4CN83,H-00969,P-01828,Meridian Care,H8433-006-001,MA,AK,AGE,MC-772389,09/01/2023,06/30/2025,Terminated,61291817,37.23,
C-01408,"Meyer, Brittany",01/23/1939,(213) 555-0146,brittany.meyer1408@example.com,09505 Perry Villages Apt. 571,Port Cody,AK,99786,4A07QK4CN83,H-00969,P-01828,Meridian Care,H8433-006-001,MA,AK,AGE,MC-772389,2023-09-01,2025-06-30,TERMINATED,61291817,49.23,
C-01408,"Meyer, Brittany",01/23/1939,(213) 555-0146,brittany.meyer1408@example.com,09505 Perry Villages Apt. 571,Port Cody,AK,99786,4A07QK4CN83,H-00969,P-01829,Summit Health Plans,H9797-018-003,MA,AK,AGE,SH-692139,07/01/25,,active,61291817,15.35,
C-01409,"Brown, Kevin",36720,(570) 555-0113,kevin.brown1409@example.com,8851 Kristi Route Suite 348,Carterville,CO,80401,,H-00970,P-01830,Northwind Health,76542CO7166851,ACA,CO,,NW-991113,01/01/2025,12/31/2025,Terminated,5265799,406.17,
C-01409,"Brown, Kevin",36720,(570) 555-0113,kevin.brown1409@example.com,8851 Kristi Route Suite 348,Carterville,CO,80401,,H-00970,P-01831,Summit Health Plans,93748CO8961776,ACA,CO,,SH-176541,2026-01-01,,ACTIVE,5265799,190.67,
C-01410,"Parker, Kevin",21114,(384) 555-0138,kevin.parker1410@example.com,462 Morgan Loop,New Michaelfort,IL,61103,5U51DT0QK85,H-00971,P-01832,Summit Health Plans,S8123-007,PDP,IL,AGE,SH-271471,03/01/25,,active,37231783,19.67,
C-01411,"Beasley, Ian",12/27/1948,(453) 555-0169,,45212 Michael Court,Katrinamouth,WA,99284,9EX0EE4NR76,H-00972,P-01833,Cardinal Mutual,H8668-005,MA,WA,AGE,CM-691915,06/01/2024,12/31/2025,Terminated,99847493,21.95,Call after 2pm.
C-01411,"Beasley, Ian",12/27/1948,(453) 555-0169,,45212 Michael Court,Katrinamouth,WA,99284,9EX0EE4NR76,H-00972,P-01834,Summit Health Plans,H9797-026-001,MA,WA,AGE,SH-571702,2026-01-01,,ACTIVE,99847493,7.74,
C-01412,"Berg, Amy",35626,(769) 555-0100,amy.berg1412@example.com,130 Collins Trace,Port Jennifershire,MI,48261,,H-00973,P-01835,Bluepeak,23947MI5122649,ACA,MI,,BP-629322,01/01/25,,active,13981052,742.59,
C-01413,"Harrison, Michael",37214,(852) 555-0175,michael.harrison1413@example.com,60461 Adams Center Apt. 119,North Patriciaton,MO,65417,,H-00974,P-01836,Summit Health Plans,93748MO4492485,ACA,MO,,SH-691426,01/01/2024,,Active,32244663,836.99,
C-01414,"Robinson, Jean",20046,(395) 555-0127,jean.robinson1414@example.com,2983 Matthew Ferry,Lake Lisafort,ID,83490,6U80G24AY39,H-00975,P-01837,Cardinal Mutual,H8668-025-003,MA,ID,AGE,CM-400083,2024-09-01,,ACTIVE,61855700,31.46,
C-01415,"Vasquez, John",03/14/1937,(556) 555-0116,john.vasquez1415@example.com,836 Erin Wells,Barbaraborough,MI,48486,,H-00976,P-01838,Harborline,H3504-029,MA,MI,AGE,HL-509394,04/01/23,,active,13981052,0.24,
C-01416,"Martinez, Robert",10/14/1951,(295) 555-0147,robert.martinez1416@example.com,96384 Taylor Ramp Suite 944,New Melissa,TX,77554,4K85G76HQ28,H-00977,P-01839,Cardinal Mutual,H7252-012,MA,TX,AGE,CM-133716,12/01/2024,,Active,99847493,37.63,
C-01417,"Simon, Gabriella",06/19/1951,(934) 555-0115,gabriella.simon1417@example.com,16934 Barbara Via Apt. 320,East Julie,CT,06546,3DD1TN4XK49,H-00978,P-01840,Cardinal Mutual,H8668-006-001,MA,CT,AGE,CM-905595,2023-10-01,,ACTIVE,29898923,51.23,
C-01418,"West, Dylan",36007,(618) 555-0134,dylan.west1418@example.com,41903 Maria Bridge,Rodriguezborough,CA,93414,,H-00979,P-01841,Summit Health Plans,93748CA2913153,ACA,CA,,SH-792718,01/01/26,,active,78490893,479.87,
C-01419,"Lopez, Elizabeth",04/19/1954,(714) 555-0156,,5668 Ramos Flats,East Paul,KS,67976,9UP9EP3AC75,H-00980,P-01842,Northwind Health,H5040-026,MA,KS,AGE,NW-330939,04/01/2026,,Active,13981052,43.33,
C-01420,"Bass, Kaitlin",07/06/1941,(250) 555-0143,kaitlin.bass1420@example.com,7460 Smith Mountain,North Kimberly,ID,83730,2A38DF4QM37,H-00981,P-01843,Meridian Care,H8433-007,MA,ID,AGE,MC-957703,2024-11-01,2026-03-31,TERMINATED,61855700,3.88,
C-01420,"Bass, Kaitlin",07/06/1941,(250) 555-0143,kaitlin.bass1420@example.com,7460 Smith Mountain,North Kimberly,ID,83730,2A38DF4QM37,H-00981,P-01844,Northwind Health,H5040-014,MA,ID,AGE,NW-872151,04/01/26,,active,61855700,34.46,
C-01421,"Cole, Haley",04/26/1946,(351) 555-0108,haley.cole1421@example.com,61424 Thompson Trafficway Apt. 781,Baileybury,CA,94803,8Y20QN0RD47,H-00982,P-01845,Harborline,R3621-011-001,MA,CA,AGE,HL-245535,06/01/2022,,Active,78490893,0.18,
C-01422,"Villa, Daniel",27584,(461) 555-0197,,6427 Samuel Dale Apt. 376,New William,OR,97000,,H-00983,P-01846,Cardinal Mutual,49117OR8580496,ACA,OR,,CM-769905,2026-01-01,,ACTIVE,74197857,447.31,
C-01423,"Villa, Jennifer",03/15/1943,(471) 555-0195,jennifer.villa1423@example.com,6427 Samuel Dale Apt. 376,New William,OR,97000,9MF5C77YQ69,H-00983,P-01847,Meridian Care,H8433-006,MA,OR,AGE,MC-164649,03/01/25,,active,74197857,2.65,
C-01424,"Villa, Alexa",07/24/1952,(461) 555-0197,alexa.villa1424@example.com,6427 Samuel Dale Apt. 376,New William,OR,97000,8J67GJ8RD59,H-00983,P-01848,Bluepeak,H3266-024,MA,OR,AGE,BP-843112,12/01/2023,,Cancelled,74197857,49.06,
C-01425,"Sanchez, Susan",10/07/1944,(716) 555-0121,susan.sanchez1425@example.com,8460 Ashley Coves,West Johnny,CT,06584,1NN7UX7YW36,H-00984,P-01849,Cardinal Mutual,H7252-002,MA,CT,AGE,CM-715126,2024-05-01,,ACTIVE,29898923,30.22,
C-01426,"Sanchez, Sarah",08/10/1943,(682) 555-0189,sarah.sanchez1426@example.com,8460 Ashley Coves,West Johnny,CT,06584,4XC3N56AF85,H-00984,P-01850,Summit Health Plans,H5371-014,MA,CT,AGE,SH-115810,02/01/26,,active,29898923,58.71,
C-01427,"Castillo, Jacob",04/17/1945,(376) 555-0111,jacob.castillo1427@example.com,780 Susan Islands,Bradleytown,IL,61139,9MF6G12QM41,H-00985,P-01851,Northwind Health,H9830-019,MA,IL,AGE,NW-163842,10/01/2024,,Active,7150444,24.03,
C-01428,"Hodge, Mike",05/29/1940,(583) 555-0130,michael.hodge1428@example.com,644 Courtney Skyway Suite 167,East Mark,MN,56151,6C67R95NT37,H-00986,P-01852,Summit Health Plans,H9797-011,MA,MN,AGE,SH-278743,2023-05-01,,ACTIVE,11576383,6.22,
C-01429,"Hall, Michelle",01/23/1937,(374) 555-0120,,573 Bernard Brook,North Annetteberg,NE,68758,3YK9RN2HY67,H-00987,P-01853,Summit Health Plans,R6573-002,MA,NE,AGE,SH-797065,05/01/23,01/31/26,terminated,6831819,18.35,
C-01429,"Hall, Michelle",01/23/1937,(374) 555-0120,,573 Bernard Brook,North Annetteberg,NE,68758,3YK9RN2HY67,H-00987,P-01854,Meridian Care,H3591-002-002,MA,NE,AGE,MC-374966,02/01/2026,,Active,6831819,45.89,
C-01430,"Johnson, Alexander",06/10/1950,(757) 555-0143,alexander.johnson1430@example.com,6811 Higgins Forges,East Nathan,DC,20236,4Y77Q23NG94,H-00988,P-01855,Northwind Health,H5040-001-002,MA,DC,AGE,NW-162443,2024-03-01,,ACTIVE,6831819,22.21,
C-01431,"Johnson, Briana",05/29/1935,(347) 555-0153,,6811 Higgins Forges,East Nathan,DC,20236,2DV9UV7HT28,H-00988,P-01856,Bluepeak,H4593-022,MA,DC,AGE,BP-825135,11/01/26,,pending,6831819,17.90,
C-01432,"Francis, Shawna",03/19/1935,(828) 555-0108,shawna.francis1432@example.com,9731 Mclean Ridge,North Lindaside,WA,98191,4CV5MM1VM36,H-00989,P-01857,Cardinal Mutual,H7252-021,MA,WA,AGE,CM-308893,06/01/2025,,Active,99847493,49.55,
C-01433,"Davis, Brandi",34623,(233) 555-0174,brandi.davis1433@example.com,74820 Montoya Forge,Clayville,KY,41769,,H-00990,P-01858,Cardinal Mutual,49117KY8145722,ACA,KY,,CM-622894,2025-01-01,2025-12-31,TERMINATED,94702683,691.58,
C-01433,"Davis, Brandi",34623,(233) 555-0174,brandi.davis1433@example.com,74820 Montoya Forge,Clayville,KY,41769,,H-00990,P-01859,Summit Health Plans,93748KY7780891,ACA,KY,,SH-351834,01/01/26,,active,94702683,746.27,
C-01434,"Oconnor, James",31517,(260) 555-0126,james.oconnor1434@example.com,65578 Anthony Court Apt. 432,East Joan,NY,12339,,H-00991,P-01860,Summit Health Plans,93748NY1859364,ACA,NY,,SH-945071,01/01/2025,12/31/2025,Terminated,6831819,583.61,
C-01434,"Oconnor, James",31517,(260) 555-0126,james.oconnor1434@example.com,65578 Anthony Court Apt. 432,East Joan,NY,12339,,H-00991,P-01861,Harborline,91959NY3389708,ACA,NY,,HL-908995,2026-01-01,,ACTIVE,6831819,619.53,
C-01435,"Oconnor, Jason",11/17/1947,(566) 555-0144,jason.oconnor1435@example.com,65578 Anthony Court Apt. 432,East Joan,NY,12339,4J60WY2HJ31,H-00991,P-01862,Harborline,H3504-011,MA,NY,AGE,HL-587074,02/01/23,,active,6831819,2.33,
C-01436,"Beard, Kevin",09/24/1947,(643) 555-0117,kevin.beard1436@example.com,7073 Anthony Stream,West Courtney,PA,16602,2N01MM8UR21,H-00992,P-01863,Harborline,A,MEDSUPP,PA,AGE,HL-870452,03/01/2024,,Active,1884412,170.17,
C-01436,"Beard, Kevin",09/24/1947,(643) 555-0117,kevin.beard1436@example.com,7073 Anthony Stream,West Courtney,PA,16602,2N01MM8UR21,H-00992,P-01864,Harborline,S2040015,PDP,PA,AGE,HL-361355,2024-03-01,,ACTIVE,1884412,79.31,
C-01437,"Beard, Gloria",12/15/1946,(643) 555-0117,gloria.beard1437@example.com,7073 Anthony Stream,West Courtney,PA,16602,3PG0GJ5VY37,H-00992,P-01865,Northwind Health,H5040-018,MA,PA,AGE,NW-656502,06/01/24,,active,1884412,21.66,
C-01438,"Rodriguez, Kathy",04/01/1941,(594) 555-0186,kathy.rodriguez1438@example.com,127 Smith Landing,New Gregorychester,IL,61885,2XK5Q14MR45,H-00993,P-01866,Bluepeak,R9348-012-002,MA,IL,AGE,BP-417885,10/01/2022,,Active,37231783,13.91,
C-01439,"Poole, Brooke",08/27/1935,(575) 555-0142,brooke.poole1439@example.com,26163 Joseph Pike,Oliviaburgh,NE,68868,8Y15CE4QT09,H-00994,P-01867,Bluepeak,H3266-029,MA,NE,AGE,BP-878991,2025-08-01,,ACTIVE,54100814,3.64,
C-01440,"Poole, Donna",21471,(575) 555-0142,donna.poole1440@example.com,26163 Joseph Pike,Oliviaburgh,NE,68868,8C67JK6CJ16,H-00994,P-01868,Bluepeak,H4593-026-002,MA,NE,AGE,BP-881981,02/01/24,09/17/26,active,54100814,56.13,
C-01441,"Houston, James",20106,(883) 555-0125,,6297 Stewart Rest,Lake Lauren,VA,23061,9QU8N91PC66,H-00995,P-01869,Summit Health Plans,H5371-004,MA,VA,AGE,SH-440893,10/01/2024,,Active,78490893,56.73,
C-01442,"Houston, Kenneth",03/02/1937,(532) 555-0122,kenneth.houston1442@example.com,6297 Stewart Rest,Lake Lauren,VA,23061,9X84CX3RJ64,H-00995,P-01870,Northwind Health,H9830-011,MA,VA,AGE,NW-829392,2024-03-01,2025-12-31,TERMINATED,78490893,9.78,
C-01442,"Houston, Kenneth",03/02/1937,(532) 555-0122,kenneth.houston1442@example.com,6297 Stewart Rest,Lake Lauren,VA,23061,9X84CX3RJ64,H-00995,P-01871,Summit Health Plans,H9797-008,MA,VA,AGE,SH-715527,01/01/26,,active,78490893,16.96,
C-01443,"Odonnell, William",03/13/1949,(269) 555-0175,william.odonnell1443@example.com,91203 Ann Locks Apt. 082,Port David,IL,60516,3R89T74WQ97,H-00996,P-01872,Harborline,H3504-024,MA,IL,AGE,HL-189416,12/01/2024,,Active,7150444,16.23,
C-01444,"Odonnell, Catherine",07/11/1949,(468) 555-0147,catherine.odonnell1444@example.com,91203 Ann Locks Apt. 082,Port David,IL,60516,4QX2G45XD64,H-00996,P-01873,Bluepeak,H4593-016,MA,IL,AGE,BP-525057,2022-09-01,,ACTIVE,7150444,23.06,
C-01445,"Patterson, Melissa",21167,(636) 555-0131,melissa.patterson1445@example.com,88158 Jordan Isle,Port Gregory,ID,83262,1VP5J56AR22,H-00997,P-01874,Northwind Health,H9830-007-002,MA,ID,AGE,NW-872703,01/01/24,,active,77125617,52.52,
C-01446,"Patterson, Jamie",05/06/1941,(600) 555-0126,jamie.patterson1446@example.com,88158 Jordan Isle,Port Gregory,ID,83262,5DA4A60HG73,H-00997,P-01875,Bluepeak,H4593-023,MA,ID,AGE,BP-419402,02/01/2022,,Active,77125617,36.41,
C-01447,"Martin, Joshua",21400,(943) 555-0129,joshua.martin1447@example.com,182 Jones Stravenue,Lake Kathleenmouth,KY,40487,3AJ8A16XN86,H-00998,P-01876,Meridian Care,H3591-030,MA,KY,AGE,MC-796910,2024-05-01,,ACTIVE,61291817,53.20,
C-01448,"Holland, Brian",11/27/1934,(368) 555-0164,,00000 Marcus Throughway Apt. 137,South Kristenside,ID,83283,7RQ6JQ9MU28,H-00999,P-01877,Meridian Care,H8433-011-002,MA,ID,AGE,MC-301845,05/01/22,,active,77125617,0.83,
C-01449,"Holland, Crystal",21736,(816) 555-0135,,00000 Marcus Throughway Apt. 137,South Kristenside,ID,83283,1JU5HP3EH24,H-00999,P-01878,Bluepeak,H3266-014,MA,ID,AGE,BP-970808,06/01/2025,,Active,77125617,36.99,
C-01450,"Moore, Amy",08/31/1943,(456) 555-0106,amy.moore1450@example.com,255 Chambers Underpass,Karenview,NE,68093,7NF4YM8YD85,H-01000,P-01879,Meridian Care,R1053-017,MA,NE,AGE,MC-277469,2022-11-01,,ACTIVE,33857966,41.18,Met at the café seminar in the spring.
C-01451,"Mason, Kristina",12/12/1951,(484) 555-0175,kristina.mason1451@example.com,987 Henry Trafficway,East Gregoryport,ID,83415,2R75TR5FV22,H-01001,P-01880,Cardinal Mutual,H8668-022,MA,ID,AGE,CM-842847,10/01/25,,active,77125617,22.02,
C-01452,"Davis, Jennifer",05/03/1936,(777) 555-0139,,7086 Johnson Rapid Apt. 043,Reedmouth,CA,95816,5NT7R76DJ88,H-01002,P-01881,Harborline,S2040-025,PDP,CA,AGE,HL-841378,04/01/2024,,Active,43339391,10.56,
C-01453,"Davis, Joshua",03/27/1936,(777) 555-0139,joshua.davis1453@example.com,7086 Johnson Rapid Apt. 043,Reedmouth,CA,95816,8VH2HX5XH60,H-01002,P-01882,Northwind Health,H5040-014,MA,CA,AGE,NW-211228,2022-08-01,2022-07-26,TERMINATED,43339391,31.36,
C-01453,"Davis, Joshua",03/27/1936,(777) 555-0139,joshua.davis1453@example.com,7086 Johnson Rapid Apt. 043,Reedmouth,CA,95816,8VH2HX5XH60,H-01002,P-01883,Meridian Care,H8433-002,MA,CA,AGE,MC-656849,02/01/25,,active,43339391,57.79,
C-01454,"Williams, Kyle",11/11/1950,(764) 555-0170,kyle.williams1454@example.com,6913 Hernandez Grove,West Mike,GA,31417,2GA9YR6UR37,H-01003,P-01884,Northwind Health,H5040-010,MA,GA,AGE,NW-627734,11/01/2022,04/30/2026,Terminated,10583482,20.49,
C-01454,"Williams, Kyle",11/11/1950,(764) 555-0170,kyle.williams1454@example.com,6913 Hernandez Grove,West Mike,GA,31417,2GA9YR6UR37,H-01003,P-01885,Harborline,H3504-001,MA,GA,AGE,HL-771716,2026-05-01,,ACTIVE,10583482,37.68,
C-01455,"Guzman, Christina",12/04/1953,(876) 555-0141,christina.guzman1455@example.com,608 Colleen Center,Clarkchester,MO,64451,6KQ7HY3DQ49,H-01004,P-01886,Summit Health Plans,H5371-024-002,MA,MO,AGE,SH-853592,01/01/22,,active,33857966,19.74,
C-01456,"Zaora, Rose",20428,(633) 555-0153,rose.zamora1456@example.com,509 David Circle Suite 016,Maryville,SC,29815,5U48C10XN80,H-01005,P-01887,Northwind Health,S6930-013,PDP,SC,AGE,NW-972397,08/01/2023,,Active,11576383,25.01,
C-01457,"Lopez, Deborah",21594,(227) 555-0109,deborah.lopez1457@example.com,4287 Gilmore Gateway,South Jennifer,UT,84005,6KQ7J04UM36,H-01006,P-01888,Summit Health Plans,H9797-018,MA,UT,AGE,SH-389715,2026-03-01,,ACTIVE,37231783,49.51,
C-01458,"Lopez, Ricardo",12/11/1949,(227) 555-0109,ricardo.lopez1458@example.com,4287 Gilmore Gateway,South Jennifer,UT,84005,4FE3AP4FW42,H-01006,P-01889,Meridian Care,H3591-007-003,MA,UT,AGE,MC-730365,11/01/23,,active,37231783,28.94,
C-01459,"Smith, Natasha",20203,(371) 555-0184,natasha.smith1459@example.com,12694 Aimee Rue,Rickeyburgh,DE,19937,1J42JW8TR76,H-01007,P-01890,Northwind Health,H9830-029,MA,DE,AGE,NW-311825,04/01/2024,,Active,54100814,5.81,
C-01460,"Smith, Katherine",24100,(371) 555-0184,katherine.smith1460@example.com,12694 Aimee Rue,Rickeyburgh,DE,19937,,H-01007,P-01891,Meridian Care,R5315-023,MA,DE,DISABILITY,MC-289121,2025-07-01,,ACTIVE,54100814,0.69,
C-01461,"Carter, Tina",08/22/1943,(205) 555-0160,tina.carter1461@example.com,8631 Yu Glen,South Morganfurt,CA,93421,4ED7VR0NT76,H-01008,P-01892,Cardinal Mutual,H7252-025,MA,CA,AGE,CM-338728,05/01/24,,cancelled,78490893,2.73,
C-01462,"Carter, Peter",04/21/1946,(477) 555-0104,peter.carter1462@example.com,8631 Yu Glen,South Morganfurt,CA,93421,3J10HR0QT78,H-01008,P-01893,Northwind Health,R5304-009,MA,CA,AGE,NW-595084,07/01/2024,,Active,78490893,48.91,
C-01463,"Johnson, Christopher",05/10/1948,(677) 555-0108,christopher.johnson1463@example.com,4026 Jennifer Land Suite 824,Port Rhonda,VA,22996,5PE4NJ7PG57,H-01009,P-01894,Harborline,N,MEDSUPP,VA,AGE,HL-950264,2025-11-01,,ACTIVE,78490893,312.14,
C-01463,"Johnson, Christopher",05/10/1948,(677) 555-0108,christopher.johnson1463@example.com,4026 Jennifer Land Suite 824,Port Rhonda,VA,22996,5PE4NJ7PG57,H-01009,P-01895,Harborline,S2040-028,PDP,VA,AGE,HL-246272,11/01/25,,active,78490893,57.94,
C-01464,"Rivera, Teresa",21037,(734) 555-0146,teresa.rivera1464@example.com,6448 Kelsey Street Apt. 538,Port Toni,AR,72714,4JW5DN7RM67,H-01010,P-01896,Meridian Care,H3591-020-002,MA,AR,AGE,MC-312099,11/01/2022,,Active,44524491,44.61,
C-01465,"Lee, Alicia",09/01/1936,(429) 555-0133,alicia.lee1465@example.com,050 Mcdaniel Centers Suite 333,Port Madison,FL,32274,9RC3M35QH33,H-01011,P-01897,Bluepeak,H3266-005,MA,FL,AGE,BP-906676,2024-11-01,2026-02-28,TERMINATED,54100814,22.84,
C-01465,"Lee, Alicia",09/01/1936,(429) 555-0133,alicia.lee1465@example.com,050 Mcdaniel Centers Suite 333,Port Madison,FL,32274,9RC3M35QH33,H-01011,P-01898,Cardinal Mutual,H8668-028-001,MA,FL,AGE,CM-857561,03/01/26,,active,54100814,27.62,
C-01466,"Lee, Brenda",07/25/1940,(429) 555-0133,brenda.lee1466@example.com,050 Mcdaniel Centers Suite 333,Port Madison,FL,32274,1H52K12TD61,H-01011,P-01899,Summit Health Plans,S8123-025,PDP,FL,AGE,SH-850000,07/01/2025,,Active,54100814,31.32,
C-01467,"Stephens, Catherine",20253,(226) 555-0126,catherine.stephens1467@example.com,3211 Jennifer Motorway,Griffithville,IL,61859,6KU8T42RV19,H-01012,P-01900,Northwind Health,R8019-003-003,MA,IL,AGE,NW-284235,2023-01-01,,ACTIVE,44524491,58.38,
C-01468,"Bond, Jennifer",08/14/1937,(570) 555-0135,jennifer.bond1468@example.com,91373 Richard Islands,North Nicole,AL,36323,5D68YG5WV31,H-01013,P-01901,Northwind Health,H9830-013,MA,AL,AGE,NW-129349,05/01/23,,active,1884412,18.40,
C-01469,"Snow, Alex",22033,(794) 555-0196,alex.snow1469@example.com,875 Davis Parkway,Maxwellhaven,MT,59660,7PT1R68XR21,H-01014,P-01902,Bluepeak,S1771-002,PDP,MT,AGE,BP-281004,08/01/2025,,Active,97102525,73.45,
C-01470,"Kennedy, Jacqueline",09/06/1946,(737) 555-0168,jacqueline.kennedy1470@example.com,00915 Rodriguez Crossroad,East Haleymouth,LA,70737,1XG5WT2VY46,H-01015,P-01903,Bluepeak,H4593-008-002,MA,LA,AGE,BP-993313,2024-06-01,2026-03-31,TERMINATED,7150444,1.34,
C-01470,"Kennedy, Jacqueline",09/06/1946,(737) 555-0168,jacqueline.kennedy1470@example.com,00915 Rodriguez Crossroad,East Haleymouth,LA,70737,1XG5WT2VY46,H-01015,P-01904,Meridian Care,H3591-016,MA,LA,AGE,MC-880371,04/01/26,,active,7150444,12.91,
C-01471,"Kennedy, Joseph",35076,(442) 555-0126,joseph.kennedy1471@example.com,00915 Rodriguez Crossroad,East Haleymouth,LA,70737,,H-01015,P-01905,Harborline,91959LA0823786,ACA,LA,,HL-965464,01/01/2025,,Active,7150444,825.76,
C-01472,"Kennedy, Justin",23030,(841) 555-0126,justin.kennedy1472@example.com,00915 Rodriguez Crossroad,East Haleymouth,LA,70737,,H-01015,P-01906,Cardinal Mutual,49117LA4018852,ACA,LA,,CM-994680,2024-01-01,,ACTIVE,7150444,483.08,
C-01473,"Jones, Cassandra",20896,(263) 555-0191,cassandra.jones1473@example.com,609 Peter Ridge,Denniston,CA,91512,7G42VK5NM14,H-01016,P-01907,Northwind Health,A,MEDSUPP,CA,AGE,NW-447383,04/01/26,,active,43339391,298.29,
C-01473,"Jones, Cassandra",20896,(263) 555-0191,cassandra.jones1473@example.com,609 Peter Ridge,Denniston,CA,91512,7G42VK5NM14,H-01016,P-01908,Northwind Health,S6930-005,PDP,CA,AGE,NW-702865,04/01/2026,,Active,43339391,31.67,
C-01474,"Willis, Katherine",03/03/1937,(958) 555-0184,katherine.willis1474@example.com,941 Perez Locks,Coopertown,NC,27065,3Q80MR9AE74,H-01017,P-01909,Meridian Care,H3591-030-003,MA,NC,AGE,MC-498180,2025-04-01,,ACTIVE,74197857,58.90,
C-01475,"Dominguez, Meredith",04/12/1951,(427) 555-0118,,22399 Charles Mission Suite 556,North Jonathanton,MI,48203,7PC2KF3VX35,H-01018,P-01910,Meridian Care,H3591-015,MA,MI,AGE,MC-939125,06/01/23,,active,13981052,6.24,
C-01476,"Dominguez, Kelly",07/06/1946,(584) 555-0103,kelly.dominguez1476@example.com,22399 Charles Mission Suite 556,North Jonathanton,MI,48203,1P00RR7EK85,H-01018,P-01911,Bluepeak,H4593-016,MA,MI,AGE,BP-367097,11/01/2026,,chk w/ carrier,13981052,6.60,
C-01477,"Delen, Andrew",10/11/1942,(954) 555-0108,andrew.deleon1477@example.com,050 Young Locks Suite 608,North Juliechester,NE,68632,3GA2V18DP20,H-01019,P-01912,Summit Health Plans,H5371-018-002,MA,NE,AGE,SH-226036,2024-09-01,,ACTIVE,33857966,0.29,
C-98127,,,,,,,,,,,P-01913,Harborline,R3621-026,MA,WV,AGE,HL-688412,11/01/22,01/31/25,terminated,7150444,19.63,
C-01478,"Jones, Shelby",06/07/1943,(340) 555-0135,shelby.jones1478@example.com,08356 Wilkerson Corners,South Ericmouth,WV,25242,2J89MJ0JG50,H-01020,P-01914,Bluepeak,H3266-002,MA,WV,AGE,BP-980580,02/01/2025,,Active,7150444,55.63,
C-01479,"Washington, Melanie",32338,(776) 555-0196,melanie.washington1479@example.com,23455 Lisa Pass,South Ashley,MN,56232,,H-01021,P-01915,Northwind Health,76542MN3205745,ACA,MN,,NW-127578,2026-01-01,,ACTIVE,61855700,444.60,
C-01480,"Deleon, Matthew",11/03/1941,(770) 555-0152,matthew.deleon1480@example.com,293 Roberts Canyon Apt. 348,Port Allisonmouth,LA,70136,1NC4V77EN90,H-01022,P-01916,Northwind Health,H9830-016-001,MA,LA,AGE,NW-209862,09/01/23,,active,7150444,13.95,
C-01481,"Brown, Elizabeth",06/05/1936,(496) 555-0132,elizabeth.brown1481@example.com,8826 Jason Rue,Christinaville,IL,61532,8EU4AA3KP68,H-01023,P-01917,Summit Health Plans,H5371-025,MA,IL,AGE,SH-602124,09/01/2024,12/31/2025,N/A,37231783,17.04,
C-01481,"Brown, Elizabeth",06/05/1936,(496) 555-0132,elizabeth.brown1481@example.com,8826 Jason Rue,Christinaville,IL,61532,8EU4AA3KP68,H-01023,P-01918,Harborline,H3504-013,MA,IL,AGE,HL-563977,2026-01-01,,ACTIVE,37231783,0.40,
C-01482,"Chavez, Jonathan",02/03/1935,(260) 555-0198,jonathan.chavez1482@example.com,090 Kaiser Prairie Apt. 449,North Jennifer,KY,41293,9EW0HR8YH82,H-01024,P-01919,Bluepeak,A,MEDSUPP,KY,AGE,BP-714077,11/01/23,,active,94702683,312.29,
C-01482,"Chavez, Jonathan",02/03/1935,(260) 555-0198,jonathan.chavez1482@example.com,090 Kaiser Prairie Apt. 449,North Jennifer,KY,41293,9EW0HR8YH82,H-01024,P-01920,Bluepeak,S2489-010,PDP,KY,AGE,BP-709080,11/01/2023,,Active,94702683,40.38,
C-01483,"Davis, Alexa",02/18/1945,(341) 555-0150,alexa.davis1483@example.com,9996 Kane Shoals,Mariamouth,LA,70702,7RW4W90HE63,H-01025,P-01921,Cardinal Mutual,H7252-009-002,MA,LA,AGE,CM-680361,2024-02-01,,ACTIVE,11576383,53.04,
C-01484,"Clay, Ashley",06/06/1944,(426) 555-0101,ashley.clay1484@example.com,596 Dylan Port,West Andrewhaven,KY,40762,6JY5F36CV85,H-01026,P-01922,Bluepeak,R9085-029,MA,KY,AGE,BP-404380,01/01/23,,active,94O02683,19.39,
C-01485,"Russell, Holly",05/15/1950,(407) 555-0186,,31234 Kimberly Meadows,Elliottton,NC,27879,8TC4XY0XR78,H-01027,P-01923,Summit Health Plans,H5371-028,MA,NC,AGE,SH-702893,05/01/2022,,Active,74197857,27.55,Met at the café seminar in the spring.
C-01486,"Russell, Veronica",08/14/1948,(233) 555-0184,veronica.russell1486@example.com,31234 Kimberly Meadows,Elliottton,NC,27879,5AN7H96WX10,H-01027,P-01924,Meridian Care,H8433-029-001,MA,NC,AGE,MC-550168,2024-10-01,,ACTIVE,74197857,25.70,
C-01487,"Morrison, Mike",08/09/1935,(715) 555-0184,michael.morrison1487@example.com,61760 Thompson Forge Suite 838,West Elizabeth,IL,62927,8T51R99XE65,H-01028,P-01925,Cardinal Mutual,H8668-025-001,MA,IL,AGE,CM-224481,09/01/24,,active,44524491,5.74,
C-01488,"Morrison, John",02/18/1950,(932) 555-0153,john.morrison1488@example.com,61760 Thompson Forge Suite 838,West Elizabeth,IL,62927,2FQ5U22WD82,H-01028,P-01926,Summit Health Plans,G,MEDSUPP,IL,AGE,SH-990761,02/01/2026,,Active,44524491,144.47,
C-01488,"Morrison, John",02/18/1950,(932) 555-0153,john.morrison1488@example.com,61760 Thompson Forge Suite 838,West Elizabeth,IL,62927,2FQ5U22WD82,H-01028,P-01927,Summit Health Plans,S8123-030,PDP,IL,AGE,SH-370799,2026-02-01,,ACTIVE,44524491,31.96,
C-01489,"Bishop, Matthew",08/11/1951,(557) 555-0186,,804 Phyllis Lodge,East Rachelshire,KY,40279,6PH7JC4HT63,H-01029,P-01928,Summit Health Plans,F,MEDSUPP,KY,AGE,SH-692954,08/01/22,,active,43339391,210.72,
C-01489,"Bishop, Matthew",08/11/1951,(557) 555-0186,,804 Phyllis Lodge,East Rachelshire,KY,40279,6PH7JC4HT63,H-01029,P-01929,Summit Health Plans,S8123-001,PDP,KY,AGE,SH-961489,08/01/2022,,Active,43339391,85.78,
C-01490,"Russell, Charles",22160,(479) 555-0104,charles.russell1490@example.com,9582 Guerrero Course,Berrystad,LA,70570,6RC2J41CR40,H-01030,P-01930,Summit Health Plans,H9797-006-002,MA,LA,AGE,SH-627750,2026-04-01,,ACTIVE,7150444,46.02,
C-01491,"Russell, Maria",06/18/1946,(465) 555-0175,maria.russell1491@example.com,9582 Guerrero Course,Berrystad,LA,70570,3PE9U23RR54,H-01030,P-01931,Meridian Care,H8433-027,MA,LA,AGE,MC-836358,05/01/24,,active,7150444,45.89,
C-01492,"King, James",24756,(918) 555-0141,james.king1492@example.com,761 Katie Valley,Ashleyville,ID,83207,,H-01031,P-01932,Northwind Health,76542ID721695,ACA,ID,,NW-581915,01/01/2026,,Active,43339391,799.54,
C-01493,"King, Joe",03/10/1952,(918) 555-0141,joseph.king1493@example.com,761 Katie Valley,Ashleyville,ID,83207,8M93AK0GP60,H-01031,P-01933,Northwind Health,H9830-022,MA,ID,AGE,NW-987852,2022-03-01,2024-08-31,TERMINATED,43339391,32.50,
C-01493,"King, Joe",03/10/1952,(918) 555-0141,joseph.king1493@example.com,761 Katie Valley,Ashleyville,ID,83207,8M93AK0GP60,H-01031,P-01934,Summit Health Plans,H5371-025,MA,ID,AGE,SH-559086,09/01/24,,active,43339391,0.04,
C-01494,"Smith, Melissa",04/18/1954,(953) 555-0188,,94840 Marissa Expressway,Goodwintown,PA,18690,5G27GX9AM38,H-01032,P-01935,Meridian Care,H8433-015,MA,PA,AGE,MC-242075,12/01/2024,,Active,1884412,32.57,
C-01495,"Smith, Ryan",28382,(953) 555-0188,ryan.smith1495@example.com,94840 Marissa Expressway,Goodwintown,PA,18690,,H-01032,P-01936,Northwind Health,76542PA6648252,ACA,PA,,NW-702463,2024-01-01,,ACTIVE,1884412,454.26,
C-01496,"Salazar, Joshua",37386,(695) 555-0116,joshua.salazar1496@example.com,1016 Charles Skyway Apt. 950,North Nicholaston,NE,68734,,H-01033,P-01937,Bluepeak,23947NE0751672,ACA,NE,,BP-557008,01/01/26,,active,6831819,417.60,
C-01497,"Salazar, Kelly",32984,(920) 555-0144,kelly.salazar1497@example.com,1016 Charles Skyway Apt. 950,North Nicholaston,NE,68734,3Q91JK0YU31,H-01033,P-01938,Meridian Care,H8433-013,MA,NE,DISABILITY,MC-556578,09/01/2022,,Active,6831819,35.96,
C-01498,"Ramos, Robert",05/12/1953,(533) 555-0129,,507 Ayala Wall,Port Brandi,NE,69100,2RX4JN3GV61,H-01034,P-01939,Meridian Care,H3591-008,MA,NE,AGE,MC-133577,2024-06-01,2026-01-31,TERMINATED,6831819,42.54,
C-01498,"Ramos, Robert",05/12/1953,(533) 555-0129,,507 Ayala Wall,Port Brandi,NE,69100,2RX4JN3GV61,H-01034,P-01940,Harborline,H2796-013-001,MA,NE,AGE,HL-998899,02/01/26,,active,6831819,36.33,
C-01499,"Ramos, Douglas",03/18/1943,(533) 555-0129,douglas.ramos1499@example.com,507 Ayala Wall,Port Brandi,NE,69100,6FR1NE0TA55,H-01034,P-01941,Northwind Health,S7543-020,PDP,NE,AGE,NW-137872,08/01/2024,,Active,6831819,66.19,
C-01500,"Powers, Caitlyn",12/05/1938,(497) 555-0111,,44077 George Lock Apt. 072,Hineschester,VA,24434,9XR2NW6YF63,H-01035,P-01942,Cardinal Mutual,H7252-011-003,MA,VA,AGE,CM-462637,2023-09-01,,ACTIVE,78490893,54.51,
C-01501,"Gonzalez, Shawn",21160,(802) 555-0196,,81776 Tina Port Apt. 406,Carlosborough,LA,70897,5XN3D62TH44,H-01036,P-01943,Summit Health Plans,H5371-014,MA,LA,AGE,SH-267251,10/01/24,09/08/26,active,11576383,56.33,
C-01502,"Gregory, Christian",07/17/1950,(642) 555-0198,christian.gregory1502@example.com,55235 Rodriguez Plains,South Alexburgh,KY,41397,3FF4TC8EA14,H-01037,P-01944,Meridian Care,H8433-003-003,MA,KY,AGE,MC-685493,10/01/2024,,Active,61291817,50.41,
C-01503,"Robinson, Charles",11/04/1938,(951) 555-0115,,61363 Anderson Park,Nicholasborough,CO,80831,7VE7YJ0AV05,H-01038,P-01945,Summit Health Plans,S5808-011,PDP,CO,AGE,SH-143831,2024-09-01,,ACTIVE,29898923,88.20,
C-01504,"Robinson, Liz",35932,(659) 555-0198,elizabeth.robinson1504@example.com,61363 Anderson Park,Nicholasborough,CO,80831,,H-01038,P-01946,Meridian Care,76540CO0422151,ACA,CO,,MC-134950,01/01/25,12/31/25,terminated,29898923,595.53,
C-01504,"Robinson, Liz",35932,(659) 555-0198,elizabeth.robinson1504@example.com,61363 Anderson Park,Nicholasborough,CO,80831,,H-01038,P-01947,Summit Health Plans,93748CO1884180,ACA,CO,,SH-455575,01/01/2026,,Active,29898923,213.20,
C-01505,"Young, Jamie",12/03/1934,(731) 555-0192,jamie.young1505@example.com,4902 Williams Way Suite 480,South Joshuaton,MD,21182,2JD1R26XM60,H-01039,P-01948,Meridian Care,H8433-015-002,MA,MD,AGE,MC-913463,2022-09-01,,ACTIVE,77125617,34.57,
C-01506,"Vasquez, Lori",03/12/1954,(253) 555-0158,,67812 Figueroa Parks Apt. 210,Lake Christopher,AL,35590,5YV8KX5YD26,H-01040,P-01949,Summit Health Plans,H9797-024-001,MA,AL,AGE,SH-881280,01/01/22,,active,1884412,21.27,
C-01507,"Delacruz, Jesse",29314,(933) 555-0115,,34862 Navarro Overpass,Hallchester,SC,29563,,H-01041,P-01950,Meridian Care,76540SC1619858,ACA,SC,,MC-123802,01/01/2026,,Active,11576383,426.66,
C-01508,"Vasquez, Jacqueline",11/03/1950,(441) 555-0164,jacqueline.vasquez1508@example.com,82856 Matthew Ports,Moyertown,NE,68038,1VQ2X85HF23,H-01042,P-01951,Cardinal Mutual,H8668-013,MA,NE,AGE,CM-198592,2022-02-01,,ACTIVE,33857966,20.86,
C-01509,"Fernandez, Christopher",29975,(783) 555-0146,christopher.fernandez1509@example.com,1770 Valencia Parks Apt. 682,West Kathyfurt,CO,80685,,H-01043,P-01952,Northwind Health,76542CO8455471,ACA,CO,,NW-821241,01/01/25,12/31/25,??,7150444,167.46,
C-01509,"Fernandez, Christopher",29975,(783) 555-0146,christopher.fernandez1509@example.com,1770 Valencia Parks Apt. 682,West Kathyfurt,CO,80685,,H-01043,P-01953,Cardinal Mutual,49117CO8455704,ACA,CO,,CM-704618,01/01/2026,,Active,7150444,412.24,
C-01510,"Fernandez, Mary",31668,(783) 555-0146,mary.fernandez1510@example.com,1770 Valencia Parks Apt. 682,West Kathyfurt,CO,80685,,H-01043,P-01954,Meridian Care,76540CO4685098,ACA,CO,,MC-808133,2025-01-01,2025-12-31,TERMINATED,7150444,334.49,
C-01510,"Fernandez, Mary",31668,(783) 555-0146,mary.fernandez1510@example.com,1770 Valencia Parks Apt. 682,West Kathyfurt,CO,80685,,H-01043,P-01955,Cardinal Mutual,49117CO8639564,ACA,CO,,CM-470011,01/01/26,,active,7150444,845.20,
C-01511,"Fernandez, Henry",07/05/1942,(783) 555-0146,henry.fernandez1511@example.com,1770 Valencia Parks Apt. 682,West Kathyfurt,CO,80685,6QY3GP9RF76,H-01043,P-01956,Bluepeak,H4593-003-003,MA,CO,AGE,BP-592842,09/01/2025,,Active,7150444,14.25,
C-01512,"Curtis, Sharon",04/08/1938,(851) 555-0160,,2165 Kimberly Plains Suite 146,Lake Charles,KY,40368,1G82VA1TU10,H-01044,P-01957,Bluepeak,B,MEDSUPP,KY,AGE,BP-480480,2024-03-01,,ACTIVE,94702683,187.05,
C-01512,"Curtis, Sharon",04/08/1938,(851) 555-0160,,2165 Kimberly Plains Suite 146,Lake Charles,KY,40368,1G82VA1TU10,H-01044,P-01958,Bluepeak,S2489-005,PDP,KY,AGE,BP-792626,03/01/24,,active,94702683,68.33,
C-01513,"Young, Cindy",36106,(574) 555-0185,cindy.young1513@example.com,259 Novak Throughway,New Brittanyview,MI,49428,,H-01045,P-01959,Northwind Health,76542MI3640024,ACA,MI,,NW-349910,01/01/2024,,Active,13981052,394.15,
C-01514,"Romero, Kelly",23991,(633) 555-0181,kelly.romero1514@example.com,022 Melissa Union Apt. 938,Proctorview,TX,79195,,H-01046,P-01960,Harborline,91959TX7896939,ACA,TX,,HL-777274,2026-01-01,,ACTIVE,90949389,781.85,
C-01515,"Romero, Sydney",29369,(772) 555-0122,sydney.romero1515@example.com,9598 Deborah Haven,Shannonside,TX,75484,2WT7U59PJ34,H-01047,P-01961,Harborline,H2796-005,MA,TX,DISABILITY,HL-234373,10/01/22,,active,99847493,21.60,
C-01516,"Gonzalez, Kayla",29997,(250) 555-0121,,715 Joe Plains,Westfort,MN,56598,,H-01048,P-01962,Summit Health Plans,93748MN8817102,ACA,MN,,SH-295770,01/01/2026,,Active,61855700,601.24,
C-01517,"Vasquez, Amber",06/06/1944,(643) 555-0104,amber.vasquez1517@example.com,97461 Jennifer Shore,Simpsonside,ID,83639,9UW8MG0MT59,H-01049,P-01963,Summit Health Plans,S8123-015-003,PDP,ID,AGE,SH-158696,2026-02-01,,ACTIVE,5265799,82.79,Prefers mail over phone.
C-01518,"Vasquez, Melody",05/29/1937,(382) 555-0167,melody.vasquez1518@example.com,97461 Jennifer Shore,Simpsonside,ID,83639,3CF5MR1RU94,H-01049,P-01964,Meridian Care,L,MEDSUPP,ID,AGE,MC-574224,03/01/24,,active,5265799,301.30,
C-01518,"Vasquez, Melody",05/29/1937,(382) 555-0167,melody.vasquez1518@example.com,97461 Jennifer Shore,Simpsonside,ID,83639,3CF5MR1RU94,H-01049,P-01965,Meridian Care,S9201-017,PDP,ID,AGE,MC-925644,03/01/2024,,Active,5265799,89.66,
C-01519,"Wood, Heather",11/09/1948,(788) 555-0141,heather.wood1519@example.com,722 Black Flat Suite 085,South Dawnbury,WI,53228,3DE8N37GJ50,H-01050,P-01966,Cardinal Mutual,H8668-005,MA,WI,AGE,CM-807457,2022-06-01,2024-10-31,TERMINATED,61291817,32.85,
C-01519,"Wood, Heather",11/09/1948,(788) 555-0141,heather.wood1519@example.com,722 Black Flat Suite 085,South Dawnbury,WI,53228,3DE8N37GJ50,H-01050,P-01967,Bluepeak,H3266-029,MA,WI,AGE,BP-406246,11/01/24,,active,61291817,28.92,
C-01520,"Wood, Nicole",06/02/1939,(788) 555-0141,nicole.wood1520@example.com,722 Black Flat Suite 085,South Dawnbury,WI,53228,9F52AC8EA01,H-01050,P-01968,Harborline,H3504-022,MA,WI,AGE,HL-725109,12/01/2025,,Active,61291817,34.09,
C-01521,"King, Sarah",12/08/1951,(980) 555-0105,sarah.king1521@example.com,6957 Anthony Crossing Apt. 482,Melissaview,CA,92110,7TE0VA0KP87,H-01051,P-01969,Harborline,H3504-028,MA,CA,AGE,HL-772252,2022-12-01,,ACTIVE,78490893,55.16,
C-01522,"King, Phillip",24911,(530) 555-0162,phillip.king1522@example.com,6957 Anthony Crossing Apt. 482,Melissaview,CA,92110,,H-01051,P-01970,Bluepeak,23947CA4989728,ACA,CA,,BP-308011,01/01/25,12/31/25,??,78490893,826.69,
C-01522,"King, Phillip",24911,(530) 555-0162,phillip.king1522@example.com,6957 Anthony Crossing Apt. 482,Melissaview,CA,92110,,H-01051,P-01971,Northwind Health,76542CA5793696,ACA,CA,,NW-578819,01/01/2026,,Active,78490893,300.68,
C-01523,"Miller, Erin",06/18/1952,(441) 555-0141,erin.miller1523@example.com,25942 Cynthia Dale Suite 633,West Richardview,NE,68395,7TP7UU7HK26,H-01052,P-01972,Harborline,H3504-002,MA,NE,AGE,HL-797948,2026-04-01,,ACTIVE,33857966,16.94,
C-01524,"Miller, Mark",24806,(540) 555-0108,mark.miller1524@example.com,25942 Cynthia Dale Suite 633,West Richardview,NE,68395,8D02VA6DX90,H-01052,P-01973,Cardinal Mutual,K,MEDSUPP,NE,DISABILITY,CM-733599,07/01/24,,active,33857966,225.10,
C-01524,"Miller, Mark",24806,(540) 555-0108,mark.miller1524@example.com,25942 Cynthia Dale Suite 633,West Richardview,NE,68395,8D02VA6DX90,H-01052,P-01974,Cardinal Mutual,S2876-016,PDP,NE,DISABILITY,CM-932207,07/01/2024,,Active,33857966,29.83,
C-01525,"Harrington, Mitchell",10/31/1943,(953) 555-0106,mitchell.harrington1525@example.com,725 Jackson Ports Apt. 693,West Alyssa,KY,42521,6HQ9P22PN87,H-01053,P-01975,Meridian Care,H8433-024,MA,KY,AGE,MC-597600,2025-11-01,,ACTIVE,32244663,0.86,
C-01526,"Herring, Angelica",05/02/1939,(596) 555-0134,,186 Diaz Rue,Stonefurt,NC,28522,,H-01054,P-01976,Bluepeak,H3266-009,MA,NC,AGE,BP-708272,07/01/22,07/31/25,terminated,74197857,18.26,
C-01526,"Herring, Angelica",05/02/1939,(596) 555-0134,,186 Diaz Rue,Stonefurt,NC,28522,,H-01054,P-01977,Northwind Health,R8019-013,MA,NC,AGE,NW-328287,08/01/2025,,Active,74197857,32.84,
C-01527,"Rich, Patricia",37347,(599) 555-0133,patricia.rich1527@example.com,574 Walker Fields,Courtneyville,WA,98349,,H-01055,P-01978,Cardinal Mutual,49117WA0930682,ACA,WA,,CM-980044,2026-01-01,,ACTIVE,99847493,543.81,
C-01528,"Rich, Madison",11/01/1953,(349) 555-0191,,574 Walker Fields,Courtneyville,WA,98349,4U33YR5GU29,H-01055,P-01979,Summit Health Plans,A,MEDSUPP,WA,AGE,SH-562072,09/01/23,,active,99847493,218.63,
C-01528,"Rich, Madison",11/01/1953,(349) 555-0191,,574 Walker Fields,Courtneyville,WA,98349,4U33YR5GU29,H-01055,P-01980,Summit Health Plans,S5808-011,PDP,WA,AGE,SH-412684,09/01/2023,,Active,99847493,64.07,
C-01529,"Leon, Chris",11/28/1940,(534) 555-0137,christopher.leon1529@example.com,79720 Adrienne Squares,Brandiview,MO,64811,3UA0FX3HE32,H-01056,P-01981,Summit Health Plans,R2827-001-002,MA,MO,AGE,SH-167463,2024-02-01,,ACTIVE,33857966,12.82,
C-01530,"Leon, Michael",25933,(387) 555-0188,michael.leon1530@example.com,79720 Adrienne Squares,Brandiview,MO,64811,,H-01056,P-01982,Northwind Health,76542MO2271762,ACA,MO,,NW-651866,01/01/25,,active,33857966,238.34,Call after 2pm.
C-01531,"Roth, Thomas",02/20/1945,(574) 555-0143,thomas.roth1531@example.com,1547 Mark Islands Apt. 132,Christineborough,NY,10392,3FJ5P82WN87,H-01057,P-01983,Northwind Health,H5040-025-003,MA,NY,AGE,NW-673506,07/01/2025,,Active,97102525,12.11,
C-01532,"Johnson, Michael",01/20/1941,(566) 555-0118,michael.johnson1532@example.com,67500 Cisneros Drive,West Stephanieland,OH,45530,4P59RM7GR84,H-01058,P-01984,Cardinal Mutual,H8668-011,MA,OH,AGE,CM-576948,2025-12-01,,ACTIVE,37231783,2.77,
C-01533,"Johnson, Stephen",08/10/1953,(326) 555-0170,,67500 Cisneros Drive,West Stephanieland,OH,45530,1VW0WU5QM50,H-01058,P-01985,Meridian Care,F,MEDSUPP,OH,AGE,MC-216511,12/01/25,,cancelled,37231783,267.90,
C-01533,"Johnson, Stephen",08/10/1953,(326) 555-0170,,67500 Cisneros Drive,West Stephanieland,OH,45530,1VW0WU5QM50,H-01058,P-01986,Meridian Care,S3927-017,PDP,OH,AGE,MC-214160,12/01/2025,,Active,37231783,6.72,
C-01534,"Nelson, David",32527,(704) 555-0133,david.nelson1534@example.com,987 Cassie Village,Port Timothy,VT,05876,,H-01059,P-01987,Cardinal Mutual,49117VT8915254,ACA,VT,,CM-547499,2025-01-01,2025-12-31,TERMINATED,10583482,868.34,Client prefers materials en español.
C-01534,"Nelson, David",32527,(704) 555-0133,david.nelson1534@example.com,987 Cassie Village,Port Timothy,VT,05876,,H-01059,P-01988,Summit Health Plans,93748VT3252455,ACA,VT,,SH-923977,01/01/26,09/03/26,active,10583482,653.44,
C-01535,"Nelson, Megan",05/30/1948,(440) 555-0138,,987 Cassie Village,Port Timothy,VT,05876,8K39RJ3UX22,H-01059,P-01989,Summit Health Plans,H9797-012,MA,VT,AGE,SH-290125,04/01/2024,05/31/2025,Terminated,10583482,0.04,
C-01535,"Nelson, Megan",05/30/1948,(440) 555-0138,,987 Cassie Village,Port Timothy,VT,05876,8K39RJ3UX22,H-01059,P-01990,Bluepeak,H3266-008-003,MA,VT,AGE,BP-428437,2025-06-01,,ACTIVE,10583482,23.61,
C-01536,"Taylor, Janice",24015,(497) 555-0101,janice.taylor1536@example.com,2258 Butler Islands Suite 787,Kennethburgh,MO,63476,,H-01060,P-01991,Northwind Health,76542MO8022880,ACA,MO,,NW-547812,01/01/25,,active,6831819,888.81,
C-01537,"Taylor, Bill",32236,(699) 555-0157,william.taylor1537@example.com,2258 Butler Islands Suite 787,Kennethburgh,MO,63476,,H-01060,P-01992,Cardinal Mutual,49117MO0269689,ACA,MO,,CM-658506,01/01/2025,,Active,6831819,899.91,
C-01538,"Ponce, Lisa",06/05/1937,(296) 555-0156,lisa.ponce1538@example.com,596 Hogan Island Suite 282,Susanville,MO,65271,8VV5VT4VY55,H-01061,P-01993,Northwind Health,H9830-009-003,MA,MO,AGE,NW-931149,2024-05-01,,ACTIVE,33857966,21.62,
C-01539,"Ponce, Ronnie",05/30/1947,(528) 555-0123,ronnie.ponce1539@example.com,596 Hogan Island Suite 282,Susanville,MO,65271,5UU7KJ7GD23,H-01061,P-01994,Harborline,H3504-013,MA,MO,AGE,HL-923603,09/01/24,,active,77803264,5.95,Met at the café seminar in the spring.
C-01540,"Jones, Adam",07/29/1953,(809) 555-0105,adam.jones1540@example.com,20002 Watson Forks Apt. 132,Port Markmouth,OR,97547,1CN9AN4PE73,H-01062,P-01995,Harborline,H2796-011,MA,OR,AGE,HL-694831,01/01/2024,,Active,74197857,59.74,
C-01541,"Thomas, Sylvia",02/03/1937,(390) 555-0137,sylvia.thomas1541@example.com,0836 Evelyn Haven Suite 488,Cruzfort,MO,63938,4J80RN3HP35,H-01063,P-01996,Harborline,R3621-019,MA,MO,AGE,HL-949925,2025-04-01,2026-04-30,XFER,33857966,32.43,Client prefers materials en español.
C-01541,"Thomas, Sylvia",02/03/1937,(390) 555-0137,sylvia.thomas1541@example.com,0836 Evelyn Haven Suite 488,Cruzfort,MO,63938,4J80RN3HP35,H-01063,P-01997,Bluepeak,H4593-020-003,MA,MO,AGE,BP-100097,05/01/26,,active,33857966,33.04,Client prefers materials en español.
C-01542,"Thomas, Hannah",04/18/1940,(717) 555-0183,,0836 Evelyn Haven Suite 488,Cruzfort,MO,63938,3UH7RJ0XU73,H-01063,P-01998,Meridian Care,H8433-028,MA,MO,AGE,MC-531924,02/01/2025,,Active,33857966,31.52,
C-01543,"Calhoun, Keith",22162,(500) 555-0135,,7746 Julie Curve,Meghanburgh,NE,69172,1T22YQ2YA10,H-01064,P-01999,Summit Health Plans,H9797-013,MA,NE,AGE,SH-254891,2026-05-01,,ACTIVE,33857966,29.13,
C-01544,"Johns, Deanna",28056,(596) 555-0130,deanna.johns1544@example.com,328 Jillian Field,East Jamesberg,SD,57537,8ED7TN3XW72,H-01065,P-02000,Summit Health Plans,H5371-022,MA,SD,DISABILITY,SH-630601,06/01/23,01/31/26,terminated,90949389,2.80,
C-01544,"Johns, Deanna",28056,(596) 555-0130,deanna.johns1544@example.com,328 Jillian Field,East Jamesberg,SD,57537,8ED7TN3XW72,H-01065,P-02001,Meridian Care,H8433-025-002,MA,SD,DISABILITY,MC-824233,02/01/2026,,Active,90949389,16.42,
C-01545,"Ford, Andrew",01/07/1947,(602) 555-0143,andrew.ford1545@example.com,106 Nicole Pike Apt. 647,East Jennifer,IN,46694,6C47AP1HC69,H-01066,P-02002,Cardinal Mutual,S1188-011-001,PDP,IN,AGE,CM-674105,2024-03-01,,ACTIVE,4356886,68.59,
C-01546,"Francis, Michael",12/20/1941,(315) 555-0136,,6817 Kristin Keys,Marshallview,VT,05023,3MD3UE7JA63,H-01067,P-02003,Northwind Health,H5040-002,MA,VT,AGE,NW-686434,01/01/25,,active,10583482,33.42,
C-01547,"Brown, Misty",02/17/1947,(982) 555-0166,misty.brown1547@example.com,2629 Mark River Apt. 876,Lake Curtis,KY,40654,7N16C96UU55,H-01068,P-02004,Harborline,L,MEDSUPP,KY,AGE,HL-870717,01/01/2025,,Active,43339391,169.79,
C-01547,"Brown, Misty",02/17/1947,(982) 555-0166,misty.brown1547@example.com,2629 Mark River Apt. 876,Lake Curtis,KY,40654,7N16C96UU55,H-01068,P-02005,Harborline,S7304-010,PDP,KY,AGE,HL-950273,2025-01-01,,ACTIVE,43339391,21.46,
C-01548,"Brown, Jennifer",11/08/1936,(653) 555-0161,,2629 Mark River Apt. 876,Lake Curtis,KY,40654,3PA4CG5WY88,H-01068,P-02006,Northwind Health,A,MEDSUPP,KY,AGE,NW-945072,05/01/22,,active,43339391,194.90,
C-01548,"Brown, Jennifer",11/08/1936,(653) 555-0161,,2629 Mark River Apt. 876,Lake Curtis,KY,40654,3PA4CG5WY88,H-01068,P-02007,Northwind Health,S6930-005,PDP,KY,AGE,NW-459254,05/01/2022,,Active,43339391,39.60,
C-01549,"Frost, Diana",26563,(684) 555-0180,,721 Mcdaniel Flat,Cobbborough,TX,79746,,H-01069,P-02008,Harborline,91959TX1436920,ACA,TX,,HL-162146,2024-01-01,,ACTIVE,90949389,634.76,
C-01550,"Sandoval, Brenda",10/24/1943,(320) 555-0151,brenda.sandoval1550@example.com,52229 Joyce Extension,Lake Ronaldmouth,KS,67931,2DN5QR1JM04,H-01070,P-02009,Meridian Care,F,MEDSUPP,KS,AGE,MC-144136,05/01/24,,active,54100814,104.75,
C-01550,"Sandoval, Brenda",10/24/1943,(320) 555-0151,brenda.sandoval1550@example.com,52229 Joyce Extension,Lake Ronaldmouth,KS,67931,2DN5QR1JM04,H-01070,P-02010,Meridian Care,S3927-018-002,PDP,KS,AGE,MC-135564,05/01/2024,,Active,54100814,54.29,
C-01551,"Sandoval, Danielle",09/20/1945,(320) 555-0151,,52229 Joyce Extension,Lake Ronaldmouth,KS,67931,1QM9MY3NR58,H-01070,P-02011,Meridian Care,H8433-007,MA,KS,AGE,MC-328101,2022-03-01,,ACTIVE,54100814,46.07,
C-01552,"Kline, James",26889,(512) 555-0146,james.kline1552@example.com,823 Mark Lakes,Port Becky,MI,48421,,H-01071,P-02012,Bluepeak,23947MI5863271,ACA,MI,,BP-920351,01/01/24,,active,13981052,234.70,
C-01553,"Lane, Stephanie",10/03/1933,(863) 555-0181,stephanie.lane1553@example.com,6177 Robinson Valley Suite 430,Joseview,AR,72034,1C30KP3XW04,H-01072,P-02013,Meridian Care,H8433-016,MA,AR,AGE,MC-273766,09/01/2025,,Active,44524491,51.77,Call after 2pm.
C-01554,"Wolf, Renee",28373,(790) 555-0148,renee.wolf1554@example.com,127 Smith Ports Apt. 712,West Johnmouth,ID,83287,,H-01073,P-02014,Bluepeak,23947ID1233396,ACA,ID,,BP-964692,2025-01-01,,ACTIVE,5265799,802.49,Spouse wants copies sent to Taylor.Sampleton@example.com.
C-01555,"Daniel, Jessica",11/15/1952,(747) 555-0171,jessica.daniel1555@example.com,75298 David Burgs,East Laurafurt,MO,64552,2GW1PC1QK54,H-01074,P-02015,Cardinal Mutual,H7252-004,MA,MO,AGE,CM-466142,03/01/24,,active,33857966,12.68,
C-01556,"Daniel, Brian",20504,(747) 555-0171,brian.daniel1556@example.com,75298 David Burgs,East Laurafurt,MO,64552,7G42XP7XM74,H-01074,P-02016,Northwind Health,A,MEDSUPP,MO,AGE,NW-761515,12/01/2023,,Active,33857966,109.63,
C-01556,"Daniel, Brian",20504,(747) 555-0171,brian.daniel1556@example.com,75298 David Burgs,East Laurafurt,MO,64552,7G42XP7XM74,H-01074,P-02017,Northwind Health,S6930-004,PDP,MO,AGE,NW-342787,2023-12-01,,ACTIVE,33857966,81.38,
C-01557,"Steele, Jennifer",34413,(285) 555-0133,,00487 Stone Parkways,Baileyborough,OR,97712,,H-01075,P-02018,Cardinal Mutual,49117OR1469071,ACA,OR,,CM-449142,01/01/25,,active,74197857,697.08,
C-01558,"Nielsen, Deanna",10/29/1938,(390) 555-0155,deanna.nielsen1558@example.com,852 Dana Lock Apt. 030,Tiffanybury,CT,06147,7YM5KD9EJ78,H-01076,P-02019,Harborline,R7916-005,MA,CT,AGE,HL-732228,03/01/2022,,Active,29898923,1.71,
C-01559,"Valdez, Jessica",07/05/1951,(887) 555-0153,jessica.valdez1559@example.com,71523 Andrew Drive Apt. 950,West Jamesview,NY,12731,8M11MR4KA26,H-01077,P-02020,Northwind Health,H9830-005,MA,NY,AGE,NW-470379,2025-09-01,,ACTIVE,10583482,26.66,
C-01560,"Thomas, Brandon",36694,(347) 555-0155,,93096 Miller Spur,Davisville,CA,93725,,H-01078,P-02021,Harborline,91959CA5782729,ACA,CA,,HL-983389,01/01/26,,active,78490893,244.88,
C-01561,"Brown, Catherine",09/28/1950,(844) 555-0146,,213 David Spur,Ortizberg,NE,68516,9CV4V92AT27,H-01079,P-02022,Bluepeak,H4593-023-002,MA,NE,AGE,BP-293284,05/01/2022,,Active,33857966,54.39,
C-01562,"Stanley, Sara",07/12/1943,(951) 555-0131,sara.stanley1562@example.com,16612 Bobby River,South Derekmouth,WI,54813,7FT7RT4RY58,H-01080,P-02023,Summit Health Plans,H5371-021,MA,WI,AGE,SH-580042,2024-09-01,2025-09-30,TERMINATED,61291817,57.86,
C-01562,"Stanley, Sara",07/12/1943,(951) 555-0131,sara.stanley1562@example.com,16612 Bobby River,South Derekmouth,WI,54813,7FT7RT4RY58,H-01080,P-02024,Harborline,R7916-009,MA,WI,AGE,HL-740234,10/01/25,,active,61291817,49.73,
C-01563,"Frank, Dale",03/09/1934,(555) 555-0181,dale.frank1563@example.com,39304 Ryan Junction Apt. 802,Curtisport,NC,28362,1NJ6R87VH20,H-01081,P-02025,Northwind Health,H5040-028-003,MA,NC,AGE,NW-607157,01/01/2023,,Active,74197857,8.79,
C-01564,"Bennett, Andre",10/18/1942,(510) 555-0105,andre.bennett1564@example.com,11408 Garrett Dam Suite 095,East Caitlyn,IL,61031,2N51VA1QQ48,H-01082,P-02026,Northwind Health,G,MEDSUPP,IL,AGE,NW-543940,2026-05-01,,ACTIVE,37231783,171.76,
C-01564,"Bennett, Andre",10/18/1942,(510) 555-0105,andre.bennett1564@example.com,11408 Garrett Dam Suite 095,East Caitlyn,IL,61031,2N51VA1QQ48,H-01082,P-02027,Northwind Health,S7543-028-001,PDP,IL,AGE,NW-625056,05/01/26,,active,37231783,41.38,
C-01565,"Carlson, David",12/17/1952,(313) 555-0145,,556 Lisa Street,Port Sarahshire,NJ,07609,6UJ4D75XD06,H-01083,P-02028,Cardinal Mutual,H7252-008,MA,NJ,AGE,CM-498517,02/01/2026,,Active,77125617,58.63,Spouse wants copies sent to Taylor.Fakename@example.com.
C-01566,"Lewis, Anthony",23562,(519) 555-0163,anthony.lewis1566@example.com,13712 Lee Knolls Suite 856,Kathrynberg,WA,98604,,H-01084,P-02029,Bluepeak,23947WA2426109,ACA,WA,,BP-209854,2026-01-01,,ACTIVE,99847493,591.56,
C-01567,"Lewis, Shelly",20511,(302) 555-0199,shelly.lewis1567@example.com,13712 Lee Knolls Suite 856,Kathrynberg,WA,98604,1RF1CV4CD57,H-01084,P-02030,Summit Health Plans,L,MEDSUPP,WA,AGE,SH-118519,04/01/25,,active,99847493,303.51,
C-01567,"Lewis, Shelly",20511,(302) 555-0199,shelly.lewis1567@example.com,13712 Lee Knolls Suite 856,Kathrynberg,WA,98604,1RF1CV4CD57,H-01084,P-02031,Summit Health Plans,S5808-002,PDP,WA,AGE,SH-773780,04/01/2025,,Active,99847493,83.25,
C-01568,"Brown, Carol",08/15/1943,(771) 555-0186,,27061 Mendez Neck,New Troy,UT,84653,2MC7JU3CV71,H-01085,P-02032,Bluepeak,S2489-020,PDP,UT,AGE,BP-732052,2023-06-01,,ACTIVE,97102525,6.64,
C-01569,"Santos, Rachel",34405,(694) 555-0100,rachel.santos1569@example.com,1669 Robert Curve,Port Juan,DE,19894,,H-01086,P-02033,Meridian Care,76540DE4773877,ACA,DE,,MC-399280,01/01/25,12/31/25,terminated,4356886,795.44,
C-01569,"Santos, Rachel",34405,(694) 555-0100,rachel.santos1569@example.com,1669 Robert Curve,Port Juan,DE,19894,,H-01086,P-02034,Summit Health Plans,93748DE5475517,ACA,DE,,SH-753998,01/01/2026,,Active,4356886,738.36,
C-01570,"Rocha, Danielle",20925,(357) 555-0176,danielle.rocha1570@example.com,4203 Johnson Circle Apt. 095,Fryeshire,MD,20729,4SF9T12NK01,H-01087,P-02035,Summit Health Plans,N,MEDSUPP,MD,AGE,SH-817157,2023-11-01,,ACTIVE,77125617,270.44,
C-01570,"Rocha, Danielle",20925,(357) 555-0176,danielle.rocha1570@example.com,4203 Johnson Circle Apt. 095,Fryeshire,MD,20729,4SF9T12NK01,H-01087,P-02036,Summit Health Plans,S8123-016,PDP,MD,AGE,SH-405807,11/01/23,,active,77125617,65.26,
C-01571,"Rocha, Miguel",04/25/1948,(373) 555-0159,miguel.rocha1571@example.com,4203 Johnson Circle Apt. 095,Fryeshire,MD,20729,9CC7XG4RH66,H-01087,P-02037,Summit Health Plans,H5371-012,MA,MD,AGE,SH-781120,03/01/2025,,Active,77125617,52.30,
C-01572,"Murray, Aaron",21935,(233) 555-0178,aaron.murray1572@example.com,157 Watson Manors Apt. 347,East Maryview,AR,72043,4ET2E01JP98,H-01088,P-02038,Harborline,H3504-022-001,MA,AR,AGE,HL-708893,2025-02-01,,ACTIVE,44524491,34.45,
C-01573,"Murray, Bradley",21300,(758) 555-0131,bradley.murray1573@example.com,157 Watson Manors Apt. 347,East Maryview,AR,72043,4HN2A76GG60,H-01088,P-02039,Bluepeak,H3266-005,MA,AR,AGE,BP-517970,05/01/26,,active,44524491,31.64,
C-01574,"Burns, Rodney",08/09/1954,(500) 555-0106,rodney.burns1574@example.com,81030 Spencer Courts,Rossland,FL,33212,8EY9MN7KC51,H-01089,P-02040,Meridian Care,R1053-020,MA,FL,AGE,MC-112178,03/01/2025,,Active,94702683,58.14,
C-01575,"Bush, Steven",03/02/1935,(574) 555-0176,steven.bush1575@example.com,081 West Drive,Port Jennifermouth,NY,14856,8RJ5GK1JA22,H-01090,P-02041,Summit Health Plans,K,MEDSUPP,NY,AGE,SH-202566,2026-04-01,,ACTIVE,6831819,246.93,Client prefers materials en español.
C-01575,"Bush, Steven",03/02/1935,(574) 555-0176,steven.bush1575@example.com,081 West Drive,Port Jennifermouth,NY,14856,8RJ5GK1JA22,H-01090,P-02042,Summit Health Plans,S8123-024-002,PDP,NY,AGE,SH-122756,04/01/26,,active,6831819,74.37,
C-01576,"Williams, Monica",08/21/1951,(794) 555-0105,monica.williams1576@example.com,067 John Mountain,West Christopher,PA,16024,2UN3FF7YY75,H-01091,P-02043,Cardinal Mutual,G,MEDSUPP,PA,AGE,CM-652519,11/01/2022,,Active,13981052,193.51,
C-01576,"Williams, Monica",08/21/1951,(794) 555-0105,monica.williams1576@example.com,067 John Mountain,West Christopher,PA,16024,2UN3FF7YY75,H-01091,P-02044,Cardinal Mutual,S1188-013,PDP,PA,AGE,CM-203424,2022-11-01,,ACTIVE,13981052,45.84,
C-01577,"Villarreal, Erica",05/20/1937,(296) 555-0108,erica.villarreal1577@example.com,474 Laurie Extensions Apt. 300,Whiteside,ID,83814,9MP4RT3DH71,H-01092,P-02045,Cardinal Mutual,N,MEDSUPP,ID,AGE,CM-701216,12/01/25,,active,5265799,120.28,
C-01577,"Villarreal, Erica",05/20/1937,(296) 555-0108,erica.villarreal1577@example.com,474 Laurie Extensions Apt. 300,Whiteside,ID,83814,9MP4RT3DH71,H-01092,P-02046,Cardinal Mutual,S1188-022,PDP,ID,AGE,CM-521828,12/01/2025,,Active,5265799,72.15,
C-01578,"Weeks, Mary",09/29/1937,(255) 555-0169,mary.weeks1578@example.com,6947 James Points Apt. 533,Mooremouth,NE,68683,2D97Q81TA61,H-01093,P-02047,Meridian Care,G,MEDSUPP,NE,AGE,MC-208557,2023-02-01,,ACTIVE,6831819,127.14,
C-01578,"Weeks, Mary",09/29/1937,(255) 555-0169,mary.weeks1578@example.com,6947 James Points Apt. 533,Mooremouth,NE,68683,2D97Q81TA61,H-01093,P-02048,Meridian Care,S3927-007,PDP,NE,AGE,MC-998719,02/01/23,,active,6831819,41.31,
C-01579,"Garcia, Tammy",04/22/1953,(290) 555-0158,tammy.garcia1579@example.com,2159 Alicia Village Apt. 700,West Richardchester,KY,42183,7KA0DX1NM26,H-01094,P-02049,Northwind Health,L,MEDSUPP,KY,AGE,NW-959732,11/01/2025,,Active,43339391,271.19,
C-01579,"Garcia, Tammy",04/22/1953,(290) 555-0158,tammy.garcia1579@example.com,2159 Alicia Village Apt. 700,West Richardchester,KY,42183,7KA0DX1NM26,H-01094,P-02050,Northwind Health,S6930-003,PDP,KY,AGE,NW-541603,2025-11-01,,ACTIVE,43339391,25.14,
C-01580,"Richards, Amy",08/27/1936,(460) 555-0160,amy.richards1580@example.com,10797 Martinez Glen,North Kaitlynview,KY,42588,5QR2K98FF30,H-01095,P-02051,Bluepeak,H3266-030,MA,KY,AGE,BP-374424,04/01/24,07/31/25,terminated,61291817,41.87,
C-01580,"Richards, Amy",08/27/1936,(460) 555-0160,amy.richards1580@example.com,10797 Martinez Glen,North Kaitlynview,KY,42588,5QR2K98FF30,H-01095,P-02052,Summit Health Plans,H5371-004-003,MA,KY,AGE,SH-835778,08/01/2025,,Active,61291817,51.43,
C-01581,"Richards, Shelly",05/12/1951,(633) 555-0150,shelly.richards1581@example.com,10797 Martinez Glen,North Kaitlynview,KY,42588,2UM6KN3JE64,H-01095,P-02053,Northwind Health,H9830-004-002,MA,KY,AGE,NW-824597,2025-02-01,2024-12-06,TERMINATED,61291817,7.87,
C-01581,"Richards, Shelly",05/12/1951,(633) 555-0150,shelly.richards1581@example.com,10797 Martinez Glen,North Kaitlynview,KY,42588,2UM6KN3JE64,H-01095,P-02054,Harborline,H2796-030,MA,KY,AGE,HL-773039,04/01/26,,active,61291817,18.33,
C-01582,"Scott, Chelsea",12/27/1944,(848) 555-0113,chelsea.scott1582@example.com,949 Leslie Shores,West Kristenton,IL,62430,8WR9NT6CE88,H-01096,P-02055,Bluepeak,H3266-021-003,MA,IL,AGE,BP-769752,11/01/2026,,Pending,44524491,22.79,
C-01583,"Gonzalez, Brittany",10/31/1948,(824) 555-0160,brittany.gonzalez1583@example.com,497 Logan Pines,Fowlerland,MI,49530,8CE6V45FP31,H-01097,P-02056,Meridian Care,L,MEDSUPP,MI,AGE,MC-151151,2025-07-01,,ACTIVE,61855700,194.78,
C-01583,"Gonzalez, Brittany",10/31/1948,(824) 555-0160,brittany.gonzalez1583@example.com,497 Logan Pines,Fowlerland,MI,49530,8CE6V45FP31,H-01097,P-02057,Meridian Care,S9201-016-001,PDP,MI,AGE,MC-186619,07/01/25,,active,61855700,8.03,Client read out driver license TEST85408 on the call.
C-01584,"Cisneros, Todd",11/07/1951,(771) 555-0173,todd.cisneros1584@example.com,6984 Robert Light,East Javierport,TX,78850,3XA5PC9PU92,H-01098,P-02058,Northwind Health,A,MEDSUPP,TX,AGE,NW-568621,09/01/2024,,Active,90949389,177.45,
C-01584,"Cisneros, Todd",11/07/1951,(771) 555-0173,todd.cisneros1584@example.com,6984 Robert Light,East Javierport,TX,78850,3XA5PC9PU92,H-01098,P-02059,Northwind Health,S6930-013,PDP,TX,AGE,NW-152037,2024-09-01,,ACTIVE,90949389,87.79,
C-01585,"Dawson, Rhonda",24569,(237) 555-0188,rhonda.dawson1585@example.com,32562 Jillian Passage Suite 991,Romanland,GA,30909,,H-01099,P-02060,Cardinal Mutual,49117GA2977985,ACA,GA,,CM-637709,01/01/26,,active,61291817,789.58,
C-01586,"Brown, Eric",08/02/1939,(407) 555-0111,eric.brown1586@example.com,2037 Zachary Viaduct,North Christopher,DE,19864,3WF2HJ1GN67,H-01100,P-02061,Bluepeak,H4593-017-003,MA,DE,AGE,BP-893424,08/01/2024,,Active,4356886,28.18,
C-01587,"Miller, Sean",32735,(672) 555-0189,sean.miller1587@example.com,418 Joe Spur,Lesterville,ID,83388,,H-01101,P-02062,Meridian Care,76540ID8297407,ACA,ID,,MC-250967,2025-01-01,,ACTIVE,5265799,397.23,
C-01588,"Miller, Andrew",30988,(672) 555-0189,andrew.miller1588@example.com,418 Joe Spur,Lesterville,ID,83388,,H-01101,P-02063,Harborline,91959ID3018190,ACA,ID,,HL-809082,01/01/25,12/31/25,terminated,5265799,282.68,
C-01588,"Miller, Andrew",30988,(672) 555-0189,andrew.miller1588@example.com,418 Joe Spur,Lesterville,ID,83388,,H-01101,P-02064,Cardinal Mutual,49117ID2534386,ACA,ID,,CM-738794,01/01/2026,,Active,5265799,165.55,
C-01589,"Duncan, Scott",02/11/1944,(445) 555-0161,scott.duncan1589@example.com,801 Shannon Hollow Apt. 217,Alejandrabury,IL,61476,5FN0NX2NJ09,H-01102,P-02065,Harborline,H2796-013,MA,IL,AGE,HL-804020,2023-12-01,,ACTIVE,97102525,24.19,Client prefers materials en español.
C-01590,"James, Christopher",26253,(557) 555-0158,,0820 Jordan Cape Suite 757,Port Meganborough,ID,83574,,H-01103,P-02066,Bluepeak,23947ID9781038,ACA,ID,,BP-189199,01/01/24,,active,61855700,344.75,
C-01591,"James, Caitlin",20026,(276) 555-0130,caitlin.james1591@example.com,0820 Jordan Cape Suite 757,Port Meganborough,ID,83574,1EA7NH5CG46,H-01103,P-02067,Summit Health Plans,H9797-006,MA,ID,AGE,SH-246207,01/01/2025,02/28/2026,XFER,61855700,17.29,
C-01591,"James, Caitlin",20026,(276) 555-0130,caitlin.james1591@example.com,0820 Jordan Cape Suite 757,Port Meganborough,ID,83574,1EA7NH5CG46,H-01103,P-02068,Bluepeak,H4593-018-001,MA,ID,AGE,BP-923501,2026-03-01,,ACTIVE,61855700,39.65,Client prefers materials en español.
C-01592,"Castro, William",06/17/1951,(261) 555-0198,,128 Craig Ramp,Laceychester,TX,79460,4UA8PW7VH79,H-01104,P-02069,Northwind Health,S6930-027-001,PDP,TX,AGE,NW-247386,11/01/22,,active,90949389,35.44,
C-01593,"Castro, Steven",11/30/1940,(261) 555-0198,steven.castro1593@example.com,128 Craig Ramp,Laceychester,TX,79460,2YJ1T68MK98,H-01104,P-02070,Bluepeak,H3266-021-002,MA,TX,AGE,BP-876396,12/01/2024,,Active,90949389,35.85,
C-01594,"Williams, Rachel",32488,(414) 555-0157,rachel.williams1594@example.com,704 Brianna Forks Apt. 419,Rodriguezchester,GA,30328,,H-01105,P-02071,Harborline,91959GA5177220,ACA,GA,,HL-560976,2025-01-01,,ACTIVE,10583482,190.85,
C-01595,"Yates, Linda",01/10/1944,(565) 555-0141,linda.yates1595@example.com,74883 Sharp Knoll,Port Sarahshire,DE,19829,5W31E48AW29,H-01106,P-02072,Meridian Care,N,MEDSUPP,DE,AGE,MC-437653,06/01/25,,cancelled,4356886,259.56,
C-01595,"Yates, Linda",01/10/1944,(565) 555-0141,linda.yates1595@example.com,74883 Sharp Knoll,Port Sarahshire,DE,19829,5W31E48AW29,H-01106,P-02073,Meridian Care,S3927-016-001,PDP,DE,AGE,MC-720294,06/01/2025,,Active,4356886,83.84,
C-01596,"Hernandez, Scott",02/25/1949,(303) 555-0141,,40964 Reyes Gateway Suite 960,Shawnport,NY,13162,4H30T40QR67,H-01107,P-02074,Meridian Care,H3591-004-001,MA,NY,AGE,MC-927082,2022-04-01,,ACTIVE,97102525,46.94,
C-01597,"Hill, Amy",05/29/1941,(805) 555-0142,amy.hill1597@example.com,516 Ernest Knolls,Port Crystal,SD,57113,4K10JU7YD70,H-01108,P-02075,Bluepeak,H4593-001,MA,SD,AGE,BP-202259,02/01/26,,active,77125617,33.92,
C-01598,"Graham, Traci",20680,(494) 555-0147,,934 Patel Parkway,New Blake,MO,63101,8MF4RW4UJ25,H-01109,P-02076,Harborline,S7304-027-002,PDP,MO,AGE,HL-703490,03/01/2026,,Active,33857966,27.02,
C-99733,,,,,,,,,,,P-02077,Summit Health Plans,R2827-018,MA,IN,AGE,SH-391167,2022-07-01,,ACTIVE,4356886,21.54,
C-01600,"Kemp, John",10/10/1945,(282) 555-0193,john.kemp1600@example.com,2879 Roger Road Apt. 141,Port Daniel,IN,46749,5GC5KC5DP56,H-01110,P-02078,Harborline,H2796-002,MA,IN,AGE,HL-864773,07/01/24,,active,4356886,9.58,
C-01601,"Scott, Angela",33129,(225) 555-0109,angela.scott1601@example.com,61337 Kline Junctions,East Bradley,IL,62640,,H-01111,P-02079,Meridian Care,76540IL1315976,ACA,IL,,MC-134885,01/01/2025,,Active,44524491,547.43,
C-01602,"Davis, Louis",05/15/1950,(568) 555-0139,louis.davis1602@example.com,5025 Christensen Park,West David,DE,19880,1CA0MC0MR45,H-01112,P-02080,Cardinal Mutual,H7252-010,MA,DE,AGE,CM-661501,2023-05-01,2025-11-30,TERMINATED,54100814,59.94,
C-01602,"Davis, Louis",05/15/1950,(568) 555-0139,louis.davis1602@example.com,5025 Christensen Park,West David,DE,19880,1CA0MC0MR45,H-01112,P-02081,Summit Health Plans,H9797-010-002,MA,DE,AGE,SH-709182,12/01/25,,active,54100814,45.18,
C-01603,"Barton, Dave",01/03/1954,(338) 555-0140,david.barton1603@example.com,44096 Bruce Mountains,Mosleyland,OH,44254,6DD8EG1QP25,H-01113,P-02082,Summit Health Plans,H5371-020,MA,OH,AGE,SH-423250,04/01/2022,,Active,1884412,1.84,
C-01604,"Ramos, Robert",27172,(273) 555-0199,robert.ramos1604@example.com,898 Amy Stream Apt. 678,North Joseph,ID,83256,,H-01114,P-02083,Harborline,91959ID8070296,ACA,ID,,HL-998374,2025-01-01,2024-11-16,TERMINATED,5265799,784.64,Asked about dental add-ons at renewal.
C-01604,"Ramos, Robert",27172,(273) 555-0199,robert.ramos1604@example.com,898 Amy Stream Apt. 678,North Joseph,ID,83256,,H-01114,P-02084,Summit Health Plans,93748ID3165708,ACA,ID,,SH-756244,01/01/26,,active,5265799,283.06,
C-01605,"Ramos, Melanie",33432,(325) 555-0174,melanie.ramos1605@example.com,898 Amy Stream Apt. 678,North Joseph,ID,83256,,H-01114,P-02085,Northwind Health,76542ID2720616,ACA,ID,,NW-422216,01/01/2025,,Active,5265799,624.77,
C-01606,"Ramos, Daniel",05/12/1951,(273) 555-0199,daniel.ramos1606@example.com,898 Amy Stream Apt. 678,North Joseph,ID,83256,6VY2K14DW32,H-01114,P-02086,Northwind Health,H5040-028,MA,ID,AGE,NW-763449,2024-09-01,,ACTIVE,5265799,36.36,
C-01607,"Foster, Christine",10/03/1933,(486) 555-0198,christine.foster1607@example.com,9266 Gardner Ridges,Lake Theresa,MO,65487,6OD4MV9MA09,H-01115,P-02087,Harborline,H3504-029,MA,MO,AGE,HL-346024,07/01/25,,active,29898923,33.19,
C-01607,"Foster, Christine",10/03/1933,(486) 555-0198,christine.foster1607@example.com,9266 Gardner Ridges,Lake Theresa,MO,65487,6OD4MV9MA09,H-01115,P-02087,Harborline,H3504-029,MA,MO,AGE,HL-346024,07/01/2025,,Active,29898923,33.19,
C-01608,"Foster, Scott",31765,(716) 555-0163,scott.foster1608@example.com,9266 Gardner Ridges,Lake Theresa,MO,65487,,H-01115,P-02088,Cardinal Mutual,49117MO4092045,ACA,MO,,CM-516596,2026-01-01,,ACTIVE,29898923,777.07,
C-01609,"White, Megan",05/27/1950,(411) 555-0157,megan.white1609@example.com,415 Chapman Island Apt. 119,Lake Carol,LA,71160,2XE8TE6FW97,H-01116,P-02089,Cardinal Mutual,K,MEDSUPP,LA,AGE,CM-553541,08/01/23,,active,7150444,239.98,
C-01609,"White, Megan",05/27/1950,(411) 555-0157,megan.white1609@example.com,415 Chapman Island Apt. 119,Lake Carol,LA,71160,2XE8TE6FW97,H-01116,P-02090,Cardinal Mutual,S2876-025,PDP,LA,AGE,CM-825690,08/01/2023,,Active,7150444,14.39,
C-01610,"White, Kimberly",03/29/1954,(411) 555-0157,,415 Chapman Island Apt. 119,Lake Carol,LA,71160,3NX9HE7RX70,H-01116,P-02091,Harborline,H3504-011,MA,LA,AGE,HL-222448,2024-10-01,,ACTIVE,7150444,47.11,
C-01611,"Wright, Theresa",12/03/1934,(626) 555-0162,theresa.wright1611@example.com,60511 Miller Springs Apt. 398,Clarkmouth,IL,62883,5K57UU1KC57,H-01117,P-02092,Bluepeak,H4593-023,MA,IL,AGE,BP-477461,06/01/24,05/31/25,terminated,44524491,7.00,
C-01611,"Wright, Theresa",12/03/1934,(626) 555-0162,theresa.wright1611@example.com,60511 Miller Springs Apt. 398,Clarkmouth,IL,62883,5K57UU1KC57,H-01117,P-02093,Cardinal Mutual,H7252-021-002,MA,IL,AGE,CM-825584,06/01/2025,,Active,44524491,50.86,"Daughter Taylor Sampleton is the contact, cell (555) 555-0163."
C-01612,"Wright, Deborah",04/19/1935,(647) 555-0193,deborah.wright1612@example.com,60511 Miller Springs Apt. 398,Clarkmouth,IL,62883,4UK4WK5NN76,H-01117,P-02094,Meridian Care,S9201-027,PDP,IL,AGE,MC-823358,2026-01-01,,ACTIVE,44524491,60.42,
C-01612,"Wright, Deborah",04/19/1935,(647) 555-0193,deborah.wright1612@example.com,60511 Miller Springs Apt. 398,Clarkmouth,IL,62883,4UK4WK5NN76,H-01117,P-02094,Meridian Care,S9201-027,PDP,IL,AGE,MC-823358,01/01/26,,active,44524491,60.42,
C-01613,"Wheeler, Denise",09/26/1936,(365) 555-0160,,945 Greene Light,Smithtown,IL,62342,8FV2UQ9NV87,H-01118,P-02095,Meridian Care,H8433-027,MA,IL,AGE,MC-871102,04/01/2022,,Active,97102525,12.90,
C-01614,"Wheeler, Kevin",02/27/1947,(754) 555-0103,kevin.wheeler1614@example.com,945 Greene Light,Smithtown,IL,62342,3TR4KW2YM35,H-01118,P-02096,Northwind Health,H9830-026,MA,IL,AGE,NW-553354,2026-11-01,,N/A,97102525,8.40,
C-01615,"Floyd, Joy",20587,(679) 555-0187,joy.floyd1615@example.com,8942 Kelly Lane,Flemingview,KY,41599,5XD9EQ3RX50,H-01119,P-02097,Cardinal Mutual,G,MEDSUPP,KY,AGE,CM-736889,08/01/25,,active,94702683,202.42,
C-01615,"Floyd, Joy",20587,(679) 555-0187,joy.floyd1615@example.com,8942 Kelly Lane,Flemingview,KY,41599,5XD9EQ3RX50,H-01119,P-02098,Cardinal Mutual,S1188-013-001,PDP,KY,AGE,CM-465620,08/01/2025,,Active,94702683,17.11,
C-01616,"Floyd, Angela",11/16/1944,(679) 555-0187,angela.floyd1616@example.com,8942 Kelly Lane,Flemingview,KY,41599,8CA8DH3MX02,H-01119,P-02099,Cardinal Mutual,H7252-025-002,MA,KY,AGE,CM-753805,2023-02-01,,ACTIVE,94702683,22.83,
C-01617,"Medina, Anthony",30278,(321) 555-0182,anthony.medina1617@example.com,7605 Baker Bridge Suite 565,Avilamouth,CO,80289,,H-01120,P-02100,Harborline,91959CO7055321,ACA,CO,,HL-141341,01/01/26,,active,5265799,494.51,
C-01618,"Townsend, Matthew",02/22/1952,(805) 555-0144,matthew.townsend1618@example.com,5338 Ronald Gardens Suite 466,Port Cynthia,NC,28719,2FA3JX0PY66,H-01121,P-02101,Cardinal Mutual,R5119-027-001,MA,NC,AGE,CM-684711,08/01/2025,,Active,74197857,15.47,Met at the café seminar in the spring.
C-01619,"Richmond, Lauren",03/18/1951,(964) 555-0136,lauren.richmond1619@example.com,16599 Perez Center Apt. 622,East Edwinburgh,NE,68686,4M08NC3AG77,H-01122,P-02102,Bluepeak,H4593-027,MA,NE,AGE,BP-520511,2026-03-01,,ACTIVE,54100814,6.11,
C-01620,"Richmond, Ronnie",04/04/1950,(964) 555-0136,ronnie.richmond1620@example.com,16599 Perez Center Apt. 622,East Edwinburgh,NE,68686,,H-01122,P-02103,Meridian Care,H3591-024,MA,NE,AGE,MC-798360,01/01/26,,active,54100814,41.79,
C-01621,"Davis, Renee",28538,(376) 555-0167,renee.davis1621@example.com,746 Kathryn Ridge Apt. 601,East Juanville,NE,69010,,H-01123,P-02104,Harborline,91959NE8352762,ACA,NE,,HL-502181,01/01/2025,12/31/2025,Terminated,33857966,855.65,
C-01621,"Davis, Renee",28538,(376) 555-0167,renee.davis1621@example.com,746 Kathryn Ridge Apt. 601,East Juanville,NE,69010,,H-01123,P-02105,Meridian Care,76540NE1400311,ACA,NE,,MC-408872,2026-01-01,,ACTIVE,33857966,218.16,
C-01622,"Frey, Dave",04/24/1948,(812) 555-0148,david.frey1622@example.com,860 Kathleen Plain Apt. 179,Olsonfort,MO,65521,2NU3D18CF04,H-01124,P-02106,Harborline,H2796-015,MA,MO,AGE,HL-694310,02/01/22,,active,32244663,8.37,
C-01623,"Frey, Nancy",05/27/1952,(455) 555-0158,nancy.frey1623@example.com,860 Kathleen Plain Apt. 179,Olsonfort,MO,65521,3RP7V91MY63,H-01124,P-02107,Harborline,H2796-012-003,MA,MO,AGE,HL-166165,04/01/2026,,Active,32244663,17.12,
C-01624,"Sparks, Melissa",08/16/1953,(689) 555-0107,melissa.sparks1624@example.com,957 Sarah Groves,Taylorchester,DE,19941,2TK9HD7PR07,H-01125,P-02108,Northwind Health,H9830-007,MA,DE,AGE,NW-323424,2023-03-01,,ACTIVE,4356886,37.12,
C-01624,"Sparks, Melissa",08/16/1953,(689) 555-0107,melissa.sparks1624@example.com,957 Sarah Groves,Taylorchester,DE,19941,2TK9HD7PR07,H-01125,P-02108,Northwind Health,H9830-007,MA,DE,AGE,NW-323424,03/01/23,,active,4356886,37.12,
C-01625,"Sparks, Danielle",10/03/1939,(724) 555-0138,,957 Sarah Groves,Taylorchester,DE,19941,1E14XG6GD89,H-01125,P-02109,Bluepeak,H3266-003-001,MA,DE,AGE,BP-649682,11/01/2022,,Active,4356886,17.09,
C-01626,"Delacruz, Amanda",08/19/1950,(478) 555-0131,amanda.delacruz1626@example.com,21203 Perez Trace Suite 536,Heatherfurt,NE,69275,1K67DD8AC45,H-01126,P-02110,Northwind Health,H5040-023,MA,NE,AGE,NW-699968,2022-04-01,,ACTIVE,6831819,9.21,
C-01627,"Delacruz, Steven",11/14/1933,(637) 555-0151,,21203 Perez Trace Suite 536,Heatherfurt,NE,69275,3UQ9H54UU96,H-01126,P-02111,Northwind Health,H9830-013-003,MA,NE,AGE,NW-432214,03/01/24,,active,6831819,12.26,
C-01628,"Williams, Emma",21626,(384) 555-0139,emma.williams1628@example.com,254 Kyle Crossing Apt. 854,Lauraview,LA,70521,9R41UN4EV27,H-01127,P-02112,Cardinal Mutual,H8668-018,MA,LA,AGE,CM-967526,04/01/2026,,Active,11576383,45.71,
C-01629,"Rollins, Justin",04/03/1950,(244) 555-0171,justin.rollins1629@example.com,4547 Singh Ways Apt. 112,East Sarah,CA,92471,8WQ5CK4MD44,H-01128,P-02113,Bluepeak,R9085-025,MA,CA,AGE,BP-885089,2025-12-01,,ACTIVE,78490893,11.87,
C-01630,"Rollins, Amanda",12/31/1943,(222) 555-0109,amanda.rollins1630@example.com,4547 Singh Ways Apt. 112,East Sarah,CA,92471,1DN1JT8RG68,H-01128,P-02114,Summit Health Plans,H5371-003-001,MA,CA,AGE,SH-860866,05/01/23,,active,78490893,33.66,"Daughter Robin Fakename is the contact, cell (555) 555-0181."
C-01631,"Dillon, Angela",08/22/1943,(354) 555-0100,angela.dillon1631@example.com,917 Santana Locks Apt. 342,Jacksonborough,KY,40337,7WD4JR5XU23,H-01129,P-02115,Meridian Care,H3591-022,MA,KY,AGE,MC-428087,03/01/2025,,Active,43339391,3.88,
C-01632,"Murphy, Cynthia",35298,(669) 555-0144,cynthia.murphy1632@example.com,217 Klein Shoal Apt. 196,Port Bobby,ID,83810,2W80A87UW42,H-01130,P-02116,Harborline,H2796-017,MA,ID,DISABILITY,HL-548679,2024-09-01,,ACTIVE,5265799,51.21,
C-01632,"Murphy, Cynthia",35298,(669) 555-0144,cynthia.murphy1632@example.com,217 Klein Shoal Apt. 196,Port Bobby,ID,83810,2W80A87UW42,H-01130,P-02116,Harborline,H2796-017,MA,ID,DISABILITY,HL-548679,09/01/24,,active,5265799,51.21,
C-01633,"Smith, Michaela",20273,(700) 555-0116,michaela.smith1633@example.com,9358 Joseph Forks,Melanieport,GA,31354,2KH0X52EP27,H-01131,P-02117,Meridian Care,H3591-007,MA,GA,AGE,MC-969010,12/01/2022,,Active,61855700,34.63,
C-01634,"Smith, Michelle",10/15/1951,(700) 555-0116,michelle.smith1634@example.com,9358 Joseph Forks,Melanieport,GA,31354,2G10PX9KM76,H-01131,P-02118,Meridian Care,A,MEDSUPP,GA,AGE,MC-130677,2025-02-01,,ACTIVE,61855700,266.78,
C-01634,"Smith, Michelle",10/15/1951,(700) 555-0116,michelle.smith1634@example.com,9358 Joseph Forks,Melanieport,GA,31354,2G10PX9KM76,H-01131,P-02119,Meridian Care,S9201-011-003,PDP,GA,AGE,MC-936341,02/01/25,,active,61855700,71.35,
C-01635,"Ramirez, Jonathan",26197,(961) 555-0101,jonathan.ramirez1635@example.com,167 Wagner Passage,Port Ronaldburgh,TX,77512,,H-01132,P-02120,Northwind Health,76542TX1172115,ACA,TX,,NW-780454,01/01/2026,,Active,99847493,678.78,
C-01636,"Tran, Alexis",04/12/1949,(838) 555-0113,alexis.tran1636@example.com,4608 Lori Lake Apt. 799,South Janet,ID,83783,7T86DR6FX65,H-01133,P-02121,Cardinal Mutual,H7252-005,MA,ID,AGE,CM-355296,2024-11-01,,ACTIVE,77125617,29.47,
C-01637,"Robertson, Eric",03/31/1952,(263) 555-0179,eric.robertson1637@example.com,91287 Sawyer Street Suite 999,Mcneilhaven,TX,76118,1QY4AY7WT38,H-01134,P-02122,Northwind Health,H9830-029,MA,TX,AGE,NW-891328,08/01/24,,active,90949389,9.60,
C-01638,"Robertson, Olivia",03/16/1947,(263) 555-0179,olivia.robertson1638@example.com,91287 Sawyer Street Suite 999,Mcneilhaven,TX,76118,5J79JA0KR03,H-01134,P-02123,Harborline,H3504-029-003,MA,TX,AGE,HL-502457,09/01/2025,,Active,90949389,3.12,
C-01639,"Robertson, Hannah",05/29/1939,(263) 555-0179,hannah.robertson1639@example.com,91287 Sawyer Street Suite 999,Mcneilhaven,TX,76118,1MM7YC5WJ04,H-01134,P-02124,Northwind Health,G,MEDSUPP,TX,AGE,NW-786663,2024-07-01,,ACTIVE,90949389,250.09,Asked about dental add-ons at renewal.
C-01639,"Robertson, Hannah",05/29/1939,(263) 555-0179,hannah.robertson1639@example.com,91287 Sawyer Street Suite 999,Mcneilhaven,TX,76118,1MM7YC5WJ04,H-01134,P-02125,Northwind Health,S7543-006,PDP,TX,AGE,NW-546119,07/01/24,,active,90949389,79.62,
C-01640,"Bennett, Benjamin",23991,(322) 555-0179,benjamin.bennett1640@example.com,5792 Garcia Villages,Beckerview,LA,70400,,H-01135,P-02126,Cardinal Mutual,49117LA5509692,ACA,LA,,CM-605620,01/01/2025,,Active,11576383,541.61,
C-01641,"Perez, Shannon",07/09/1944,(385) 555-0162,shannon.perez1641@example.com,986 Thompson Curve,Port Angela,GA,31736,8GP5JG0PF85,H-01136,P-02127,Harborline,H2796-007,MA,GA,AGE,HL-264627,2022-05-01,,ACTIVE,10583482,26.99,
C-90869,,,,,,,,,,,P-02128,Meridian Care,76540KY2019371,ACA,KY,,MC-765953,01/01/26,,active,32244663,845.46,
C-01643,"Small, Allen",09/30/1938,(295) 555-0137,allen.small1643@example.com,983 Dustin Cape,North Jacobburgh,NC,28195,1K35DN6XY33,H-01138,P-02129,Bluepeak,H4593-026,MA,NC,AGE,BP-689043,11/01/2026,,chk w/ carrier,74197857,31.34,
C-01644,"Reyes, Christopher",09/01/1954,(724) 555-0159,christopher.reyes1644@example.com,6610 William Roads Suite 610,Port Kennethstad,NE,68828,6G73YC6CP63,H-01139,P-02130,Northwind Health,L,MEDSUPP,NE,AGE,NW-255935,2024-03-01,,ACTIVE,33857966,116.52,
C-01644,"Reyes, Christopher",09/01/1954,(724) 555-0159,christopher.reyes1644@example.com,6610 William Roads Suite 610,Port Kennethstad,NE,68828,6G73YC6CP63,H-01139,P-02131,Northwind Health,S7543-007,PDP,NE,AGE,NW-315150,03/01/24,,active,33857966,83.18,Asked about dental add-ons at renewal.
C-01645,"Hartman, Joshua",06/10/1942,(599) 555-0174,joshua.hartman1645@example.com,384 Santos Row,New Williamton,PA,15517,4RM3RP3DM59,H-01140,P-02132,Harborline,H2796-012,MA,PA,AGE,HL-890781,03/01/2026,,Active,13981052,2.59,
C-01646,"Moon, Adam",20821,(591) 555-0189,adam.moon1646@example.com,54695 Austin Flat,South Maryfurt,NE,68137,8R43J10FH04,H-01141,P-02133,Bluepeak,H4593-004,MA,NE,AGE,BP-697685,2022-10-01,,ACTIVE,33857966,54.18,
C-01647,"Smith, Deborah",22058,(826) 555-0192,deborah.smith1647@example.com,9671 Smith Spurs Apt. 666,Adamsland,IL,61003,4W96QR8MT07,H-01142,P-02134,Bluepeak,H3266-011-001,MA,IL,AGE,BP-869331,04/01/26,,active,4356886,39.04,
C-01648,"Williams, Christina",23917,(624) 555-0164,,1134 Lindsey Plains Suite 169,Kelseyfort,UT,84625,9FH3CX7AD99,H-01143,P-02135,Harborline,H3504-012,MA,UT,DISABILITY,HL-649074,11/01/2024,,Active,37231783,8.13,
C-01649,"Glover, Allison",23440,(614) 555-0158,allison.glover1649@example.com,366 Kelly Divide Suite 899,Mooremouth,AL,35072,,H-01144,P-02136,Bluepeak,23947AL8480654,ACA,AL,,BP-544195,2026-01-01,,ACTIVE,1884412,239.15,
C-01650,"Glover, Amber",21997,(609) 555-0164,amber.glover1650@example.com,366 Kelly Divide Suite 899,Mooremouth,AL,35072,9D82UX0MG52,H-01144,P-02137,Meridian Care,H3591-014,MA,AL,AGE,MC-913949,12/01/25,09/07/26,active,1884412,44.72,
C-01651,"Anthony, Ashley",22973,(668) 555-0177,ashley.anthony1651@example.com,8791 Johnson Unions,Whitemouth,ID,83617,,H-01145,P-02138,Northwind Health,76542ID0692691,ACA,ID,,NW-165314,01/01/2024,,Active,43339391,880.87,
C-01652,"Levine, Angela",05/22/1937,(205) 555-0179,angela.levine1652@example.com,93201 Ryan Squares Suite 789,South Alexis,KY,41792,8WX0K88JH46,H-01146,P-02139,Harborline,H3504-030,MA,KY,AGE,HL-242079,2026-03-01,,ACTIVE,61291817,51.97,
C-01653,"Murray, Stephen",09/16/1938,(272) 555-0185,stephen.murray1653@example.com,521 Ward Pass,Teresaville,TX,75527,7MC5Y89UM30,H-01147,P-02140,Cardinal Mutual,A,MEDSUPP,TX,AGE,CM-982758,10/01/24,,active,99847493,92.82,Prefers mail over phone.
C-01653,"Murray, Stephen",09/16/1938,(272) 555-0185,stephen.murray1653@example.com,521 Ward Pass,Teresaville,TX,75527,7MC5Y89UM30,H-01147,P-02141,Cardinal Mutual,S2876-017,PDP,TX,AGE,CM-773621,10/01/2024,,Active,99847493,33.34,
C-01654,"Murray, Janice",08/08/1946,(272) 555-0185,janice.murray1654@example.com,521 Ward Pass,Teresaville,TX,75527,9VU0M81NN78,H-01147,P-02142,Northwind Health,S6930-007-003,PDP,TX,AGE,NW-397486,2025-05-01,,ACTIVE,99847493,17.75,
C-01655,"Marquez, Richard",24438,(598) 555-0117,richard.marquez1655@example.com,4692 Colin Spring,West Christopher,ID,83743,,H-01148,P-02143,Bluepeak,23947ID1865814,ACA,ID,,BP-671072,01/01/24,,active,5265799,801.14,
C-01656,"Le, Mike",03/06/1943,(561) 555-0183,michael.le1656@example.com,4222 Cook Radial,South Brianview,KY,42404,5A97VK6KA15,H-01149,P-02144,Harborline,H2796-004,MA,KY,AGE,HL-744307,05/01/2024,11/30/2025,??,32244663,49.14,
C-01656,"Le, Mike",03/06/1943,(561) 555-0183,michael.le1656@example.com,4222 Cook Radial,South Brianview,KY,42404,5A97VK6KA15,H-01149,P-02145,Summit Health Plans,H5371-011,MA,KY,AGE,SH-231297,2025-12-01,,ACTIVE,32244663,51.70,
C-01657,"Le, Sabrina",05/01/1939,(561) 555-0183,sabrina.le1657@example.com,4222 Cook Radial,South Brianview,KY,42404,7QT2YG9YC72,H-01149,P-02146,Meridian Care,K,MEDSUPP,KY,AGE,MC-745809,09/01/22,,active,32244663,244.72,
C-01657,"Le, Sabrina",05/01/1939,(561) 555-0183,sabrina.le1657@example.com,4222 Cook Radial,South Brianview,KY,42404,7QT2YG9YC72,H-01149,P-02147,Meridian Care,S9201-004-002,PDP,KY,AGE,MC-911090,09/01/2022,,Active,32244663,56.51,
C-01658,"Martinez, Megan",10/23/1946,(649) 555-0191,megan.martinez1658@example.com,545 Bass Cape,Ryanhaven,CO,81620,4YF3W19VQ22,H-01150,P-02148,Meridian Care,H8433-006,MA,CO,AGE,MC-532306,2023-11-01,,ACTIVE,5265799,46.12,
C-01659,"Ortiz, Stephanie",21538,(406) 555-0162,stephanie.ortiz1659@example.com,57090 Bryan Locks,Lake Rachel,NC,27746,2M69GR2UJ50,H-01151,P-02149,Cardinal Mutual,H7252-027-001,MA,NC,AGE,CM-532632,09/01/25,,active,74197857,35.05,
C-01660,"White, Haley",21534,(286) 555-0100,haley.white1660@example.com,32472 Samantha Ridge Suite 400,South Abigailhaven,CA,93955,2RQ5X75MN43,H-01152,P-02150,Northwind Health,G,MEDSUPP,CA,AGE,NW-644134,02/01/2024,,Active,78490893,245.50,
C-01660,"White, Haley",21534,(286) 555-0100,haley.white1660@example.com,32472 Samantha Ridge Suite 400,South Abigailhaven,CA,93955,2RQ5X75MN43,H-01152,P-02151,Northwind Health,S6930-005,PDP,CA,AGE,NW-862502,2024-02-01,,ACTIVE,78490893,85.43,
C-01661,"Bishop, Megan",35530,(764) 555-0173,megan.bishop1661@example.com,12616 Smith Circles Apt. 580,North Autumntown,AR,72800,,H-01153,P-02152,Meridian Care,76540AR3313593,ACA,AR,,MC-623317,01/01/25,,active,44524491,224.05,
C-01662,"Brown, Ashley",08/08/1942,(583) 555-0199,ashley.brown1662@example.com,152 Miller Cape,Jeremymouth,IL,61350,9Q41E67DH40,H-01154,P-02153,Bluepeak,F,MEDSUPP,IL,AGE,BP-123537,05/01/2025,,Active,97102525,100.98,
C-01662,"Brown, Ashley",08/08/1942,(583) 555-0199,ashley.brown1662@example.com,152 Miller Cape,Jeremymouth,IL,61350,9Q41E67DH40,H-01154,P-02153,Bluepeak,F,MEDSUPP,IL,AGE,BP-123537,2025-05-01,,ACTIVE,97102525,100.98,
C-01662,"Brown, Ashley",08/08/1942,(583) 555-0199,ashley.brown1662@example.com,152 Miller Cape,Jeremymouth,IL,61350,9Q41E67DH40,H-01154,P-02154,Bluepeak,S2489-005,PDP,IL,AGE,BP-540954,05/01/25,,active,97102525,80.10,
C-01663,"Brown, James",04/28/1940,(624) 555-0143,james.brown1663@example.com,152 Miller Cape,Jeremymouth,IL,61350,7PC5HM7UK11,H-01154,P-02155,Northwind Health,H9830-007,MA,WV,AGE,NW-979216,03/01/2024,,Active,97102525,58.74,
C-01664,"Wiley, Audrey",12/17/1949,(392) 555-0107,audrey.wiley1664@example.com,1695 Adam Orchard,Rebeccaland,VT,05645,2P85G58GJ01,H-01155,P-02156,Harborline,H2796-021-003,MA,VT,AGE,HL-732391,2024-02-01,,ACTIVE,10583482,10.96,
C-01665,"Wiley, Larry",32267,(495) 555-0129,larry.wiley1665@example.com,1695 Adam Orchard,Rebeccaland,VT,05645,,H-01155,P-02157,Bluepeak,23947VT9951292,ACA,VT,,BP-461812,01/01/26,,active,10583482,555.12,
C-01666,"Miranda, Bob",37379,(684) 555-0158,robert.miranda1666@example.com,432 Gutierrez Point Apt. 652,Joshuafort,TX,78088,,H-01156,P-02158,Meridian Care,76540TX6599224,ACA,TX,,MC-750490,01/01/2026,,Active,90949389,509.06,
C-01667,"Johnson, Martin",11/14/1945,(875) 555-0109,martin.johnson1667@example.com,827 Linda Valleys,East Rachelland,IA,52499,8WM4GY8GX93,H-01157,P-02159,Northwind Health,H5040-004,MA,IA,AGE,NW-627185,2026-11-01,,PENDING,1884412,10.54,Spouse wants copies sent to Robin.Sampleton@example.com.
C-01668,"Johnson, Eric",02/03/1941,(252) 555-0198,eric.johnson1668@example.com,827 Linda Valleys,East Rachelland,IA,52499,9XD0N05UX99,H-01157,P-02160,Harborline,H2796-009,MA,IA,AGE,HL-467781,06/01/22,,active,1884412,55.58,Client prefers materials en español.
C-01669,"Graham, Julie",21585,(727) 555-0198,julie.graham1669@example.com,21743 Kim Pine Apt. 526,South Michelleside,LA,71218,4D33XN9MJ57,H-01158,P-02161,Meridian Care,H3591-024,MA,LA,AGE,MC-319436,08/01/2025,,Active,11576383,38.71,
C-01670,"Williams, Matthew",20681,(724) 555-0110,matthew.williams1670@example.com,98344 Amy Fall Suite 364,Hermanside,IA,50281,5UW8XH7TC70,H-01159,P-02162,Northwind Health,H5040-021-002,MA,IA,AGE,NW-236467,2023-12-01,,ACTIVE,1884412,32.94,
C-01671,"Summers, Brooke",06/20/1936,(615) 555-0122,brooke.summers1671@example.com,4065 Harvey Knoll Apt. 562,New Ian,CA,91256,3A47YV0KU07,H-01160,P-02163,Summit Health Plans,H5371-016,MA,CA,AGE,SH-444783,09/01/24,,active,43339391,54.35,
C-01672,"Davis, Valerie",08/07/1942,(508) 555-0146,valerie.davis1672@example.com,1074 Elizabeth Rapid Apt. 311,South Kimberlyfurt,MD,21675,2XW3V95TX28,H-01161,P-02164,Cardinal Mutual,H7252-004,MA,MD,AGE,CM-942291,11/01/2022,,Active,77125617,34.35,
C-01673,"Davis, Andrew",12/10/1938,(837) 555-0155,andrew.davis1673@example.com,1074 Elizabeth Rapid Apt. 311,South Kimberlyfurt,MD,21675,5T78UE5NJ33,H-01161,P-02165,Summit Health Plans,H9797-021-003,MA,MD,AGE,SH-956982,2022-05-01,2025-08-31,TERMINATED,77125617,24.47,
C-01673,"Davis, Andrew",12/10/1938,(837) 555-0155,andrew.davis1673@example.com,1074 Elizabeth Rapid Apt. 311,South Kimberlyfurt,MD,21675,5T78UE5NJ33,H-01161,P-02166,Cardinal Mutual,H7252-020,MA,MD,AGE,CM-885844,09/01/25,,active,77125617,34.65,
C-01674,"Orozco, Elizabeth",21449,(376) 555-0163,elizabeth.orozco1674@example.com,7602 Cynthia Lodge Suite 354,Lake Gregorytown,MO,64480,5Y49P88TC05,H-01162,P-02167,Harborline,H2796-028,MA,MO,AGE,HL-923734,01/01/2024,04/30/2025,Terminated,32244663,53.22,
C-01674,"Orozco, Elizabeth",21449,(376) 555-0163,elizabeth.orozco1674@example.com,7602 Cynthia Lodge Suite 354,Lake Gregorytown,MO,64480,5Y49P88TC05,H-01162,P-02168,Summit Health Plans,H9797-011-003,MA,MO,AGE,SH-620032,2025-05-01,,ACTIVE,32244663,17.67,
C-01675,"Orozco, Ian",33791,(679) 555-0181,ian.orozco1675@example.com,7602 Cynthia Lodge Suite 354,Lake Gregorytown,MO,64480,,H-01162,P-02169,Bluepeak,23947MO8354037,ACA,MO,,BP-808337,01/01/26,,active,32244663,526.15,
C-01676,"Knox, Michael",21281,(893) 555-0178,michael.knox1676@example.com,500 Michelle Trace Apt. 151,Jasonburgh,MT,59665,4WU2AT5TY31,H-01163,P-02170,Meridian Care,H8433-026-003,MA,MT,AGE,MC-722555,12/01/2024,,Active,97102525,9.42,
C-01677,"Williams, Michael",07/03/1946,(886) 555-0125,michael.williams1677@example.com,9507 Williams Village Suite 173,South Brooke,VA,22986,1X92UT1PT36,H-01164,P-02171,Northwind Health,H5040-029-003,MA,VA,AGE,NW-263635,2024-10-01,2026-02-28,TERMINATED,78490893,44.37,
C-01677,"Williams, Michael",07/03/1946,(886) 555-0125,michael.williams1677@example.com,9507 Williams Village Suite 173,South Brooke,VA,22986,1X92UT1PT36,H-01164,P-02172,Cardinal Mutual,H7252-026,MA,VA,AGE,CM-300793,03/01/26,,active,78490893,2.50,
C-01678,"Wilson, Joshua",03/24/1952,(220) 555-0161,,031 Alec Lock Suite 934,East Hannahshire,IL,61416,2YR6T16AD50,H-01165,P-02173,Harborline,H2796-001-001,MA,IL,AGE,HL-511263,10/01/2025,,Active,44524491,15.18,Client prefers materials en español.
C-01679,"Moses, Veronica",03/13/1940,(512) 555-0159,veronica.moses1679@example.com,36089 Brown Plains,Courtneyville,NY,12388,4FX7UM1CN06,H-01166,P-02174,Harborline,B,MEDSUPP,NY,AGE,HL-930758,2024-10-01,,ACTIVE,6831819,96.88,
C-01679,"Moses, Veronica",03/13/1940,(512) 555-0159,veronica.moses1679@example.com,36089 Brown Plains,Courtneyville,NY,12388,4FX7UM1CN06,H-01166,P-02175,Harborline,S2040-008,PDP,NY,AGE,HL-157163,10/01/24,,active,6831819,44.92,
C-01680,"Jones, Brian",38047,(585) 555-0142,brian.jones1680@example.com,928 Reed Terrace Apt. 595,North Michael,MI,48515,,H-01167,P-02176,Bluepeak,23947MI0212947,ACA,MI,,BP-313741,01/01/2025,,Active,13981052,572.02,
C-01681,"Osbrne, Paula",23803,(741) 555-0108,paula.osborne1681@example.com,900 Duncan Views Apt. 186,Woodston,IL,61590,,H-01168,P-02177,Summit Health Plans,93748IL6338960,ACA,IL,,SH-468697,2025-01-01,2025-12-31,TERMINATED,97102525,296.05,
C-01681,"Osbrne, Paula",23803,(741) 555-0108,paula.osborne1681@example.com,900 Duncan Views Apt. 186,Woodston,IL,61590,,H-01168,P-02178,Northwind Health,76542IL8036334,ACA,IL,,NW-983140,01/01/26,,active,97102525,296.21,
C-01682,"Bennett, Melanie",28005,(819) 555-0106,melanie.bennett1682@example.com,423 Ashley Heights Suite 953,North Philipmouth,WV,25050,,H-01169,P-02179,Northwind Health,76542WV7719552,ACA,WV,,NW-564587,01/01/2024,,Active,7150444,765.09,
C-01683,"Bennett, Eric",08/09/1952,(819) 555-0106,,423 Ashley Heights Suite 953,North Philipmouth,WV,25050,7TC9YQ0WT49,H-01169,P-02180,Northwind Health,H5040-001-003,MA,WV,AGE,NW-802054,2024-03-01,2026-03-31,TERMINATED,7150444,42.03,
C-01683,"Bennett, Eric",08/09/1952,(819) 555-0106,,423 Ashley Heights Suite 953,North Philipmouth,WV,25050,7TC9YQ0WT49,H-01169,P-02181,Summit Health Plans,H5371-015,MA,WV,AGE,SH-665348,04/01/26,,active,7150444,46.13,
C-01684,"Medina, Isaiah",03/15/1944,(422) 555-0158,isaiah.medina1684@example.com,32501 Lewis Light Suite 426,West Daniel,SD,57499,3TK8G23AC97,H-01170,P-02182,Harborline,H3504-019,MA,SD,AGE,HL-116730,05/01/2022,,Active,90949389,29.07,
C-01685,"Medina, Bruce",06/13/1954,(422) 555-0158,,32501 Lewis Light Suite 426,West Daniel,SD,57499,,H-01170,P-02183,Summit Health Plans,G,MEDSUPP,SD,AGE,SH-888884,2022-11-01,,ACTIVE,90949389,186.26,
C-01685,"Medina, Bruce",06/13/1954,(422) 555-0158,,32501 Lewis Light Suite 426,West Daniel,SD,57499,,H-01170,P-02184,Summit Health Plans,S8123-020,PDP,SD,AGE,SH-771835,11/01/22,,active,90949389,24.50,
C-01686,"Duncan, Dawn",07/08/1938,(422) 555-0184,dawn.duncan1686@example.com,923 Kyle Walks,North Alexiston,KY,41341,7JU8D53EY15,H-01171,P-02185,Meridian Care,H8433-026,MA,KY,AGE,MC-942351,07/01/2022,02/28/2026,Terminated,32244663,47.53,
C-01686,"Duncan, Dawn",07/08/1938,(422) 555-0184,dawn.duncan1686@example.com,923 Kyle Walks,North Alexiston,KY,41341,7JU8D53EY15,H-01171,P-02186,Northwind Health,H5040-010-002,MA,KY,AGE,NW-869297,2026-03-01,,ACTIVE,32244663,35.40,
C-01687,"Davis, Philip",08/12/1950,(429) 555-0178,philip.davis1687@example.com,053 Dana Plains Suite 843,East Oliviaville,PA,16607,3UW9D71YG68,H-01172,P-02187,Northwind Health,H9830-022,MA,PA,AGE,NW-771604,03/01/25,,active,13981052,4.09,
C-01688,"Valencia, Christopher",03/16/1947,(283) 555-0154,christopher.valencia1688@example.com,90457 Webster Port,Morrisshire,SD,57439,8F69KG0RU08,H-01173,P-02188,Harborline,A,MEDSUPP,SD,AGE,HL-681300,02/01/2022,,Active,90949389,202.93,
C-01688,"Valencia, Christopher",03/16/1947,(283) 555-0154,christopher.valencia1688@example.com,90457 Webster Port,Morrisshire,SD,57439,8F69KG0RU08,H-01173,P-02189,Harborline,S2040-009-003,PDP,SD,AGE,HL-608063,2022-02-01,,ACTIVE,90949389,83.58,
C-01689,"Jones, Steven",37777,(492) 555-0100,steven.jones1689@example.com,2603 Robert Unions Apt. 027,Michaelburgh,NJ,08522,,H-01174,P-02190,Northwind Health,76542NJ8722896,ACA,NJ,,NW-196850,01/01/25,12/31/25,terminated,77125617,692.14,
C-99027,,,,,,,,,,,P-02191,Summit Health Plans,93748NJ5830906,ACA,NJ,,SH-738437,01/01/2026,,Active,77125617,881.88,
C-01690,"Bernard, Corey",08/11/1940,(804) 555-0144,,92071 Laurie Ville Apt. 380,East Ryan,MT,59478,4GP1YX0DA26,H-01175,P-02192,Bluepeak,H4593-005,MA,MT,AGE,BP-888439,2023-03-01,,ACTIVE,97102525,36.29,
C-01691,"Rodriguez, Daniel",01/15/1947,(536) 555-0173,daniel.rodriguez1691@example.com,58189 Sharp Spur,Arianachester,SD,57068,6PK3KK8GD38,H-01176,P-02193,Northwind Health,S6930-016-002,PDP,SD,AGE,NW-731264,05/01/25,,active,77125617,71.42,
C-01692,"Rodriguez, Samuel",08/10/1949,(536) 555-0173,samuel.rodriguez1692@example.com,58189 Sharp Spur,Arianachester,SD,57068,6P53G83UP08,H-01176,P-02194,Bluepeak,R9348-015,MA,FL,AGE,BP-274939,01/01/2026,,Active,77125617,26.18,
C-01693,"Stark, Timothy",20990,(441) 555-0132,timothy.stark1693@example.com,8819 Carroll Mountain Suite 216,Lake Brentmouth,IA,50435,8X86NR2WA73,H-01177,P-02195,Harborline,G,MEDSUPP,IA,AGE,HL-540734,2023-09-01,,ACTIVE,1884412,94.03,Client prefers materials en español.
C-01693,"Stark, Timothy",20990,(441) 555-0132,timothy.stark1693@example.com,8819 Carroll Mountain Suite 216,Lake Brentmouth,IA,50435,8X86NR2WA73,H-01177,P-02196,Harborline,S7304-025,PDP,IA,AGE,HL-855427,09/01/23,,active,1884412,58.42,
C-01694,"Cline, Diane",12/28/1938,(375) 555-0178,diane.cline1694@example.com,86928 Nolan Unions,Martinport,WA,99366,6PV7GX3TA62,H-01178,P-02197,Meridian Care,H8433-024,MA,WA,AGE,MC-499013,05/01/2025,,Active,99847493,17.82,Client read out driver license TEST18160 on the call.
C-01695,"Krause, Derek",20626,(881) 555-0110,,72002 Christina Plain,Lake Sara,SD,57545,8P70DD5HF70,H-01179,P-02198,Bluepeak,H3266-030,MA,SD,AGE,BP-599960,2026-02-01,,ACTIVE,90949389,36.35,
C-01696,"Adkins, Carl",12/05/1941,(700) 555-0111,carl.adkins1696@example.com,41447 Pena Street,Lake Michelle,VA,22594,1NJ8GW9WD22,H-01180,P-02199,Bluepeak,R9085-015,MA,VA,AGE,BP-884076,06/01/25,,active,78490893,56.35,
C-01697,"Adkins, Terri",03/16/1945,(700) 555-0111,terri.adkins1697@example.com,41447 Pena Street,Lake Michelle,VA,22594,2G05QF2FA83,H-01180,P-02200,Harborline,H3504026,MA,VA,AGE,HL-716653,03/01/2026,,Active,78490893,10.77,
C-01698,"Robinson, David",37301,(415) 555-0166,david.robinson1698@example.com,930 Jill Street Apt. 203,West Sharonberg,KY,41215,,H-01181,P-02201,Cardinal Mutual,49117KY0744315,ACA,KY,,CM-698004,2025-01-01,2025-12-31,TERMINATED,43339391,716.91,
C-01698,"Robinson, David",37301,(415) 555-0166,david.robinson1698@example.com,930 Jill Street Apt. 203,West Sharonberg,KY,41215,,H-01181,P-02202,Meridian Care,76540KY3396012,ACA,KY,,MC-456378,01/01/26,,active,43339391,494.71,"Card on file ends in 0073, client read the full number aloud."
C-01699,"Kng, James",21264,(405) 555-0166,james.king1699@example.com,5213 Robbins Canyon Apt. 816,Oliviachester,WA,99167,7AM2UV5UE03,H-01182,P-02203,Meridian Care,S3927-013-001,PDP,WA,AGE,MC-782980,06/01/2025,,Active,99847493,59.56,
C-01700,"Tate, Gabriela",20620,(904) 555-0174,gabriela.tate1700@example.com,9377 Kelly Prairie,New Amandaberg,NY,13904,9YX0W88VQ08,H-01183,P-02204,Northwind Health,H9830-020,MA,NY,AGE,NW-314263,2022-05-01,,ACTIVE,97102525,14.28,
C-01701,"Tate, Denise",25581,(904) 555-0174,denise.tate1701@example.com,9377 Kelly Prairie,New Amandaberg,NY,13904,9VM4KH7FE32,H-01183,P-02205,Cardinal Mutual,H7252-025-003,MA,NY,DISABILITY,CM-849840,04/01/24,,active,97102525,5.95,
C-01702,"Johnson, John",02/03/1942,(725) 555-0138,john.johnson1702@example.com,1746 Michelle Estate,North Sherry,NC,27929,7V24GE8EW01,H-01184,P-02206,Summit Health Plans,H9797-023-001,MA,NC,AGE,SH-339492,04/01/2026,,Active,74197857,56.72,
C-01703,"Novk, Robert",28241,(834) 555-0188,robert.novak1703@example.com,96622 Laurie Flats Apt. 670,West Richardstad,CO,81245,,H-01185,P-02207,Bluepeak,23947CO3565350,ACA,CO,,BP-239388,2025-01-01,2024-10-11,TERMINATED,5265799,290.10,
C-01703,"Novk, Robert",28241,(834) 555-0188,robert.novak1703@example.com,96622 Laurie Flats Apt. 670,West Richardstad,CO,81245,,H-01185,P-02208,Northwind Health,76542CO8209448,ACA,CO,,NW-218831,01/01/26,,active,5265799,841.83,
C-01704,"Novak, Tara",21302,(834) 555-0188,tara.novak1704@example.com,96622 Laurie Flats Apt. 670,West Richardstad,CO,81245,,H-01185,P-02209,Northwind Health,H5040-013-002,MA,CO,AGE,NW-236617,12/01/2024,12/31/2025,Terminated,5265799,28.18,
C-01704,"Novak, Tara",21302,(834) 555-0188,tara.novak1704@example.com,96622 Laurie Flats Apt. 670,West Richardstad,CO,81245,,H-01185,P-02210,Summit Health Plans,H9797-018,MA,CO,AGE,SH-207921,2026-01-01,,ACTIVE,5265799,46.40,
C-01705,"Turner, Barry",11/27/1945,(386) 555-0196,barry.turner1705@example.com,0636 Christopher Passage Suite 550,Biancaview,NE,68412,4Q72FH8AD37,H-01186,P-02211,Bluepeak,H4593-027,MA,NE,AGE,BP-426878,03/01/22,,active,33857966,48.88,
C-01706,"Bradford, Paul",09/13/1948,(708) 555-0118,,3493 Ashley Key Apt. 496,South James,OR,97678,3C04PC9WA63,H-01187,P-02212,Meridian Care,S3927-008,PDP,OR,AGE,MC-316855,09/01/2025,,Active,74197857,44.48,
C-01707,"Horn, Daisy",21441,(392) 555-0153,,14243 Wade Village Suite 854,North Erin,DE,19890,5QE7JC5DN13,H-01188,P-02213,Meridian Care,G,MEDSUPP,DE,AGE,MC-720423,2024-12-01,2026-09-17,ACTIVE,4356886,99.60,
C-01707,"Horn, Daisy",21441,(392) 555-0153,,14243 Wade Village Suite 854,North Erin,DE,19890,5QE7JC5DN13,H-01188,P-02214,Meridian Care,S9201-002,PDP,DE,AGE,MC-407669,12/01/24,,active,4356886,29.54,
C-01708,"Collins, Lori",04/12/1947,(407) 555-0143,lori.collins1708@example.com,799 Jodi Lodge,Lake John,MI,48281,4QJ8PU4HJ91,H-01189,P-02215,Harborline,H2796-026-001,MA,MI,AGE,HL-412941,02/01/2025,,Active,61855700,45.27,
C-01709,"Collins, Christopher",03/31/1945,(407) 555-0143,christopher.collins1709@example.com,799 Jodi Lodge,Lake John,MI,48281,,H-01189,P-02216,Meridian Care,H8433-017,MA,MI,AGE,MC-808333,2023-05-01,,ACTIVE,61855700,58.70,
C-01710,"Sanchez, Stacy",11/06/1935,(222) 555-0117,stacy.sanchez1710@example.com,3385 Paige Stravenue Suite 725,West Amandabury,VA,23920,1EQ5EY8WY06,H-01190,P-02217,Northwind Health,B,MEDSUPP,VA,AGE,NW-993013,12/01/25,,active,78490893,126.73,
C-01710,"Sanchez, Stacy",11/06/1935,(222) 555-0117,stacy.sanchez1710@example.com,3385 Paige Stravenue Suite 725,West Amandabury,VA,23920,1EQ5EY8WY06,H-01190,P-02218,Northwind Health,S6930-002,PDP,VA,AGE,NW-460233,12/01/2025,,Active,78490893,79.78,
C-01711,"Sanchez, Stacy",20164,(673) 555-0160,stacy.sanchez1711@example.com,3385 Paige Stravenue Suite 725,West Amandabury,VA,23920,1KQ1Q02FV43,H-01190,P-02219,Summit Health Plans,H5371-026,MA,VA,AGE,SH-110651,2025-11-01,,ACTIVE,78490893,13.48,
C-01712,"Baird, Joseph",04/11/1939,(283) 555-0103,joseph.baird1712@example.com,311 Charles Pines,Sullivanstad,IN,47762,5DK4F37EX74,H-01191,P-02220,Bluepeak,S1771-019-002,PDP,IN,AGE,BP-472381,10/01/23,,active,4356886,65.32,
C-01713,"Kim, Anne",12/07/1936,(844) 555-0179,anne.kim1713@example.com,694 Rivera Motorway Suite 945,West Tammy,GA,30118,6R94F57FX43,H-01192,P-02221,Meridian Care,H3591-019-003,MA,GA,AGE,MC-267233,03/01/2024,,Active,10583482,42.65,
C-01714,"Kim, Vickie",20959,(881) 555-0138,vickie.kim1714@example.com,694 Rivera Motorway Suite 945,West Tammy,GA,30118,3HR0TM1UC60,H-01192,P-02222,Bluepeak,H4593-022-002,MA,GA,AGE,BP-184160,2023-04-01,,ACTIVE,10583482,53.93,
C-01715,"Wolfe, Alan",04/07/1942,(632) 555-0123,alan.wolfe1715@example.com,6986 Ryan Harbors Apt. 125,Mitchellside,MO,63357,6K10EQ3TY05,H-01193,P-02223,Summit Health Plans,H9797-015,MA,MO,AGE,SH-743369,02/01/26,,active,29898923,15.39,
C-01716,"Wolfe, Martin",03/08/1939,(306) 555-0103,martin.wolfe1716@example.com,6986 Ryan Harbors Apt. 125,Mitchellside,MO,63357,9G59R05RE20,H-01193,P-02224,Cardinal Mutual,H8668-013,MA,MO,AGE,CM-586053,01/01/2024,09/30/2025,N/A,29898923,21.27,
C-01716,"Wolfe, Martin",03/08/1939,(306) 555-0103,martin.wolfe1716@example.com,6986 Ryan Harbors Apt. 125,Mitchellside,MO,63357,9G59R05RE20,H-01193,P-02225,Meridian Care,H8433-029,MA,MO,AGE,MC-682044,2025-10-01,,ACTIVE,29898923,3.91,
C-01717,"Wolfe, Mary",21476,(632) 555-0123,,6986 Ryan Harbors Apt. 125,Mitchellside,MO,63357,,H-01193,P-02226,Bluepeak,A,MEDSUPP,MO,AGE,BP-225625,05/01/25,,active,29898923,231.53,
C-01717,"Wolfe, Mary",21476,(632) 555-0123,,6986 Ryan Harbors Apt. 125,Mitchellside,MO,63357,,H-01193,P-02227,Bluepeak,S1771-021-003,PDP,MO,AGE,BP-901856,05/01/2025,,Active,29898923,59.87,Call after 2pm.
C-01718,"Rodriguez, Sandra",06/28/1953,(889) 555-0192,sandra.rodriguez1718@example.com,152 Carlson Islands Suite 966,Meganburgh,CO,81686,7N69EW1XV05,H-01194,P-02228,Summit Health Plans,H9797-028,MA,CO,AGE,SH-304222,2022-12-01,,ACTIVE,29898923,27.75,
C-01719,"Curtis, Brandy",12/18/1952,(497) 555-0102,brandy.curtis1719@example.com,4235 Joseph Lights,Port Justinview,WV,25401,7UT6XF1XE05,H-01195,P-02229,Cardinal Mutual,H7252-020,MA,WV,AGE,CM-608597,01/01/22,,active,7150444,28.99,
C-01720,"Barrett, Stephen",05/28/1951,(647) 555-0175,stephen.barrett1720@example.com,61454 Jennifer Centers,Knightbury,MI,48803,8LW4JE5PR76,H-01196,P-02230,Harborline,R3621-019,MA,MI,AGE,HL-288802,03/01/2025,,Active,13981052,30.89,
C-01721,"Frederick, Christopher",09/10/1945,(424) 555-0121,,008 Tyler Pines,Samanthaberg,FL,67560,2X10NR6NE41,H-01197,P-02231,Bluepeak,H3266-017-002,MA,FL,AGE,BP-997502,2025-08-01,,ACTIVE,94702683,53.40,Prefers mail over phone.
C-01722,"Williams, Tyler",21643,(843) 555-0111,tyler.williams1722@example.com,84523 Ochoa Shoals Suite 268,Greenfort,PA,17488,8AG4G73RJ74,H-01198,P-02232,Meridian Care,H3591-003,MA,PA,AGE,MC-178900,04/01/26,,active,1884412,17.84,
C-01723,"Ford, David",08/01/1945,(968) 555-0171,david.ford1723@example.com,086 Hutchinson View,East Rebecca,CO,80909,2DE4TQ2AT34,H-01199,P-02233,Summit Health Plans,L,MEDSUPP,CO,AGE,SH-868591,06/01/2024,,Active,29898923,165.02,
C-01723,"Ford, David",08/01/1945,(968) 555-0171,david.ford1723@example.com,086 Hutchinson View,East Rebecca,CO,80909,2DE4TQ2AT34,H-01199,P-02234,Summit Health Plans,S5808-009,PDP,CO,AGE,SH-465941,2024-06-01,,ACTIVE,29898923,58.02,Call after 2pm.
C-01724,"Johnson, Sharon",12/02/1949,(868) 555-0112,sharon.johnson1724@example.com,5633 Smith Harbors Apt. 052,Randolphland,MI,48608,8AA8V89KJ83,H-01200,P-02235,Northwind Health,H9830-016,MA,MI,AGE,NW-871542,03/01/22,,active,13981052,41.54,
C-01725,"Johnson, Mark",09/26/1945,(868) 555-0112,,5633 Smith Harbors Apt. 052,Randolphland,MI,48608,5DV9C42MM62,H-01200,P-02236,Bluepeak,H3266-023-001,MA,MI,AGE,BP-135635,12/01/2024,03/31/2026,Terminated,13981052,30.92,
C-01725,"Johnson, Mark",09/26/1945,(868) 555-0112,,5633 Smith Harbors Apt. 052,Randolphland,MI,48608,5DV9C42MM62,H-01200,P-02237,Meridian Care,H3591-003-002,MA,MI,AGE,MC-691370,2026-04-01,,ACTIVE,13981052,21.45,
C-01726,"Wilson, Anthony",35038,(733) 555-0195,,02722 Kyle Island,Batesborough,ID,83610,,H-01201,P-02238,Harborline,91959ID0113333,ACA,ID,,HL-103444,01/01/25,,active,77125617,450.42,
C-01727,"Fletcher, April",01/24/1951,(315) 555-0183,april.fletcher1727@example.com,91368 Troy Expressway Apt. 313,Deanstad,FL,32872,8HW6W51HJ72,H-01202,P-02239,Bluepeak,L,MEDSUPP,FL,AGE,BP-918884,09/01/2025,,Active,54100814,317.93,
C-01727,"Fletcher, April",01/24/1951,(315) 555-0183,april.fletcher1727@example.com,91368 Troy Expressway Apt. 313,Deanstad,FL,32872,8HW6W51HJ72,H-01202,P-02240,Bluepeak,S2489-012,PDP,FL,AGE,BP-317624,2025-09-01,,ACTIVE,54100814,61.58,
C-01728,"Bowman, Kelli",30753,(748) 555-0131,kelli.bowman1728@example.com,09297 Maurice Stravenue Suite 953,East Gary,NY,14364,4JV4D97VT60,H-01203,P-02241,Cardinal Mutual,H7252-016,MA,NY,ESRD,CM-533730,10/01/22,,active,97102525,13.09,
C-01729,"Bowman, Scott",20728,(748) 555-0131,scott.bowman1729@example.com,09297 Maurice Stravenue Suite 953,East Gary,NY,14364,2RU8DG8VJ79,H-01203,P-02242,Summit Health Plans,H9797-025,MA,NY,AGE,SH-914842,05/01/2025,04/30/2026,Terminated,97102525,4.74,
C-01729,"Bowman, Scott",20728,(748) 555-0131,scott.bowman1729@example.com,09297 Maurice Stravenue Suite 953,East Gary,NY,14364,2RU8DG8VJ79,H-01203,P-02243,Meridian Care,H3591-026,MA,NY,AGE,MC-777640,2026-05-01,,ACTIVE,97102525,36.70,
C-01730,"Casey, Jeremiah",02/29/1936,(557) 555-0131,jeremiah.casey1730@example.com,992 Justin Walk,Vazquezbury,ID,83573,4GC7G04VR11,H-01204,P-02244,Cardinal Mutual,S1188-008,PDP,ID,AGE,CM-957313,10/01/23,,active,5265799,13.51,
C-01731,"Casey, Jeremy",27021,(557) 555-0131,jeremy.casey1731@example.com,992 Justin Walk,Vazquezbury,ID,83573,,H-01204,P-02245,Harborline,91959ID6471240,ACA,ID,,HL-139224,01/01/2025,12/31/2025,Terminated,5265799,793.84,
C-01731,"Casey, Jeremy",27021,(557) 555-0131,jeremy.casey1731@example.com,992 Justin Walk,Vazquezbury,ID,83573,,H-01204,P-02246,Northwind Health,76542ID4646458,ACA,ID,,NW-989990,2026-01-01,,ACTIVE,5265799,251.52,Asked about dental add-ons at renewal.
C-01732,"Duran, Lindsay",20344,(407) 555-0196,lindsay.duran1732@example.com,85076 Rebecca Plaza Suite 082,Lawsonville,GA,30837,5WT4VN6GH78,H-01205,P-02247,Summit Health Plans,S5808-016,PDP,GA,AGE,SH-941990,06/01/25,,active,10583482,41.26,
C-01733,"Walker, Sydney",10/16/1939,(921) 555-0153,sydney.walker1733@example.com,0107 Eric Courts,Deannaside,MO,64603,4RW9XC6PU41,H-01206,P-02248,Cardinal Mutual,R9669-029,MA,MO,AGE,CM-524323,09/01/2025,,Active,32244663,34.01,
C-01734,"Ramos, Jose",05/15/1944,(581) 555-0153,jose.ramos1734@example.com,176 Ferguson Green,Mendozamouth,CA,93294,8U27VP9FY45,H-01207,P-02249,Bluepeak,K,MEDSUPP,CA,AGE,BP-661746,2024-09-01,,ACTIVE,43339391,114.15,
C-01734,"Ramos, Jose",05/15/1944,(581) 555-0153,jose.ramos1734@example.com,176 Ferguson Green,Mendozamouth,CA,93294,8U27VP9FY45,H-01207,P-02250,Bluepeak,S2489-015,PDP,CA,AGE,BP-427213,09/01/24,,active,43339391,52.78,
C-01735,"Reed, Veronica",32280,(835) 555-0148,veronica.reed1735@example.com,32228 Cynthia Throughway,Jonberg,MO,63797,6QU0FE7VG95,H-01208,P-02251,Northwind Health,H9830-024,MA,MO,DISABILITY,NW-318442,02/01/2025,01/31/2026,Terminated,33857966,33.67,
C-01735,"Reed, Veronica",32280,(835) 555-0148,veronica.reed1735@example.com,32228 Cynthia Throughway,Jonberg,MO,63797,6QU0FE7VG95,H-01208,P-02252,Harborline,R3621-010-001,MA,MO,DISABILITY,HL-614690,2026-02-01,,ACTIVE,33857966,17.52,
C-01736,"Reed, Michele",34750,(763) 555-0101,michele.reed1736@example.com,32228 Cynthia Throughway,Jonberg,MO,63797,,H-01208,P-02253,Harborline,91959MO5352293,ACA,MO,,HL-115917,01/01/25,,active,33857966,307.44,
C-01737,"Mccullough, John",26833,(412) 555-0186,john.mccullough1737@example.com,225 Brown Falls,Jasonton,CO,81400,,H-01209,P-02254,Bluepeak,23947CO5100113,ACA,CO,,BP-274554,01/01/2025,12/31/2025,Terminated,7150444,192.30,
C-01737,"Mccullough, John",26833,(412) 555-0186,john.mccullough1737@example.com,225 Brown Falls,Jasonton,CO,81400,,H-01209,P-02255,Summit Health Plans,93748CO6159620,ACA,CO,,SH-290432,2026-01-01,,ACTIVE,7150444,531.32,
C-01738,"Mccullough, Penny",03/24/1948,(708) 555-0192,penny.mccullough1738@example.com,225 Brown Falls,Jasonton,CO,81400,8MV6H02WD07,H-01209,P-02256,Meridian Care,H8433-002,MA,CO,AGE,MC-429825,07/01/25,,active,7150444,27.63,
C-01739,"Gates, Stephanie",25283,(618) 555-0186,,11804 Sutton Overpass Suite 130,Caldwellbury,KY,40306,6HD7QQ0GM45,H-01210,P-02257,Summit Health Plans,H9797-017,MA,KY,DISABILITY,SH-407601,11/01/2026,,Pending,61291817,6.93,
C-01740,"Morales, Brian",05/20/1949,(663) 555-0142,brian.morales1740@example.com,852 Pamela Cliffs,Port Paul,ME,04579,9HK2RA5HJ88,H-01211,P-02258,Meridian Care,H8433-019,MA,ME,AGE,MC-495487,2022-11-01,,ACTIVE,94702683,32.78,
C-01741,"Jones, Grant",20946,(398) 555-0153,,639 Sandoval Lights Apt. 547,West Lucasshire,GA,31659,5VT4NE2QE93,H-01212,P-02259,Summit Health Plans,H9797-021,MA,GA,AGE,SH-318405,10/01/24,,active,10583482,49.75,
C-01742,"Smith, Sarah",34103,(931) 555-0141,sarah.smith1742@example.com,1641 Ashlee Spring,Markview,TX,76727,,H-01213,P-02260,Summit Health Plans,93748TX0512626,ACA,TX,,SH-598558,01/01/2025,,Active,37231783,203.63,
C-01743,"Woods, Aaron",11/08/1947,(771) 555-0162,aaron.woods1743@example.com,693 Hayes Parks,Lindaton,NY,12396,8VH7D05EC41,H-01214,P-02261,Cardinal Mutual,H8668-016,MA,NY,AGE,CM-478820,2023-04-01,,ACTIVE,6831819,49.66,
C-01744,"Hernandez, Charles",03/19/1941,(962) 555-0116,charles.hernandez1744@example.com,42620 Cindy Run,Davisland,KY,42125,7UN5TX1FA94,H-01215,P-02262,Harborline,H3504-029,MA,KY,AGE,HL-313256,10/01/23,,active,43339391,24.42,
C-01745,"Friedman, Thomas",35949,(597) 555-0162,thomas.friedman1745@example.com,369 Ford Port,Sullivanshire,FL,33275,,H-01216,P-02263,Summit Health Plans,93748FL7154368,ACA,FL,,SH-733691,01/01/2026,,Active,54100814,813.49,Met at the café seminar in the spring.
C-01746,"Fredman, Charles",21194,(731) 555-0154,charles.friedman1746@example.com,369 Ford Port,Sullivanshire,FL,33275,2ME8JN9CY49,H-01216,P-02264,Harborline,H2796-015-002,MA,FL,AGE,HL-574723,2023-03-01,2023-01-11,TERMINATED,54100814,4.36,
C-01746,"Fredman, Charles",21194,(731) 555-0154,charles.friedman1746@example.com,369 Ford Port,Sullivanshire,FL,33275,2ME8JN9CY49,H-01216,P-02265,Bluepeak,H3266-024,MA,FL,AGE,BP-603759,12/01/25,,active,54100814,12.33,
C-01747,"Gomez, Mary",01/31/1943,(543) 555-0132,mary.gomez1747@example.com,7319 David Run Suite 075,Wongchester,CO,80177,6D79JY1KQ03,H-01217,P-02266,Summit Health Plans,H9797-008,MA,CO,AGE,SH-534010,05/01/2024,,Active,7150444,25.73,
C-01748,"Gomez, Sharon",10/14/1938,(543) 555-0132,,7319 David Run Suite 075,Wongchester,CO,80177,9PW7UT0UP01,H-01217,P-02267,Meridian Care,R1053-011-003,MA,CO,AGE,MC-573799,2023-01-01,2025-06-30,TERMINATED,7150444,32.25,
C-01748,"Gomez, Sharon",10/14/1938,(543) 555-0132,,7319 David Run Suite 075,Wongchester,CO,80177,9PW7UT0UP01,H-01217,P-02268,Summit Health Plans,H5371-025,MA,CO,AGE,SH-949252,07/01/25,,active,7150444,55.41,
C-01749,"Willis, Mike",02/18/1947,(741) 555-0152,michael.willis1749@example.com,19165 Lopez Passage Suite 231,North Eric,FL,34761,4J48QH8EJ03,H-01218,P-02269,Meridian Care,H8433-010-003,MA,FL,AGE,MC-739675,10/01/2022,,Active,94702683,2.23,
C-01750,"Smith, Robert",03/14/1953,(781) 555-0162,,7644 Marsh Haven,Smithton,VA,23035,4KX5ME2ET62,H-01219,P-02270,Summit Health Plans,H9797-028,MA,VA,AGE,SH-745653,2022-04-01,,ACTIVE,78490893,43.50,
C-01751,"Zamora, Ronald",07/10/1940,(564) 555-0131,,4486 Morales Ports Suite 974,South Lisafurt,MO,63668,6AM5QV6YR90,H-01220,P-02271,Summit Health Plans,H9797-003,MA,MO,AGE,SH-239495,03/01/22,07/31/23,terminated,29898923,25.89,
C-01751,"Zamora, Ronald",07/10/1940,(564) 555-0131,,4486 Morales Ports Suite 974,South Lisafurt,MO,63668,6AM5QV6YR90,H-01220,P-02272,Harborline,H2796-030,MA,MO,AGE,HL-768220,08/01/2023,,Active,29898923,25.66,
C-01752,"Chapman, Paul",21126,(692) 555-0157,,5006 Michael Square,South James,NE,69218,4JJ3NR9MF01,H-01221,P-02273,Harborline,S7304-013-002,PDP,NE,AGE,HL-188053,2025-11-01,,ACTIVE,68O1819,66.96,
C-01753,"Chapman, Joseph",20069,(933) 555-0198,joseph.chapman1753@example.com,5006 Michael Square,South James,NE,69218,7MD0HD8MD73,H-01221,P-02274,Bluepeak,H4593-007,MA,NE,AGE,BP-765360,07/01/25,,active,6831819,20.94,
C-01754,"Neal, Brittney",21712,(755) 555-0135,brittney.neal1754@example.com,277 Daniel Roads Suite 296,West Jamie,RI,02954,,H-01222,P-02275,Bluepeak,H4593-029,MA,RI,AGE,BP-812662,02/01/2026,,Active,11576383,24.58,
C-01755,"Neal, Jennifer",11/08/1949,(966) 555-0108,jennifer.neal1755@example.com,277 Daniel Roads Suite 296,West Jamie,RI,02954,7F68R50UV13,H-01222,P-02276,Summit Health Plans,H5371-026,MA,RI,AGE,SH-987948,2026-03-01,,ACTIVE,11576383,27.28,
C-01756,"Archer, Melissa",08/17/1941,(245) 555-0159,melissa.archer1756@example.com,5128 Steven Spring,South Kevin,ME,04399,1P28F14CP54,H-01223,P-02277,Meridian Care,F,MEDSUPP,ME,AGE,MC-237510,03/01/24,,active,94702683,115.58,
C-01756,"Archer, Melissa",08/17/1941,(245) 555-0159,melissa.archer1756@example.com,5128 Steven Spring,South Kevin,ME,04399,1P28F14CP54,H-01223,P-02278,Meridian Care,S9201-022-003,PDP,ME,AGE,MC-213927,03/01/2024,,Active,94702683,75.57,
C-01757,"Baxter, Sheri",35171,(666) 555-0127,sheri.baxter1757@example.com,989 Carr Keys Suite 663,Teresaview,TX,79875,,H-01224,P-02279,Harborline,91959TX8978241,ACA,TX,,HL-496974,2024-01-01,,CANCELLED,37231783,507.65,
C-01758,"Bass, Shirley",10/23/1951,(977) 555-0116,shirley.bass1758@example.com,344 Latoya Inlet Apt. 699,Port Catherine,ME,04334,3HE9P90UW73,H-01225,P-02280,Harborline,H2796-008,MA,ME,AGE,HL-764816,01/01/22,,active,94702683,22.24,
C-01759,"Murphy, Robert",10/05/1948,(226) 555-0142,,9743 Wiley Greens Apt. 882,East Brandon,MT,59618,7F88MY7PQ57,H-01226,P-02281,Meridian Care,H3591-020,MA,MT,AGE,MC-731622,11/01/2024,,Active,97102525,19.90,
C-01760,"Murphy, Catherine",21894,(282) 555-0169,catherine.murphy1760@example.com,9743 Wiley Greens Apt. 882,East Brandon,MT,59618,6TW7V92VA95,H-01226,P-02282,Bluepeak,S2489-020,PDP,MT,AGE,BP-643615,2026-04-01,,ACTIVE,97102525,78.02,
C-01761,"Wilson, Timothy",29902,(986) 555-0187,timothy.wilson1761@example.com,398 Garcia Estate Apt. 097,North Hayley,DE,19977,,H-01227,P-02283,Cardinal Mutual,49117DE0297390,ACA,DE,,CM-890295,01/01/25,12/31/25,terminated,4356886,740.98,
C-01761,"Wilson, Timothy",29902,(986) 555-0187,timothy.wilson1761@example.com,398 Garcia Estate Apt. 097,North Hayley,DE,19977,,H-01227,P-02284,Harborline,91959DE5728958,ACA,DE,,HL-265009,01/01/2026,,Active,4356886,699.91,
C-01762,"Wilson, Bradley",09/30/1946,(361) 555-0157,bradley.wilson1762@example.com,398 Garcia Estate Apt. 097,North Hayley,DE,19977,9VT5VT5CX80,H-01227,P-02285,Bluepeak,H4593-002,MA,DE,AGE,BP-519838,2025-07-01,,ACTIVE,4356886,20.65,Met at the café seminar in the spring.
C-01763,"Reynolds, Kevin",05/26/1943,(795) 555-0102,kevin.reynolds1763@example.com,8534 Wood Mountains Apt. 203,North Kevinshire,WA,98426,3CF4K64AU31,H-01228,P-02286,Cardinal Mutual,H7252-004,MA,WA,AGE,CM-289660,01/01/25,,active,99847493,5.53,
C-01764,"Reynolds, Sarah",29245,(826) 555-0187,,8534 Wood Mountains Apt. 203,North Kevinshire,WA,98426,,H-01228,P-02287,Meridian Care,76540WA6623394,ACA,WA,,MC-231413,01/01/2024,,Active,99847493,481.18,
C-01765,"Harris, Michelle",10/11/1944,(631) 555-0135,michelle.harris1765@example.com,939 Mackenzie Divide,Danielville,OR,97684,8NR5F20WJ13,H-01229,P-02288,Meridian Care,H3591-021-002,MA,OR,AGE,MC-331951,2022-01-01,,ACTIVE,74197857,42.99,
C-01766,"Harris, Mathew",09/08/1942,(631) 555-0135,,939 Mackenzie Divide,Danielville,OR,97684,5D56Q24HC86,H-01229,P-02289,Harborline,H2796-004,MA,OR,AGE,HL-614573,02/01/22,,active,74197857,32.58,
C-01767,"Green, Michael",08/03/1945,(958) 555-0132,michael.green1767@example.com,8963 Aguilar Road Suite 086,New Chelsealand,GA,30948,7CR7JU7VW92,H-01230,P-02290,Harborline,G,MEDSUPP,GA,AGE,HL-223604,05/01/2022,,Active,61291817,268.05,
C-01767,"Green, Michael",08/03/1945,(958) 555-0132,michael.green1767@example.com,8963 Aguilar Road Suite 086,New Chelsealand,GA,30948,7CR7JU7VW92,H-01230,P-02291,Harborline,S2040-026-002,PDP,GA,AGE,HL-628254,2022-05-01,,ACTIVE,61291817,9.16,
C-01768,"Moore, Emily",03/15/1949,(298) 555-0158,emily.moore1768@example.com,45663 Charles Plains Suite 034,East Maria,GA,30383,7NW5T45TX03,H-01231,P-02292,Meridian Care,N,MEDSUPP,GA,AGE,MC-758958,04/01/26,,active,61855700,220.56,
C-01768,"Moore, Emily",03/15/1949,(298) 555-0158,emily.moore1768@example.com,45663 Charles Plains Suite 034,East Maria,GA,30383,7NW5T45TX03,H-01231,P-02293,Meridian Care,S3927-021,PDP,GA,AGE,MC-905528,04/01/2026,,Active,61855700,50.79,
C-01769,"Moore, Derek",09/21/1934,(980) 555-0179,derek.moore1769@example.com,45663 Charles Plains Suite 034,East Maria,GA,30383,4UV4W26NG30,H-01231,P-02294,Northwind Health,H5040-007,MA,GA,AGE,NW-322333,2024-11-01,,ACTIVE,61855700,21.67,Prefers mail over phone.
C-01770,"Klein, Bob",20528,(680) 555-0144,robert.klein1770@example.com,47424 Clark Coves,West Jessemouth,MO,65022,8PH9R54DR38,H-01232,P-02295,Bluepeak,H4593-027-002,MA,MO,AGE,BP-312150,11/01/26,,pending,29898923,51.99,Asked about dental add-ons at renewal.
C-01771,"Klein, Judith",07/10/1944,(227) 555-0159,,47424 Clark Coves,West Jessemouth,MO,65022,3QJ3AW0KW08,H-01232,P-02296,Summit Health Plans,H9797-004,MA,MO,AGE,SH-909262,09/01/2025,,Active,29898923,13.62,
C-01772,"Lucas, Teresa",10/19/1947,(676) 555-0161,teresa.lucas1772@example.com,008 Page Divide Suite 690,Port Desiree,SD,57438,2FT1QV1AX81,H-01233,P-02297,Cardinal Mutual,H7252-003,MA,SD,AGE,CM-259636,2024-06-01,2025-11-30,TERMINATED,90949389,27.34,
C-01772,"Lucas, Teresa",10/19/1947,(676) 555-0161,teresa.lucas1772@example.com,008 Page Divide Suite 690,Port Desiree,SD,57438,2FT1QV1AX81,H-01233,P-02298,Summit Health Plans,H5371-004-003,MA,SD,AGE,SH-113101,12/01/25,,active,90949389,5.95,
C-98159,,,,,,,,,,,P-02299,Harborline,H3504-030,MA,KY,AGE,HL-664520,07/01/2023,11/30/2024,Terminated,4356886,31.11,
C-01773,"Martin, Angie",04/27/1945,(739) 555-0182,angie.martin1773@example.com,1743 Kevin Ville Suite 023,Staceyburgh,KY,41752,4P79MR8XN37,H-01234,P-02300,Meridian Care,R5315-023,MA,KY,AGE,MC-950648,2024-12-01,,ACTIVE,4356886,39.51,
C-01774,"Martin, Sheryl",03/24/1940,(739) 555-0182,sheryl.martin1774@example.com,1743 Kevin Ville Suite 023,Staceyburgh,KY,41752,7CJ2J17AE40,H-01234,P-02301,Meridian Care,H3591-012,MA,KY,AGE,MC-904922,04/01/25,04/30/26,terminated,4356886,52.76,
C-01774,"Martin, Sheryl",03/24/1940,(739) 555-0182,sheryl.martin1774@example.com,1743 Kevin Ville Suite 023,Staceyburgh,KY,41752,7CJ2J17AE40,H-01234,P-02302,Northwind Health,R8019-024,MA,KY,AGE,NW-761829,05/01/2026,,Active,4356886,54.67,
C-01775,"Morales, Victoria",20557,(629) 555-0109,victoria.morales1775@example.com,5275 James Dale Apt. 930,North Dennis,IA,50183,6Y25JJ8MD62,H-01235,P-02303,Meridian Care,B,MEDSUPP,IA,AGE,MC-911929,2026-01-01,,ACTIVE,1884412,313.96,
C-01775,"Morales, Victoria",20557,(629) 555-0109,victoria.morales1775@example.com,5275 James Dale Apt. 930,North Dennis,IA,50183,6Y25JJ8MD62,H-01235,P-02304,Meridian Care,S9201-011-001,PDP,IA,AGE,MC-516919,01/01/26,,active,1884412,71.94,
C-01776,"Logan, Michael",06/13/1944,(748) 555-0107,michael.logan1776@example.com,03033 Ortiz Mill,Lake Heatherchester,CA,90173,4RJ5RV0VU79,H-01236,P-02305,Bluepeak,H3266-029,MA,CA,AGE,BP-373247,05/01/2025,,Active,43339391,57.44,
C-01777,"Logan, Lisa",20681,(703) 555-0195,lisa.logan1777@example.com,03033 Ortiz Mill,Lake Heatherchester,CA,90173,1YR4UM2YH26,H-01236,P-02306,Bluepeak,H4593-020,MA,CA,AGE,BP-769403,2024-10-01,,ACTIVE,43339391,58.91,Asked about dental add-ons at renewal.
C-01778,"David, Gilbert",04/25/1943,(889) 555-0121,gilbert.david1778@example.com,2799 Potter Island Apt. 024,Jasonland,NE,68153,3QF7U83JE25,H-01237,P-02307,Northwind Health,S6930-013-003,PDP,NE,AGE,NW-333770,10/01/24,,active,33857966,70.93,
C-01779,"Sampson, David",02/26/1946,(653) 555-0195,david.sampson1779@example.com,984 Jackson Burgs,West Jennifer,IN,46379,3MQ9QV5ER92,H-01238,P-02308,Cardinal Mutual,H7252-012-001,MA,IN,AGE,CM-788967,05/01/2022,,Active,4356886,56.33,
C-01780,"Anderson, Brett",28031,(563) 555-0156,brett.anderson1780@example.com,471 Christopher Stravenue,East Dorothy,IL,61033,6VC7RR4WT84,H-01239,P-02309,Summit Health Plans,S5808-006,PDP,IL,DISABILITY,SH-556872,2022-08-01,,ACTIVE,44524491,79.73,
C-01781,"Frost, Brendan",07/28/1938,(572) 555-0116,brendan.frost1781@example.com,76487 Marie Mountains Suite 546,New Kristinburgh,ID,83344,9WE6A13PJ41,H-01240,P-02310,Meridian Care,H3591-026,MA,ID,AGE,MC-203501,08/01/24,01/31/26,terminated,61855700,21.46,
C-01781,"Frost, Brendan",07/28/1938,(572) 555-0116,brendan.frost1781@example.com,76487 Marie Mountains Suite 546,New Kristinburgh,ID,83344,9WE6A13PJ41,H-01240,P-02311,Northwind Health,R5304-021,MA,ID,AGE,NW-407129,02/01/2026,,Active,61855700,8.17,
C-01782,"Frost, Michael",10/18/1938,(845) 555-0121,,76487 Marie Mountains Suite 546,New Kristinburgh,ID,83344,9J55VK4WA12,H-01240,P-02312,Cardinal Mutual,H8668-023-002,MA,ID,AGE,CM-437316,2024-06-01,,ACTIVE,61855700,8.61,
C-01783,"Lang, Brenda",05/10/1944,(205) 555-0175,brenda.lang1783@example.com,727 Matthew Well,East Ericton,IL,60677,5A98A13AW92,H-01241,P-02313,Meridian Care,H8433-027,MA,IL,AGE,MC-734411,11/01/22,04/30/25,terminated,44524491,7.93,
C-01783,"Lang, Brenda",05/10/1944,(205) 555-0175,brenda.lang1783@example.com,727 Matthew Well,East Ericton,IL,60677,5A98A13AW92,H-01241,P-02313,Meridian Care,H8433-027,MA,IL,AGE,MC-734411,11/01/2022,04/30/2025,Terminated,44524491,7.93,
C-01783,"Lang, Brenda",05/10/1944,(205) 555-0175,brenda.lang1783@example.com,727 Matthew Well,East Ericton,IL,60677,5A98A13AW92,H-01241,P-02314,Summit Health Plans,H5371-002,MA,IL,AGE,SH-828272,2025-05-01,,ACTIVE,44524491,12.66,
C-01784,"Miller, Tiffany",02/12/1943,(738) 555-0101,,6844 Stacey Oval Apt. 379,Port Jacobberg,KY,41332,4W86NR2RC08,H-01242,P-02315,Harborline,R3621-028,MA,KY,AGE,HL-905731,01/01/22,,active,94702683,43.06,
C-01785,"Caldwell, Patricia",24471,(454) 555-0100,,780 Heidi Spurs,Aguirreton,SD,57089,9U02FC3AT10,H-01243,P-02316,Cardinal Mutual,R9669-007,MA,SD,DISABILITY,CM-718992,11/01/2024,,Active,90949389,57.96,
C-01786,"Benson, Gregory",08/28/1938,(775) 555-0107,gregory.benson1786@example.com,0740 Carmen Knoll,New Teresaview,VA,22414,3T32Y12YM28,H-01244,P-02317,Bluepeak,H4593-010,MA,VA,AGE,BP-275630,2024-03-01,,ACTIVE,78490893,47.82,
C-01787,"Ward, Keith",37218,(532) 555-0144,keith.ward1787@example.com,171 Gregory Park Suite 433,Whitetown,WI,54078,,H-01245,P-02318,Bluepeak,23947WI6030680,ACA,WI,,BP-990430,01/01/24,,active,61291817,626.10,
C-01788,"Ward, Drew",07/17/1946,(866) 555-0128,drew.ward1788@example.com,171 Gregory Park Suite 433,Whitetown,WI,54078,4Z69E86DY05,H-01245,P-02319,Summit Health Plans,L,MEDSUPP,WI,AGE,SH-318058,09/01/2023,,Active,61291817,209.82,
C-01788,"Ward, Drew",07/17/1946,(866) 555-0128,drew.ward1788@example.com,171 Gregory Park Suite 433,Whitetown,WI,54078,4Z69E86DY05,H-01245,P-02320,Summit Health Plans,S5808-019-003,PDP,WI,AGE,SH-190484,2023-09-01,,ACTIVE,61291817,72.07,
C-01789,"Wiley, Martha",10/30/1939,(505) 555-0108,martha.wiley1789@example.com,65496 Regina Streets Apt. 833,Kellymouth,DE,19978,8Y48Y11KN48,H-01246,P-02321,Northwind Health,H5040-016,MA,DE,AGE,NW-269593,06/01/22,,active,54100814,51.30,
C-01790,"Jones, Katie",21802,(749) 555-0194,katie.jones1790@example.com,878 Smith Mountain Apt. 205,Cannonstad,CT,06838,3W98QP8AU20,H-01247,P-02322,Summit Health Plans,S5808-012,PDP,CT,AGE,SH-941131,11/01/2024,,Active,29898923,79.84,
C-01791,"Chavez, Tyler",10/15/1949,(981) 555-0184,,77492 Simmons Shoals Apt. 295,Hallburgh,OR,97426,,H-01248,P-02323,Northwind Health,H5040-005-003,MA,OR,AGE,NW-498647,2025-11-01,,ACTIVE,74197857,17.29,
C-01792,"Chavez, Luis",11/05/1940,(493) 555-0161,luis.chavez1792@example.com,77492 Simmons Shoals Apt. 295,Hallburgh,OR,97426,1F95EX0QT24,H-01248,P-02324,Harborline,H3504-023-002,MA,OR,AGE,HL-267075,09/01/25,,active,74197857,39.69,
C-01793,"Johnson, Miguel",37179,(670) 555-0149,miguel.johnson1793@example.com,59206 Norma Keys,East Lisaberg,VT,05836,,H-01249,P-02325,Meridian Care,76540VT9002610,ACA,VT,,MC-747991,01/01/2024,,Active,10583482,188.81,
C-01794,"Morales, Ryan",11/14/1950,(283) 555-0164,ryan.morales1794@example.com,94115 Robinson Drive,Leslieshire,CA,90291,5FC2GH0NX75,H-01250,P-02326,Bluepeak,H3266-018,MA,CA,AGE,BP-887382,2024-06-01,,ACTIVE,43339391,53.45,
C-01795,"Johnson, Elizabeth",07/22/1947,(661) 555-0146,elizabeth.johnson1795@example.com,262 Beck Falls Apt. 661,Elizabethhaven,TX,77344,6Q88PA6QK87,H-01251,P-02327,Meridian Care,H8433-004,MA,TX,AGE,MC-147146,10/01/24,11/30/25,terminated,90949389,18.36,
C-01795,"Johnson, Elizabeth",07/22/1947,(661) 555-0146,elizabeth.johnson1795@example.com,262 Beck Falls Apt. 661,Elizabethhaven,TX,77344,6Q88PA6QK87,H-01251,P-02328,Northwind Health,H9830-013-002,MA,TX,AGE,NW-377892,12/01/2025,,Active,90949389,52.51,
C-01796,"Herring, Gerald",11/16/1939,(494) 555-0136,gerald.herring1796@example.com,33138 Bradley Ports Apt. 211,Port Edwin,FL,32956,5E24PC5QH37,H-01252,P-02329,Cardinal Mutual,R9669-028,MA,FL,AGE,CM-647959,2022-03-01,,ACTIVE,94702683,5.37,
C-01797,"Evans, Alan",10/31/1948,(534) 555-0172,alan.evans1797@example.com,4815 Molly Plains,Nicholsfurt,NE,69115,3XV1HJ2MD99,H-01253,P-02330,Cardinal Mutual,H7252-023-001,MA,NE,AGE,CM-495762,06/01/24,09/21/26,active,33857966,56.81,
C-01798,"Evans, Kathryn",05/04/1944,(399) 555-0148,kathryn.evans1798@example.com,4815 Molly Plains,Nicholsfurt,NE,69115,5WY0XV5YF71,H-01253,P-02331,Meridian Care,H8433-016,MA,NE,AGE,MC-733819,05/01/2023,11/30/2024,Terminated,33857966,20.71,
C-01798,"Evans, Kathryn",05/04/1944,(399) 555-0148,kathryn.evans1798@example.com,4815 Molly Plains,Nicholsfurt,NE,69115,5WY0XV5YF71,H-01253,P-02332,Bluepeak,H3266-023,MA,NE,AGE,BP-659114,2024-12-01,,ACTIVE,33857966,42.33,
C-01799,"Smith, Laura",26233,(848) 555-0194,laura.smith1799@example.com,548 Pedro Inlet,Port Mary,WI,53250,,H-01254,P-02333,Meridian Care,76540WI5308143,ACA,WI,,MC-806629,01/01/25,,active,61291817,836.16,
C-01800,"Smith, Gregory",08/21/1952,(625) 555-0181,gregory.smith1800@example.com,548 Pedro Inlet,Port Mary,WI,53250,2T69C00NH12,H-01254,P-02334,Harborline,H3504-010,MA,WI,AGE,HL-246739,03/01/2024,02/28/2025,Terminated,61291817,5.08,
C-01800,"Smith, Gregory",08/21/1952,(625) 555-0181,gregory.smith1800@example.com,548 Pedro Inlet,Port Mary,WI,53250,2T69C00NH12,H-01254,P-02335,Meridian Care,H8433-018,MA,WI,AGE,MC-544029,2025-03-01,,ACTIVE,61291817,36.19,
C-01801,"Robinson, Donna",21571,(856) 555-0121,donna.robinson1801@example.com,8735 Parsons Loaf Suite 464,New Ryanberg,NE,69012,4E58JP9ME23,H-01255,P-02336,Meridian Care,H3591-007,MA,NE,AGE,MC-950297,02/01/26,,active,6831819,14.45,
C-01802,"Robinson, Daniel",21002,(856) 555-0121,daniel.robinson1802@example.com,8735 Parsons Loaf Suite 464,New Ryanberg,NE,69012,8D91QG7KH51,H-01255,P-02337,Summit Health Plans,H9797-005-002,MA,NE,AGE,SH-204473,01/01/2024,04/30/2025,Terminated,6831819,16.83,
C-01802,"Robinson, Daniel",21002,(856) 555-0121,daniel.robinson1802@example.com,8735 Parsons Loaf Suite 464,New Ryanberg,NE,69012,8D91QG7KH51,H-01255,P-02338,Cardinal Mutual,H7252-005,MA,NE,AGE,CM-879731,2025-05-01,,ACTIVE,6831819,42.98,
C-01803,"Mitchell, Cheryl",06/17/1952,(847) 555-0162,cheryl.mitchell1803@example.com,622 James Brook,Hannahton,WA,98099,1G06HJ5QK16,H-01256,P-02339,Bluepeak,R9085-002,MA,WA,AGE,BP-446841,05/01/25,,active,99847493,14.01,
C-01804,"Chapman, Brooke",04/05/1953,(298) 555-0160,brooke.chapman1804@example.com,47891 Thomas Ridges,Hernandezchester,ID,83792,4Q98PC4MW52,H-01257,P-02340,Northwind Health,H5040-011,MA,ID,AGE,NW-786961,01/01/2024,,Active,5265799,23.53,
C-01805,"Mccarthy, Bryan",09/08/1953,(279) 555-0114,,812 Daniel Plaza Apt. 036,Ortizburgh,IA,50804,1AK5V99FU52,H-01258,P-02341,Harborline,H2796025,MA,IA,AGE,HL-539175,2023-01-01,,ACTIVE,1884412,30.64,
C-01806,"Moreno, Jimmy",03/26/1944,(575) 555-0145,jimmy.moreno1806@example.com,28538 Lopez Court Apt. 505,West John,CA,91542,3WK3YX7MV69,H-01259,P-02342,Northwind Health,G,MEDSUPP,CA,AGE,NW-851378,12/01/24,,active,43339391,203.12,Client read out driver license TEST42827 on the call.
C-01806,"Moreno, Jimmy",03/26/1944,(575) 555-0145,jimmy.moreno1806@example.com,28538 Lopez Court Apt. 505,West John,CA,91542,3WK3YX7MV69,H-01259,P-02343,Northwind Health,S7543-027,PDP,CA,AGE,NW-650109,12/01/2024,,Active,43339391,38.16,
C-01807,"Moreno, Jennifer",35497,(201) 555-0173,jennifer.moreno1807@example.com,28538 Lopez Court Apt. 505,West John,CA,91542,,H-01259,P-02344,Harborline,91959CA4225653,ACA,CA,,HL-488256,2024-01-01,,CANCELLED,43339391,747.62,
C-01808,"Avila, Sarah",04/07/1946,(729) 555-0176,sarah.avila1808@example.com,269 Donna Port Apt. 076,Martinmouth,ID,83840,1QN8Q79UF23,H-01260,P-02345,Bluepeak,H4593-013-001,MA,ID,AGE,BP-823727,11/01/22,07/31/24,XFER,5265799,19.58,
C-01808,"Avila, Sarah",04/07/1946,(729) 555-0176,sarah.avila1808@example.com,269 Donna Port Apt. 076,Martinmouth,ID,83840,1QN8Q79UF23,H-01260,P-02346,Northwind Health,R8019-028-001,MA,ID,AGE,NW-592130,08/01/2024,,Active,5265799,46.17,
C-01809,"Wgner, Cynthia",10/24/1935,(294) 555-0138,,83896 Jason Orchard,Mcculloughland,FL,33297,3C62WQ1FF32,H-01261,P-02347,Cardinal Mutual,G,MEDSUPP,FL,AGE,CM-102074,2024-12-01,,ACTIVE,54100814,178.33,
C-01809,"Wgner, Cynthia",10/24/1935,(294) 555-0138,,83896 Jason Orchard,Mcculloughland,FL,33297,3C62WQ1FF32,H-01261,P-02348,Cardinal Mutual,S1188-021,PDP,FL,AGE,CM-445909,12/01/24,,active,54100814,52.11,
C-01810,"Love, Edwin",09/20/1951,(809) 555-0119,edwin.love1810@example.com,67136 Sanford Coves Apt. 132,East Rachel,IA,50894,1AA1HF7VY28,H-01262,P-02349,Meridian Care,H8433-019,MA,IA,AGE,MC-848836,11/01/2022,06/30/2024,chk w/ carrier,1884412,7.85,
C-01810,"Love, Edwin",09/20/1951,(809) 555-0119,edwin.love1810@example.com,67136 Sanford Coves Apt. 132,East Rachel,IA,50894,1AA1HF7VY28,H-01262,P-02350,Bluepeak,H3266-013-001,MA,IA,AGE,BP-767122,2024-07-01,,ACTIVE,1884412,9.54,
C-01811,"Snyder, Cody",03/23/1945,(955) 555-0189,,2791 Nguyen Track,South Stephaniefort,IL,61835,9Y77TX5HQ14,H-01263,P-02351,Summit Health Plans,H9797-020-002,MA,IL,AGE,SH-511158,01/01/22,,active,7150444,4.40,
C-01812,"Howell, Stuart",02/27/1950,(697) 555-0124,stuart.howell1812@example.com,5920 Melissa Via,Johnland,KY,40116,7DU3RG9FM59,H-01264,P-02352,Summit Health Plans,R2827-028,MA,KY,AGE,SH-304978,07/01/2025,09/28/2026,Active,94702683,37.26,
C-01813,"Ewing, Lynn",20059,(399) 555-0164,lynn.ewing1813@example.com,1781 Booker Manor Apt. 845,Thompsontown,FL,34438,3V73HV1HV52,H-01265,P-02353,Bluepeak,H4593-013,MA,FL,AGE,BP-608921,2025-11-01,,ACTIVE,54100814,11.84,Spouse wants copies sent to Robin.Sampleton@example.com.
C-01814,"Ewing, Edward",09/10/1951,(904) 555-0112,,1781 Booker Manor Apt. 845,Thompsontown,FL,34438,5DG4N92GX24,H-01265,P-02354,Harborline,H2796-017,MA,FL,AGE,HL-964177,04/01/26,,active,54100814,54.50,
C-01815,"Watkins, Patricia",31331,(909) 555-0124,patricia.watkins1815@example.com,5686 Cheryl Knoll Apt. 257,West Christina,ME,04289,8KE5H75WJ38,H-01266,P-02355,Meridian Care,R1053-024,MA,ME,ESRD,MC-122682,05/01/2024,,Active,94702683,49.92,
C-01816,"Riley, Cathy",03/30/1943,(963) 555-0134,cathy.riley1816@example.com,5394 Fuller Branch,Rojasberg,FL,33881,3P57FJ2HA07,H-01267,P-02356,Cardinal Mutual,H8668-017,MA,FL,AGE,CM-512945,2022-01-01,2025-11-30,TERMINATED,94702683,24.41,
C-01816,"Riley, Cathy",03/30/1943,(963) 555-0134,cathy.riley1816@example.com,5394 Fuller Branch,Rojasberg,FL,33881,3P57FJ2HA07,H-01267,P-02357,Summit Health Plans,H5371-006,MA,FL,AGE,SH-202733,12/01/25,,active,94702683,50.77,
C-01817,"Smith, Kimberly",21540,(591) 555-0173,kimberly.smith1817@example.com,7296 Garza Hollow Apt. 799,Washingtonside,NY,14646,3Z70GN2PK11,H-01268,P-02358,Meridian Care,G,MEDSUPP,NY,AGE,MC-472335,12/01/2025,,Active,10583482,210.57,
C-01817,"Smith, Kimberly",21540,(591) 555-0173,kimberly.smith1817@example.com,7296 Garza Hollow Apt. 799,Washingtonside,NY,14646,3Z70GN2PK11,H-01268,P-02359,Meridian Care,S9201-021,PDP,NY,AGE,MC-175190,2025-12-01,,ACTIVE,10583482,54.68,
C-01818,"Combs, April",29470,(783) 555-0151,april.combs1818@example.com,7485 Sullivan Club Apt. 984,South Stevenport,WV,26153,1JH6KG4NH20,H-01269,P-02360,Harborline,N,MEDSUPP,WV,DISABILITY,HL-527793,04/01/24,,active,7150444,135.95,
C-01818,"Combs, April",29470,(783) 555-0151,april.combs1818@example.com,7485 Sullivan Club Apt. 984,South Stevenport,WV,26153,1JH6KG4NH20,H-01269,P-02361,Harborline,S7304-008,PDP,WV,DISABILITY,HL-161506,04/01/2024,,Active,7150444,53.88,
C-01819,"Combs, Crystal",07/17/1947,(929) 555-0134,crystal.combs1819@example.com,7485 Sullivan Club Apt. 984,South Stevenport,WV,26153,2CY1N16WJ09,H-01269,P-02362,Meridian Care,H3591-006,MA,WV,AGE,MC-271372,2023-12-01,2025-06-30,TERMINATED,7150444,29.77,
C-01819,"Combs, Crystal",07/17/1947,(929) 555-0134,crystal.combs1819@example.com,7485 Sullivan Club Apt. 984,South Stevenport,WV,26153,2CY1N16WJ09,H-01269,P-02363,Cardinal Mutual,H8668-015,MA,WV,AGE,CM-586059,07/01/25,,active,7150444,44.97,
C-01820,"Sparks, Garrett",34714,(885) 555-0148,,9881 Carter Prairie,West Kellytown,WV,26780,,H-01270,P-02364,Northwind Health,76542WV7829594,ACA,WV,,NW-582557,01/01/2024,,Active,7150444,189.20,
C-01821,"Sparks, Danielle",21789,(312) 555-0117,danielle.sparks1821@example.com,9881 Carter Prairie,West Kellytown,WV,26780,5V40PQ9MF11,H-01270,P-02365,Cardinal Mutual,N,MEDSUPP,WV,AGE,CM-784627,2026-01-01,,ACTIVE,7150444,282.15,
C-01821,"Sparks, Danielle",21789,(312) 555-0117,danielle.sparks1821@example.com,9881 Carter Prairie,West Kellytown,WV,26780,5V40PQ9MF11,H-01270,P-02366,Cardinal Mutual,S2876-019-002,PDP,WV,AGE,CM-966780,01/01/26,,active,7150444,16.39,
C-01822,"Nelson, Martha",21309,(378) 555-0103,martha.nelson1822@example.com,52102 Taylor Mount Apt. 664,North Maryburgh,KY,40156,4A26MC4DF10,H-01271,P-02367,Northwind Health,N,MEDSUPP,KY,AGE,NW-316996,11/01/2025,,Active,43339391,314.47,Client read out driver license TEST34485 on the call.
C-01822,"Nelson, Martha",21309,(378) 555-0103,martha.nelson1822@example.com,52102 Taylor Mount Apt. 664,North Maryburgh,KY,40156,4A26MC4DF10,H-01271,P-02368,Northwind Health,S6930-026-002,PDP,KY,AGE,NW-327569,2025-11-01,,ACTIVE,43339391,6.52,
C-01823,"Wells, Martha",29122,(656) 555-0145,martha.wells1823@example.com,130 Nancy Unions Apt. 574,New Brooke,SC,29840,,H-01272,P-02369,Harborline,91959SC1946420,ACA,SC,,HL-647761,01/01/25,12/31/25,terminated,11576383,497.18,
C-01823,"Wells, Martha",29122,(656) 555-0145,martha.wells1823@example.com,130 Nancy Unions Apt. 574,New Brooke,SC,29840,,H-01272,P-02370,Bluepeak,23947SC5797587,ACA,SC,,BP-448264,01/01/2026,,Active,11576383,244.33,
C-01824,"Wells, Julia",29062,(686) 555-0106,julia.wells1824@example.com,130 Nancy Unions Apt. 574,New Brooke,SC,29840,2N43WQ1EN11,H-01272,P-02371,Bluepeak,H3266-007,MA,SC,DISABILITY,BP-746276,2022-06-01,,ACTIVE,11576383,30.29,
C-01825,"Smith, Brandon",21867,(308) 555-0182,brandon.smith1825@example.com,563 Edward Mission,Roseton,CO,80150,8GN5HE0UH71,H-01273,P-02372,Bluepeak,H3266-024,MA,CO,AGE,BP-672250,05/01/25,,active,29898923,2.60,
C-01826,"Smith, Michael",34455,(762) 555-0166,michael.smith1826@example.com,563 Edward Mission,Roseton,CO,80150,,H-01273,P-02373,Meridian Care,76540CO7189268,ACA,CO,,MC-433028,01/01/2024,,Active,29898923,318.20,
C-01827,"Petersen, Tiffany",24777,(444) 555-0109,,619 Newman Brook Suite 641,Katrinaborough,KY,40112,,H-01274,P-02374,Northwind Health,76542KY4511227,ACA,KY,,NW-126990,2026-01-01,,ACTIVE,94702683,227.22,
C-01828,"Petersen, Elizabeth",20044,(889) 555-0101,elizabeth.petersen1828@example.com,619 Newman Brook Suite 641,Katrinaborough,KY,40112,3GV8T74DN94,H-01274,P-02375,Bluepeak,H3266-023-001,MA,KY,AGE,BP-960700,04/01/25,,active,94702683,27.09,
C-01829,"Johnson, Crystal",02/22/1938,(604) 555-0155,,7908 Sloan Brook Apt. 872,Humphreyton,PA,17733,9D81CN1GX27,H-01275,P-02376,Harborline,H3504-016-002,MA,PA,AGE,HL-747527,10/01/2022,,Active,1884412,40.77,Spouse wants copies sent to Jamie.Fakename@example.com.
C-01830,"Johnson, James",01/15/1946,(861) 555-0122,james.johnson1830@example.com,7908 Sloan Brook Apt. 872,Humphreyton,PA,17733,9FK0VY3PD33,H-01275,P-02377,Northwind Health,H5040-002,MA,PA,AGE,NW-289048,2025-12-01,,ACTIVE,1884412,46.03,
C-01831,"Blevins, Angelica",07/16/1934,(597) 555-0182,,103 Ellison Hollow Suite 299,South Timothymouth,WV,24990,2FQ6C88RX61,H-01276,P-02378,Northwind Health,H5040-020-003,MA,WV,AGE,NW-878341,06/01/22,,active,7150444,2.20,
C-01832,"Stewart, Ronald",06/06/1947,(412) 555-0127,,2406 Kristin Crossroad Apt. 559,Brennanberg,UT,84661,6CQ6Q07RA55,H-01277,P-02379,Summit Health Plans,H5371-027,MA,UT,AGE,SH-811748,02/01/2022,,Active,97102525,3.98,
C-01833,"Green, Kyle",34424,(841) 555-0179,kyle.green1833@example.com,21905 Jason Roads,Scotttown,TX,75153,,H-01278,P-02380,Summit Health Plans,93748TX0598142,ACA,TX,,SH-488780,2025-01-01,2025-12-31,TERMINATED,99847493,610.69,
C-01833,"Green, Kyle",34424,(841) 555-0179,kyle.green1833@example.com,21905 Jason Roads,Scotttown,TX,75153,,H-01278,P-02381,Cardinal Mutual,49117TX4949183,ACA,TX,,CM-938845,01/01/26,,active,99847493,558.45,
C-01834,"Rivas, Tara",21634,(330) 555-0133,tara.rivas1834@example.com,8455 Carolyn Islands Apt. 138,West Adam,NE,69308,1TQ1XE8EM98,H-01279,P-02382,Cardinal Mutual,H7252-008,MA,NE,AGE,CM-978271,10/01/2024,,Active,33857966,10.97,
C-01835,"Rivas, Karl",32129,(913) 555-0111,,8455 Carolyn Islands Apt. 138,West Adam,NE,69308,,H-01279,P-02383,Cardinal Mutual,49117NE7363289,ACA,NE,,CM-489388,2025-01-01,,ACTIVE,33857966,586.26,
C-01836,"Schultz, Steven",20924,(563) 555-0182,,12900 Preston Shoals Apt. 117,Port Danielle,ID,83424,3GY5C28JW60,H-01280,P-02384,Summit Health Plans,H5371-018-002,MA,ID,AGE,SH-563579,05/01/23,,active,77125617,35.17,
C-01837,"Schultz, Eric",06/19/1949,(533) 555-0109,,12900 Preston Shoals Apt. 117,Port Danielle,ID,83424,4K17MH9FU08,H-01280,P-02385,Bluepeak,H4593-025,MA,ID,AGE,BP-127021,07/01/2022,,Active,77125617,58.58,
C-01838,"Jackson, Meagan",23943,(206) 555-0164,meagan.jackson1838@example.com,839 Peters Station Suite 852,New Elizabeth,GA,30014,,H-01281,P-02386,Bluepeak,23947GA4313135,ACA,GA,,BP-952221,2025-01-01,2025-12-31,TERMINATED,61855700,276.92,Call after 2pm.
C-95299,,,,,,,,,,,P-02387,Summit Health Plans,93748GA0161549,ACA,GA,,SH-704821,01/01/26,,active,61855700,182.22,
C-01839,"West, Brian",09/22/1942,(563) 555-0114,brian.west1839@example.com,516 Tiffany Islands,Richardsonland,SC,29868,5K89CK3XM61,H-01282,P-02388,Meridian Care,H8433-023-001,MA,SC,AGE,MC-238657,04/01/2024,,Active,11576383,36.36,
C-01840,"Duran, Danielle",07/01/1937,(864) 555-0104,danielle.duran1840@example.com,054 Jonathan Motorway,Josephbury,CO,81034,7P35XF1VX56,H-01283,P-02389,Summit Health Plans,H9797-028,MA,CO,AGE,SH-801157,2024-11-01,,ACTIVE,5265799,15.72,
C-01841,"Duran, Michael",11/25/1953,(746) 555-0105,michael.duran1841@example.com,054 Jonathan Motorway,Josephbury,CO,81034,9MW7RD4MK33,H-01283,P-02390,Meridian Care,H8433-025,MA,CO,AGE,MC-777331,07/01/25,,active,5265799,52.76,
C-01842,"Stevens, Jordan",27726,(649) 555-0143,jordan.stevens1842@example.com,7841 Wilson Prairie,Jacquelineshire,IL,61642,,H-01284,P-02391,Northwind Health,76542IL8868896,ACA,IL,,NW-785689,01/01/2024,,Active,37231783,435.49,
C-01843,"Cobb, Haley",12/03/1944,(551) 555-0120,,53788 Jeffrey Crossing,South Christopher,IL,60020,5Q31ND2ER76,H-01285,P-02392,Northwind Health,A,MEDSUPP,IL,AGE,NW-528760,2025-12-01,,ACTIVE,97102525,289.40,
C-01843,"Cobb, Haley",12/03/1944,(551) 555-0120,,53788 Jeffrey Crossing,South Christopher,IL,60020,5Q31ND2ER76,H-01285,P-02393,Northwind Health,S6930-029-001,PDP,IL,AGE,NW-432757,12/01/25,,active,97102525,74.99,
C-01844,"Cobb, John",07/12/1939,(333) 555-0194,john.cobb1844@example.com,53788 Jeffrey Crossing,South Christopher,IL,60020,7PW2XH8NK04,H-01285,P-02394,Harborline,H3504-007-001,MA,IL,AGE,HL-308129,11/01/2025,,Active,97102525,43.17,
C-01845,"Daniels, James",03/01/1941,(224) 555-0166,james.daniels1845@example.com,0878 Lisa Point,West Laurafort,VA,23896,7NJ2W23DP30,H-01286,P-02395,Northwind Health,H5040-020,MA,VA,AGE,NW-934591,2024-07-01,,ACTIVE,78490893,3.47,
C-01846,"Webb, Linda",23901,(445) 555-0135,,625 Lawrence Crossing Suite 465,West Jessica,SD,57602,,H-01287,P-02396,Bluepeak,23947SD8855241,ACA,SD,,BP-732184,01/01/24,,active,77125617,345.25,
C-01847,"Ramos, Nicholas",01/08/1941,(414) 555-0125,nicholas.ramos1847@example.com,89156 Lopez Harbors,Crawfordfort,RI,02865,5F85AT4JV20,H-01288,P-02397,Harborline,H2796-015,MA,RI,AGE,HL-548584,01/01/2023,07/31/2025,Terminated,11576383,41.64,
C-01847,"Ramos, Nicholas",01/08/1941,(414) 555-0125,nicholas.ramos1847@example.com,89156 Lopez Harbors,Crawfordfort,RI,02865,5F85AT4JV20,H-01288,P-02398,Summit Health Plans,H5371-001,MA,RI,AGE,SH-915059,2025-08-01,,ACTIVE,11576383,2.83,
C-01848,"Scott, Nicholas",02/13/1948,(848) 555-0149,,691 Walker Via,Taylorshire,KY,41581,2KG4UK1PD63,H-01289,P-02399,Summit Health Plans,S8123-023,PDP,KY,AGE,SH-772414,10/01/22,,active,61291817,15.54,
C-01849,"Smith, Rebecca",08/24/1950,(471) 555-0183,rebecca.smith1849@example.com,5099 Hannah Creek Apt. 898,Timothyshire,UT,84289,8P37UH0QD46,H-01290,P-02400,Northwind Health,H5040-020,MA,UT,AGE,NW-421466,02/01/2022,09/17/2026,Active,90949389,30.95,
C-01850,"Aguilar, Samuel",06/20/1935,(894) 555-0142,,11896 Conway Extension Suite 648,Christinemouth,DE,19793,7FT8J08UU76,H-01291,P-02401,Harborline,H3504-025-002,MA,DE,AGE,HL-396872,2023-10-01,,ACTIVE,54100814,9.94,
C-01851,"Silva, Jessica",11/04/1940,(629) 555-0145,jessica.silva1851@example.com,5958 Sonia Streets Apt. 902,North Scott,CO,81434,7NG9J96UP62,H-01292,P-02402,Harborline,H3504-001,MA,CO,AGE,HL-916925,06/01/24,10/31/25,See notes,5265799,19.19,
C-01851,"Silva, Jessica",11/04/1940,(629) 555-0145,jessica.silva1851@example.com,5958 Sonia Streets Apt. 902,North Scott,CO,81434,7NG9J96UP62,H-01292,P-02403,Cardinal Mutual,R9669-020,MA,CO,AGE,CM-478796,11/01/2025,,Active,5265799,36.77,Call after 2pm.
C-01852,"Evans, Tammy",34881,(793) 555-0133,tammy.evans1852@example.com,48839 Roach Mountain,West Karenhaven,RI,02851,,H-01293,P-02404,Harborline,91959RI4361515,ACA,RI,,HL-517039,2025-01-01,,ACTIVE,11576383,798.64,
C-01853,"Evans, Sara",33931,(986) 555-0190,,48839 Roach Mountain,West Karenhaven,RI,02851,,H-01293,P-02405,Northwind Health,76542RI9432067,ACA,RI,,NW-503796,01/01/24,,active,11576383,764.07,
C-01854,"Clark, Wesley",35074,(446) 555-0165,,3672 Hendrix Cove,East Jessicatown,UT,84034,,H-01294,P-02406,Meridian Care,76540UT8685662,ACA,UT,,MC-384603,01/01/2025,,Active,97102525,455.84,
C-01855,"Clark, Karen",11/18/1941,(678) 555-0191,karen.clark1855@example.com,3672 Hendrix Cove,East Jessicatown,UT,84034,6MK2KC2YK80,H-01294,P-02407,Meridian Care,H8433-023,MA,UT,AGE,MC-758334,2023-08-01,,ACTIVE,97102525,59.31,
C-01856,"Mccoy, Gary",10/31/1951,(663) 555-0151,gary.mccoy1856@example.com,93978 Joshua Junction,Port Andrewshire,ID,83691,8TE1PT8TH78,H-01295,P-02408,Harborline,H2796-003-002,MA,ID,AGE,HL-321907,06/01/22,,active,77125617,40.04,Call after 2pm.
C-01857,"Mccoy, Dan",36680,(940) 555-0163,daniel.mccoy1857@example.com,93978 Joshua Junction,Port Andrewshire,ID,83691,,H-01295,P-02409,Northwind Health,76542ID3615499,ACA,ID,,NW-696813,01/01/2025,,Active,77125617,248.78,
C-01858,"Garner, Amanda",10/28/1938,(936) 555-0115,amanda.garner1858@example.com,055 Ann Manors Suite 933,Christophermouth,VA,23299,9X06U86GD82,H-01296,P-02410,Harborline,H2796-005,MA,VA,AGE,HL-618033,2022-12-01,,ACTIVE,78490893,21.10,
C-01859,"Johnston, Kristin",21133,(904) 555-0158,kristin.johnston1859@example.com,705 David Locks,Lake Julieville,IL,61405,6TY2NT8PG35,H-01297,P-02411,Summit Health Plans,H9797-010-001,MA,IL,AGE,SH-333522,09/01/23,,cancelled,44524491,5.74,
C-01860,"Cummings, Bobby",27619,(555) 555-0140,bobby.cummings1860@example.com,38297 Taylor Way,Michaelbury,KY,41034,,H-01298,P-02412,Bluepeak,23947KY3032184,ACA,KY,,BP-684446,01/01/2025,12/31/2025,Terminated,94702683,236.78,
C-01860,"Cummings, Bobby",27619,(555) 555-0140,bobby.cummings1860@example.com,38297 Taylor Way,Michaelbury,KY,41034,,H-01298,P-02413,Northwind Health,76542KY9492379,ACA,KY,,NW-188337,2026-01-01,,ACTIVE,94702683,586.79,
C-01861,"Suarez, Kevin",11/25/1938,(646) 555-0158,,858 Melissa Stravenue,North Justinton,NC,28403,4E56MN3WH36,H-01299,P-02414,Bluepeak,H4593-028,MA,NC,AGE,BP-478267,07/01/23,,active,74197857,18.26,
C-01862,"Suarez, Jennifer",07/04/1937,(291) 555-0104,jennifer.suarez1862@example.com,858 Melissa Stravenue,North Justinton,NC,28403,6M26TN9DM99,H-01299,P-02415,Summit Health Plans,H5371-016,MA,NC,AGE,SH-343765,07/01/2025,,Active,74197857,3.46,
C-01863,"Vaughn, Bill",06/23/1943,(639) 555-0168,william.vaughn1863@example.com,1587 Nicholas Locks,South Christian,SD,57046,5HN4PQ3QU98,H-01300,P-02416,Meridian Care,H8433-008,MA,SD,AGE,MC-763440,2024-09-01,,ACTIVE,77125617,34.35,
C-01864,"Cole, John",06/24/1948,(623) 555-0157,john.cole1864@example.com,335 Lauren Circle Apt. 585,Davisport,ID,83739,3AQ0KF9MF99,H-01301,P-02417,Northwind Health,H5040-009,MA,ID,AGE,NW-375402,09/01/22,,active,43339391,36.60,
C-01865,"Cole, Debra",04/10/1938,(794) 555-0164,debra.cole1865@example.com,335 Lauren Circle Apt. 585,Davisport,ID,83739,8W82CX9HV72,H-01301,P-02418,Bluepeak,H4593-019-001,MA,ID,AGE,BP-974629,08/01/2022,01/31/2024,Terminated,43339391,48.80,
C-01865,"Cole, Debra",04/10/1938,(794) 555-0164,debra.cole1865@example.com,335 Lauren Circle Apt. 585,Davisport,ID,83739,8W82CX9HV72,H-01301,P-02419,Northwind Health,H5040-025,MA,ID,AGE,NW-918212,2024-02-01,,ACTIVE,43339391,54.59,
C-01866,"Austin, Donna",28478,(263) 555-0192,donna.austin1866@example.com,3979 Michael Turnpike Apt. 164,South Sue,TX,76862,,H-01302,P-02420,Cardinal Mutual,49117TX8604328,ACA,TX,,CM-349020,01/01/25,12/31/25,terminated,37231783,195.13,
C-01866,"Austin, Donna",28478,(263) 555-0192,donna.austin1866@example.com,3979 Michael Turnpike Apt. 164,South Sue,TX,76862,,H-01302,P-02421,Northwind Health,76542TX5206949,ACA,TX,,NW-106429,01/01/2026,,Active,37231783,190.37,
C-01867,"Austin, Mary",01/08/1947,(637) 555-0110,,3979 Michael Turnpike Apt. 164,South Sue,TX,76862,4E64H93RA57,H-01302,P-02422,Bluepeak,H4593-030-001,MA,TX,AGE,BP-378988,2023-05-01,,ACTIVE,37O31783,28.18,Call after 2pm.
C-01868,"Sloan, Kenneth",20789,(977) 555-0187,,7270 Amy Manor,Ortizmouth,MO,65110,1Y71JQ4DU65,H-01303,P-02423,Summit Health Plans,H5371-018-002,MA,MO,AGE,SH-313893,09/01/25,,active,6831819,51.97,
C-01869,"Walters, Jamie",10/28/1933,(733) 555-0101,jamie.walters1869@example.com,4416 Austin Cove,Haleymouth,DE,19753,1YQ4HY4PH49,H-01304,P-02424,Bluepeak,H3266-002-003,MA,DE,AGE,BP-489665,08/01/2024,,Active,4356886,9.54,
C-01870,"Walters, Amanda",24002,(733) 555-0101,amanda.walters1870@example.com,4416 Austin Cove,Haleymouth,DE,19753,,H-01304,P-02425,Cardinal Mutual,49117DE2898919,ACA,DE,,CM-810052,2025-01-01,,ACTIVE,4356886,554.04,
C-01871,"Clark, Dennis",32135,(539) 555-0141,dennis.clark1871@example.com,4051 Jacob Points Apt. 273,West Douglaschester,GA,30976,,H-01305,P-02426,Meridian Care,76540GA6786754,ACA,GA,,MC-867787,01/01/24,,active,10583482,897.33,Call after 2pm.
C-01872,"Andrews, Brady",05/06/1939,(984) 555-0181,,4471 Brittany Underpass,North Barbara,NY,10142,4PH9E00JV91,H-01306,P-02427,Cardinal Mutual,H7252-020,MA,NY,AGE,CM-477771,09/01/2025,,Active,97O02525,55.55,
C-01873,"Andrews, Tyler",04/14/1944,(588) 555-0167,,4471 Brittany Underpass,North Barbara,NY,10142,1K23YK2XA08,H-01306,P-02428,Meridian Care,A,MEDSUPP,NY,AGE,MC-249870,2025-08-01,,ACTIVE,97102525,282.33,
C-01873,"Andrews, Tyler",04/14/1944,(588) 555-0167,,4471 Brittany Underpass,North Barbara,NY,10142,1K23YK2XA08,H-01306,P-02429,Meridian Care,S3927-016,PDP,NY,AGE,MC-929179,08/01/25,,active,97102525,89.20,
C-01874,"Rodriguez, Jasmine",21381,(225) 555-0127,,909 Glen Plain Suite 987,Monicastad,IL,60661,9RX4VP3CT48,H-01307,P-02430,Summit Health Plans,H5371-001,MA,IL,AGE,SH-721309,01/01/2026,,Active,37231783,59.21,
C-01875,"Rodriguez, Mariah",09/24/1952,(225) 555-0127,mariah.rodriguez1875@example.com,909 Glen Plain Suite 987,Monicastad,IL,60661,9EJ6DU0AC48,H-01307,P-02431,Harborline,H2796-024,MA,IL,AGE,HL-815148,2026-05-01,,ACTIVE,86411466,11.07,
C-01876,"Combs, Lori",20201,(209) 555-0192,lori.combs1876@example.com,727 Shawn Flat Apt. 688,Port Danielfurt,ID,83613,7FN5RD4KE29,H-01308,P-02432,Cardinal Mutual,H7252-022-001,MA,ID,AGE,CM-227042,11/01/24,,active,43339391,10.58,
C-01877,"Nixon, Jeffrey",01/11/1951,(362) 555-0132,jeffrey.nixon1877@example.com,43988 William Ford,Ramosstad,OH,43363,1YQ5F96DF16,H-01309,P-02433,Cardinal Mutual,S2876-017,PDP,OH,AGE,CM-836828,05/01/2026,,Active,1884412,19.42,
C-01878,"Mcmahon, Michael",20880,(927) 555-0126,,64770 Davis Stravenue,New Alexanderville,DE,35221,6P06T83GJ83,H-01310,P-02434,Summit Health Plans,S8123-008,PDP,DE,AGE,SH-395227,2024-03-01,,CANCELLED,4356886,55.34,
C-01879,"Mcmahon, Bill",20105,(927) 555-0126,william.mcmahon1879@example.com,64770 Davis Stravenue,New Alexanderville,DE,19721,1NH8X40NY50,H-01310,P-02435,Meridian Care,N,MEDSUPP,DE,AGE,MC-650196,04/01/25,,active,4356886,143.02,
C-01879,"Mcmahon, Bill",20105,(927) 555-0126,william.mcmahon1879@example.com,64770 Davis Stravenue,New Alexanderville,DE,19721,1NH8X40NY50,H-01310,P-02436,Meridian Care,S3927-018,PDP,DE,AGE,MC-516549,04/01/2025,,Active,4356886,42.91,
C-01880,"Ramsey, Michael",08/05/1946,(326) 555-0106,,28262 Baker Expressway Apt. 412,North Cheryl,NY,13022,6XD5T89VD55,H-01311,P-02437,Northwind Health,H9830-023,MA,NY,AGE,NW-275601,2023-10-01,,ACTIVE,6831819,30.15,
C-01881,"Ramsey, Steven",11/15/1952,(288) 555-0103,steven.ramsey1881@example.com,28262 Baker Expressway Apt. 412,North Cheryl,NY,13022,8HF8MF4VU29,H-01311,P-02438,Northwind Health,G,MEDSUPP,NY,AGE,NW-262441,11/01/24,,active,6831819,97.37,
C-01881,"Ramsey, Steven",11/15/1952,(288) 555-0103,steven.ramsey1881@example.com,28262 Baker Expressway Apt. 412,North Cheryl,NY,13022,8HF8MF4VU29,H-01311,P-02439,Northwind Health,S6930-006,PDP,NY,AGE,NW-429629,11/01/2024,,Active,6831819,67.90,
C-01882,"Moore, Nathan",30705,(350) 555-0104,nathan.moore1882@example.com,4100 Norris Villages,Coryborough,AR,72733,,H-01312,P-02440,Northwind Health,76542AR4882334,ACA,AR,,NW-899058,2024-01-01,,ACTIVE,44524491,625.65,
C-01883,"Christensen, Amy",21347,(424) 555-0107,amy.christensen1883@example.com,109 Klein Inlet,Lake Sandraberg,OH,43707,4DM6M64GD43,H-01313,P-02441,Meridian Care,H3591-028,MA,OH,AGE,MC-452129,12/01/25,,active,1884412,30.41,
C-01884,"Wilkinson, Laura",12/17/1950,(225) 555-0184,laura.wilkinson1884@example.com,98726 Glenn Ports Suite 322,Christianfort,IA,51560,8YX8T22PQ96,H-01314,P-02442,Harborline,H2796-028-002,MA,OR,AGE,HL-824559,06/01/2025,,Active,1884412,36.68,
C-01885,"Fox, Cory",06/12/1954,(663) 555-0121,cory.fox1885@example.com,0432 Garcia Place,North Jamesfurt,PA,18948,1TE1Y74UN05,H-01315,P-02443,Bluepeak,H4593-029-001,MA,PA,AGE,BP-954127,2025-05-01,,ACTIVE,13981052,39.61,
C-01886,"Fox, Patrick",03/26/1938,(943) 555-0128,patrick.fox1886@example.com,0432 Garcia Place,North Jamesfurt,PA,18948,3H48D54JH16,H-01315,P-02444,Cardinal Mutual,H8668-010,MA,PA,AGE,CM-422328,05/01/22,,active,13981052,55.55,
C-01887,"Wheeler, Kimberly",12/09/1937,(318) 555-0114,kimberly.wheeler1887@example.com,0286 Benson Extension,East Kimberlyton,NE,68062,2EP7W87FJ90,H-01316,P-02445,Cardinal Mutual,H8668-030,MA,NE,AGE,CM-520112,01/01/2023,,Active,33857966,42.25,
C-01888,"Jacobs, Anthony",04/30/1937,(416) 555-0151,anthony.jacobs1888@example.com,6219 Gonzalez Plains,North Matthewfort,UT,84416,5Q39HT1KT87,H-01317,P-02446,Northwind Health,A,MEDSUPP,UT,AGE,NW-124181,2023-11-01,,ACTIVE,97102525,309.56,
C-01888,"Jacobs, Anthony",04/30/1937,(416) 555-0151,anthony.jacobs1888@example.com,6219 Gonzalez Plains,North Matthewfort,UT,84416,5Q39HT1KT87,H-01317,P-02447,Northwind Health,S6930-021,PDP,UT,AGE,NW-170777,11/01/23,,active,97102525,15.72,
C-01889,"Lopez, Kimberly",05/21/1934,(817) 555-0132,kimberly.lopez1889@example.com,3259 Anthony Mountain,New Steven,TX,78939,5JT9HQ6RC44,H-01318,P-02448,Cardinal Mutual,H7252-014-003,MA,TX,AGE,CM-651637,11/01/2024,,Active,90949389,5.55,
C-01890,"Brock, Jon",12/04/1950,(861) 555-0128,,21138 Knight Summit Suite 167,East David,NE,69256,5P22T83JE88,H-01319,P-02449,Harborline,H3504-004,MA,NE,AGE,HL-929570,2022-07-01,,ACTIVE,54100814,17.49,
C-01891,"Brown, Tiffany",09/16/1940,(816) 555-0192,tiffany.brown1891@example.com,617 Ashley Plaza Apt. 707,Kirkchester,MO,65781,8C64PN3AA17,H-01320,P-02450,Northwind Health,H5040-012-002,MA,MO,AGE,NW-283930,01/01/23,,active,29898923,48.14,
C-01892,"Pruitt, Joseph",09/05/1952,(768) 555-0145,joseph.pruitt1892@example.com,4225 Christopher Locks,East Matthewborough,AR,72580,3N71UU4WP65,H-01321,P-02451,Meridian Care,H3591-025,MA,AR,AGE,MC-326520,10/01/2022,,Active,44524491,22.09,
C-01893,"May, Mike",35678,(339) 555-0119,michael.may1893@example.com,09447 Ware Lane,East Emilychester,KS,67795,,H-01322,P-02452,Harborline,91959KS9577041,ACA,KS,,HL-144001,2027-01-01,,chk w/ carrier,13981052,681.91,
C-01894,"Wilcox, Michael",22866,(726) 555-0159,michael.wilcox1894@example.com,27617 Cortez Burg,West Stacy,UT,84520,,H-01323,P-02453,Summit Health Plans,93748UT6898744,ACA,UT,,SH-343136,01/01/25,12/31/25,chk w/ carrier,97102525,741.67,
C-01894,"Wilcox, Michael",22866,(726) 555-0159,michael.wilcox1894@example.com,27617 Cortez Burg,West Stacy,UT,84520,,H-01323,P-02454,Cardinal Mutual,49117UT2856164,ACA,UT,,CM-135179,01/01/2026,,Active,97102525,640.12,
C-01895,"Wilcox, Amber",34913,(551) 555-0149,amber.wilcox1895@example.com,27617 Cortez Burg,West Stacy,UT,84520,,H-01323,P-02455,Bluepeak,23947UT3009394,ACA,UT,,BP-492674,2026-01-01,,ACTIVE,97102525,227.60,
C-01896,"Gilmore, Victoria",04/13/1937,(733) 555-0132,victoria.gilmore1896@example.com,0211 Luis Plain,East Lindaside,LA,70050,6FH6KX4DE00,H-01324,P-02456,Meridian Care,H8433-016-003,MA,LA,AGE,MC-883012,03/01/26,,active,7150444,33.08,
C-01897,"Porter, Joseph",02/05/1938,(451) 555-0123,joseph.porter1897@example.com,986 Mendoza Meadow Suite 237,Kiddtown,KS,67418,8X52XR0NV65,H-01325,P-02457,Northwind Health,H5040-009,MA,KS,AGE,NW-288214,03/01/2023,,Active,13981052,14.59,
C-01898,"Williams, Richard",02/10/1944,(281) 555-0187,richard.williams1898@example.com,0837 Tiffany Creek Apt. 749,North Samuel,GA,30927,8KY9N98XH67,H-01326,P-02458,Summit Health Plans,H5371-029-002,MA,GA,AGE,SH-772291,2023-07-01,2024-11-30,TERMINATED,61855700,56.60,
C-01898,"Williams, Richard",02/10/1944,(281) 555-0187,richard.williams1898@example.com,0837 Tiffany Creek Apt. 749,North Samuel,GA,30927,8KY9N98XH67,H-01326,P-02459,Cardinal Mutual,H7252-029,MA,GA,AGE,CM-900042,12/01/24,,active,61855700,41.17,
C-01899,"Gordon, David",10/15/1952,(355) 555-0126,david.gordon1899@example.com,9235 Joshua Grove,Nelsonton,TX,75508,6GF3TU5CK48,H-01327,P-02460,Meridian Care,H8433-009,MA,TX,AGE,MC-814357,02/01/2022,02/28/2025,Terminated,99847493,45.07,
C-01899,"Gordon, David",10/15/1952,(355) 555-0126,david.gordon1899@example.com,9235 Joshua Grove,Nelsonton,TX,75508,6GF3TU5CK48,H-01327,P-02461,Summit Health Plans,H5371-002,MA,TX,AGE,SH-985247,2025-03-01,,ACTIVE,99847493,22.83,
C-01900,"Johns, Kathleen",30998,(606) 555-0192,kathleen.johns1900@example.com,4622 Gary Expressway Apt. 720,Raventown,MD,21213,,H-01328,P-02462,Bluepeak,23947MD9864597,ACA,MD,,BP-591602,01/01/24,,active,77125617,898.16,
C-01901,"Rodriguez, Adam",09/14/1941,(591) 555-0109,adam.rodriguez1901@example.com,00886 Laura Summit,Chavezshire,AL,36085,2CF9R15KM19,H-01329,P-02463,Northwind Health,N,MEDSUPP,AL,AGE,NW-613048,12/01/2025,,Active,1884412,155.01,
C-01901,"Rodriguez, Adam",09/14/1941,(591) 555-0109,adam.rodriguez1901@example.com,00886 Laura Summit,Chavezshire,AL,36085,2CF9R15KM19,H-01329,P-02464,Northwind Health,S7543-006,PDP,AL,AGE,NW-580669,2025-12-01,,ACTIVE,1884412,72.90,
C-01902,"Jennings, James",06/28/1946,(481) 555-0150,james.jennings1902@example.com,41600 Patrick Terrace,Port Jimmy,DC,20241,6QA4W45DD99,H-01330,P-02465,Cardinal Mutual,H7252-006,MA,DC,AGE,CM-805993,03/01/22,,active,6831819,15.24,
C-01903,"Bender, Michelle",30898,(704) 555-0165,michelle.bender1903@example.com,989 Singh River Apt. 608,Kevinland,GA,30309,,H-01331,P-02466,Bluepeak,23947GA7618620,ACA,GA,,BP-935207,01/01/2025,12/31/2025,Terminated,61855700,384.02,
C-01903,"Bender, Michelle",30898,(704) 555-0165,michelle.bender1903@example.com,989 Singh River Apt. 608,Kevinland,GA,30309,,H-01331,P-02467,Meridian Care,76540GA1294835,ACA,GA,,MC-725847,2026-01-01,,ACTIVE,61855700,681.39,
C-01904,"Benton, Christopher",02/17/1943,(346) 555-0144,,4630 Andrew Ranch Suite 336,North Jenniferbury,IA,50477,7DU6P17GG45,H-01332,P-02468,Summit Health Plans,H9797-016,MA,IA,AGE,SH-686810,10/01/24,,active,1884412,47.94,
C-01905,"Benton, Cody",05/10/1937,(346) 555-0144,cody.benton1905@example.com,4630 Andrew Ranch Suite 336,North Jenniferbury,IA,50477,4UV3Q71PX26,H-01332,P-02469,Cardinal Mutual,H7252-018,MA,IA,AGE,CM-604710,03/01/2024,10/31/2025,Terminated,1884412,1.81,Met at the café seminar in the spring.
C-01905,"Benton, Cody",05/10/1937,(346) 555-0144,cody.benton1905@example.com,4630 Andrew Ranch Suite 336,North Jenniferbury,IA,50477,4UV3Q71PX26,H-01332,P-02470,Meridian Care,H3591-002,MA,IA,AGE,MC-151864,2025-11-01,,ACTIVE,1884412,2.06,
C-01906,"Lopez, Jordan",09/23/1939,(831) 555-0125,,1985 Rivera Divide,Edwardtown,PA,17301,3WC3JT1KF13,H-01333,P-02471,Cardinal Mutual,N,MEDSUPP,PA,AGE,CM-964045,04/01/26,,active,1884412,237.31,
C-01906,"Lopez, Jordan",09/23/1939,(831) 555-0125,,1985 Rivera Divide,Edwardtown,PA,17301,3WC3JT1KF13,H-01333,P-02472,Cardinal Mutual,S1188-019-003,PDP,PA,AGE,CM-761504,04/01/2026,,Active,1884412,33.74,
C-01907,"Lopez, Melanie",01/17/1938,(785) 555-0141,melanie.lopez1907@example.com,1985 Rivera Divide,Edwardtown,PA,17301,8R32YJ3QX83,H-01333,P-02473,Harborline,H2796-026,MA,PA,AGE,HL-189624,2022-10-01,,ACTIVE,1884412,42.19,
C-01908,"Lawson, Jack",01/15/1935,(232) 555-0176,john.lawson1908@example.com,53534 Jenkins Mission,Nicholasshire,LA,71285,1KA9HJ6GT24,H-01334,P-02474,Harborline,H2796-016,MA,LA,AGE,HL-731550,11/01/26,,pending,11576383,29.44,
C-01909,"Delgado, William",01/28/1936,(338) 555-0188,,6720 Brian Dam Suite 028,Lake Williamberg,PA,18129,2NP3FN0EQ99,H-01335,P-02475,Bluepeak,R9085-009,MA,PA,AGE,BP-201295,01/01/2023,12/31/2025,Terminated,1884412,29.61,
C-01909,"Delgado, William",01/28/1936,(338) 555-0188,,6720 Brian Dam Suite 028,Lake Williamberg,PA,18129,2NP3FN0EQ99,H-01335,P-02476,Northwind Health,H5040-014,MA,PA,AGE,NW-673199,2026-01-01,,ACTIVE,1884412,0.34,
C-01910,"Delgado, Candace",34457,(533) 555-0113,candace.delgado1910@example.com,6720 Brian Dam Suite 028,Lake Williamberg,PA,18129,,H-01335,P-02477,Summit Health Plans,93748PA7134214,ACA,PA,,SH-952855,01/01/25,12/31/25,terminated,1884412,708.49,Asked about dental add-ons at renewal.
C-01910,"Delgado, Candace",34457,(533) 555-0113,candace.delgado1910@example.com,6720 Brian Dam Suite 028,Lake Williamberg,PA,18129,,H-01335,P-02478,Northwind Health,76542PA5721470,ACA,PA,,NW-439431,01/01/2026,,Active,1884412,758.55,
C-01911,"Walsh, James",08/19/1944,(513) 555-0161,,26208 Mason Cliff Suite 452,Perezstad,IL,61295,1TF3XE9DW46,H-01336,P-02479,Harborline,H2796-014,MA,IL,AGE,HL-828823,2023-10-01,,ACTIVE,44524491,47.53,
C-01912,"Parks, Shawna",30071,(971) 555-0174,shawna.parks1912@example.com,35700 Miller River Apt. 828,Danielville,DC,20458,,H-01337,P-02480,Cardinal Mutual,49117DC6919905,ACA,DC,,CM-525693,01/01/26,,active,6831819,730.41,
C-01913,"Brown, Carolyn",04/07/1942,(497) 555-0130,carolyn.brown1913@example.com,559 Justin Way,Wilsonton,FL,32425,1KH4FM9ER26,H-01338,P-02481,Northwind Health,H9830-023,MA,FL,AGE,NW-255099,01/01/2023,,Active,54100814,22.39,
C-01914,"Davis, Natasha",36132,(397) 555-0165,natasha.davis1914@example.com,46600 David Gardens,South Christopher,AL,35687,,H-01339,P-02482,Meridian Care,76540AL9669374,ACA,AL,,MC-343872,2026-01-01,,CANCELLED,1884412,187.03,
C-01915,"Smith, Jill",26662,(535) 555-0112,jill.smith1915@example.com,29615 David Shoal,Staceystad,KY,40358,1V33JG7EA45,H-01340,P-02483,Northwind Health,H9830-024,MA,KY,DISABILITY,NW-804724,02/01/23,,active,32244663,16.52,
C-01916,"Reyes, Tammy",21265,(280) 555-0177,,3446 Tara Inlet Apt. 276,Port Cynthia,FL,34456,6KT1P74HJ82,H-01341,P-02484,Harborline,H3504-018,MA,FL,AGE,HL-247578,12/01/2024,,Active,94702683,46.81,
C-01916,"Reyes, Tammy",21265,(280) 555-0177,,3446 Tara Inlet Apt. 276,Port Cynthia,FL,34456,6KT1P74HJ82,H-01341,P-02484,Harborline,H3504-018,MA,FL,AGE,HL-247578,2024-12-01,,ACTIVE,94702683,46.81,
C-01917,"Bruce, Jordan",12/23/1949,(378) 555-0165,,153 Michael Stravenue,Lake Kyle,WA,98917,6TE8RX1XV16,H-01342,P-02485,Bluepeak,H4593-004,MA,WA,AGE,BP-437896,12/01/25,,active,99847493,24.77,
C-01918,"Smith, Philip",20980,(406) 555-0127,philip.smith1918@example.com,617 Nichols Estates Suite 127,South Shawn,NE,68612,7DR1R60NK33,H-01343,P-02486,Meridian Care,S9201-013-003,PDP,NE,AGE,MC-182027,11/01/2024,,Active,54100814,81.94,
C-01919,"Tyler, Kelly",06/01/1949,(379) 555-0113,kelly.tyler1919@example.com,656 Melissa Harbor Apt. 976,Dixonview,MI,49500,9YM0QY7FY67,H-01344,P-02487,Northwind Health,N,MEDSUPP,MI,AGE,NW-681552,2022-10-01,,ACTIVE,61855700,119.18,
C-01919,"Tyler, Kelly",06/01/1949,(379) 555-0113,kelly.tyler1919@example.com,656 Melissa Harbor Apt. 976,Dixonview,MI,49500,9YM0QY7FY67,H-01344,P-02488,Northwind Health,S7543-003,PDP,MI,AGE,NW-776187,10/01/22,,active,61855700,22.32,
C-01920,"Tyler, Stuart",02/13/1940,(628) 555-0177,stuart.tyler1920@example.com,656 Melissa Harbor Apt. 976,Dixonview,MI,08300,9Q24UK0EY25,H-01344,P-02489,Bluepeak,H3266-011,MA,MI,AGE,BP-373150,11/01/2023,,Active,61855700,0.09,
C-01921,"Drake, Kevin",09/06/1952,(923) 555-0129,,290 Michael Camp,Proctorville,ID,83237,3QU5MP7RX09,H-01345,P-02490,Northwind Health,H5040-020-003,MA,ID,AGE,NW-511374,2023-07-01,,ACTIVE,5265799,28.88,
C-01922,"Drake, Ariel",01/14/1954,(923) 555-0129,ariel.drake1922@example.com,290 Michael Camp,Proctorville,ID,83237,9VG3EH2YY67,H-01345,P-02491,Bluepeak,H3266-020-002,MA,ID,AGE,BP-213320,09/01/24,,active,5265799,47.42,
C-01923,"Bridges, Cassandra",10/06/1945,(790) 555-0118,cassandra.bridges1923@example.com,23543 Brown Stream Suite 682,East Christopherchester,MO,64631,5JU6HR6GV71,H-01346,P-02492,Northwind Health,H5040-021,MA,MO,AGE,NW-725967,05/01/2022,09/30/2025,Terminated,32244663,28.05,
C-01923,"Bridges, Cassandra",10/06/1945,(790) 555-0118,cassandra.bridges1923@example.com,23543 Brown Stream Suite 682,East Christopherchester,MO,64631,5JU6HR6GV71,H-01346,P-02493,Cardinal Mutual,H8668-030,MA,MO,AGE,CM-945979,2025-10-01,,ACTIVE,32244663,30.25,
C-01924,"Bridges, Karen",04/12/1941,(725) 555-0146,karen.bridges1924@example.com,23543 Brown Stream Suite 682,East Christopherchester,MO,64631,5WR3CY9TF85,H-01346,P-02494,Meridian Care,H3591-023-003,MA,MO,AGE,MC-413737,09/01/23,,active,32244663,50.48,
C-01925,"Miranda, Craig",20547,(322) 555-0133,craig.miranda1925@example.com,4920 Keller Harbor,Dawnland,OR,97990,1XQ7QF4FW57,H-01347,P-02495,Harborline,H3504-006,MA,OR,AGE,HL-825378,05/01/2023,05/31/2024,Terminated,74197857,54.86,
C-01925,"Miranda, Craig",20547,(322) 555-0133,craig.miranda1925@example.com,4920 Keller Harbor,Dawnland,OR,97990,1XQ7QF4FW57,H-01347,P-02496,Summit Health Plans,H9797-007,MA,OR,AGE,SH-363703,2024-06-01,,ACTIVE,74197857,30.16,
C-01926,"Miranda, Jennifer",09/06/1951,(875) 555-0156,jennifer.miranda1926@example.com,4920 Keller Harbor,Dawnland,OR,97990,8ND0XA6PE94,H-01347,P-02497,Bluepeak,H4593-012-002,MA,OR,AGE,BP-143783,02/01/22,08/31/25,terminated,74197857,59.50,
C-01926,"Miranda, Jennifer",09/06/1951,(875) 555-0156,jennifer.miranda1926@example.com,4920 Keller Harbor,Dawnland,OR,97990,8ND0XA6PE94,H-01347,P-02498,Cardinal Mutual,H7252-016,MA,OR,AGE,CM-638311,09/01/2025,,Active,74197857,4.08,
C-01927,"Mason, Michelle",06/16/1938,(205) 555-0122,michelle.mason1927@example.com,88182 Wright Walks Suite 343,Ericaport,MO,63506,6CD1MT4TG99,H-01348,P-02499,Meridian Care,H8433-005,MA,MO,AGE,MC-604976,2022-04-01,,ACTIVE,33857966,19.71,
C-01928,"Mason, Linda",11/23/1951,(707) 555-0144,linda.mason1928@example.com,88182 Wright Walks Suite 343,Ericaport,MO,63506,5NQ8MM2QJ33,H-01348,P-02500,Bluepeak,H3266-029,MA,MO,AGE,BP-534506,05/01/26,,active,33857966,59.82,
C-01929,"Reed, Corey",20579,(498) 555-0171,corey.reed1929@example.com,849 Herrera Lodge,Greentown,NC,27691,7CQ4K59CH59,H-01349,P-02501,Harborline,H3504-024,MA,NC,AGE,HL-303897,04/01/2023,,Active,74197857,51.22,
C-01930,"Roy, David",10/07/1935,(665) 555-0114,david.roy1930@example.com,21254 Diana Harbors,Port Jessicabury,PA,19383,3E08GD6AR39,H-01350,P-02502,Bluepeak,H3266-015,MA,PA,AGE,BP-798146,2022-11-01,,ACTIVE,13981052,52.00,
C-01931,"Harris, Brooke",12/20/1942,(263) 555-0119,brooke.harris1931@example.com,49860 Tyler Courts Suite 003,North Yvonne,CO,80069,8A42PT9NJ56,H-01351,P-02503,Harborline,H2796-012,MA,CO,AGE,HL-918180,08/01/23,,active,5265799,23.91,
C-01932,"Harris, Andrea",12/02/1952,(919) 555-0150,andrea.harris1932@example.com,49860 Tyler Courts Suite 003,North Yvonne,CO,80069,1GJ8KY2CJ17,H-01351,P-02504,Harborline,R3621-020-002,MA,CO,AGE,HL-730725,05/01/2025,,Active,5265799,3.63,
C-01933,"Akins, Brittany",11/21/1947,(574) 555-0198,brittany.adkins1933@example.com,14003 Ellison Mountains,East Danielfort,AR,72586,2AQ7JJ3VG76,H-01352,P-02505,Bluepeak,H4593-028,MA,CA,AGE,BP-825880,2023-09-01,,ACTIVE,44524491,14.58,Call after 2pm.
C-01934,"Perkins, Justin",12/20/1950,(831) 555-0173,justin.perkins1934@example.com,860 Nicole Throughway Suite 259,Lake Williamville,NE,68766,6GA1A11PM44,H-01353,P-02506,Cardinal Mutual,R5119-002-002,MA,NE,AGE,CM-209941,12/01/24,01/31/26,See notes,33857966,30.01,
C-01934,"Perkins, Justin",12/20/1950,(831) 555-0173,justin.perkins1934@example.com,860 Nicole Throughway Suite 259,Lake Williamville,NE,68766,6GA1A11PM44,H-01353,P-02507,Meridian Care,H3591-006-001,MA,NE,AGE,MC-857674,02/01/2026,,Active,33857966,8.41,
C-01934,"Perkins, Justin",12/20/1950,(831) 555-0173,justin.perkins1934@example.com,860 Nicole Throughway Suite 259,Lake Williamville,NE,68766,6GA1A11PM44,H-01353,P-02507,Meridian Care,H3591-006-001,MA,NE,AGE,MC-857674,2026-02-01,,ACTIVE,33857966,8.41,
C-01935,"Perkins, Tiffany",24068,(831) 555-0173,tiffany.perkins1935@example.com,860 Nicole Throughway Suite 259,Lake Williamville,NE,68766,,H-01353,P-02508,Meridian Care,76540NE8885504,ACA,NE,,MC-702061,01/01/25,,active,33857966,466.01,
C-01935,"Perkins, Tiffany",24068,(831) 555-0173,tiffany.perkins1935@example.com,860 Nicole Throughway Suite 259,Lake Williamville,NE,68766,,H-01353,P-02508,Meridian Care,76540NE8885504,ACA,NE,,MC-702061,01/01/2025,,Active,33857966,466.01,
C-01936,"Kennedy, Garrett",01/26/1940,(908) 555-0135,garrett.kennedy1936@example.com,550 Chase Mill Suite 358,Lake David,IL,60500,1F99TG9NT55,H-01354,P-02509,Bluepeak,H4593-016-001,MA,IL,AGE,BP-547058,2022-08-01,,ACTIVE,3502049,49.74,
C-01937,"Rodriguez, Christina",01/02/1934,(379) 555-0115,,072 George Centers Apt. 716,South Anthonyhaven,AK,99620,8MR2E73HM59,H-01355,P-02510,Harborline,H3504-013-003,MA,AK,AGE,HL-517082,10/01/25,,active,61291817,28.70,Met at the café seminar in the spring.
C-01938,"Perez, Seth",28247,(534) 555-0176,seth.perez1938@example.com,39964 Henry Crest,South Matthew,NC,28992,6H47R73TW25,H-01356,P-02511,Summit Health Plans,S8123-030,PDP,NC,DISABILITY,SH-621886,03/01/2024,,Active,74197857,56.07,
C-01939,"Caldwell, Kelly",22026,(894) 555-0163,kelly.caldwell1939@example.com,102 Payne Spring Suite 578,North Geoffreyview,LA,71241,6CQ7Y39RK51,H-01357,P-02512,Harborline,B,MEDSUPP,LA,AGE,HL-105500,2025-06-01,,ACTIVE,7150444,300.09,
C-01939,"Caldwell, Kelly",22026,(894) 555-0163,kelly.caldwell1939@example.com,102 Payne Spring Suite 578,North Geoffreyview,LA,71241,6CQ7Y39RK51,H-01357,P-02513,Harborline,S2040-028,PDP,LA,AGE,HL-532883,06/01/25,,active,7150444,59.29,Client prefers materials en español.
C-01940,"Green, Elizabeth",04/02/1941,(635) 555-0133,elizabeth.green1940@example.com,62216 Kristina Lights,Arnoldmouth,KY,40921,1M26R60QJ82,H-01358,P-02514,Harborline,H2796-014,MA,KY,AGE,HL-900090,09/01/2024,09/15/2026,Active,32244663,11.65,
C-01941,"Green, Andrew",11/09/1939,(635) 555-0133,andrew.green1941@example.com,62216 Kristina Lights,Arnoldmouth,KY,40921,3GN2EG3WA29,H-01358,P-02515,Meridian Care,H3591-029-002,MA,KY,AGE,MC-496396,2026-05-01,,ACTIVE,32244663,40.35,
C-01942,"Kline, Madeline",11/13/1944,(676) 555-0133,madeline.kline1942@example.com,516 John Vista Suite 215,Lake Darrellchester,DC,20365,3YN4P48YJ85,H-01359,P-02516,Meridian Care,N,MEDSUPP,DC,AGE,MC-624521,03/01/23,,active,6831819,198.62,Prefers mail over phone.
C-01942,"Kline, Madeline",11/13/1944,(676) 555-0133,madeline.kline1942@example.com,516 John Vista Suite 215,Lake Darrellchester,DC,20365,3YN4P48YJ85,H-01359,P-02517,Meridian Care,S3927019,PDP,DC,AGE,MC-554303,03/01/2023,,Active,6831819,15.90,
C-01943,"Lane, Keith",20448,(868) 555-0186,keith.lane1943@example.com,07033 Williams Via Suite 243,New Amandabury,MN,56297,3AX0DW1UM97,H-01360,P-02518,Northwind Health,H9830-008-003,MA,MN,AGE,NW-544208,2023-04-01,,ACTIVE,11576383,17.19,
C-01944,"Hernandez, Micheal",04/20/1936,(599) 555-0181,,130 Kevin Coves Suite 910,Micheleton,MO,63140,8KC0PY7PV34,H-01361,P-02519,Harborline,F,MEDSUPP,MO,AGE,HL-871123,08/01/25,,active,33857966,286.74,
C-01944,"Hernandez, Micheal",04/20/1936,(599) 555-0181,,130 Kevin Coves Suite 910,Micheleton,MO,63140,8KC0PY7PV34,H-01361,P-02520,Harborline,S2040-023-001,PDP,MO,AGE,HL-270823,08/01/2025,,Active,33857966,54.10,
C-01945,"Hernandez, Charles",08/17/1951,(392) 555-0169,charles.hernandez1945@example.com,130 Kevin Coves Suite 910,Micheleton,MO,63140,,H-01361,P-02521,Northwind Health,F,MEDSUPP,MO,AGE,NW-225232,2023-10-01,,ACTIVE,33857966,191.85,
C-01945,"Hernandez, Charles",08/17/1951,(392) 555-0169,charles.hernandez1945@example.com,130 Kevin Coves Suite 910,Micheleton,MO,63140,,H-01361,P-02522,Northwind Health,S7543-020,PDP,MO,AGE,NW-701636,10/01/23,,active,33857966,12.88,
C-01946,"Davis, Mark",12/09/1945,(874) 555-0103,,586 Powell Underpass Apt. 395,West Andrea,MO,64797,7D96XK1HP12,H-01362,P-02523,Summit Health Plans,N,MEDSUPP,MO,AGE,SH-314936,05/01/2026,,Active,32244663,272.38,
C-01946,"Davis, Mark",12/09/1945,(874) 555-0103,,586 Powell Underpass Apt. 395,West Andrea,MO,64797,7D96XK1HP12,H-01362,P-02524,Summit Health Plans,S8123-025,PDP,MO,AGE,SH-716528,2026-05-01,,ACTIVE,32244663,63.98,
C-01947,"Flores, John",28831,(335) 555-0117,john.flores1947@example.com,7642 Wagner Valley,Foleyville,NY,13059,,H-01363,P-02525,Meridian Care,76540NY1852527,ACA,NY,,MC-507542,01/01/25,12/31/25,terminated,93664996,640.98,
C-01947,"Flores, John",28831,(335) 555-0117,john.flores1947@example.com,7642 Wagner Valley,Foleyville,NY,13059,,H-01363,P-02526,Summit Health Plans,93748NY4224963,ACA,NY,,SH-556090,01/01/2026,,Active,10583482,187.51,
C-01948,"Flores, Matthew",26243,(955) 555-0107,matthew.flores1948@example.com,7642 Wagner Valley,Foleyville,NY,13059,,H-01363,P-02527,Northwind Health,76542NY0180678,ACA,NY,,NW-846209,2025-01-01,2025-12-31,TERMINATED,10583482,372.44,
C-01948,"Flores, Matthew",26243,(955) 555-0107,matthew.flores1948@example.com,7642 Wagner Valley,Foleyville,NY,13059,,H-01363,P-02528,Harborline,91959NY5941118,ACA,NY,,HL-789985,01/01/26,,active,10583482,250.86,
C-01949,"Hunter, Matthew",02/04/1936,(926) 555-0199,matthew.hunter1949@example.com,81775 Dennis Ramp,Kathyfort,IN,47175,5HW5RH3UP98,H-01364,P-02529,Meridian Care,H3591-008,MA,IN,AGE,MC-666872,09/01/2025,,Active,4356886,59.99,
C-01950,"Mejia, Taylor",10/06/1937,(323) 555-0192,taylor.mejia1950@example.com,60972 Jessica Brook Apt. 446,Kelseychester,SD,57014,8YN2HH1KJ24,H-01365,P-02530,Meridian Care,H3591-005-002,MA,SD,AGE,MC-627668,2022-06-01,,ACTIVE,77125617,40.11,
C-01951,"Mejia, Benjamin",01/13/1953,(775) 555-0166,,60972 Jessica Brook Apt. 446,Kelseychester,SD,57014,1V31H12GC82,H-01365,P-02531,Northwind Health,S6930-022,PDP,SD,AGE,NW-433507,12/01/22,,active,77125617,44.19,
C-01952,"Fischer, Timothy",36052,(345) 555-0185,,1073 Margaret Mountain,West Patrickview,UT,84153,,H-01366,P-02532,Summit Health Plans,93748UT0286174,ACA,UT,,SH-837466,01/01/2026,,Active,37231783,169.47,
C-01953,"Fischer, Wanda",07/25/1953,(462) 555-0175,wanda.fischer1953@example.com,1073 Margaret Mountain,West Patrickview,UT,84153,1EW3EJ7UK34,H-01366,P-02533,Northwind Health,H9830-019,MA,UT,AGE,NW-448225,2022-03-01,2024-04-30,TERMINATED,37231783,13.97,
C-01953,"Fischer, Wanda",07/25/1953,(462) 555-0175,wanda.fischer1953@example.com,1073 Margaret Mountain,West Patrickview,UT,84153,1EW3EJ7UK34,H-01366,P-02534,Bluepeak,H3266-017-001,MA,UT,AGE,BP-343943,05/01/24,,active,37231783,9.43,
C-01954,"Phillips, Charles",10/14/1940,(284) 555-0180,charles.phillips1954@example.com,0317 Parker Forks,Port Jacobmouth,SD,57206,6MQ2DD6TA06,H-01367,P-02535,Northwind Health,H5040-009-001,MA,SD,AGE,NW-579263,11/01/2022,,Active,90949389,0.80,
C-01955,"Phillips, Kevin",04/12/1940,(419) 555-0149,kevin.phillips1955@example.com,0317 Parker Forks,Port Jacobmouth,SD,57206,3E43NC1EJ44,H-01367,P-02536,Cardinal Mutual,H8668-001,MA,SD,AGE,CM-239025,2025-03-01,,ACTIVE,90949389,48.32,
C-01956,"Lopez, Zachary",12/07/1936,(808) 555-0132,zachary.lopez1956@example.com,726 Fernando Extensions Suite 468,Zavalamouth,OR,97874,3PM7F10MU44,H-01368,P-02537,Cardinal Mutual,H8668-019,MA,OR,AGE,CM-375649,09/01/22,02/29/24,terminated,74197857,0.15,
C-01956,"Lopez, Zachary",12/07/1936,(808) 555-0132,zachary.lopez1956@example.com,726 Fernando Extensions Suite 468,Zavalamouth,OR,97874,3PM7F10MU44,H-01368,P-02538,Summit Health Plans,H5371-009-002,MA,OR,AGE,SH-541077,03/01/2024,,Active,74197857,24.99,
C-01957,"Lopez, Kevin",27145,(808) 555-0132,kevin.lopez1957@example.com,726 Fernando Extensions Suite 468,Zavalamouth,OR,97874,,H-01368,P-02539,Meridian Care,76540OR5338532,ACA,OR,,MC-432476,2025-01-01,2025-12-31,TERMINATED,74197857,359.78,
C-01957,"Lopez, Kevin",27145,(808) 555-0132,kevin.lopez1957@example.com,726 Fernando Extensions Suite 468,Zavalamouth,OR,97874,,H-01368,P-02540,Bluepeak,23947OR8583530,ACA,OR,,BP-660087,01/01/26,,active,74197857,819.52,
C-01958,"Jones, Mary",08/20/1953,(774) 555-0178,mary.jones1958@example.com,6642 Sean Lane,East Timothy,MI,49002,3DJ9EJ6YY75,H-01369,P-02541,Harborline,H3504-016-001,MA,MI,AGE,HL-238943,11/01/2026,,Pending,13981052,39.62,Asked about dental add-ons at renewal.
C-01959,"Reynolds, William",20201,(202) 555-0191,william.reynolds1959@example.com,3867 Holt Knolls,East Patricia,DE,19832,9HK1GM7FG37,H-01370,P-02542,Northwind Health,L,MEDSUPP,DE,AGE,NW-172183,2022-10-01,,ACTIVE,54100814,187.49,
C-01959,"Reynolds, William",20201,(202) 555-0191,william.reynolds1959@example.com,3867 Holt Knolls,East Patricia,DE,19832,9HK1GM7FG37,H-01370,P-02543,Northwind Health,S6930-007,PDP,DE,AGE,NW-151691,10/01/22,,active,54100814,83.23,
C-01960,"Waters, Jordan",02/10/1945,(811) 555-0177,,060 Holmes Pike Suite 932,Lake Matthewstad,IL,60530,3EA8N98HT55,H-01371,P-02544,Summit Health Plans,H9797-006,MA,IL,AGE,SH-653069,08/01/2025,,Active,7150444,7.17,
C-01961,"Jenkins, Brian",10/05/1941,(729) 555-0190,brian.jenkins1961@example.com,89273 Harmon Islands Suite 640,Jamesmouth,CT,06193,9E91YY4GW17,H-01372,P-02545,Meridian Care,H3591-014-001,MA,CT,AGE,MC-298914,2026-05-01,,ACTIVE,29898923,20.90,
C-01962,"Jenkins, Thomas",10/31/1941,(527) 555-0143,thomas.jenkins1962@example.com,89273 Harmon Islands Suite 640,Jamesmouth,CT,06193,5HH4X17EY72,H-01372,P-02546,Northwind Health,N,MEDSUPP,CT,AGE,NW-968902,05/01/25,,active,29898923,106.54,
C-01962,"Jenkins, Thomas",10/31/1941,(527) 555-0143,thomas.jenkins1962@example.com,89273 Harmon Islands Suite 640,Jamesmouth,CT,06193,5HH4X17EY72,H-01372,P-02547,Northwind Health,S7543-006,PDP,CT,AGE,NW-255521,05/01/2025,,Active,29898923,52.68,
C-01963,"Clark, Richard",02/08/1934,(861) 555-0110,richard.clark1963@example.com,5542 Jefferson Radial Apt. 384,Port Henry,AK,99578,4FM3A18UG44,H-01373,P-02548,Bluepeak,R9085-004,MA,AK,AGE,BP-187619,2024-07-01,2026-02-28,N/A,61291817,11.08,
C-01963,"Clark, Richard",02/08/1934,(861) 555-0110,richard.clark1963@example.com,5542 Jefferson Radial Apt. 384,Port Henry,AK,99578,4FM3A18UG44,H-01373,P-02549,Harborline,H3504-030,MA,AK,AGE,HL-181904,03/01/26,,active,61291817,49.16,
C-01964,"Huff, Maria",07/02/1939,(783) 555-0164,maria.huff1964@example.com,3202 Sherry Drive,Garcialand,OH,45714,5M09PG0TQ99,H-01374,P-02550,Northwind Health,F,MEDSUPP,OH,AGE,NW-955761,05/01/2025,,Active,1884412,136.97,"Card on file ends in 0037, client read the full number aloud."
C-01964,"Huff, Maria",07/02/1939,(783) 555-0164,maria.huff1964@example.com,3202 Sherry Drive,Garcialand,OH,45714,5M09PG0TQ99,H-01374,P-02551,Northwind Health,S7543-003,PDP,OH,AGE,NW-911832,2025-05-01,,ACTIVE,1884412,19.74,
C-01965,"Huff, Denise",08/08/1949,(783) 555-0164,denise.huff1965@example.com,3202 Sherry Drive,Garcialand,OH,45714,1E88CC5KM02,H-01374,P-02552,Cardinal Mutual,H7252-008-003,MA,OH,AGE,CM-507856,06/01/24,,active,1884412,7.97,
C-01966,"Hood, Richard",29650,(558) 555-0160,,9171 Martin Tunnel Suite 298,Danielview,NY,12211,,H-01375,P-02553,Bluepeak,23947NY9824510,ACA,NY,,BP-774129,01/01/2027,,Pending,6831819,772.31,
C-01967,"Hood, Angela",11/09/1943,(294) 555-0195,angela.hood1967@example.com,9171 Martin Tunnel Suite 298,Danielview,NY,12211,5PV1QJ0GE29,H-01375,P-02554,Bluepeak,H3266-005,MA,NY,AGE,BP-965471,2022-05-01,2026-02-28,chk w/ carrier,6831819,27.05,
C-01967,"Hood, Angela",11/09/1943,(294) 555-0195,angela.hood1967@example.com,9171 Martin Tunnel Suite 298,Danielview,NY,12211,5PV1QJ0GE29,H-01375,P-02555,Northwind Health,H5040-024-003,MA,NY,AGE,NW-891271,03/01/26,,cancelled,6831819,16.84,
C-01968,"White, Bob",34412,(890) 555-0137,robert.white1968@example.com,2169 Jared Walks,East Anthony,TX,77319,3PG2XG5MQ54,H-01376,P-02556,Bluepeak,G,MEDSUPP,TX,DISABILITY,BP-731148,08/01/2024,,Active,99847493,231.72,
C-01968,"White, Bob",34412,(890) 555-0137,robert.white1968@example.com,2169 Jared Walks,East Anthony,TX,77319,3PG2XG5MQ54,H-01376,P-02557,Bluepeak,S1771-029-002,PDP,TX,DISABILITY,BP-316323,2024-08-01,,ACTIVE,99847493,13.77,
C-01969,"White, Susan",05/10/1937,(439) 555-0156,,2169 Jared Walks,East Anthony,TX,77319,8GK6RT6FG67,H-01376,P-02558,Northwind Health,H9830-019,MA,TX,AGE,NW-390974,01/01/24,,active,99847493,0.97,
C-01970,"Stepenson, Katherine",11/30/1948,(467) 555-0118,katherine.stephenson1970@example.com,42647 Bruce Plains,Port Charlesmouth,MO,65718,8WC6KJ7DY60,H-01377,P-02559,Meridian Care,H8433-030-003,MA,MO,AGE,MC-172451,09/01/2025,,Active,6831819,18.19,
C-01971,"Conley, Isaiah",32858,(390) 555-0111,isaiah.conley1971@example.com,63705 Shelly Highway,East Jack,CO,80344,,H-01378,P-02560,Meridian Care,76540CO5334295,ACA,CO,,MC-951206,2025-01-01,2025-12-31,TERMINATED,7150444,516.94,
C-01971,"Conley, Isaiah",32858,(390) 555-0111,isaiah.conley1971@example.com,63705 Shelly Highway,East Jack,CO,80344,,H-01378,P-02561,Bluepeak,23947CO4279326,ACA,CO,,BP-197924,01/01/26,,active,7150444,156.33,
C-01972,"Johnson, Raymond",20734,(677) 555-0178,,9317 Anna Tunnel Suite 638,New Jeffreyshire,IN,46681,1V58JN8PP83,H-01379,P-02562,Harborline,H3504-012,MA,IN,AGE,HL-570759,04/01/2024,07/31/2025,Terminated,4356886,50.21,
C-01972,"Johnson, Raymond",20734,(677) 555-0178,,9317 Anna Tunnel Suite 638,New Jeffreyshire,IN,46681,1V58JN8PP83,H-01379,P-02563,Meridian Care,R5315-009,MA,IN,AGE,MC-466415,2025-08-01,,ACTIVE,4356886,10.89,
C-01972,"Johnson, Raymond",20734,(677) 555-0178,,9317 Anna Tunnel Suite 638,New Jeffreyshire,IN,46681,1V58JN8PP83,H-01379,P-02563,Meridian Care,R5315-009,MA,IN,AGE,MC-466415,08/01/25,,active,4356886,10.89,
C-01973,"White, Michelle",34729,(511) 555-0127,michelle.white1973@example.com,0259 Rodriguez Rapids Apt. 932,Haynesfort,IL,62498,,H-01380,P-02564,Cardinal Mutual,49117IL8858366,ACA,IL,,CM-164729,01/01/2026,,Active,97102525,579.65,
C-01974,"Higgins, Shaun",08/08/1944,(386) 555-0197,shaun.higgins1974@example.com,163 Pearson Hills,Brownchester,UT,84661,7TV9KP1EY32,H-01381,P-02565,Harborline,H2796-015,MA,UT,AGE,HL-279388,2026-04-01,,ACTIVE,90949389,27.54,
C-01975,"Higgins, Debbie",22115,(838) 555-0147,,163 Pearson Hills,Brownchester,UT,84661,7HN1W77PT05,H-01381,P-02566,Bluepeak,H4593-013,MA,UT,AGE,BP-332007,11/01/25,,active,90949389,6.25,
C-01976,"Wagner, Amy",12/17/1937,(873) 555-0136,amy.wagner1976@example.com,2845 Brianna Greens,Andrewtown,OR,97452,1HR7NV0QX32,H-01382,P-02567,Meridian Care,H8433-002,MA,OR,AGE,MC-195832,10/01/2025,,Active,74197857,5.80,
C-01977,"Wagner, Kevin",21697,(697) 555-0103,kevin.wagner1977@example.com,2845 Brianna Greens,Andrewtown,OR,97452,2VK6TX0WT73,H-01382,P-02568,Bluepeak,H4593-015,MA,OR,AGE,BP-739230,2025-09-01,,ACTIVE,74197857,28.26,
C-01977,"Wagner, Kevin",21697,(697) 555-0103,kevin.wagner1977@example.com,2845 Brianna Greens,Andrewtown,OR,97452,2VK6TX0WT73,H-01382,P-02568,Bluepeak,H4593-015,MA,OR,AGE,BP-739230,09/01/25,,active,74197857,28.26,
C-01978,"Larson, Gabriel",29169,(868) 555-0156,gabriel.larson1978@example.com,7560 Bradley Branch,New Susanburgh,MI,49306,,H-01383,P-02569,Northwind Health,76542MI0027170,ACA,MI,,NW-157720,01/01/2027,,Pending,61855700,755.48,
C-01979,"Larson, Kelsey",35515,(906) 555-0150,kelsey.larson1979@example.com,7560 Bradley Branch,New Susanburgh,MI,49306,,H-01383,P-02570,Summit Health Plans,93748MI0145719,ACA,MI,,SH-198305,2024-01-01,,ACTIVE,61855700,645.35,
C-01980,"Smith, Gary",37520,(665) 555-0105,,3904 Daniels Bypass Apt. 225,East Jamie,TX,79931,,H-01384,P-02571,Bluepeak,23947TX2221445,ACA,TX,,BP-277496,01/01/27,,pending,90949389,302.98,
C-01981,"Smith, Michael",09/10/1941,(665) 555-0105,,3904 Daniels Bypass Apt. 225,East Jamie,TX,79931,1E91W91QX34,H-01384,P-02572,Summit Health Plans,H5371-014-002,MA,TX,AGE,SH-643332,11/01/2025,,Active,90949389,50.46,
C-01982,"Perez, Richard",36759,(636) 555-0129,,55501 Veronica Haven,Lauraton,NC,27336,,H-01385,P-02573,Summit Health Plans,93748NC2513552,ACA,NC,,SH-480425,2025-01-01,2025-12-31,TERMINATED,74197857,348.97,
C-01982,"Perez, Richard",36759,(636) 555-0129,,55501 Veronica Haven,Lauraton,NC,27336,,H-01385,P-02574,Northwind Health,76542NC9519724,ACA,NC,,NW-369789,01/01/26,,active,74197857,649.56,
C-01983,"Johnson, Anne",21211,(596) 555-0115,anne.johnson1983@example.com,393 James Estates Suite 362,Andersonside,NE,68980,6K74YQ5NC24,H-01386,P-02575,Meridian Care,H3591-030,MA,NE,AGE,MC-974334,12/01/2023,,Active,33857966,26.67,
C-01984,"Bean, Dave",22103,(678) 555-0144,,24412 Sean Isle,Edwardsberg,AR,72189,3RH3PG3ET54,H-01387,P-02576,Cardinal Mutual,H7252-005,MA,AR,AGE,CM-262079,2026-04-01,,ACTIVE,44524491,0.19,
C-01985,"Cruz, Caitlin",08/08/1951,(626) 555-0157,caitlin.cruz1985@example.com,6317 Parker Landing,Ernesttown,CA,94626,8KM8GG8UW07,H-01388,P-02577,Northwind Health,H9830-020,MA,CA,AGE,NW-341582,01/01/23,07/31/25,terminated,78490893,35.42,
C-01985,"Cruz, Caitlin",08/08/1951,(626) 555-0157,caitlin.cruz1985@example.com,6317 Parker Landing,Ernesttown,CA,94626,8KM8GG8UW07,H-01388,P-02578,Bluepeak,R9085-013,MA,CA,AGE,BP-894446,08/01/2025,,Active,78490893,36.79,
C-01986,"Garcia, Nathan",04/25/1940,(813) 555-0108,,193 Peterson Underpass Apt. 922,Griffinbury,UT,84080,1K57ER4YN45,H-01389,P-02579,Summit Health Plans,H5371-012,MA,UT,AGE,SH-584250,2025-05-01,,ACTIVE,97102525,38.32,
C-01987,"Johnson, Ashley",12/09/1943,(314) 555-0144,,64752 King Cove Apt. 096,South Lindseybury,ME,04957,9T43F92TQ65,H-01390,P-02580,Meridian Care,S3927-005,PDP,ME,AGE,MC-419940,05/01/23,,active,94702683,86.85,
C-01988,"Gomez, Jerry",09/16/1937,(360) 555-0182,jerry.gomez1988@example.com,845 Joseph Field,Lake Daniel,MI,48943,5JQ6N49MP38,H-01391,P-02581,Bluepeak,H3266-026-001,MA,MI,AGE,BP-858376,12/01/2024,,Cancelled,13981052,27.27,
C-01989,"Gomez, Martin",33700,(844) 555-0135,martin.gomez1989@example.com,845 Joseph Field,Lake Daniel,MI,48943,,H-01391,P-02582,Bluepeak,23947MI2223080,ACA,MI,,BP-727751,2025-01-01,2025-12-31,TERMINATED,13981052,836.62,Asked about dental add-ons at renewal.
C-01989,"Gomez, Martin",33700,(844) 555-0135,martin.gomez1989@example.com,845 Joseph Field,Lake Daniel,MI,48943,,H-01391,P-02583,Summit Health Plans,93748MI6121073,ACA,MI,,SH-803431,01/01/26,,active,13981052,784.74,
C-01990,"Holmes, Scott",10/08/1950,(201) 555-0114,scott.holmes1990@example.com,1432 Bonnie Cove,Johnton,PA,19019,8QD9D85TU01,H-01392,P-02584,Northwind Health,H5040-021,MA,PA,AGE,NW-978421,08/01/2023,09/30/2024,Terminated,13981052,31.16,
C-01990,"Holmes, Scott",10/08/1950,(201) 555-0114,scott.holmes1990@example.com,1432 Bonnie Cove,Johnton,PA,19019,8QD9D85TU01,H-01392,P-02585,Harborline,H3504-006-001,MA,PA,AGE,HL-176871,2024-10-01,,ACTIVE,13981052,44.95,
C-01991,"Fuller, Emma",36973,(240) 555-0173,emma.fuller1991@example.com,247 Nicholas Streets Suite 221,Lake Lori,SC,29643,,H-01393,P-02586,Meridian Care,76540SC6111775,ACA,SC,,MC-487054,01/01/25,12/31/25,terminated,11576383,179.72,Client prefers materials en español.
C-01991,"Fuller, Emma",36973,(240) 555-0173,emma.fuller1991@example.com,247 Nicholas Streets Suite 221,Lake Lori,SC,29643,,H-01393,P-02587,Cardinal Mutual,49117SC2300272,ACA,SC,,CM-941460,01/01/2026,,Active,11576383,308.29,
C-01992,"Fuller, Isabella",11/27/1939,(240) 555-0173,isabella.fuller1992@example.com,247 Nicholas Streets Suite 221,Lake Lori,SC,29643,1X74MJ0CF77,H-01393,P-02588,Bluepeak,G,MEDSUPP,SC,AGE,BP-493289,2023-03-01,,ACTIVE,11576383,311.94,
C-01992,"Fuller, Isabella",11/27/1939,(240) 555-0173,isabella.fuller1992@example.com,247 Nicholas Streets Suite 221,Lake Lori,SC,29643,1X74MJ0CF77,H-01393,P-02589,Bluepeak,S1771-005,PDP,SC,AGE,BP-774488,03/01/23,,active,11576383,78.14,
C-01993,"Gonzalez, Jason",34413,(369) 555-0150,,204 Vasquez Meadows,Waltersshire,AR,72401,,H-01394,P-02590,Cardinal Mutual,49117AR3797132,ACA,AR,,CM-191979,01/01/2025,12/31/2025,Terminated,44524491,281.67,
C-01993,"Gonzalez, Jason",34413,(369) 555-0150,,204 Vasquez Meadows,Waltersshire,AR,72401,,H-01394,P-02591,Harborline,91959AR4135315,ACA,AR,,HL-882870,2026-01-01,,ACTIVE,44524491,253.75,
C-01994,"Wade, Sue",08/07/1950,(716) 555-0160,,99865 Michael River,East Matthewside,MO,63876,3R34FX3AQ46,H-01395,P-02592,Bluepeak,H4593-014,MA,MO,AGE,BP-415059,08/01/22,01/31/25,terminated,32244663,40.73,
C-01994,"Wade, Sue",08/07/1950,(716) 555-0160,,99865 Michael River,East Matthewside,MO,63876,3R34FX3AQ46,H-01395,P-02593,Harborline,H3504-030,MA,MO,AGE,HL-153594,02/01/2025,,Active,32244663,25.44,
C-01995,"Smith, William",07/25/1950,(804) 555-0161,,85858 Maria Plains Apt. 567,South Kristina,SC,36033,3MN9T99WX82,H-01396,P-02594,Harborline,H3504-001,MA,SC,AGE,HL-782862,2022-12-01,,ACTIVE,10583482,59.64,
C-01996,"Thompson, Molly",03/11/1941,(316) 555-0138,molly.thompson1996@example.com,2925 Bradshaw Wall Suite 519,Jacksonburgh,AL,35001,8TV5KP3XC57,H-01397,P-02595,Summit Health Plans,A,MEDSUPP,AL,AGE,SH-503006,10/01/25,,active,1884412,214.60,
C-01996,"Thompson, Molly",03/11/1941,(316) 555-0138,molly.thompson1996@example.com,2925 Bradshaw Wall Suite 519,Jacksonburgh,AL,35001,8TV5KP3XC57,H-01397,P-02596,Summit Health Plans,S8123-020,PDP,AL,AGE,SH-990856,10/01/2025,,Active,1884412,33.95,
C-01996,"Thompson, Molly",03/11/1941,(316) 555-0138,molly.thompson1996@example.com,2925 Bradshaw Wall Suite 519,Jacksonburgh,AL,35001,8TV5KP3XC57,H-01397,P-02596,Summit Health Plans,S8123-020,PDP,AL,AGE,SH-990856,2025-10-01,,ACTIVE,1884412,33.95,
C-01997,"Gilmore, Debbie",32082,(949) 555-0101,debbie.gilmore1997@example.com,82562 West Plaza,Lopezview,ME,04430,4YN2PQ3TU31,H-01398,P-02597,Bluepeak,H3266-026,MA,ME,DISABILITY,BP-228988,12/01/22,,active,94702683,2.61,
C-01998,"Foster, Marie",12/20/1948,(560) 555-0115,marie.foster1998@example.com,23414 Brooke Turnpike,New Jacquelinechester,CO,80256,5X02EN1NR94,H-01399,P-02598,Bluepeak,H3266-003,MA,CO,AGE,BP-171763,08/01/2023,,Active,5265799,37.48,
C-01999,"Foster, Scott",06/13/1941,(560) 555-0115,scott.foster1999@example.com,23414 Brooke Turnpike,New Jacquelinechester,CO,80256,9XD0P54WG56,H-01399,P-02599,Meridian Care,H8433-007-002,MA,CO,AGE,MC-916573,2022-11-01,,ACTIVE,5265799,55.15,
C-96146,,,,,,,,,,,P-02600,Bluepeak,S1771-028-003,PDP,ID,AGE,BP-137884,03/01/26,,active,5265799,62.95,
C-00289,"Ferguson, Kylie",09/27/1935,(309) 555-0169,kylie.ferguson289@example.com,304 Lindsey Mountains Suite 932,East Dianeview,IA,52710,6DH2U49TG45,H-00193,,,,,,,,,,,,,
C-00392,"Diaz, Denise",07/22/1945,(233) 555-0114,denise.diaz392@example.com,7005 Jane Pike Suite 498,South Desiree,CO,81433,7X80N21PA26,H-00262,,,,,,,,,,,,,
C-00633,"Adams, Lisa",20132,(389) 555-0198,,66498 Powers Plaza Apt. 082,Lewismouth,CA,95681,8MQ2NY1QA11,H-00426,,,,,,,,,,,,,
C-01599,"Kemp, Virginia",02/13/1934,(966) 555-0193,virginia.kemp1599@example.com,2879 Roger Road Apt. 141,Port Daniel,IN,46749,6UW9A73NN08,H-01110,,,,,,,,,,,,,
C-01642,"Jackson, Michelle",30584,(326) 555-0126,,91218 Johnson Viaduct,New Jason,KY,40256,,H-01137,,,,,,,,,,,,,
C-02000,"Woods, Justin",02/28/1943,(878) 555-0192,justin.woods2000@example.com,6045 Sydney Lake,Leeland,ID,83298,9MF7UN1NJ67,H-01400,,,,,,,,,,,,,
C-02001,"Becker, Paul",11/05/1950,(594) 555-0144,,969 Cox Dam Suite 101,Lake Ernest,AL,36993,4UQ1JU9DV05,,,,,,,,,,,,,,
C-02002,"Bryant, Kelly",10/30/1941,(724) 555-0177,,38061 Cline Trail,Markside,FL,32618,3N56QA9JD41,,,,,,,,,,,,,,
C-02003,"Scott, Danny",31603,(336) 555-0137,,89569 Travis Brooks Suite 626,Port Allisonfurt,MI,48274,6CT6K18TE77,,,,,,,,,,,,,,
C-02004,"Jones, Derrick",11/03/1933,(210) 555-0127,,246 Torres Haven,Hartfort,CA,90061,3M73EY8JX24,,,,,,,,,,,,,,
C-02005,"Odonnell, Catherine",07/11/1949,(468) 555-0147,,91203 Ann Locks Apt. 082,Port David,IL,60516,4QX2G45XD64,,,,,,,,,,,,,,
C-02006,"Brown, Elizabeth",06/05/1936,(496) 555-0132,,8826 Jason Rue,Christinaville,IL,61532,8EU4AA3KP68,,,,,,,,,,,,,,
C-02007,"Sanchez, Stacy",11/06/1935,(222) 555-0117,,3385 Paige Stravenue Suite 725,West Amandabury,VA,23920,1EQ5EY8WY06,,,,,,,,,,,,,,
C-02008,"Evans, Tammy",34881,(793) 555-0133,,48839 Roach Mountain,West Karenhaven,RI,02851,,,,,,,,,,,,,,,
C-02009,"Moore, Nathan",30705,(350) 555-0104,,4100 Norris Villages,Coryborough,AR,72733,,,,,,,,,,,,,,,
C-02010,"Lopez, Melanie",01/17/1938,(785) 555-0141,,1985 Rivera Divide,Edwardtown,PA,17301,8R32YJ3QX83,,,,,,,,,,,,,,
C-02011,"Nlan, Jason",09/30/1947,(763) 555-0162,,12805 Russell Canyon,Michaelton,CO,81273,8HE0HG4DU14,,,,,,,,,,,,,,
C-02012,"Chery, Lisa",21117,(971) 555-0189,,158 Dickson Summit,East Michelle,MO,63119,4WC6VR8UX37,,,,,,,,,,,,,,
C-02013,"More, Ricky",25931,(418) 555-0104,,909 Stacey Fords Apt. 412,East Andrea,NE,69375,,,,,,,,,,,,,,,
C-02014,"Stphens, Mario",11/26/1933,(926) 555-0160,,3065 John Canyon Suite 784,Lopezburgh,NY,10564,9JT4X60TY77,,,,,,,,,,,,,,
C-02015,"Guterrez, Matthew",27176,(359) 555-0109,,772 Jeanette Fields Apt. 107,Lake Melaniechester,NY,10687,,,,,,,,,,,,,,,
C-02016,"Soo, Hannah",21142,(620) 555-0139,,587 David Mountains Apt. 160,South Philipshire,LA,70329,3MW7R82JA39,,,,,,,,,,,,,,
C-02017,"Paheco, Heather",05/24/1946,(493) 555-0173,,9392 Robert Cape Apt. 780,Schmidtfort,ID,83837,7YX6M68YY71,,,,,,,,,,,,,,
C-02018,"Roerts, Megan",02/26/1936,(438) 555-0169,,9557 Ellis Port Apt. 424,South Nathan,SC,29793,2VG8NR0NJ97,,,,,,,,,,,,,,
C-02019,"Stevns, Antonio",04/03/1948,(908) 555-0170,,8485 Stephanie Bypass Suite 167,Melissamouth,UT,84486,7GM0Y96MY66,,,,,,,,,,,,,,
C-02020,"Mosey, Emily",06/18/1948,(662) 555-0156,,04482 Tamara Oval Apt. 015,Michellechester,KY,42410,3UG0H78WQ21,,,,,,,,,,,,,,
C-02021,"Petrson, Christopher",02/27/1953,(391) 555-0173,,125 Fuentes Crossing Apt. 760,Port Lisa,IL,61982,1UQ1CW7CV26,,,,,,,,,,,,,,
C-02022,"Rivs, Yolanda",12/30/1942,(430) 555-0190,,840 Jocelyn Port,West Christopherville,WA,99068,5F60C56GX87,,,,,,,,,,,,,,
C-02023,"Sanos, Carlos",28598,(471) 555-0154,,55206 Smith Forest,Robinsonview,OH,43707,,,,,,,,,,,,,,,
C-02024,"Evas, David",12/14/1945,(212) 555-0121,,99974 Laura Falls,Washingtonchester,LA,71425,5WP3Q62RW90,,,,,,,,,,,,,,
C-02025,"Saage, Alicia",07/15/1935,(373) 555-0136,,03064 Reid Corner Apt. 146,West Morganmouth,ID,83817,1EN1KN9XF01,,,,,,,,,,,,,,
C-02026,"Baily, Mark",02/13/1934,(591) 555-0136,,39653 James Lane Apt. 487,West Renee,ID,83640,1F87EQ9VW37,,,,,,,,,,,,,,
C-02027,"Nguyn, Ann",28331,(629) 555-0101,,4033 Phillips Landing,West Ronaldfurt,ID,83226,,,,,,,,,,,,,,,
C-02028,"Fobes, Morgan",11/20/1939,(208) 555-0187,,9021 Simmons Valley Suite 080,Allenchester,OR,97070,8KQ1E33XY79,,,,,,,,,,,,,,
C-02029,"Stanon, Patricia",10/07/1953,(264) 555-0159,,963 Williams Locks,Peterhaven,CO,81152,7NY4VA5JE60,,,,,,,,,,,,,,
C-02030,"Simmns, Gary",04/11/1936,(340) 555-0154,,74189 Hernandez Throughway Suite 406,Danielmouth,NE,68949,8QA3FA8UT83,,,,,,,,,,,,,,
C-02031,"Tomas, Sean",01/05/1937,(456) 555-0132,,962 Graves Harbors,North Elizabeth,IL,61005,3AK7QU6QQ08,,,,,,,,,,,,,,
C-02032,"Rvera, Teresa",21037,(734) 555-0146,,6448 Kelsey Street Apt. 538,Port Toni,AR,72714,4JW5DN7RM67,,,,,,,,,,,,,,
C-02033,"Weks, Mary",09/29/1937,(255) 555-0169,,6947 James Points Apt. 533,Mooremouth,NE,68683,2D97Q81TA61,,,,,,,,,,,,,,
C-02034,"Rchards, Amy",08/27/1936,(460) 555-0160,,10797 Martinez Glen,North Kaitlynview,KY,42588,5QR2K98FF30,,,,,,,,,,,,,,
C-02035,"Jons, Brian",38047,(585) 555-0142,,928 Reed Terrace Apt. 595,North Michael,MI,48515,,,,,,,,,,,,,,,
C-02036,"Clne, Diane",12/28/1938,(375) 555-0178,,86928 Nolan Unions,Martinport,WA,99366,6PV7GX3TA62,,,,,,,,,,,,,,
C-02037,"Jonson, Mark",09/26/1945,(868) 555-0112,,5633 Smith Harbors Apt. 052,Randolphland,MI,48608,5DV9C42MM62,,,,,,,,,,,,,,
C-02038,"Beson, Gregory",08/28/1938,(775) 555-0107,,0740 Carmen Knoll,New Teresaview,VA,22414,3T32Y12YM28,,,,,,,,,,,,,,
C-02039,"Chritensen, Amy",21347,(424) 555-0107,,109 Klein Inlet,Lake Sandraberg,OH,43707,4DM6M64GD43,,,,,,,,,,,,,,
C-02040,"Smth, Jill",26662,(535) 555-0112,,29615 David Shoal,Staceystad,KY,40358,1V33JG7EA45,,,,,,,,,,,,,,
